date,target_date,y_t,true_target,best_model,pred_best,pred_Naive,pred_SMA,pred_EMA,pred_Ridge,pred_ElasticNet,pred_MLPRegressor,pred_RandomForest,pred_ExtraTrees,pred_HistGB,pred_SARIMAX,err_pred_best,abs_err_pred_best,err_pred_Naive,abs_err_pred_Naive,err_pred_SMA,abs_err_pred_SMA,err_pred_EMA,abs_err_pred_EMA,err_pred_Ridge,abs_err_pred_Ridge,err_pred_ElasticNet,abs_err_pred_ElasticNet,err_pred_MLPRegressor,abs_err_pred_MLPRegressor,err_pred_RandomForest,abs_err_pred_RandomForest,err_pred_ExtraTrees,abs_err_pred_ExtraTrees,err_pred_HistGB,abs_err_pred_HistGB,err_pred_SARIMAX,abs_err_pred_SARIMAX
2025-02-14,2025-02-25,4.1632,4.1339,Naive,4.1632,4.1632,4.1732,4.186398140634466,4.171581981222633,4.311266276284269,4.131172875903481,4.169730000000002,4.161826000000004,4.162920000755236,4.136412876199684,0.029300000000000104,0.029300000000000104,0.029300000000000104,0.029300000000000104,0.03929999999999989,0.03929999999999989,0.05249814063446667,0.05249814063446667,0.037681981222633,0.037681981222633,0.17736627628426938,0.17736627628426938,-0.0027271240965189847,0.0027271240965189847,0.03583000000000247,0.03583000000000247,0.027926000000004336,0.027926000000004336,0.02902000075523592,0.02902000075523592,0.002512876199684655,0.002512876199684655
2025-02-17,2025-02-26,4.1635,4.1394,Naive,4.1635,4.1635,4.1684600000000005,4.18223484233729,4.17284843405193,4.311266276284269,4.137116991740987,4.170433000000001,4.166804000000003,4.164414356870241,4.133475545533096,0.024099999999999788,0.024099999999999788,0.024099999999999788,0.024099999999999788,0.029060000000000308,0.029060000000000308,0.042834842337289736,0.042834842337289736,0.03344843405192943,0.03344843405192943,0.17186627628426887,0.17186627628426887,-0.002283008259013286,0.002283008259013286,0.031033000000000754,0.031033000000000754,0.027404000000002426,0.027404000000002426,0.02501435687024056,0.02501435687024056,-0.005924454466904372,0.005924454466904372
2025-02-18,2025-02-27,4.1574,4.1371,Naive,4.1574,4.1574,4.16428,4.177719416457783,4.167376081365044,4.311266276284269,4.143959109388296,4.166565000000001,4.167602,4.160832889303752,4.130524115555405,0.020299999999999763,0.020299999999999763,0.020299999999999763,0.020299999999999763,0.027179999999999538,0.027179999999999538,0.04061941645778244,0.04061941645778244,0.03027608136504334,0.03027608136504334,0.17416627628426884,0.17416627628426884,0.006859109388296147,0.006859109388296147,0.029465000000000963,0.029465000000000963,0.030501999999999363,0.030501999999999363,0.023732889303751392,0.023732889303751392,-0.006575884444595559,0.006575884444595559
2025-02-19,2025-02-28,4.1582,4.1575,Naive,4.1582,4.1582,4.1615,4.174170431647276,4.165986149959457,4.311266276284269,4.220102012079161,4.178687999999999,4.166335,4.158742740551721,4.129510249132235,0.000700000000000145,0.000700000000000145,0.000700000000000145,0.000700000000000145,0.004000000000000448,0.004000000000000448,0.01667043164727655,0.01667043164727655,0.008486149959456846,0.008486149959456846,0.1537662762842693,0.1537662762842693,0.06260201207916083,0.06260201207916083,0.02118799999999954,0.02118799999999954,0.00883500000000037,0.00883500000000037,0.0012427405517216883,0.0012427405517216883,-0.027989750867765117,0.027989750867765117
2025-02-20,2025-03-03,4.1723,4.1827,Naive,4.1723,4.1723,4.16292,4.173830353165953,4.1721133605576375,4.311266276284269,4.1769205923315385,4.181315000000001,4.164731999999998,4.16397142528707,4.148533325431892,-0.010399999999999743,0.010399999999999743,-0.010399999999999743,0.010399999999999743,-0.01977999999999991,0.01977999999999991,-0.008869646834046563,0.008869646834046563,-0.010586639442362156,0.010586639442362156,0.12856627628426942,0.12856627628426942,-0.0057794076684611895,0.0057794076684611895,-0.0013849999999990814,0.0013849999999990814,-0.01796800000000154,0.01796800000000154,-0.01872857471292999,0.01872857471292999,-0.03416667456810796,0.03416667456810796
2025-02-21,2025-03-04,4.1705,4.1568,Naive,4.1705,4.1705,4.16438,4.173224834408506,4.169807172018134,4.311266276284269,4.191698911211576,4.180703999999999,4.168988000000002,4.165734495163805,4.1459549943539535,0.013700000000000045,0.013700000000000045,0.013700000000000045,0.013700000000000045,0.007580000000000808,0.007580000000000808,0.016424834408506506,0.016424834408506506,0.01300717201813395,0.01300717201813395,0.15446627628426945,0.15446627628426945,0.03489891121157651,0.03489891121157651,0.023903999999999037,0.023903999999999037,0.012188000000002752,0.012188000000002752,0.008934495163805067,0.008934495163805067,-0.010845005646046069,0.010845005646046069
2025-02-24,2025-03-05,4.1609,4.1545,Naive,4.1609,4.1609,4.16386,4.170983955425141,4.162080644982479,4.311266276284269,4.129489591747022,4.180662999999998,4.166442000000003,4.166598266786187,4.133334194772452,0.006400000000000183,0.006400000000000183,0.006400000000000183,0.006400000000000183,0.009360000000000035,0.009360000000000035,0.016483955425141694,0.016483955425141694,0.0075806449824797895,0.0075806449824797895,0.15676627628426942,0.15676627628426942,-0.025010408252978067,0.025010408252978067,0.026162999999998604,0.026162999999998604,0.011942000000003006,0.011942000000003006,0.01209826678618775,0.01209826678618775,-0.02116580522754763,0.02116580522754763
2025-02-25,2025-03-06,4.1339,4.1766,Naive,4.1339,4.1339,4.15916,4.164241418075116,4.139380206165619,4.311266276284269,4.063120908857484,4.133835999999999,4.134411000000001,4.144514162678433,4.094454377069247,-0.04269999999999996,0.04269999999999996,-0.04269999999999996,0.04269999999999996,-0.017439999999999678,0.017439999999999678,-0.01235858192488326,0.01235858192488326,-0.03721979383438079,0.03721979383438079,0.13466627628426941,0.13466627628426941,-0.11347909114251564,0.11347909114251564,-0.04276400000000091,0.04276400000000091,-0.0421889999999987,0.0421889999999987,-0.032085837321566224,0.032085837321566224,-0.08214562293075289,0.08214562293075289
2025-02-26,2025-03-07,4.1394,4.176,Naive,4.1394,4.1394,4.155399999999999,4.159724796606913,4.143037602669807,4.311266276284269,4.139539018770233,4.133059999999999,4.13674,4.144448025936564,4.11078232344519,-0.036599999999999966,0.036599999999999966,-0.036599999999999966,0.036599999999999966,-0.02060000000000084,0.02060000000000084,-0.016275203393087523,0.016275203393087523,-0.03296239733019313,0.03296239733019313,0.1352662762842689,0.1352662762842689,-0.0364609812297676,0.0364609812297676,-0.04294000000000153,0.04294000000000153,-0.03926000000000052,0.03926000000000052,-0.03155197406343646,0.03155197406343646,-0.06521767655481003,0.06521767655481003
2025-02-27,2025-03-10,4.1371,4.1857,Naive,4.1371,4.1371,4.148359999999999,4.155611197223838,4.140546549530604,4.311266276284269,4.104322248379079,4.135470999999999,4.1319099999999995,4.138752473877515,4.105855210367916,-0.04859999999999953,0.04859999999999953,-0.04859999999999953,0.04859999999999953,-0.03734000000000037,0.03734000000000037,-0.030088802776162105,0.030088802776162105,-0.045153450469396006,0.045153450469396006,0.1255662762842693,0.1255662762842693,-0.08137775162092087,0.08137775162092087,-0.050229000000000745,0.050229000000000745,-0.053790000000000227,0.053790000000000227,-0.04694752612248454,0.04694752612248454,-0.07984478963208375,0.07984478963208375
2025-02-28,2025-03-11,4.1575,4.1977,Naive,4.1575,4.1575,4.14576,4.155954615910412,4.160184523207266,4.311266276284269,4.141778373178912,4.152624000000001,4.150465,4.1569955589871475,4.138020440583698,-0.04020000000000046,0.04020000000000046,-0.04020000000000046,0.04020000000000046,-0.0519400000000001,0.0519400000000001,-0.04174538408958828,0.04174538408958828,-0.03751547679273415,0.03751547679273415,0.11356627628426885,0.11356627628426885,-0.05592162682108803,0.05592162682108803,-0.045075999999999006,0.045075999999999006,-0.04723500000000058,0.04723500000000058,-0.040704441012852755,0.040704441012852755,-0.05967955941630265,0.05967955941630265
2025-03-03,2025-03-12,4.1827,4.2017,Naive,4.1827,4.1827,4.150119999999999,4.160817413017609,4.188920312305031,4.311266276284269,4.200584628403362,4.178626999999997,4.170395999999999,4.167843482110812,4.182716957206337,-0.019000000000000128,0.019000000000000128,-0.019000000000000128,0.019000000000000128,-0.0515800000000004,0.0515800000000004,-0.040882586982390556,0.040882586982390556,-0.012779687694968622,0.012779687694968622,0.10956627628426929,0.10956627628426929,-0.0011153715966374378,0.0011153715966374378,-0.023073000000002786,0.023073000000002786,-0.03130400000000044,0.03130400000000044,-0.03385651788918764,0.03385651788918764,-0.018983042793662364,0.018983042793662364
2025-03-04,2025-03-13,4.1568,4.196,Naive,4.1568,4.1568,4.1547,4.160086974287134,4.168552637300126,4.311266276284269,4.1280993282842955,4.1589139999999984,4.161994000000001,4.150183584462275,4.130386257642471,-0.039200000000000124,0.039200000000000124,-0.039200000000000124,0.039200000000000124,-0.04129999999999967,0.04129999999999967,-0.035913025712865476,0.035913025712865476,-0.027447362699874134,0.027447362699874134,0.11526627628426933,0.11526627628426933,-0.06790067171570424,0.06790067171570424,-0.037086000000001285,0.037086000000001285,-0.03400599999999887,0.03400599999999887,-0.04581641553772453,0.04581641553772453,-0.06561374235752915,0.06561374235752915
2025-03-05,2025-03-14,4.1545,4.179,Naive,4.1545,4.1545,4.157719999999999,4.159071160780382,4.165325910381414,4.311266276284269,4.14234551469972,4.157272999999996,4.1604209999999995,4.158101817569615,4.1372239603955,-0.024500000000000632,0.024500000000000632,-0.024500000000000632,0.024500000000000632,-0.021280000000000854,0.021280000000000854,-0.01992883921961841,0.01992883921961841,-0.013674089618586294,0.013674089618586294,0.1322662762842688,0.1322662762842688,-0.03665448530028037,0.03665448530028037,-0.021727000000003827,0.021727000000003827,-0.01857900000000079,0.01857900000000079,-0.020898182430385326,0.020898182430385326,-0.0417760396045006,0.0417760396045006
2025-03-06,2025-03-17,4.1766,4.1777,Naive,4.1766,4.1766,4.16562,4.162258222456676,4.1764956073869435,4.311266276284269,4.192402687555073,4.178061999999998,4.174295999999999,4.171862756936958,4.169415815314766,-0.001100000000000101,0.001100000000000101,-0.001100000000000101,0.001100000000000101,-0.01208000000000009,0.01208000000000009,-0.015441777543323987,0.015441777543323987,-0.001204392613056271,0.001204392613056271,0.13356627628426931,0.13356627628426931,0.01470268755507309,0.01470268755507309,0.0003619999999981971,0.0003619999999981971,-0.0034040000000006287,0.0034040000000006287,-0.005837243063041342,0.005837243063041342,-0.008284184685233953,0.008284184685233953
2025-03-07,2025-03-18,4.176,4.1776,Naive,4.176,4.176,4.169320000000001,4.164756727464552,4.1755326465634255,4.311266276284269,4.175028946336042,4.175071999999999,4.171860999999997,4.166557014567929,4.167171108369633,-0.0015999999999998238,0.0015999999999998238,-0.0015999999999998238,0.0015999999999998238,-0.008279999999999177,0.008279999999999177,-0.012843272535447703,0.012843272535447703,-0.0020673534365744928,0.0020673534365744928,0.13366627628426908,0.13366627628426908,-0.002571053663958267,0.002571053663958267,-0.002528000000000752,0.002528000000000752,-0.005739000000002825,0.005739000000002825,-0.011042985432070829,0.011042985432070829,-0.010428891630366977,0.010428891630366977
2025-03-10,2025-03-19,4.1857,4.1945,Naive,4.1857,4.1857,4.169919999999999,4.16856459519827,4.187000321457746,4.311266276284269,4.180942234453825,4.17441,4.182106999999999,4.168377941337257,4.182880933511161,-0.008799999999999919,0.008799999999999919,-0.008799999999999919,0.008799999999999919,-0.02458000000000027,0.02458000000000027,-0.02593540480172951,0.02593540480172951,-0.0074996785422536405,0.0074996785422536405,0.11676627628426939,0.11676627628426939,-0.013557765546174494,0.013557765546174494,-0.02008999999999972,0.02008999999999972,-0.01239300000000032,0.01239300000000032,-0.026122058662743086,0.026122058662743086,-0.011619066488838925,0.011619066488838925
2025-03-11,2025-03-20,4.1977,4.1972,Naive,4.1977,4.1977,4.1781,4.173861941525857,4.196834325814952,4.311266276284269,4.1926436753065355,4.194854000000001,4.1886220000000005,4.1909067860482185,4.193748954161542,0.0005000000000006111,0.0005000000000006111,0.0005000000000006111,0.0005000000000006111,-0.019099999999999895,0.019099999999999895,-0.02333805847414272,0.02333805847414272,-0.0003656741850477374,0.0003656741850477374,0.11406627628426946,0.11406627628426946,-0.00455632469346412,0.00455632469346412,-0.002345999999998405,0.002345999999998405,-0.008577999999999086,0.008577999999999086,-0.006293213951781063,0.006293213951781063,-0.003451045838457567,0.003451045838457567
2025-03-12,2025-03-21,4.2017,4.1979,Naive,4.2017,4.2017,4.18754,4.178923406702974,4.19909781413972,4.311266276284269,4.159189266176491,4.195775,4.198689000000002,4.188642017304941,4.193790022389094,0.0038000000000000256,0.0038000000000000256,0.0038000000000000256,0.0038000000000000256,-0.01035999999999948,0.01035999999999948,-0.018976593297026056,0.018976593297026056,0.0011978141397204212,0.0011978141397204212,0.11336627628426932,0.11336627628426932,-0.03871073382350865,0.03871073382350865,-0.0021249999999994884,0.0021249999999994884,0.000789000000001927,0.000789000000001927,-0.009257982695058509,0.009257982695058509,-0.004109977610905702,0.004109977610905702
2025-03-13,2025-03-24,4.196,4.1832,Naive,4.196,4.196,4.19142,4.182028241847887,4.193005373710366,4.311266276284269,4.157591370046564,4.194757,4.193513999999999,4.189039062373033,4.188127646215096,0.012799999999999478,0.012799999999999478,0.012799999999999478,0.012799999999999478,0.008219999999999672,0.008219999999999672,-0.0011717581521129006,0.0011717581521129006,0.009805373710365828,0.009805373710365828,0.1280662762842688,0.1280662762842688,-0.025608629953436157,0.025608629953436157,0.011556999999999817,0.011556999999999817,0.01031399999999838,0.01031399999999838,0.005839062373032888,0.005839062373032888,0.004927646215096004,0.004927646215096004
2025-03-14,2025-03-25,4.179,4.1664,Naive,4.179,4.179,4.19202,4.181477652420998,4.178213616084322,4.311266276284269,4.175892582129071,4.175145999999997,4.184943999999999,4.173199540139869,4.171086998859615,0.012599999999999945,0.012599999999999945,0.012599999999999945,0.012599999999999945,0.025619999999999976,0.025619999999999976,0.0150776524209979,0.0150776524209979,0.01181361608432141,0.01181361608432141,0.14486627628426874,0.14486627628426874,0.009492582129071003,0.009492582129071003,0.008745999999996812,0.008745999999996812,0.01854399999999856,0.01854399999999856,0.0067995401398688315,0.0067995401398688315,0.004686998859614988,0.004686998859614988
2025-03-17,2025-03-26,4.1777,4.1686,Naive,4.1777,4.1777,4.1904200000000005,4.180790806526272,4.181855034673653,4.311266276284269,4.194887051729943,4.176200999999999,4.1845089999999985,4.170961527651414,4.171253836875455,0.009100000000000108,0.009100000000000108,0.009100000000000108,0.009100000000000108,0.02182000000000084,0.02182000000000084,0.012190806526272802,0.012190806526272802,0.013255034673653299,0.013255034673653299,0.14266627628426942,0.14266627628426942,0.026287051729942945,0.026287051729942945,0.007600999999999303,0.007600999999999303,0.01590899999999884,0.01590899999999884,0.002361527651414619,0.002361527651414619,0.0026538368754556174,0.0026538368754556174
2025-03-18,2025-03-27,4.1776,4.1913,Naive,4.1776,4.1776,4.1864,4.180210659885131,4.183691827553933,4.311266276284269,4.18683218700815,4.1731789999999975,4.178851999999999,4.1743662311384835,4.173015935500805,-0.013700000000000045,0.013700000000000045,-0.013700000000000045,0.013700000000000045,-0.0049000000000001265,0.0049000000000001265,-0.01108934011486884,0.01108934011486884,-0.007608172446066597,0.007608172446066597,0.11996627628426904,0.11996627628426904,-0.00446781299184984,0.00446781299184984,-0.018121000000002496,0.018121000000002496,-0.012448000000000903,0.012448000000000903,-0.01693376886151654,0.01693376886151654,-0.01828406449919484,0.01828406449919484
2025-03-19,2025-03-28,4.1945,4.1819,Naive,4.1945,4.1945,4.18496,4.182808721724198,4.198040886354659,4.311266276284269,4.182924199735293,4.183025999999999,4.192499999999998,4.1804516464051495,4.200688282094384,0.012599999999999945,0.012599999999999945,0.012599999999999945,0.012599999999999945,0.0030600000000005068,0.0030600000000005068,0.0009087217241985357,0.0009087217241985357,0.016140886354659045,0.016140886354659045,0.12936627628426933,0.12936627628426933,0.0010241997352933296,0.0010241997352933296,0.0011259999999992942,0.0011259999999992942,0.010599999999998388,0.010599999999998388,-0.0014483535948501824,0.0014483535948501824,0.0187882820943841,0.0187882820943841
2025-03-20,2025-03-31,4.1972,4.1839,Naive,4.1972,4.1972,4.1852,4.185425317774344,4.198729013296932,4.311266276284269,4.239485754252383,4.183495,4.191622,4.177142308051768,4.199136567823014,0.013299999999999201,0.013299999999999201,0.013299999999999201,0.013299999999999201,0.0012999999999996348,0.0012999999999996348,0.0015253177743437263,0.0015253177743437263,0.014829013296931315,0.014829013296931315,0.12736627628426866,0.12736627628426866,0.05558575425238299,0.05558575425238299,-0.00040500000000065484,0.00040500000000065484,0.0077219999999993405,0.0077219999999993405,-0.006757691948232392,0.006757691948232392,0.015236567823013303,0.015236567823013303
2025-03-21,2025-04-01,4.1979,4.1818,Naive,4.1979,4.1979,4.18898,4.187693441815372,4.2063936254816605,4.311266276284269,4.180485428393192,4.185396,4.183476999999999,4.168190738792979,4.204625178566766,0.01609999999999978,0.01609999999999978,0.01609999999999978,0.01609999999999978,0.007179999999999964,0.007179999999999964,0.0058934418153722135,0.0058934418153722135,0.024593625481660553,0.024593625481660553,0.1294662762842691,0.1294662762842691,-0.0013145716068079238,0.0013145716068079238,0.0035959999999999326,0.0035959999999999326,0.0016769999999990404,0.0016769999999990404,-0.013609261207021106,0.013609261207021106,0.022825178566765914,0.022825178566765914
2025-03-24,2025-04-02,4.1832,4.1794,Naive,4.1832,4.1832,4.19008,4.186876452394396,4.194091761339815,4.311266276284269,4.1997542882759085,4.173683,4.17738,4.175244287401301,4.202533560389328,0.0038000000000000256,0.0038000000000000256,0.0038000000000000256,0.0038000000000000256,0.0106799999999998,0.0106799999999998,0.007476452394396205,0.007476452394396205,0.014691761339815201,0.014691761339815201,0.13186627628426884,0.13186627628426884,0.02035428827590824,0.02035428827590824,-0.005717000000000638,0.005717000000000638,-0.0020199999999999108,0.0020199999999999108,-0.004155712598699068,0.004155712598699068,0.023133560389327457,0.023133560389327457
2025-03-25,2025-04-03,4.1664,4.1791,Naive,4.1664,4.1664,4.18784,4.18315346104996,4.177324750784076,4.311266276284269,4.140252430524938,4.176975,4.170705000000001,4.163317747830337,4.170370953249931,-0.012699999999999712,0.012699999999999712,-0.012699999999999712,0.012699999999999712,0.008739999999999526,0.008739999999999526,0.00405346104995985,0.00405346104995985,-0.0017752492159237576,0.0017752492159237576,0.13216627628426902,0.13216627628426902,-0.038847569475062294,0.038847569475062294,-0.0021250000000003766,0.0021250000000003766,-0.008394999999999264,0.008394999999999264,-0.01578225216966267,0.01578225216966267,-0.008729046750069358,0.008729046750069358
2025-03-26,2025-04-04,4.1686,4.2403,Naive,4.1686,4.1686,4.18266,4.180507377222694,4.1760303878795515,4.311266276284269,4.121498632287443,4.174794000000002,4.167798,4.166224396540861,4.167328278766659,-0.07170000000000076,0.07170000000000076,-0.07170000000000076,0.07170000000000076,-0.057640000000000136,0.057640000000000136,-0.059792622777306015,0.059792622777306015,-0.0642696121204489,0.0642696121204489,0.07096627628426866,0.07096627628426866,-0.11880136771255767,0.11880136771255767,-0.06550599999999829,0.06550599999999829,-0.07250200000000007,0.07250200000000007,-0.07407560345913922,0.07407560345913922,-0.07297172123334139,0.07297172123334139
2025-03-27,2025-04-07,4.1913,4.2975,Naive,4.1913,4.1913,4.18148,4.182469672273113,4.190689047644197,4.311266276284269,4.184446274186875,4.186103,4.182519,4.174024842496498,4.202598133380562,-0.1062000000000003,0.1062000000000003,-0.1062000000000003,0.1062000000000003,-0.11602000000000068,0.11602000000000068,-0.11503032772688737,0.11503032772688737,-0.1068109523558034,0.1068109523558034,0.013766276284268741,0.013766276284268741,-0.113053725813125,0.113053725813125,-0.11139700000000019,0.11139700000000019,-0.11498100000000022,0.11498100000000022,-0.12347515750350269,0.12347515750350269,-0.09490186661943856,0.09490186661943856
2025-03-28,2025-04-08,4.1819,4.2946,Naive,4.1819,4.1819,4.178279999999999,4.182366095496183,4.186644620422329,4.311266276284269,4.22904207674457,4.171649,4.178125,4.172076509629239,4.200003456398222,-0.11270000000000024,0.11270000000000024,-0.11270000000000024,0.11270000000000024,-0.11632000000000087,0.11632000000000087,-0.11223390450381654,0.11223390450381654,-0.1079553795776711,0.1079553795776711,0.016666276284269088,0.016666276284269088,-0.06555792325543042,0.06555792325543042,-0.12295099999999959,0.12295099999999959,-0.11647500000000033,0.11647500000000033,-0.12252349037076105,0.12252349037076105,-0.09459654360177794,0.09459654360177794
2025-03-31,2025-04-09,4.1839,4.2818,Naive,4.1839,4.1839,4.17842,4.182644987224149,4.191791187853438,4.311266276284269,4.194590289095822,4.173761000000001,4.181692000000001,4.176038706817273,4.199156590039988,-0.09789999999999921,0.09789999999999921,-0.09789999999999921,0.09789999999999921,-0.10337999999999958,0.10337999999999958,-0.09915501277585026,0.09915501277585026,-0.09000881214656165,0.09000881214656165,0.029466276284269455,0.029466276284269455,-0.08720971090417784,0.08720971090417784,-0.10803899999999889,0.10803899999999889,-0.10010799999999875,0.10010799999999875,-0.10576129318272631,0.10576129318272631,-0.08264340996001174,0.08264340996001174
2025-04-01,2025-04-10,4.1818,4.2644,Naive,4.1818,4.1818,4.1815,4.182491353183394,4.188197568334881,4.311266276284269,4.148378387789273,4.180856,4.190491,4.1836335842049435,4.197778384180791,-0.08260000000000023,0.08260000000000023,-0.08260000000000023,0.08260000000000023,-0.08290000000000042,0.08290000000000042,-0.08190864681660592,0.08190864681660592,-0.07620243166511909,0.07620243166511909,0.04686627628426887,0.04686627628426887,-0.11602161221072738,0.11602161221072738,-0.08354399999999984,0.08354399999999984,-0.07390900000000045,0.07390900000000045,-0.08076641579505672,0.08076641579505672,-0.06662161581920945,0.06662161581920945
2025-04-02,2025-04-11,4.1794,4.2972,Naive,4.1794,4.1794,4.18366,4.181929288968231,4.185206389660781,4.311266276284269,4.119451670855738,4.179202000000001,4.188363,4.1765985476870595,4.199591520156309,-0.1177999999999999,0.1177999999999999,-0.1177999999999999,0.1177999999999999,-0.11354000000000042,0.11354000000000042,-0.11527071103176922,0.11527071103176922,-0.11199361033921917,0.11199361033921917,0.01406627628426893,0.01406627628426893,-0.1777483291442623,0.1777483291442623,-0.11799799999999916,0.11799799999999916,-0.1088370000000003,0.1088370000000003,-0.12060145231294062,0.12060145231294062,-0.09760847984369114,0.09760847984369114
2025-04-03,2025-04-14,4.1791,4.2776,Naive,4.1791,4.1791,4.181220000000001,4.181414872792189,4.182721337869836,4.311266276284269,4.159927575531407,4.1806350000000005,4.184220999999999,4.17705059431824,4.192392829868318,-0.09849999999999959,0.09849999999999959,-0.09849999999999959,0.09849999999999959,-0.09637999999999902,0.09637999999999902,-0.0961851272078107,0.0961851272078107,-0.0948786621301636,0.0948786621301636,0.033666276284269436,0.033666276284269436,-0.1176724244685925,0.1176724244685925,-0.09696499999999908,0.09696499999999908,-0.09337900000000054,0.09337900000000054,-0.1005494056817593,0.1005494056817593,-0.08520717013168166,0.08520717013168166
2025-04-04,2025-04-15,4.2403,4.2767,Naive,4.2403,4.2403,4.1929,4.192121259557245,4.240704302305456,4.311266276284269,4.178555884860293,4.249421999999998,4.257844999999999,4.245397166699838,4.23515458640687,-0.036399999999999544,0.036399999999999544,-0.036399999999999544,0.036399999999999544,-0.0838000000000001,0.0838000000000001,-0.08457874044275471,0.08457874044275471,-0.035995697694543694,0.035995697694543694,0.034566276284269115,0.034566276284269115,-0.09814411513970711,0.09814411513970711,-0.02727800000000169,0.02727800000000169,-0.018855000000001176,0.018855000000001176,-0.03130283330016237,0.03130283330016237,-0.04154541359312969,0.04154541359312969
2025-04-07,2025-04-16,4.2975,4.3033,Naive,4.2975,4.2975,4.21562,4.211281030546837,4.299270841213898,4.311266276284269,4.221643219102868,4.316461999999996,4.3025069999999985,4.283698556729649,4.351720537148006,-0.005799999999999805,0.005799999999999805,-0.005799999999999805,0.005799999999999805,-0.08767999999999976,0.08767999999999976,-0.09201896945316346,0.09201896945316346,-0.004029158786102549,0.004029158786102549,0.007966276284268936,0.007966276284268936,-0.08165678089713246,0.08165678089713246,0.0131619999999959,0.0131619999999959,-0.000793000000001598,0.000793000000001598,-0.01960144327035085,0.01960144327035085,0.048420537148006204,0.048420537148006204
2025-04-08,2025-04-17,4.2946,4.2879,Naive,4.2946,4.2946,4.238180000000001,4.226429934083775,4.297117219454596,4.311266276284269,4.252313545964366,4.303755999999997,4.304951999999998,4.2858182943049075,4.318146210300666,0.006700000000000372,0.006700000000000372,0.006700000000000372,0.006700000000000372,-0.049719999999998876,0.049719999999998876,-0.06147006591622439,0.06147006591622439,0.009217219454596304,0.009217219454596304,0.02336627628426946,0.02336627628426946,-0.03558645403563343,0.03558645403563343,0.01585599999999765,0.01585599999999765,0.017051999999998735,0.017051999999998735,-0.0020817056950921398,0.0020817056950921398,0.030246210300666654,0.030246210300666654
2025-04-09,2025-04-18,4.2818,4.2823,Naive,4.2818,4.2818,4.258660000000001,4.236497218795816,4.282177347017455,4.311266276284269,4.191345851138376,4.298873999999996,4.299915999999999,4.288055099802632,4.304995958758232,-0.0005000000000006111,0.0005000000000006111,-0.0005000000000006111,0.0005000000000006111,-0.02363999999999944,0.02363999999999944,-0.04580278120418413,0.04580278120418413,-0.0001226529825455458,0.0001226529825455458,0.028966276284268844,0.028966276284268844,-0.09095414886162434,0.09095414886162434,0.01657399999999587,0.01657399999999587,0.01761599999999852,0.01761599999999852,0.005755099802631669,0.005755099802631669,0.022695958758231605,0.022695958758231605
2025-04-10,2025-04-22,4.2644,4.2801,Naive,4.2644,4.2644,4.27572,4.241570451742031,4.257243540448945,4.311266276284269,4.065748136185243,4.277096000000002,4.281143999999997,4.266923571959706,4.284052674414904,-0.015699999999999825,0.015699999999999825,-0.015699999999999825,0.015699999999999825,-0.0043800000000002726,0.0043800000000002726,-0.03852954825796928,0.03852954825796928,-0.022856459551054975,0.022856459551054975,0.031166276284269046,0.031166276284269046,-0.21435186381475724,0.21435186381475724,-0.0030039999999980083,0.0030039999999980083,0.0010439999999967142,0.0010439999999967142,-0.013176428040294397,0.013176428040294397,0.0039526744149043225,0.0039526744149043225
2025-04-11,2025-04-23,4.2972,4.2893,Naive,4.2972,4.2972,4.287100000000001,4.251684915061661,4.288729865802922,4.311266276284269,4.235532716268502,4.289100999999999,4.289854,4.2762379757570494,4.3532627104205694,0.00790000000000024,0.00790000000000024,0.00790000000000024,0.00790000000000024,-0.0021999999999993136,0.0021999999999993136,-0.03761508493833876,0.03761508493833876,-0.000570134197078076,0.000570134197078076,0.02196627628426917,0.02196627628426917,-0.05376728373149753,0.05376728373149753,-0.00019900000000117046,0.00019900000000117046,0.0005540000000001655,0.0005540000000001655,-0.013062024242950443,0.013062024242950443,0.06396271042056956,0.06396271042056956
2025-04-14,2025-04-24,4.2776,4.2789,Naive,4.2776,4.2776,4.283119999999999,4.2563967486868135,4.2712268681496806,4.311266276284269,4.364896519224972,4.288930999999998,4.290918999999999,4.282536742533624,4.292042268885513,-0.001300000000000523,0.001300000000000523,-0.001300000000000523,0.001300000000000523,0.004219999999999224,0.004219999999999224,-0.022503251313186645,0.022503251313186645,-0.007673131850319592,0.007673131850319592,0.03236627628426891,0.03236627628426891,0.08599651922497209,0.08599651922497209,0.010030999999997903,0.010030999999997903,0.01201899999999867,0.01201899999999867,0.0036367425336241155,0.0036367425336241155,0.013142268885513175,0.013142268885513175
2025-04-15,2025-04-25,4.2767,4.2688,Naive,4.2767,4.2767,4.27954,4.260088248925574,4.2735677109094405,4.311266276284269,4.38015786853714,4.289917000000001,4.289965999999999,4.284813762957636,4.304993729486365,0.00790000000000024,0.00790000000000024,0.00790000000000024,0.00790000000000024,0.010740000000000194,0.010740000000000194,-0.008711751074425678,0.008711751074425678,0.0047677109094408365,0.0047677109094408365,0.042466276284269355,0.042466276284269355,0.11135786853713991,0.11135786853713991,0.021117000000001163,0.021117000000001163,0.02116599999999913,0.02116599999999913,0.01601376295763668,0.01601376295763668,0.036193729486365456,0.036193729486365456
2025-04-16,2025-04-28,4.3033,4.2766,Naive,4.3033,4.3033,4.28384,4.267944930939106,4.3015049225176485,4.311266276284269,4.3364611453234225,4.288179,4.294942,4.3013375618728755,4.339038529333175,0.026699999999999946,0.026699999999999946,0.026699999999999946,0.026699999999999946,0.007239999999999469,0.007239999999999469,-0.008655069060893972,0.008655069060893972,0.02490492251764831,0.02490492251764831,0.03466627628426888,0.03466627628426888,0.05986114532342235,0.05986114532342235,0.011579000000000228,0.011579000000000228,0.018341999999999636,0.018341999999999636,0.024737561872875347,0.024737561872875347,0.06243852933317484,0.06243852933317484
2025-04-17,2025-04-29,4.2879,4.2646,Naive,4.2879,4.2879,4.28854,4.271573125313814,4.286598228765208,4.311266276284269,4.369564003969176,4.2921,4.303708000000001,4.315456233618911,4.305499870173983,0.023299999999999876,0.023299999999999876,0.023299999999999876,0.023299999999999876,0.023940000000000516,0.023940000000000516,0.006973125313813888,0.006973125313813888,0.021998228765208516,0.021998228765208516,0.04666627628426934,0.04666627628426934,0.10496400396917593,0.10496400396917593,0.027499999999999858,0.027499999999999858,0.039108000000001475,0.039108000000001475,0.05085623361891134,0.05085623361891134,0.04089987017398311,0.04089987017398311
2025-04-18,2025-04-30,4.2823,4.2778,Naive,4.2823,4.2823,4.28556,4.273523466165847,4.2844406821717715,4.311266276284269,4.178454849419036,4.29061,4.3067139999999995,4.312049190858604,4.301029602880392,0.0045000000000001705,0.0045000000000001705,0.0045000000000001705,0.0045000000000001705,0.007760000000000211,0.007760000000000211,-0.004276533834152829,0.004276533834152829,0.006640682171771495,0.006640682171771495,0.033466276284269014,0.033466276284269014,-0.09934515058096416,0.09934515058096416,0.012809999999999988,0.012809999999999988,0.02891399999999944,0.02891399999999944,0.03424919085860356,0.03424919085860356,0.023229602880391553,0.023229602880391553
2025-04-22,2025-05-02,4.2801,4.275,Naive,4.2801,4.2801,4.286060000000001,4.274719199590239,4.294174729227048,4.311266276284269,4.33175892976224,4.291523999999999,4.300507999999997,4.315897019370466,4.301122584871147,0.00509999999999966,0.00509999999999966,0.00509999999999966,0.00509999999999966,0.011060000000000514,0.011060000000000514,-0.000280800409761639,0.000280800409761639,0.019174729227047216,0.019174729227047216,0.036266276284268706,0.036266276284268706,0.05675892976223995,0.05675892976223995,0.01652399999999865,0.01652399999999865,0.025507999999996755,0.025507999999996755,0.040897019370465415,0.040897019370465415,0.026122584871147048,0.026122584871147048
2025-04-23,2025-05-05,4.2893,4.276,Naive,4.2893,4.2893,4.28858,4.277370254210196,4.298687582306618,4.311266276284269,4.343255078282102,4.3132290000000015,4.294579999999999,4.3164604126842,4.31805489043233,0.01330000000000009,0.01330000000000009,0.01330000000000009,0.01330000000000009,0.012579999999999814,0.012579999999999814,0.001370254210196542,0.001370254210196542,0.02268758230661838,0.02268758230661838,0.03526627628426926,0.03526627628426926,0.06725507828210198,0.06725507828210198,0.03722900000000173,0.03722900000000173,0.018579999999999153,0.018579999999999153,0.04046041268420009,0.04046041268420009,0.042054890432329906,0.042054890432329906
2025-04-24,2025-05-06,4.2789,4.2806,Naive,4.2789,4.2789,4.2837,4.277648389808341,4.284260434538356,4.311266276284269,4.275950387077647,4.3089260000000005,4.302091000000001,4.306706635926184,4.302418153803294,-0.0016999999999995907,0.0016999999999995907,-0.0016999999999995907,0.0016999999999995907,0.0030999999999998806,0.0030999999999998806,-0.0029516101916584603,0.0029516101916584603,0.003660434538356405,0.003660434538356405,0.030666276284269323,0.030666276284269323,-0.004649612922352553,0.004649612922352553,0.02832600000000074,0.02832600000000074,0.021491000000001037,0.021491000000001037,0.02610663592618412,0.02610663592618412,0.021818153803294216,0.021818153803294216
2025-04-25,2025-05-07,4.2688,4.2757,Naive,4.2688,4.2688,4.27988,4.27603959166137,4.267038160814999,4.311266276284269,4.130323454640609,4.293855000000002,4.290305999999998,4.297524867147499,4.291945151234301,-0.006899999999999906,0.006899999999999906,-0.006899999999999906,0.006899999999999906,0.004180000000000739,0.004180000000000739,0.00033959166136998675,0.00033959166136998675,-0.00866183918500063,0.00866183918500063,0.03556627628426945,0.03556627628426945,-0.14537654535939026,0.14537654535939026,0.018155000000002808,0.018155000000002808,0.014605999999998787,0.014605999999998787,0.021824867147499205,0.021824867147499205,0.016245151234301147,0.016245151234301147
2025-04-28,2025-05-08,4.2766,4.2714,Naive,4.2766,4.2766,4.27874,4.276141484086575,4.273669499588293,4.311266276284269,4.353937881662867,4.298270999999999,4.297629,4.307068926813197,4.299355620700988,0.0052000000000003155,0.0052000000000003155,0.0052000000000003155,0.0052000000000003155,0.007340000000000124,0.007340000000000124,0.004741484086575376,0.004741484086575376,0.0022694995882934776,0.0022694995882934776,0.0398662762842692,0.0398662762842692,0.08253788166286746,0.08253788166286746,0.02687099999999898,0.02687099999999898,0.026228999999999836,0.026228999999999836,0.03566892681319711,0.03566892681319711,0.027955620700987893,0.027955620700987893
2025-04-29,2025-05-09,4.2646,4.2414,Naive,4.2646,4.2646,4.27564,4.27404303243447,4.266503904376628,4.311266276284269,4.258911615468352,4.268642000000001,4.273895999999999,4.285819372642456,4.275835562267722,0.02320000000000011,0.02320000000000011,0.02320000000000011,0.02320000000000011,0.03424000000000049,0.03424000000000049,0.03264303243447042,0.03264303243447042,0.02510390437662835,0.02510390437662835,0.06986627628426945,0.06986627628426945,0.01751161546835256,0.01751161546835256,0.0272420000000011,0.0272420000000011,0.03249599999999919,0.03249599999999919,0.04441937264245599,0.04441937264245599,0.034435562267722375,0.034435562267722375
2025-04-30,2025-05-12,4.2778,4.2337,Naive,4.2778,4.2778,4.27334,4.274726117446384,4.276780451675841,4.311266276284269,4.275805128630323,4.300081000000002,4.29519,4.298536368728203,4.3072303729356305,0.04410000000000025,0.04410000000000025,0.04410000000000025,0.04410000000000025,0.03964000000000034,0.03964000000000034,0.041026117446384625,0.041026117446384625,0.0430804516758414,0.0430804516758414,0.07756627628426926,0.07756627628426926,0.04210512863032356,0.04210512863032356,0.06638100000000247,0.06638100000000247,0.061490000000000045,0.061490000000000045,0.0648363687282032,0.0648363687282032,0.0735303729356307,0.0735303729356307
2025-05-02,2025-05-13,4.275,4.2525,Naive,4.275,4.275,4.27256,4.274775914274315,4.267793113434245,4.311266276284269,4.232941870466035,4.282766000000002,4.286046,4.2839336766603715,4.290531722919074,0.022499999999999964,0.022499999999999964,0.022499999999999964,0.022499999999999964,0.020059999999999967,0.020059999999999967,0.022275914274314523,0.022275914274314523,0.015293113434244887,0.015293113434244887,0.05876627628426867,0.05876627628426867,-0.01955812953396574,0.01955812953396574,0.030266000000001902,0.030266000000001902,0.03354599999999941,0.03354599999999941,0.03143367666037111,0.03143367666037111,0.038031722919073196,0.038031722919073196
2025-05-05,2025-05-14,4.276,4.2455,Naive,4.276,4.276,4.274,4.274998475315348,4.271660944769129,4.311266276284269,4.182015366509575,4.2875130000000015,4.291611000000001,4.276081039682764,4.311371727413896,0.03049999999999997,0.03049999999999997,0.03049999999999997,0.03049999999999997,0.028500000000000192,0.028500000000000192,0.029498475315348216,0.029498475315348216,0.026160944769129557,0.026160944769129557,0.06576627628426923,0.06576627628426923,-0.06348463349042444,0.06348463349042444,0.04201300000000163,0.04201300000000163,0.04611100000000157,0.04611100000000157,0.030581039682764377,0.030581039682764377,0.0658717274138958,0.0658717274138958
2025-05-06,2025-05-15,4.2806,4.2378,Naive,4.2806,4.2806,4.2748,4.276016934348921,4.277628186979012,4.311266276284269,4.17181951004264,4.303316000000002,4.290838000000003,4.28576188941099,4.309457251914665,0.04279999999999973,0.04279999999999973,0.04279999999999973,0.04279999999999973,0.03699999999999992,0.03699999999999992,0.03821693434892115,0.03821693434892115,0.039828186979011804,0.039828186979011804,0.07346627628426905,0.07346627628426905,-0.06598048995735972,0.06598048995735972,0.06551600000000235,0.06551600000000235,0.05303800000000258,0.05303800000000258,0.04796188941099011,0.04796188941099011,0.07165725191466521,0.07165725191466521
2025-05-07,2025-05-16,4.2757,4.2392,Naive,4.2757,4.2757,4.27702,4.275959309921844,4.2737924795385975,4.311266276284269,4.219499024288018,4.288097000000001,4.293502999999999,4.279218912447322,4.299851226992971,0.03649999999999931,0.03649999999999931,0.03649999999999931,0.03649999999999931,0.037819999999999965,0.037819999999999965,0.03675930992184373,0.03675930992184373,0.03459247953859723,0.03459247953859723,0.07206627628426876,0.07206627628426876,-0.019700975711982593,0.019700975711982593,0.04889700000000108,0.04889700000000108,0.0543029999999991,0.0543029999999991,0.04001891244732203,0.04001891244732203,0.0606512269929711,0.0606512269929711
2025-05-08,2025-05-19,4.2714,4.2785,Naive,4.2714,4.2714,4.27574,4.275130344481508,4.27090798979842,4.311266276284269,4.223594316396731,4.280172000000002,4.28829,4.26558514092521,4.291987507610557,-0.007100000000000328,0.007100000000000328,-0.007100000000000328,0.007100000000000328,-0.0027600000000003178,0.0027600000000003178,-0.0033696555184921095,0.0033696555184921095,-0.007592010201579846,0.007592010201579846,0.03276627628426887,0.03276627628426887,-0.05490568360326886,0.05490568360326886,0.0016720000000018942,0.0016720000000018942,0.009789999999999743,0.009789999999999743,-0.012914859074790286,0.012914859074790286,0.013487507610556726,0.013487507610556726
2025-05-09,2025-05-20,4.2414,4.2497,Naive,4.2414,4.2414,4.269019999999999,4.268997554575779,4.243881468531543,4.311266276284269,4.055490065141388,4.257401,4.266152000000002,4.262084377985353,4.2515734003790016,-0.008300000000000196,0.008300000000000196,-0.008300000000000196,0.008300000000000196,0.01931999999999956,0.01931999999999956,0.019297554575778975,0.019297554575778975,-0.005818531468456456,0.005818531468456456,0.06156627628426925,0.06156627628426925,-0.1942099348586117,0.1942099348586117,0.007700999999999958,0.007700999999999958,0.01645200000000191,0.01645200000000191,0.01238437798535319,0.01238437798535319,0.001873400379001744,0.001873400379001744
2025-05-12,2025-05-21,4.2337,4.2403,Naive,4.2337,4.2337,4.26056,4.262579817380183,4.234866515517646,4.311266276284269,4.154192138758554,4.230134999999999,4.250682,4.234017833002903,4.248822524341231,-0.006600000000000605,0.006600000000000605,-0.006600000000000605,0.006600000000000605,0.0202599999999995,0.0202599999999995,0.022279817380182365,0.022279817380182365,-0.0054334844823547,0.0054334844823547,0.07096627628426866,0.07096627628426866,-0.08610786124144632,0.08610786124144632,-0.010165000000001534,0.010165000000001534,0.010381999999999891,0.010381999999999891,-0.006282166997097605,0.006282166997097605,0.00852252434123102,0.00852252434123102
2025-05-13,2025-05-22,4.2525,4.2447,Naive,4.2525,4.2525,4.25494,4.2607471233110585,4.24917059940889,4.311266276284269,4.179885179023059,4.265337999999999,4.276918,4.255164140076834,4.27374682734638,0.007800000000000473,0.007800000000000473,0.007800000000000473,0.007800000000000473,0.010240000000000471,0.010240000000000471,0.01604712331105862,0.01604712331105862,0.0044705994088900525,0.0044705994088900525,0.06656627628426914,0.06656627628426914,-0.0648148209769408,0.0648148209769408,0.020637999999999046,0.020637999999999046,0.0322180000000003,0.0322180000000003,0.010464140076834383,0.010464140076834383,0.029046827346379978,0.029046827346379978
2025-05-14,2025-05-23,4.2455,4.2541,Naive,4.2455,4.2455,4.2489,4.257974919072684,4.243079029139347,4.311266276284269,4.200143031180871,4.258347000000001,4.265870000000001,4.25101583832609,4.258563471788662,-0.008600000000000385,0.008600000000000385,-0.008600000000000385,0.008600000000000385,-0.0052000000000003155,0.0052000000000003155,0.003874919072683447,0.003874919072683447,-0.011020970860653456,0.011020970860653456,0.05716627628426885,0.05716627628426885,-0.05395696881912926,0.05395696881912926,0.004247000000001222,0.004247000000001222,0.011770000000001168,0.011770000000001168,-0.003084161673910124,0.003084161673910124,0.004463471788661799,0.004463471788661799
2025-05-15,2025-05-26,4.2378,4.2514,Naive,4.2378,4.2378,4.242179999999999,4.254306751968559,4.2390513214046095,4.311266276284269,4.2424428998925885,4.237237999999997,4.248789,4.253271204706679,4.232433150512876,-0.013600000000000279,0.013600000000000279,-0.013600000000000279,0.013600000000000279,-0.009220000000000894,0.009220000000000894,0.0029067519685588294,0.0029067519685588294,-0.012348678595390794,0.012348678595390794,0.05986627628426877,0.05986627628426877,-0.008957100107411797,0.008957100107411797,-0.014162000000003339,0.014162000000003339,-0.002610999999999919,0.002610999999999919,0.0018712047066786752,0.0018712047066786752,-0.018966849487124016,0.018966849487124016
2025-05-16,2025-05-27,4.2392,4.2479,Naive,4.2392,4.2392,4.24174,4.251560069792458,4.238792858505079,4.311266276284269,4.173372665822303,4.246685999999998,4.256245,4.246765976565873,4.234476495559874,-0.008699999999999264,0.008699999999999264,-0.008699999999999264,0.008699999999999264,-0.006159999999999499,0.006159999999999499,0.0036600697924580317,0.0036600697924580317,-0.009107141494920867,0.009107141494920867,0.0633662762842695,0.0633662762842695,-0.07452733417769686,0.07452733417769686,-0.0012140000000018247,0.0012140000000018247,0.008345000000000269,0.008345000000000269,-0.0011340234341261635,0.0011340234341261635,-0.013423504440125633,0.013423504440125633
2025-05-19,2025-05-28,4.2785,4.2447,Naive,4.2785,4.2785,4.2507,4.256458238921101,4.2753964687985855,4.311266276284269,4.172321497980866,4.293127999999999,4.2854589999999995,4.283633638654491,4.23914238903642,0.033800000000000274,0.033800000000000274,0.033800000000000274,0.033800000000000274,0.006000000000000227,0.006000000000000227,0.01175823892110106,0.01175823892110106,0.030696468798585563,0.030696468798585563,0.06656627628426914,0.06656627628426914,-0.07237850201913432,0.07237850201913432,0.04842799999999947,0.04842799999999947,0.040758999999999546,0.040758999999999546,0.038933638654491176,0.038933638654491176,-0.005557610963579762,0.005557610963579762
2025-05-20,2025-05-29,4.2497,4.2369,Naive,4.2497,4.2497,4.25014,4.2552294682081735,4.2496464662889775,4.311266276284269,4.211629474368019,4.255220999999999,4.266863,4.2683735316658815,4.23829938963049,0.012799999999999478,0.012799999999999478,0.012799999999999478,0.012799999999999478,0.013239999999999696,0.013239999999999696,0.01832946820817316,0.01832946820817316,0.012746466288977132,0.012746466288977132,0.07436627628426873,0.07436627628426873,-0.0252705256319814,0.0252705256319814,0.018320999999998477,0.018320999999998477,0.029962999999999518,0.029962999999999518,0.03147353166588118,0.03147353166588118,0.0013993896304898001,0.0013993896304898001
2025-05-21,2025-05-30,4.2403,4.2507,Naive,4.2403,4.2403,4.2491,4.2525150194430505,4.2398859593353535,4.311266276284269,4.2317156185612275,4.242760999999998,4.254587000000001,4.251044816953415,4.235311603798147,-0.010399999999999743,0.010399999999999743,-0.010399999999999743,0.010399999999999743,-0.0015999999999998238,0.0015999999999998238,0.001815019443050403,0.001815019443050403,-0.01081404066464664,0.01081404066464664,0.060566276284268916,0.060566276284268916,-0.01898438143877268,0.01898438143877268,-0.007939000000002139,0.007939000000002139,0.00388700000000064,0.00388700000000064,0.0003448169534152612,0.0003448169534152612,-0.015388396201853283,0.015388396201853283
2025-05-22,2025-06-02,4.2447,4.2578,Naive,4.2447,4.2447,4.2504800000000005,4.251094106817041,4.246488937444711,4.311266276284269,4.222940701136341,4.259167999999999,4.260145,4.265082716665487,4.231977436180693,-0.013099999999999667,0.013099999999999667,-0.013099999999999667,0.013099999999999667,-0.007319999999999105,0.007319999999999105,-0.006705893182958889,0.006705893182958889,-0.01131106255528902,0.01131106255528902,0.053466276284269476,0.053466276284269476,-0.03485929886365824,0.03485929886365824,0.0013679999999993697,0.0013679999999993697,0.0023450000000000415,0.0023450000000000415,0.007282716665487854,0.007282716665487854,-0.025822563819306588,0.025822563819306588
2025-05-23,2025-06-03,4.2541,4.2721,Naive,4.2541,4.2541,4.2534600000000005,4.251640632850306,4.250824825380983,4.311266276284269,4.254889603442945,4.2539180000000005,4.264133999999999,4.273442677429363,4.229886383479668,-0.017999999999999794,0.017999999999999794,-0.017999999999999794,0.017999999999999794,-0.018639999999999546,0.018639999999999546,-0.02045936714969443,0.02045936714969443,-0.02127517461901718,0.02127517461901718,0.03916627628426905,0.03916627628426905,-0.01721039655705514,0.01721039655705514,-0.018181999999999476,0.018181999999999476,-0.007966000000000584,0.007966000000000584,0.0013426774293625598,0.0013426774293625598,-0.042213616520331954,0.042213616520331954
2025-05-26,2025-06-04,4.2514,4.2778,Naive,4.2514,4.2514,4.2480400000000005,4.251596881422977,4.255171641680123,4.311266276284269,4.2312253304720855,4.2507790000000005,4.263019000000002,4.280103709188595,4.2311640946022,-0.026399999999999757,0.026399999999999757,-0.026399999999999757,0.026399999999999757,-0.029759999999999565,0.029759999999999565,-0.02620311857702262,0.02620311857702262,-0.022628358319876973,0.022628358319876973,0.033466276284269014,0.033466276284269014,-0.04657466952791456,0.04657466952791456,-0.027020999999999518,0.027020999999999518,-0.014780999999998379,0.014780999999998379,0.0023037091885953487,0.0023037091885953487,-0.046635905397799604,0.046635905397799604
2025-05-27,2025-06-05,4.2479,4.2791,Naive,4.2479,4.2479,4.24768,4.250924721164254,4.251361555269376,4.311266276284269,4.1697044176811,4.252198999999999,4.26516,4.2700270044361,4.228645327800417,-0.031200000000000117,0.031200000000000117,-0.031200000000000117,0.031200000000000117,-0.03141999999999978,0.03141999999999978,-0.028175278835745665,0.028175278835745665,-0.027738444730623257,0.027738444730623257,0.03216627628426938,0.03216627628426938,-0.1093955823188999,0.1093955823188999,-0.026901000000000508,0.026901000000000508,-0.013939999999999841,0.013939999999999841,-0.00907299556389951,0.00907299556389951,-0.05045467219958244,0.05045467219958244
2025-05-28,2025-06-06,4.2447,4.2881,Naive,4.2447,4.2447,4.24856,4.249792953679844,4.249848647639098,4.311266276284269,4.254303940997549,4.249082999999998,4.264836999999998,4.270462607174078,4.2267545922451335,-0.043400000000000105,0.043400000000000105,-0.043400000000000105,0.043400000000000105,-0.039539999999999687,0.039539999999999687,-0.038307046320156246,0.038307046320156246,-0.03825135236090205,0.03825135236090205,0.02316627628426904,0.02316627628426904,-0.03379605900245064,0.03379605900245064,-0.03901700000000208,0.03901700000000208,-0.02326300000000181,0.02326300000000181,-0.017637392825921694,0.017637392825921694,-0.06134540775486652,0.06134540775486652
2025-05-29,2025-06-09,4.2369,4.2772,Naive,4.2369,4.2369,4.247,4.247448780283508,4.24331060266442,4.311266276284269,4.249465866321984,4.2390599999999985,4.254452,4.254518259978588,4.227033766980927,-0.040299999999999336,0.040299999999999336,-0.040299999999999336,0.040299999999999336,-0.030199999999999783,0.030199999999999783,-0.029751219716491306,0.029751219716491306,-0.03388939733557983,0.03388939733557983,0.03406627628426939,0.03406627628426939,-0.027734133678015915,0.027734133678015915,-0.03814000000000117,0.03814000000000117,-0.02274799999999999,0.02274799999999999,-0.022681740021411656,0.022681740021411656,-0.050166233019072415,0.050166233019072415
2025-05-30,2025-06-10,4.2507,4.2611,Naive,4.2507,4.2507,4.24632,4.248039911141052,4.257362845810537,4.311266276284269,4.252173019147435,4.247569000000001,4.270849,4.2662486501721535,4.229474334566131,-0.010399999999999743,0.010399999999999743,-0.010399999999999743,0.010399999999999743,-0.014780000000000015,0.014780000000000015,-0.013060088858948049,0.013060088858948049,-0.0037371541894630766,0.0037371541894630766,0.05016627628426917,0.05016627628426917,-0.008926980852565158,0.008926980852565158,-0.013530999999998627,0.013530999999998627,0.00974900000000023,0.00974900000000023,0.0051486501721536015,0.0051486501721536015,-0.03162566543386891,0.03162566543386891
2025-06-02,2025-06-11,4.2578,4.2643,Naive,4.2578,4.2578,4.2476,4.249814472751769,4.2632647690647145,4.311266276284269,4.2775500213861495,4.249873000000002,4.260011,4.2757022697774865,4.2317594082715875,-0.0065000000000008384,0.0065000000000008384,-0.0065000000000008384,0.0065000000000008384,-0.01670000000000016,0.01670000000000016,-0.014485527248231378,0.014485527248231378,-0.0010352309352859024,0.0010352309352859024,0.04696627628426864,0.04696627628426864,0.013250021386149058,0.013250021386149058,-0.014426999999998635,0.014426999999998635,-0.004288999999999987,0.004288999999999987,0.01140226977748604,0.01140226977748604,-0.03254059172841295,0.03254059172841295
2025-06-03,2025-06-12,4.2721,4.2631,Naive,4.2721,4.2721,4.25244,4.2538663867969015,4.278145301192123,4.311266276284269,4.28437610645843,4.261590000000001,4.271018000000001,4.285763876559055,4.248168618385123,0.009000000000000341,0.009000000000000341,0.009000000000000341,0.009000000000000341,-0.01065999999999967,0.01065999999999967,-0.009233613203098123,0.009233613203098123,0.01504530119212344,0.01504530119212344,0.048166276284269394,0.048166276284269394,0.021276106458429922,0.021276106458429922,-0.00150999999999879,0.00150999999999879,0.00791800000000098,0.00791800000000098,0.022663876559055218,0.022663876559055218,-0.014931381614876393,0.014931381614876393
2025-06-04,2025-06-13,4.2778,4.272,Naive,4.2778,4.2778,4.25906,4.258217952833828,4.282015044239414,4.311266276284269,4.2822378727258865,4.289564999999999,4.283942999999998,4.2928951062500715,4.252295719536852,0.005799999999999805,0.005799999999999805,0.005799999999999805,0.005799999999999805,-0.012940000000000396,0.012940000000000396,-0.013782047166172262,0.013782047166172262,0.010015044239414017,0.010015044239414017,0.03926627628426882,0.03926627628426882,0.010237872725886277,0.010237872725886277,0.0175649999999985,0.0175649999999985,0.011942999999997816,0.011942999999997816,0.020895106250071294,0.020895106250071294,-0.01970428046314865,0.01970428046314865
2025-06-05,2025-06-16,4.2791,4.2612,Naive,4.2791,4.2791,4.2675,4.262014688682223,4.278617676941237,4.311266276284269,4.271520606293688,4.294594999999999,4.296740000000001,4.289099324913519,4.2599396859129905,0.017900000000000027,0.017900000000000027,0.017900000000000027,0.017900000000000027,0.006300000000000416,0.006300000000000416,0.0008146886822233412,0.0008146886822233412,0.017417676941237303,0.017417676941237303,0.050066276284269406,0.050066276284269406,0.01032060629368825,0.01032060629368825,0.03339499999999962,0.03339499999999962,0.035540000000001015,0.035540000000001015,0.027899324913519763,0.027899324913519763,-0.0012603140870091067,0.0012603140870091067
2025-06-06,2025-06-17,4.2881,4.275,Naive,4.2881,4.2881,4.274979999999999,4.266757472558182,4.284965214869241,4.311266276284269,4.247844556191334,4.307344999999998,4.309567,4.303199604305045,4.282139156719762,0.013099999999999667,0.013099999999999667,0.013099999999999667,0.013099999999999667,-2.0000000001019203e-05,2.0000000001019203e-05,-0.008242527441818304,0.008242527441818304,0.009965214869240846,0.009965214869240846,0.036266276284268706,0.036266276284268706,-0.027155443808666746,0.027155443808666746,0.032344999999997626,0.032344999999997626,0.034567000000000014,0.034567000000000014,0.02819960430504498,0.02819960430504498,0.007139156719762063,0.007139156719762063
2025-06-09,2025-06-18,4.2772,4.2717,Naive,4.2772,4.2772,4.27886,4.26865611391124,4.276070364953427,4.311266276284269,4.239912207499806,4.292501,4.296995999999998,4.293694238951895,4.270974977583356,0.005499999999999616,0.005499999999999616,0.005499999999999616,0.005499999999999616,0.007159999999999833,0.007159999999999833,-0.0030438860887604946,0.0030438860887604946,0.0043703649534272415,0.0043703649534272415,0.03956627628426901,0.03956627628426901,-0.03178779250019392,0.03178779250019392,0.020800999999999625,0.020800999999999625,0.02529599999999821,0.02529599999999821,0.021994238951895007,0.021994238951895007,-0.0007250224166437391,0.0007250224166437391
2025-06-10,2025-06-20,4.2611,4.2709,Naive,4.2611,4.2611,4.27666,4.267282275018287,4.261410307651608,4.311266276284269,4.233379931237133,4.252533999999998,4.270925000000001,4.274444547810623,4.264586597233015,-0.009800000000000253,0.009800000000000253,-0.009800000000000253,0.009800000000000253,0.005759999999999543,0.005759999999999543,-0.0036177249817130885,0.0036177249817130885,-0.009489692348392254,0.009489692348392254,0.04036627628426892,0.04036627628426892,-0.037520068762867176,0.037520068762867176,-0.018366000000002103,0.018366000000002103,2.5000000000829914e-05,2.5000000000829914e-05,0.0035445478106232997,0.0035445478106232997,-0.006313402766985554,0.006313402766985554
2025-06-11,2025-06-23,4.2643,4.2727,Naive,4.2643,4.2643,4.273960000000001,4.26674004319678,4.265814375628391,4.311266276284269,4.229317932017107,4.257332999999999,4.276397000000001,4.287692641583002,4.2682856918824,-0.008399999999999963,0.008399999999999963,-0.008399999999999963,0.008399999999999963,0.001260000000000261,0.001260000000000261,-0.005959956803220479,0.005959956803220479,-0.0068856243716091114,0.0068856243716091114,0.038566276284268675,0.038566276284268675,-0.043382067982893346,0.043382067982893346,-0.01536700000000124,0.01536700000000124,0.0036970000000007275,0.0036970000000007275,0.014992641583001287,0.014992641583001287,-0.004414308117600463,0.004414308117600463
2025-06-12,2025-06-24,4.2631,4.2604,Naive,4.2631,4.2631,4.27076,4.266078217161001,4.264274606240253,4.311266276284269,4.276047133038028,4.249394000000002,4.270977000000001,4.272950745883993,4.269835596839194,0.0026999999999999247,0.0026999999999999247,0.0026999999999999247,0.0026999999999999247,0.010360000000000369,0.010360000000000369,0.005678217161001697,0.005678217161001697,0.0038746062402532644,0.0038746062402532644,0.05086627628426932,0.05086627628426932,0.015647133038028116,0.015647133038028116,-0.011005999999997407,0.011005999999997407,0.01057700000000139,0.01057700000000139,0.012550745883992853,0.012550745883992853,0.009435596839193927,0.009435596839193927
2025-06-13,2025-06-25,4.272,4.2479,Naive,4.272,4.272,4.26754,4.26715490494991,4.273613492659176,4.311266276284269,4.232191326317279,4.259424999999999,4.275307000000001,4.288372895285623,4.276396220110572,0.024100000000000676,0.024100000000000676,0.024100000000000676,0.024100000000000676,0.019640000000000768,0.019640000000000768,0.019254904949910667,0.019254904949910667,0.025713492659176218,0.025713492659176218,0.0633662762842695,0.0633662762842695,-0.01570867368272033,0.01570867368272033,0.011524999999999785,0.011524999999999785,0.02740700000000107,0.02740700000000107,0.0404728952856237,0.0404728952856237,0.028496220110572068,0.028496220110572068
2025-06-16,2025-06-26,4.2612,4.2479,Naive,4.2612,4.2612,4.26434,4.266072194959017,4.26854417039375,4.311266276284269,4.2498836695227995,4.248114,4.266841999999998,4.276484446990342,4.2764232289575865,0.01330000000000009,0.01330000000000009,0.01330000000000009,0.01330000000000009,0.016440000000000232,0.016440000000000232,0.018172194959017673,0.018172194959017673,0.02064417039375055,0.02064417039375055,0.0633662762842695,0.0633662762842695,0.0019836695227999357,0.0019836695227999357,0.0002140000000006026,0.0002140000000006026,0.018941999999998238,0.018941999999998238,0.028584446990342016,0.028584446990342016,0.028523228957586966,0.028523228957586966
2025-06-17,2025-06-27,4.275,4.2362,Naive,4.275,4.275,4.26712,4.267695432239195,4.284819233591906,4.311266276284269,4.258416182843126,4.27203,4.285393,4.285495254074191,4.282530698569285,0.03880000000000017,0.03880000000000017,0.03880000000000017,0.03880000000000017,0.03092000000000006,0.03092000000000006,0.031495432239195154,0.031495432239195154,0.04861923359190623,0.04861923359190623,0.07506627628426887,0.07506627628426887,0.022216182843125765,0.022216182843125765,0.035829999999999806,0.035829999999999806,0.04919299999999982,0.04919299999999982,0.049295254074190886,0.049295254074190886,0.0463306985692844,0.0463306985692844
2025-06-18,2025-06-30,4.2717,4.2419,Naive,4.2717,4.2717,4.2686,4.268423535468433,4.28317503703825,4.311266276284269,4.24406448321219,4.2737560000000006,4.286633999999999,4.285752700064594,4.283891837551164,0.029799999999999827,0.029799999999999827,0.029799999999999827,0.029799999999999827,0.026699999999999946,0.026699999999999946,0.026523535468432335,0.026523535468432335,0.04127503703824953,0.04127503703824953,0.06936627628426884,0.06936627628426884,0.0021644832121898716,0.0021644832121898716,0.03185600000000033,0.03185600000000033,0.04473399999999916,0.04473399999999916,0.043852700064594075,0.043852700064594075,0.04199183755116387,0.04199183755116387
2025-06-20,2025-07-01,4.2709,4.2415,Naive,4.2709,4.2709,4.270160000000001,4.268873801746899,4.281413576655528,4.311266276284269,4.216747754291313,4.280549000000002,4.273838,4.278957500452866,4.283334293952603,0.02939999999999987,0.02939999999999987,0.02939999999999987,0.02939999999999987,0.028660000000000352,0.028660000000000352,0.027373801746898963,0.027373801746898963,0.03991357665552808,0.03991357665552808,0.06976627628426879,0.06976627628426879,-0.024752245708687504,0.024752245708687504,0.03904900000000211,0.03904900000000211,0.03233799999999931,0.03233799999999931,0.037457500452865666,0.037457500452865666,0.04183429395260241,0.04183429395260241
2025-06-23,2025-07-02,4.2727,4.25,Naive,4.2727,4.2727,4.270300000000001,4.269569474156554,4.282552860717877,4.311266276284269,4.291026205023032,4.273629000000001,4.272551000000001,4.275786345282602,4.281893769348017,0.022700000000000387,0.022700000000000387,0.022700000000000387,0.022700000000000387,0.02030000000000065,0.02030000000000065,0.019569474156553746,0.019569474156553746,0.03255286071787733,0.03255286071787733,0.06126627628426906,0.06126627628426906,0.04102620502303189,0.04102620502303189,0.023629000000000566,0.023629000000000566,0.022551000000000876,0.022551000000000876,0.025786345282601708,0.025786345282601708,0.031893769348016576,0.031893769348016576
2025-06-24,2025-07-03,4.2604,4.2634,Naive,4.2604,4.2604,4.2701400000000005,4.26790229703718,4.270372605876227,4.311266276284269,4.2046152023904275,4.2716709999999996,4.270209999999997,4.268211055769466,4.2777414151440105,-0.0030000000000001137,0.0030000000000001137,-0.0030000000000001137,0.0030000000000001137,0.006740000000000634,0.006740000000000634,0.004502297037180192,0.004502297037180192,0.006972605876226723,0.006972605876226723,0.047866276284269205,0.047866276284269205,-0.05878479760957234,0.05878479760957234,0.008270999999999695,0.008270999999999695,0.006809999999997096,0.006809999999997096,0.004811055769466499,0.004811055769466499,0.01434141514401066,0.01434141514401066
2025-06-25,2025-07-04,4.2479,4.2515,Naive,4.2479,4.2479,4.26472,4.2642655157576925,4.2602590620020235,4.311266276284269,4.278862706826631,4.2687529999999985,4.270090000000001,4.267731206011011,4.273405575940193,-0.0036000000000004917,0.0036000000000004917,-0.0036000000000004917,0.0036000000000004917,0.013219999999999565,0.013219999999999565,0.01276551575769247,0.01276551575769247,0.008759062002023477,0.008759062002023477,0.059766276284269004,0.059766276284269004,0.02736270682663111,0.02736270682663111,0.01725299999999841,0.01725299999999841,0.01859000000000055,0.01859000000000055,0.016231206011011245,0.016231206011011245,0.021905575940192712,0.021905575940192712
2025-06-26,2025-07-07,4.2479,4.2524,Naive,4.2479,4.2479,4.25996,4.261289967438112,4.256678115023941,4.311266276284269,4.251685623620217,4.269017999999999,4.271354999999999,4.27852865940351,4.242759788628857,-0.0045000000000001705,0.0045000000000001705,-0.0045000000000001705,0.0045000000000001705,0.007560000000000677,0.007560000000000677,0.008889967438112656,0.008889967438112656,0.0042781150239408205,0.0042781150239408205,0.058866276284269325,0.058866276284269325,-0.0007143763797827773,0.0007143763797827773,0.016617999999999356,0.016617999999999356,0.018954999999999167,0.018954999999999167,0.02612865940351039,0.02612865940351039,-0.009640211371142904,0.009640211371142904
2025-06-27,2025-07-08,4.2362,4.2455,Naive,4.2362,4.2362,4.253019999999999,4.256728155176637,4.244655428757822,4.311266276284269,4.237009103532559,4.253038000000002,4.270701999999999,4.266037061781189,4.231804452637455,-0.009299999999999642,0.009299999999999642,-0.009299999999999642,0.009299999999999642,0.007519999999999527,0.007519999999999527,0.01122815517663689,0.01122815517663689,-0.0008445712421778495,0.0008445712421778495,0.06576627628426923,0.06576627628426923,-0.008490896467440834,0.008490896467440834,0.007538000000002043,0.007538000000002043,0.02520199999999928,0.02520199999999928,0.02053706178118908,0.02053706178118908,-0.013695547362544858,0.013695547362544858
2025-06-30,2025-07-09,4.2419,4.2399,Naive,4.2419,4.2419,4.24686,4.254032126962703,4.256738976976017,4.311266276284269,4.272185917646365,4.274449,4.274448999999998,4.279666848597355,4.242402598121028,0.002000000000000668,0.002000000000000668,0.002000000000000668,0.002000000000000668,0.006960000000000299,0.006960000000000299,0.014132126962703495,0.014132126962703495,0.016838976976017328,0.016838976976017328,0.0713662762842695,0.0713662762842695,0.032285917646365014,0.032285917646365014,0.03454900000000016,0.03454900000000016,0.03454899999999839,0.03454899999999839,0.03976684859735524,0.03976684859735524,0.0025025981210280435,0.0025025981210280435
2025-07-01,2025-07-10,4.2415,4.2464,Naive,4.2415,4.2415,4.243080000000001,4.25175355842403,4.257220666549253,4.311266276284269,4.268825543099791,4.273550000000001,4.2735129999999995,4.263721537054898,4.240660899409457,-0.0049000000000001265,0.0049000000000001265,-0.0049000000000001265,0.0049000000000001265,-0.0033199999999995455,0.0033199999999995455,0.005353558424029181,0.005353558424029181,0.010820666549252955,0.010820666549252955,0.06486627628426866,0.06486627628426866,0.02242554309979017,0.02242554309979017,0.027150000000000674,0.027150000000000674,0.027112999999999055,0.027112999999999055,0.017321537054897362,0.017321537054897362,-0.005739100590543167,0.005739100590543167
2025-07-02,2025-07-11,4.25,4.2563,Naive,4.25,4.25,4.2435,4.25143472961966,4.266042022144776,4.311266276284269,4.264359463176941,4.274508,4.279052,4.267069443842106,4.248257423658684,-0.006300000000000416,0.006300000000000416,-0.006300000000000416,0.006300000000000416,-0.012800000000000367,0.012800000000000367,-0.004865270380340014,0.004865270380340014,0.00974202214477593,0.00974202214477593,0.054966276284268645,0.054966276284268645,0.008059463176940618,0.008059463176940618,0.018207999999999558,0.018207999999999558,0.02275199999999966,0.02275199999999966,0.010769443842105986,0.010769443842105986,-0.008042576341316554,0.008042576341316554
2025-07-03,2025-07-14,4.2634,4.2614,Naive,4.2634,4.2634,4.246599999999999,4.253610233325176,4.277652836510235,4.311266276284269,4.291990424850687,4.278241,4.274694,4.26582496863186,4.267670799977999,0.0019999999999997797,0.0019999999999997797,0.0019999999999997797,0.0019999999999997797,-0.014800000000001035,0.014800000000001035,-0.007789766674823895,0.007789766674823895,0.016252836510235014,0.016252836510235014,0.049866276284268984,0.049866276284268984,0.030590424850687192,0.030590424850687192,0.016841000000000328,0.016841000000000328,0.013294000000000139,0.013294000000000139,0.00442496863186026,0.00442496863186026,0.006270799977999175,0.006270799977999175
2025-07-04,2025-07-15,4.2515,4.2538,Naive,4.2515,4.2515,4.24966,4.25322655453878,4.265500457089442,4.311266276284269,4.252461481549975,4.274803,4.276999,4.265745308274031,4.253172673682842,-0.0022999999999999687,0.0022999999999999687,-0.0022999999999999687,0.0022999999999999687,-0.0041399999999995885,0.0041399999999995885,-0.0005734454612200679,0.0005734454612200679,0.011700457089442118,0.011700457089442118,0.057466276284269036,0.057466276284269036,-0.0013385184500247505,0.0013385184500247505,0.021003000000000327,0.021003000000000327,0.02319899999999997,0.02319899999999997,0.011945308274031063,0.011945308274031063,-0.0006273263171578947,0.0006273263171578947
2025-07-07,2025-07-16,4.2524,4.2585,Naive,4.2524,4.2524,4.25176,4.253076271895365,4.266803611623467,4.311266276284269,4.304476389442046,4.273195,4.273665000000001,4.263165281514696,4.255402166768584,-0.006099999999999994,0.006099999999999994,-0.006099999999999994,0.006099999999999994,-0.006739999999999746,0.006739999999999746,-0.005423728104634762,0.005423728104634762,0.008303611623467155,0.008303611623467155,0.05276627628426933,0.05276627628426933,0.045976389442046184,0.045976389442046184,0.014695000000000569,0.014695000000000569,0.015165000000001427,0.015165000000001427,0.00466528151469614,0.00466528151469614,-0.0030978332314157697,0.0030978332314157697
2025-07-08,2025-07-17,4.2455,4.2559,Naive,4.2455,4.2455,4.25256,4.251698767914389,4.257953751188701,4.311266276284269,4.254974411816392,4.27084,4.275543999999999,4.2580933772394385,4.247848371703603,-0.010399999999999743,0.010399999999999743,-0.010399999999999743,0.010399999999999743,-0.0033399999999996766,0.0033399999999996766,-0.004201232085610407,0.004201232085610407,0.002053751188701547,0.002053751188701547,0.05536627628426949,0.05536627628426949,-0.0009255881836072177,0.0009255881836072177,0.014940000000000175,0.014940000000000175,0.01964399999999955,0.01964399999999955,0.0021933772394389095,0.0021933772394389095,-0.008051628296396274,0.008051628296396274
2025-07-09,2025-07-18,4.2399,4.2509,Naive,4.2399,4.2399,4.250539999999999,4.2495535373845,4.250796370423944,4.311266276284269,4.265147869474947,4.255527,4.270287,4.2416335644629015,4.236479290375066,-0.01100000000000012,0.01100000000000012,-0.01100000000000012,0.01100000000000012,-0.0003600000000005821,0.0003600000000005821,-0.001346462615499533,0.001346462615499533,-0.00010362957605547507,0.00010362957605547507,0.06036627628426938,0.06036627628426938,0.014247869474947272,0.014247869474947272,0.004627000000000159,0.004627000000000159,0.019387000000000043,0.019387000000000043,-0.009266435537098161,0.009266435537098161,-0.014420709624933359,0.014420709624933359
2025-07-10,2025-07-21,4.2464,4.2445,Naive,4.2464,4.2464,4.24714,4.248980166950955,4.252334510207578,4.311266276284269,4.269488074920427,4.270793999999998,4.2694399999999995,4.258305310409046,4.23193068295693,0.0019000000000000128,0.0019000000000000128,0.0019000000000000128,0.0019000000000000128,0.0026399999999995316,0.0026399999999995316,0.004480166950954434,0.004480166950954434,0.007834510207577416,0.007834510207577416,0.06676627628426868,0.06676627628426868,0.02498807492042676,0.02498807492042676,0.026293999999997375,0.026293999999997375,0.024939999999999074,0.024939999999999074,0.013805310409045646,0.013805310409045646,-0.012569317043070072,0.012569317043070072
2025-07-11,2025-07-22,4.2563,4.2531,Naive,4.2563,4.2563,4.2481,4.250311045687145,4.263316409589658,4.311266276284269,4.268505155082888,4.272900999999999,4.2755469999999995,4.269861374677228,4.251665528215489,0.0032000000000005357,0.0032000000000005357,0.0032000000000005357,0.0032000000000005357,-0.004999999999999893,0.004999999999999893,-0.0027889543128551963,0.0027889543128551963,0.010216409589657971,0.010216409589657971,0.05816627628426918,0.05816627628426918,0.0154051550828882,0.0154051550828882,0.01980099999999929,0.01980099999999929,0.02244699999999966,0.02244699999999966,0.016761374677227714,0.016761374677227714,-0.0014344717845107269,0.0014344717845107269
2025-07-14,2025-07-23,4.2614,4.2544,Naive,4.2614,4.2614,4.2499,4.252327219198573,4.271542529420934,4.311266276284269,4.299239563715964,4.267258999999999,4.2688700000000015,4.268226183385932,4.256746155091106,0.006999999999999673,0.006999999999999673,0.006999999999999673,0.006999999999999673,-0.0045000000000001705,0.0045000000000001705,-0.002072780801427143,0.002072780801427143,0.017142529420933528,0.017142529420933528,0.05686627628426866,0.05686627628426866,0.044839563715963315,0.044839563715963315,0.012858999999998844,0.012858999999998844,0.014470000000001093,0.014470000000001093,0.013826183385931223,0.013826183385931223,0.002346155091105473,0.002346155091105473
2025-07-15,2025-07-24,4.2538,4.2514,Naive,4.2538,4.2538,4.25156,4.2525949975261055,4.268081242288485,4.311266276284269,4.274551541956503,4.26478,4.270002999999998,4.265919907186409,4.247434418451301,0.0023999999999997357,0.0023999999999997357,0.0023999999999997357,0.0023999999999997357,0.00015999999999927184,0.00015999999999927184,0.0011949975261051904,0.0011949975261051904,0.016681242288484555,0.016681242288484555,0.05986627628426877,0.05986627628426877,0.023151541956503152,0.023151541956503152,0.013379999999999725,0.013379999999999725,0.018602999999997927,0.018602999999997927,0.01451990718640861,0.01451990718640861,-0.003965581548698971,0.003965581548698971
2025-07-16,2025-07-25,4.2585,4.2544,Naive,4.2585,4.2585,4.255280000000001,4.25366863433954,4.272794452729689,4.311266276284269,4.272468755964491,4.266472999999998,4.2696309999999995,4.268072472193323,4.250195774862091,0.004099999999999326,0.004099999999999326,0.004099999999999326,0.004099999999999326,0.000880000000000436,0.000880000000000436,-0.0007313656604601704,0.0007313656604601704,0.018394452729688204,0.018394452729688204,0.05686627628426866,0.05686627628426866,0.018068755964490535,0.018068755964490535,0.012072999999997336,0.012072999999997336,0.015230999999999106,0.015230999999999106,0.01367247219332235,0.01367247219332235,-0.004204225137909745,0.004204225137909745
2025-07-17,2025-07-28,4.2559,4.2565,Naive,4.2559,4.2559,4.25718,4.254074337186896,4.266163502635255,4.311266276284269,4.271489597895521,4.273281,4.270934,4.263604409332763,4.250977822111888,-0.000600000000000378,0.000600000000000378,-0.000600000000000378,0.000600000000000378,0.0006800000000000139,0.0006800000000000139,-0.002425662813103635,0.002425662813103635,0.00966350263525495,0.00966350263525495,0.05476627628426911,0.05476627628426911,0.014989597895521456,0.014989597895521456,0.016780999999999935,0.016780999999999935,0.014433999999999614,0.014433999999999614,0.00710440933276324,0.00710440933276324,-0.005522177888112267,0.005522177888112267
2025-07-18,2025-07-29,4.2509,4.2737,Naive,4.2509,4.2509,4.2561,4.2534971849710965,4.263393793150977,4.311266276284269,4.2498909678969365,4.276021999999998,4.271621,4.26093626615813,4.247509583248574,-0.022800000000000153,0.022800000000000153,-0.022800000000000153,0.022800000000000153,-0.017599999999999838,0.017599999999999838,-0.02020281502890331,0.02020281502890331,-0.01030620684902317,0.01030620684902317,0.03756627628426923,0.03756627628426923,-0.023809032103063288,0.023809032103063288,0.002321999999998603,0.002321999999998603,-0.002079000000000164,0.002079000000000164,-0.012763733841869573,0.012763733841869573,-0.02619041675142597,0.02619041675142597
2025-07-21,2025-07-30,4.2445,4.2732,Naive,4.2445,4.2445,4.252719999999999,4.251861333158169,4.257859191852633,4.311266276284269,4.306248205153333,4.276631999999996,4.277317999999999,4.260349825698527,4.239411667991483,-0.028699999999999726,0.028699999999999726,-0.028699999999999726,0.028699999999999726,-0.020480000000000942,0.020480000000000942,-0.021338666841830722,0.021338666841830722,-0.015340808147366936,0.015340808147366936,0.03806627628426895,0.03806627628426895,0.03304820515333251,0.03304820515333251,0.0034319999999956607,0.0034319999999956607,0.004117999999999178,0.004117999999999178,-0.01285017430147306,0.01285017430147306,-0.03378833200851705,0.03378833200851705
2025-07-22,2025-07-31,4.2531,4.2661,Naive,4.2531,4.2531,4.25258,4.252086545311229,4.26431124269283,4.311266276284269,4.250139618239397,4.272419999999997,4.276187,4.26185693454983,4.2511831375899645,-0.0129999999999999,0.0129999999999999,-0.0129999999999999,0.0129999999999999,-0.013519999999999754,0.013519999999999754,-0.014013454688770466,0.014013454688770466,-0.0017887573071702079,0.0017887573071702079,0.04516627628426928,0.04516627628426928,-0.015960381760602438,0.015960381760602438,0.006319999999996995,0.006319999999996995,0.010087000000000401,0.010087000000000401,-0.004243065450169503,0.004243065450169503,-0.014916862410035314,0.014916862410035314
2025-07-23,2025-08-01,4.2544,4.2813,Naive,4.2544,4.2544,4.25176,4.25250717343646,4.266181024054375,4.311266276284269,4.31163838241476,4.274264999999996,4.2915259999999975,4.266051250033489,4.248956186282984,-0.02689999999999948,0.02689999999999948,-0.02689999999999948,0.02689999999999948,-0.0295399999999999,0.0295399999999999,-0.028792826563539542,0.028792826563539542,-0.015118975945624946,0.015118975945624946,0.029966276284269178,0.029966276284269178,0.030338382414759835,0.030338382414759835,-0.007035000000003677,0.007035000000003677,0.010225999999997626,0.010225999999997626,-0.015248749966510822,0.015248749966510822,-0.03234381371701556,0.03234381371701556
2025-07-24,2025-08-04,4.2514,4.2734,Naive,4.2514,4.2514,4.25086,4.252305869175285,4.259335345817663,4.311266276284269,4.295804646077096,4.272414999999998,4.286934999999997,4.267345273260583,4.2499430451496565,-0.021999999999999353,0.021999999999999353,-0.021999999999999353,0.021999999999999353,-0.02253999999999934,0.02253999999999934,-0.02109413082471434,0.02109413082471434,-0.014064654182337044,0.014064654182337044,0.03786627628426942,0.03786627628426942,0.02240464607709658,0.02240464607709658,-0.00098500000000179,0.00098500000000179,0.01353499999999741,0.01353499999999741,-0.006054726739416871,0.006054726739416871,-0.02345695485034316,0.02345695485034316
2025-07-25,2025-08-05,4.2544,4.2763,Naive,4.2544,4.2544,4.25156,4.252686620234324,4.265027826836392,4.311266276284269,4.3251358930596755,4.269361999999996,4.288178999999997,4.26692987417238,4.250231559540564,-0.021899999999999586,0.021899999999999586,-0.021899999999999586,0.021899999999999586,-0.02474000000000043,0.02474000000000043,-0.0236133797656759,0.0236133797656759,-0.011272173163607846,0.011272173163607846,0.03496627628426907,0.03496627628426907,0.048835893059675506,0.048835893059675506,-0.00693800000000433,0.00693800000000433,0.011878999999996864,0.011878999999996864,-0.00937012582761998,0.00937012582761998,-0.02606844045943557,0.02606844045943557
2025-07-28,2025-08-06,4.2565,4.282,Naive,4.2565,4.2565,4.25396,4.253379962009901,4.268534352365027,4.311266276284269,4.274045441201615,4.272057,4.288114999999999,4.27247361909059,4.253909118119875,-0.025500000000000078,0.025500000000000078,-0.025500000000000078,0.025500000000000078,-0.028039999999999843,0.028039999999999843,-0.028620037990099156,0.028620037990099156,-0.013465647634973266,0.013465647634973266,0.029266276284269033,0.029266276284269033,-0.007954558798385136,0.007954558798385136,-0.009942999999999813,0.009942999999999813,0.006114999999998538,0.006114999999998538,-0.009526380909409937,0.009526380909409937,-0.028090881880125096,0.028090881880125096
2025-07-29,2025-08-07,4.2737,4.2618,Naive,4.2737,4.2737,4.25808,4.257074514371737,4.2861339398824585,4.311266276284269,4.246001299414148,4.2792879999999975,4.284780999999999,4.283101506642507,4.2757168144886455,0.0118999999999998,0.0118999999999998,0.0118999999999998,0.0118999999999998,-0.0037200000000003897,0.0037200000000003897,-0.0047254856282634705,0.0047254856282634705,0.024333939882458466,0.024333939882458466,0.04946627628426903,0.04946627628426903,-0.015798700585851755,0.015798700585851755,0.017487999999997506,0.017487999999997506,0.022980999999998808,0.022980999999998808,0.02130150664250685,0.02130150664250685,0.013916814488645457,0.013916814488645457
2025-07-30,2025-08-08,4.2732,4.2566,Naive,4.2732,4.2732,4.261840000000001,4.260006420849603,4.285791890152222,4.311266276284269,4.330334067151546,4.285231999999999,4.285237,4.277976448302936,4.273005367866478,0.016600000000000392,0.016600000000000392,0.016600000000000392,0.016600000000000392,0.005240000000001466,0.005240000000001466,0.0034064208496031867,0.0034064208496031867,0.029191890152222122,0.029191890152222122,0.054666276284269344,0.054666276284269344,0.07373406715154651,0.07373406715154651,0.028631999999999103,0.028631999999999103,0.02863700000000069,0.02863700000000069,0.02137644830293617,0.02137644830293617,0.016405367866478393,0.016405367866478393
2025-07-31,2025-08-11,4.2661,4.2533,Naive,4.2661,4.2661,4.26478,4.261114344331493,4.27566068009297,4.311266276284269,4.303356985079233,4.282468999999997,4.279919999999999,4.2757703243303,4.26843889830236,0.012799999999999478,0.012799999999999478,0.012799999999999478,0.012799999999999478,0.011479999999999713,0.011479999999999713,0.007814344331492862,0.007814344331492862,0.02236068009296943,0.02236068009296943,0.05796627628426876,0.05796627628426876,0.05005698507923295,0.05005698507923295,0.029168999999996892,0.029168999999996892,0.026619999999998534,0.026619999999998534,0.022470324330299718,0.022470324330299718,0.015138898302359927,0.015138898302359927
2025-08-01,2025-08-12,4.2813,4.2626,Naive,4.2813,4.2813,4.27016,4.264784463543949,4.290440681948996,4.311266276284269,4.330604160397236,4.294614999999999,4.291633999999999,4.28707264960971,4.276428683897006,0.01869999999999994,0.01869999999999994,0.01869999999999994,0.01869999999999994,0.007559999999999789,0.007559999999999789,0.0021844635439487448,0.0021844635439487448,0.02784068194899625,0.02784068194899625,0.04866627628426912,0.04866627628426912,0.06800416039723611,0.06800416039723611,0.03201499999999946,0.03201499999999946,0.029033999999999338,0.029033999999999338,0.024472649609710295,0.024472649609710295,0.013828683897005867,0.013828683897005867
2025-08-04,2025-08-13,4.2734,4.2586,Naive,4.2734,4.2734,4.27354,4.266350924717776,4.283732195664537,4.311266276284269,4.3183127845463005,4.284007999999998,4.284438999999999,4.277819471089666,4.277419290375697,0.014799999999999258,0.014799999999999258,0.014799999999999258,0.014799999999999258,0.014939999999999287,0.014939999999999287,0.007750924717775831,0.007750924717775831,0.025132195664536283,0.025132195664536283,0.052666276284268676,0.052666276284268676,0.059712784546300135,0.059712784546300135,0.025407999999997877,0.025407999999997877,0.025838999999998613,0.025838999999998613,0.019219471089665596,0.019219471089665596,0.018819290375696518,0.018819290375696518
2025-08-05,2025-08-14,4.2763,4.2639,Naive,4.2763,4.2763,4.27406,4.268159847496362,4.285727169363514,4.311266276284269,4.281513817866477,4.289922999999998,4.284769999999998,4.283998548905103,4.282468518568825,0.01240000000000041,0.01240000000000041,0.01240000000000041,0.01240000000000041,0.010160000000000835,0.010160000000000835,0.004259847496362212,0.004259847496362212,0.021827169363514365,0.021827169363514365,0.04736627628426948,0.04736627628426948,0.017613817866477532,0.017613817866477532,0.026022999999998575,0.026022999999998575,0.020869999999998612,0.020869999999998612,0.02009854890510354,0.02009854890510354,0.018568518568825354,0.018568518568825354
2025-08-06,2025-08-18,4.282,4.2558,Naive,4.282,4.282,4.27582,4.270676238860659,4.292153682411949,4.311266276284269,4.290154283907046,4.297538999999999,4.290518999999998,4.288733070745266,4.284527139965617,0.026200000000000223,0.026200000000000223,0.026200000000000223,0.026200000000000223,0.020020000000000593,0.020020000000000593,0.014876238860659363,0.014876238860659363,0.03635368241194925,0.03635368241194925,0.055466276284269256,0.055466276284269256,0.03435428390704587,0.03435428390704587,0.04173899999999886,0.04173899999999886,0.03471899999999817,0.03471899999999817,0.03293307074526641,0.03293307074526641,0.02872713996561682,0.02872713996561682
2025-08-07,2025-08-19,4.2618,4.242,Naive,4.2618,4.2618,4.27496,4.26906237724963,4.270463850859577,4.311266276284269,4.31022042084779,4.266846999999999,4.274259000000002,4.270784160400039,4.273624188250216,0.01980000000000004,0.01980000000000004,0.01980000000000004,0.01980000000000004,0.0329600000000001,0.0329600000000001,0.027062377249629677,0.027062377249629677,0.028463850859576922,0.028463850859576922,0.06926627628426907,0.06926627628426907,0.06822042084778968,0.06822042084778968,0.024846999999999397,0.024846999999999397,0.03225900000000159,0.03225900000000159,0.02878416040003895,0.02878416040003895,0.03162418825021618,0.03162418825021618
2025-08-08,2025-08-20,4.2566,4.2524,Naive,4.2566,4.2566,4.27002,4.2667964904769695,4.267356975042795,4.311266276284269,4.328030324385723,4.269516999999997,4.272473999999997,4.271316551887936,4.259238300885916,0.0041999999999999815,0.0041999999999999815,0.0041999999999999815,0.0041999999999999815,0.01761999999999997,0.01761999999999997,0.014396490476969781,0.014396490476969781,0.014956975042795584,0.014956975042795584,0.058866276284269325,0.058866276284269325,0.07563032438572304,0.07563032438572304,0.017116999999997162,0.017116999999997162,0.020073999999997483,0.020073999999997483,0.018916551887936173,0.018916551887936173,0.006838300885916304,0.006838300885916304
2025-08-11,2025-08-21,4.2533,4.2521,Naive,4.2533,4.2533,4.266,4.264342583117521,4.266752515546093,4.311266276284269,4.267573310713854,4.272332999999999,4.2716270000000005,4.27173430326658,4.2519317516904875,0.0011999999999998678,0.0011999999999998678,0.0011999999999998678,0.0011999999999998678,0.01389999999999958,0.01389999999999958,0.012242583117520134,0.012242583117520134,0.014652515546092815,0.014652515546092815,0.059166276284268626,0.059166276284268626,0.015473310713853827,0.015473310713853827,0.02023299999999839,0.02023299999999839,0.019527000000000072,0.019527000000000072,0.019634303266579778,0.019634303266579778,-0.00016824830951289726,0.00016824830951289726
2025-08-12,2025-08-22,4.2626,4.267,Naive,4.2626,4.2626,4.26326,4.264025749823426,4.277727578942489,4.311266276284269,4.277858921668129,4.273735999999997,4.275233000000001,4.273168364159431,4.272523583146316,-0.004400000000000404,0.004400000000000404,-0.004400000000000404,0.004400000000000404,-0.0037400000000005207,0.0037400000000005207,-0.0029742501765746,0.0029742501765746,0.010727578942488769,0.010727578942488769,0.04426627628426871,0.04426627628426871,0.010858921668128296,0.010858921668128296,0.0067359999999965225,0.0067359999999965225,0.008233000000000601,0.008233000000000601,0.0061683641594303396,0.0061683641594303396,0.005523583146315403,0.005523583146315403
2025-08-13,2025-08-25,4.2586,4.2627,Naive,4.2586,4.2586,4.25858,4.26303924985553,4.275279162467243,4.311266276284269,4.29766965108289,4.277955999999999,4.281616,4.271258262451055,4.273499992421301,-0.004099999999999326,0.004099999999999326,-0.004099999999999326,0.004099999999999326,-0.004119999999999457,0.004119999999999457,0.0003392498555303547,0.0003392498555303547,0.012579162467242888,0.012579162467242888,0.04856627628426935,0.04856627628426935,0.034969651082890074,0.034969651082890074,0.015255999999999048,0.015255999999999048,0.018915999999999933,0.018915999999999933,0.008558262451055398,0.008558262451055398,0.010799992421301141,0.010799992421301141
2025-08-14,2025-08-26,4.2639,4.2657,Naive,4.2639,4.2639,4.259,4.263195749881797,4.276807293163866,4.311266276284269,4.315385907141167,4.2773429999999975,4.282262999999998,4.277064708611928,4.273240823843489,-0.0018000000000002458,0.0018000000000002458,-0.0018000000000002458,0.0018000000000002458,-0.006699999999999484,0.006699999999999484,-0.0025042501182026555,0.0025042501182026555,0.011107293163866494,0.011107293163866494,0.045566276284269236,0.045566276284269236,0.04968590714116683,0.04968590714116683,0.011642999999997627,0.011642999999997627,0.016562999999997885,0.016562999999997885,0.011364708611927732,0.011364708611927732,0.007540823843489086,0.007540823843489086
2025-08-18,2025-08-27,4.2558,4.2639,Naive,4.2558,4.2558,4.25884,4.2618510680851065,4.269580508988212,4.311266276284269,4.321405203760342,4.276855999999999,4.279683,4.268656922185321,4.261988499459153,-0.008099999999999774,0.008099999999999774,-0.008099999999999774,0.008099999999999774,-0.005059999999999398,0.005059999999999398,-0.002048931914893082,0.002048931914893082,0.005680508988212374,0.005680508988212374,0.04736627628426948,0.04736627628426948,0.05750520376034274,0.05750520376034274,0.01295599999999908,0.01295599999999908,0.01578300000000077,0.01578300000000077,0.004756922185321422,0.004756922185321422,-0.0019115005408467667,0.0019115005408467667
2025-08-19,2025-08-28,4.242,4.2681,Naive,4.242,4.242,4.2565800000000005,4.258241782978724,4.256703612417939,4.311266276284269,4.211270334363146,4.274989,4.280722,4.268763836416354,4.243554948220381,-0.026099999999999568,0.026099999999999568,-0.026099999999999568,0.026099999999999568,-0.011519999999999087,0.011519999999999087,-0.009858217021275983,0.009858217021275983,-0.011396387582060186,0.011396387582060186,0.0431662762842695,0.0431662762842695,-0.056829665636853655,0.056829665636853655,0.006889000000000145,0.006889000000000145,0.012622000000000355,0.012622000000000355,0.0006638364163542576,0.0006638364163542576,-0.024545051779618632,0.024545051779618632
2025-08-20,2025-08-29,4.2524,4.2684,Naive,4.2524,4.2524,4.25454,4.257179640618956,4.264194730556821,4.311266276284269,4.303522863244506,4.279899999999997,4.288643999999998,4.272356599314322,4.2500560569191626,-0.016000000000000014,0.016000000000000014,-0.016000000000000014,0.016000000000000014,-0.013859999999999317,0.013859999999999317,-0.01122035938104382,0.01122035938104382,-0.004205269443178672,0.004205269443178672,0.04286627628426931,0.04286627628426931,0.03512286324450642,0.03512286324450642,0.01149999999999718,0.01149999999999718,0.020243999999998152,0.020243999999998152,0.00395659931432224,0.00395659931432224,-0.0183439430808372,0.0183439430808372
2025-08-21,2025-09-01,4.2521,4.2574,Naive,4.2521,4.2521,4.25324,4.256256069597328,4.257479685359762,4.311266276284269,4.297372826174082,4.279534999999999,4.284808999999998,4.272822021803972,4.2495842793427565,-0.005299999999999194,0.005299999999999194,-0.005299999999999194,0.005299999999999194,-0.0041599999999997195,0.0041599999999997195,-0.001143930402671245,0.001143930402671245,7.968535976221602e-05,7.968535976221602e-05,0.05386627628426943,0.05386627628426943,0.0399728261740826,0.0399728261740826,0.02213499999999957,0.02213499999999957,0.027408999999998684,0.027408999999998684,0.015422021803972008,0.015422021803972008,-0.00781572065724312,0.00781572065724312
2025-08-22,2025-09-02,4.267,4.2651,Naive,4.267,4.267,4.25386,4.258209511488722,4.274107662586958,4.311266276284269,4.297519984458132,4.282652999999999,4.285878999999999,4.284110447721694,4.264049286590702,0.0019000000000000128,0.0019000000000000128,0.0019000000000000128,0.0019000000000000128,-0.011239999999999917,0.011239999999999917,-0.006890488511277937,0.006890488511277937,0.009007662586957288,0.009007662586957288,0.046166276284268726,0.046166276284268726,0.03241998445813188,0.03241998445813188,0.017552999999998598,0.017552999999998598,0.020778999999998327,0.020778999999998327,0.019010447721693247,0.019010447721693247,-0.0010507134092980763,0.0010507134092980763
2025-08-25,2025-09-03,4.2627,4.2589,Naive,4.2627,4.2627,4.25524,4.259025963945318,4.271507530666535,4.311266276284269,4.314482458712337,4.279127,4.278287999999998,4.273843417236105,4.2637520674252185,0.0038000000000000256,0.0038000000000000256,0.0038000000000000256,0.0038000000000000256,-0.0036599999999999966,0.0036599999999999966,0.00012596394531794175,0.00012596394531794175,0.012607530666535638,0.012607530666535638,0.052366276284269375,0.052366276284269375,0.05558245871233769,0.05558245871233769,0.020227000000000217,0.020227000000000217,0.019387999999998407,0.019387999999998407,0.014943417236104928,0.014943417236104928,0.00485206742521882,0.00485206742521882
2025-08-26,2025-09-04,4.2657,4.2553,Naive,4.2657,4.2657,4.2599800000000005,4.260239425046169,4.273720862105855,4.311266276284269,4.309572714327814,4.2774019999999995,4.279463000000002,4.280869404318966,4.267425631874954,0.010399999999999743,0.010399999999999743,0.010399999999999743,0.010399999999999743,0.004680000000000462,0.004680000000000462,0.004939425046169177,0.004939425046169177,0.01842086210585503,0.01842086210585503,0.05596627628426898,0.05596627628426898,0.05427271432781389,0.05427271432781389,0.0221019999999994,0.0221019999999994,0.02416300000000149,0.02416300000000149,0.025569404318965816,0.025569404318965816,0.012125631874954301,0.012125631874954301
2025-08-27,2025-09-05,4.2639,4.2476,Naive,4.2639,4.2639,4.26228,4.260904984128684,4.273165724466531,4.311266276284269,4.282027468426208,4.274112999999999,4.280026000000001,4.276060563728474,4.267586248329126,0.016299999999999315,0.016299999999999315,0.016299999999999315,0.016299999999999315,0.01467999999999936,0.01467999999999936,0.013304984128684083,0.013304984128684083,0.025565724466530604,0.025565724466530604,0.0636662762842688,0.0636662762842688,0.03442746842620803,0.03442746842620803,0.026512999999998677,0.026512999999998677,0.032426000000000954,0.032426000000000954,0.02846056372847361,0.02846056372847361,0.019986248329125544,0.019986248329125544
2025-08-28,2025-09-08,4.2681,4.2484,Naive,4.2681,4.2681,4.265479999999999,4.262213168832559,4.274740405859718,4.311266276284269,4.339677179503099,4.276750000000002,4.277688999999999,4.280780935525528,4.27275716220578,0.019699999999999385,0.019699999999999385,0.019699999999999385,0.019699999999999385,0.017079999999999096,0.017079999999999096,0.013813168832558453,0.013813168832558453,0.02634040585971764,0.02634040585971764,0.06286627628426888,0.06286627628426888,0.09127717950309844,0.09127717950309844,0.02835000000000143,0.02835000000000143,0.029288999999998566,0.029288999999998566,0.03238093552552801,0.03238093552552801,0.02435716220577966,0.02435716220577966
2025-08-29,2025-09-09,4.2684,4.254,Naive,4.2684,4.2684,4.265759999999999,4.263338047226639,4.277540562620464,4.311266276284269,4.296730029028601,4.280012,4.278359999999998,4.280815135069642,4.272686915984503,0.01440000000000019,0.01440000000000019,0.01440000000000019,0.01440000000000019,0.01175999999999977,0.01175999999999977,0.009338047226639112,0.009338047226639112,0.023540562620464556,0.023540562620464556,0.0572662762842695,0.0572662762842695,0.04273002902860146,0.04273002902860146,0.02601200000000059,0.02601200000000059,0.024359999999998827,0.024359999999998827,0.026815135069642615,0.026815135069642615,0.018686915984503116,0.018686915984503116
2025-09-01,2025-09-10,4.2574,4.2604,Naive,4.2574,4.2574,4.2647,4.26225840227634,4.270088650248385,4.311266276284269,4.26695475562185,4.273568999999998,4.270804999999998,4.273823982094385,4.26173894001525,-0.0030000000000001137,0.0030000000000001137,-0.0030000000000001137,0.0030000000000001137,0.004300000000000637,0.004300000000000637,0.0018584022763405983,0.0018584022763405983,0.0096886502483855,0.0096886502483855,0.05086627628426932,0.05086627628426932,0.006554755621849928,0.006554755621849928,0.013168999999998654,0.013168999999998654,0.010404999999998665,0.010404999999998665,0.01342398209438489,0.01342398209438489,0.0013389400152501452,0.0013389400152501452
2025-09-02,2025-09-11,4.2651,4.2626,Naive,4.2651,4.2651,4.2645800000000005,4.262775056407914,4.276625495374759,4.311266276284269,4.32760524970191,4.277729999999998,4.276833999999999,4.28086312676724,4.266781731112203,0.002500000000000391,0.002500000000000391,0.002500000000000391,0.002500000000000391,0.001980000000000537,0.001980000000000537,0.0001750564079143757,0.0001750564079143757,0.014025495374759167,0.014025495374759167,0.04866627628426912,0.04866627628426912,0.06500524970191002,0.06500524970191002,0.015129999999998311,0.015129999999998311,0.014233999999999192,0.014233999999999192,0.0182631267672404,0.0182631267672404,0.004181731112202769,0.004181731112202769
2025-09-03,2025-09-12,4.2589,4.2593,Naive,4.2589,4.2589,4.263579999999999,4.2620705006973845,4.270513614876553,4.311266276284269,4.259215511690121,4.277717999999997,4.280012999999999,4.269449487835704,4.261996396354233,-0.00039999999999995595,0.00039999999999995595,-0.00039999999999995595,0.00039999999999995595,0.0042799999999996174,0.0042799999999996174,0.0027705006973848256,0.0027705006973848256,0.011213614876552924,0.011213614876552924,0.05196627628426942,0.05196627628426942,-8.448830987894951e-05,8.448830987894951e-05,0.018417999999996937,0.018417999999996937,0.02071299999999976,0.02071299999999976,0.010149487835704463,0.010149487835704463,0.0026963963542332436,0.0026963963542332436
2025-09-04,2025-09-15,4.2553,4.2476,Naive,4.2553,4.2553,4.26102,4.260839500570588,4.265423160695349,4.311266276284269,4.3242233994868045,4.267820999999999,4.274583999999998,4.272034373456726,4.2565005611265745,0.007699999999999818,0.007699999999999818,0.007699999999999818,0.007699999999999818,0.013419999999999987,0.013419999999999987,0.013239500570588092,0.013239500570588092,0.017823160695348506,0.017823160695348506,0.0636662762842688,0.0636662762842688,0.07662339948680419,0.07662339948680419,0.02022099999999849,0.02022099999999849,0.0269839999999979,0.0269839999999979,0.02443437345672539,0.02443437345672539,0.008900561126574225,0.008900561126574225
2025-09-05,2025-09-16,4.2476,4.2504,Naive,4.2476,4.2476,4.2568600000000005,4.258432318648662,4.259889071369916,4.311266276284269,4.279330914308273,4.2700039999999975,4.274497999999998,4.2689329967139225,4.244696749104932,-0.0027999999999996916,0.0027999999999996916,-0.0027999999999996916,0.0027999999999996916,0.006460000000000576,0.006460000000000576,0.008032318648662162,0.008032318648662162,0.009489071369915614,0.009489071369915614,0.060866276284269105,0.060866276284269105,0.028930914308273437,0.028930914308273437,0.019603999999997512,0.019603999999997512,0.024097999999997732,0.024097999999997732,0.0185329967139225,0.0185329967139225,-0.005703250895067846,0.005703250895067846
2025-09-08,2025-09-17,4.2484,4.2559,Naive,4.2484,4.2484,4.25506,4.256608260712541,4.261252880316083,4.311266276284269,4.284158120596995,4.2698920000000005,4.2744100000000005,4.26928149905151,4.2448429116563355,-0.007499999999999396,0.007499999999999396,-0.007499999999999396,0.007499999999999396,-0.0008399999999992858,0.0008399999999992858,0.0007082607125417084,0.0007082607125417084,0.005352880316083386,0.005352880316083386,0.05536627628426949,0.05536627628426949,0.028258120596995617,0.028258120596995617,0.013992000000000893,0.013992000000000893,0.018510000000000915,0.018510000000000915,0.013381499051510204,0.013381499051510204,-0.011057088343664034,0.011057088343664034
2025-09-09,2025-09-18,4.254,4.2564,Naive,4.254,4.254,4.25284,4.256134031492079,4.266276788981689,4.311266276284269,4.305909566252829,4.272843999999997,4.277846999999999,4.269501575148989,4.24809548061143,-0.002400000000000624,0.002400000000000624,-0.002400000000000624,0.002400000000000624,-0.0035600000000002296,0.0035600000000002296,-0.000265968507921599,0.000265968507921599,0.009876788981689089,0.009876788981689089,0.05486627628426888,0.05486627628426888,0.049509566252829096,0.049509566252829096,0.01644399999999724,0.01644399999999724,0.02144699999999844,0.02144699999999844,0.013101575148988687,0.013101575148988687,-0.008304519388570242,0.008304519388570242
2025-09-10,2025-09-19,4.2604,4.2666,Naive,4.2604,4.2604,4.25314,4.256909662129882,4.272322502797942,4.311266276284269,4.230676568266869,4.270039999999997,4.278066999999998,4.268058087885405,4.253987722669755,-0.0062000000000006494,0.0062000000000006494,-0.0062000000000006494,0.0062000000000006494,-0.01346000000000025,0.01346000000000025,-0.009690337870118526,0.009690337870118526,0.005722502797941509,0.005722502797941509,0.04466627628426867,0.04466627628426867,-0.035923431733131395,0.035923431733131395,0.003439999999996779,0.003439999999996779,0.011466999999997896,0.011466999999997896,0.0014580878854042467,0.0014580878854042467,-0.012612277330245725,0.012612277330245725
2025-09-11,2025-09-22,4.2626,4.2645,Naive,4.2626,4.2626,4.2546,4.257944269015358,4.27081065166371,4.311266276284269,4.304694105118716,4.2712429999999975,4.281089999999999,4.269170349765364,4.259058558612991,-0.0019000000000000128,0.0019000000000000128,-0.0019000000000000128,0.0019000000000000128,-0.00990000000000002,0.00990000000000002,-0.0065557309846422385,0.0065557309846422385,0.006310651663709699,0.006310651663709699,0.046766276284269104,0.046766276284269104,0.04019410511871602,0.04019410511871602,0.006742999999997501,0.006742999999997501,0.016589999999998994,0.016589999999998994,0.004670349765364179,0.004670349765364179,-0.005441441387008972,0.005441441387008972
2025-09-12,2025-09-23,4.2593,4.2552,Naive,4.2593,4.2593,4.256939999999999,4.25819076555802,4.27003290356723,4.311266276284269,4.3047031723336335,4.273401999999999,4.276796999999997,4.26663228935964,4.255559450677665,0.004099999999999326,0.004099999999999326,0.004099999999999326,0.004099999999999326,0.0017399999999989646,0.0017399999999989646,0.0029907655580192483,0.0029907655580192483,0.014832903567230105,0.014832903567230105,0.056066276284268746,0.056066276284268746,0.049503172333633216,0.049503172333633216,0.01820199999999872,0.01820199999999872,0.021596999999996314,0.021596999999996314,0.01143228935963947,0.01143228935963947,0.000359450677664519,0.000359450677664519
2025-09-15,2025-09-24,4.2476,4.2676,Naive,4.2476,4.2476,4.25678,4.256265171820198,4.259480136464133,4.311266276284269,4.252776314179801,4.2735309999999975,4.275643000000001,4.266630828875437,4.240231668187087,-0.019999999999999574,0.019999999999999574,-0.019999999999999574,0.019999999999999574,-0.01081999999999983,0.01081999999999983,-0.011334828179801804,0.011334828179801804,-0.008119863535866578,0.008119863535866578,0.04366627628426922,0.04366627628426922,-0.014823685820198662,0.014823685820198662,0.005930999999997688,0.005930999999997688,0.008043000000001577,0.008043000000001577,-0.000969171124562962,0.000969171124562962,-0.027368331812913205,0.027368331812913205
2025-09-16,2025-09-25,4.2504,4.2619,Naive,4.2504,4.2504,4.25606,4.255198776943798,4.260131936387543,4.311266276284269,4.324429789267391,4.265992999999996,4.276450999999996,4.265068850332405,4.246146100227238,-0.011499999999999844,0.011499999999999844,-0.011499999999999844,0.011499999999999844,-0.005840000000000067,0.005840000000000067,-0.006701223056201577,0.006701223056201577,-0.0017680636124568494,0.0017680636124568494,0.04936627628426926,0.04936627628426926,0.0625297892673915,0.0625297892673915,0.004092999999996572,0.004092999999996572,0.014550999999996428,0.014550999999996428,0.0031688503324049933,0.0031688503324049933,-0.015753899772762203,0.015753899772762203
2025-09-17,2025-09-26,4.2559,4.2668,Naive,4.2559,4.2559,4.25516,4.255326272044925,4.2655870123606405,4.311266276284269,4.234837975008542,4.2682379999999975,4.279136999999997,4.268233891524621,4.25623784874862,-0.010900000000000354,0.010900000000000354,-0.010900000000000354,0.010900000000000354,-0.011639999999999873,0.011639999999999873,-0.011473727955074509,0.011473727955074509,-0.0012129876393593975,0.0012129876393593975,0.044466276284269135,0.044466276284269135,-0.03196202499145784,0.03196202499145784,0.0014379999999976079,0.0014379999999976079,0.012336999999996934,0.012336999999996934,0.0014338915246208117,0.0014338915246208117,-0.010562151251379603,0.010562151251379603
2025-09-18,2025-09-29,4.2564,4.2688,Naive,4.2564,4.2564,4.25392,4.255521495309484,4.263823931715625,4.311266276284269,4.278863141050005,4.270531999999996,4.277891999999998,4.26977778023438,4.256418006276199,-0.012399999999999523,0.012399999999999523,-0.012399999999999523,0.012399999999999523,-0.014879999999999782,0.014879999999999782,-0.013278504690515724,0.013278504690515724,-0.004976068284374691,0.004976068284374691,0.042466276284269355,0.042466276284269355,0.010063141050005164,0.010063141050005164,0.00173199999999607,0.00173199999999607,0.009091999999998102,0.009091999999998102,0.000977780234379999,0.000977780234379999,-0.012381993723800555,0.012381993723800555
2025-09-19,2025-09-30,4.2666,4.2692,Naive,4.2666,4.2666,4.255380000000001,4.257535768889578,4.276401062179935,4.311266276284269,4.328743359952959,4.275455999999999,4.280110999999998,4.28088583230328,4.266702121310712,-0.0025999999999992696,0.0025999999999992696,-0.0025999999999992696,0.0025999999999992696,-0.013819999999999055,0.013819999999999055,-0.01166423111042203,0.01166423111042203,0.007201062179935214,0.007201062179935214,0.0420662762842694,0.0420662762842694,0.05954335995295956,0.05954335995295956,0.006255999999999595,0.006255999999999595,0.010910999999998339,0.010910999999998339,0.011685832303280463,0.011685832303280463,-0.002497878689287525,0.002497878689287525
2025-09-22,2025-10-01,4.2645,4.2586,Naive,4.2645,4.2645,4.25876,4.258801992727836,4.270136105973994,4.311266276284269,4.272493902446371,4.272177999999999,4.288862,4.275914944367833,4.266345955461556,0.005899999999999572,0.005899999999999572,0.005899999999999572,0.005899999999999572,0.00015999999999927184,0.00015999999999927184,0.0002019927278356093,0.0002019927278356093,0.011536105973993571,0.011536105973993571,0.052666276284268676,0.052666276284268676,0.013893902446370454,0.013893902446370454,0.01357799999999898,0.01357799999999898,0.030261999999999567,0.030261999999999567,0.017314944367832652,0.017314944367832652,0.007745955461555987,0.007745955461555987
2025-09-23,2025-10-02,4.2552,4.256,Naive,4.2552,4.2552,4.25972,4.2581470849591385,4.263192040881277,4.311266276284269,4.320700190640606,4.2699539999999985,4.279465999999999,4.271537019981366,4.256901011696922,-0.0007999999999999119,0.0007999999999999119,-0.0007999999999999119,0.0007999999999999119,0.0037199999999995015,0.0037199999999995015,0.00214708495913829,0.00214708495913829,0.0071920408812768954,0.0071920408812768954,0.055266276284268834,0.055266276284268834,0.06470019064060573,0.06470019064060573,0.013953999999998246,0.013953999999998246,0.0234659999999991,0.0234659999999991,0.01553701998136603,0.01553701998136603,0.0009010116969214721,0.0009010116969214721
2025-09-24,2025-10-03,4.2676,4.2559,Naive,4.2676,4.2676,4.26206,4.25986579678475,4.273661241886408,4.311266276284269,4.237264303965732,4.2759469999999995,4.285592999999999,4.278943611695025,4.265164009419722,0.011700000000000266,0.011700000000000266,0.011700000000000266,0.011700000000000266,0.006160000000000387,0.006160000000000387,0.003965796784750175,0.003965796784750175,0.01776124188640882,0.01776124188640882,0.05536627628426949,0.05536627628426949,-0.01863569603426729,0.01863569603426729,0.020046999999999926,0.020046999999999926,0.02969299999999908,0.02969299999999908,0.023043611695025668,0.023043611695025668,0.009264009419722719,0.009264009419722719
2025-09-25,2025-10-06,4.2619,4.2521,Naive,4.2619,4.2619,4.26316,4.260235651914795,4.26563813550034,4.311266276284269,4.236879323246971,4.272811999999998,4.280032999999998,4.270126358403399,4.2677529566993915,0.009799999999999365,0.009799999999999365,0.009799999999999365,0.009799999999999365,0.011059999999999626,0.011059999999999626,0.008135651914794373,0.008135651914794373,0.013538135500339443,0.013538135500339443,0.059166276284268626,0.059166276284268626,-0.01522067675302985,0.01522067675302985,0.020711999999997843,0.020711999999997843,0.02793299999999732,0.02793299999999732,0.01802635840339839,0.01802635840339839,0.01565295669939104,0.01565295669939104
2025-09-26,2025-10-07,4.2668,4.2559,Naive,4.2668,4.2668,4.263199999999999,4.261429169748468,4.271277633562007,4.311266276284269,4.311111054603086,4.2799450000000006,4.289699,4.283794196891,4.270241945410442,0.010900000000000354,0.010900000000000354,0.010900000000000354,0.010900000000000354,0.007299999999999862,0.007299999999999862,0.005529169748468732,0.005529169748468732,0.015377633562007276,0.015377633562007276,0.05536627628426949,0.05536627628426949,0.055211054603086396,0.055211054603086396,0.024045000000000982,0.024045000000000982,0.033799000000000134,0.033799000000000134,0.027894196891000256,0.027894196891000256,0.014341945410442314,0.014341945410442314
2025-09-29,2025-10-08,4.2688,4.2533,Naive,4.2688,4.2688,4.264059999999999,4.262769320703292,4.274368834997949,4.311266276284269,4.289232725852274,4.281303,4.285781,4.289049507800241,4.2609763668115415,0.015499999999999403,0.015499999999999403,0.015499999999999403,0.015499999999999403,0.010759999999998549,0.010759999999998549,0.00946932070329165,0.00946932070329165,0.02106883499794865,0.02106883499794865,0.05796627628426876,0.05796627628426876,0.03593272585227414,0.03593272585227414,0.028003,0.028003,0.03248099999999976,0.03248099999999976,0.035749507800241,0.035749507800241,0.007676366811541158,0.007676366811541158
2025-09-30,2025-10-09,4.2692,4.2569,Naive,4.2692,4.2692,4.266859999999999,4.263938535120875,4.272972211507734,4.311266276284269,4.337738488684973,4.278808,4.291754999999999,4.281382545062084,4.270195798814375,0.012299999999999756,0.012299999999999756,0.012299999999999756,0.012299999999999756,0.009959999999999525,0.009959999999999525,0.007038535120875267,0.007038535120875267,0.016072211507734302,0.016072211507734302,0.054366276284269155,0.054366276284269155,0.08083848868497334,0.08083848868497334,0.021907999999999817,0.021907999999999817,0.034854999999999414,0.034854999999999414,0.02448254506208425,0.02448254506208425,0.013295798814374926,0.013295798814374926
2025-10-01,2025-10-10,4.2586,4.2583,Naive,4.2586,4.2586,4.26506,4.262967892371625,4.26780857765247,4.311266276284269,4.24844000476917,4.262559999999998,4.276622999999997,4.2729805072449505,4.261623300073683,0.000300000000000189,0.000300000000000189,0.000300000000000189,0.000300000000000189,0.006759999999999877,0.006759999999999877,0.004667892371625015,0.004667892371625015,0.009508577652470152,0.009508577652470152,0.052966276284268865,0.052966276284268865,-0.00985999523082981,0.00985999523082981,0.00425999999999771,0.00425999999999771,0.01832299999999698,0.01832299999999698,0.014680507244950292,0.014680507244950292,0.0033233000736831997,0.0033233000736831997
2025-10-02,2025-10-13,4.256,4.2592,Naive,4.256,4.256,4.26388,4.261701002849511,4.2638829106729315,4.311266276284269,4.273494016125945,4.265101999999996,4.275827999999997,4.271558635804104,4.25924430125676,-0.0031999999999996476,0.0031999999999996476,-0.0031999999999996476,0.0031999999999996476,0.004680000000000462,0.004680000000000462,0.00250100284951138,0.00250100284951138,0.004682910672931584,0.004682910672931584,0.052066276284269186,0.052066276284269186,0.014294016125945497,0.014294016125945497,0.005901999999996299,0.005901999999996299,0.0166279999999972,0.0166279999999972,0.012358635804104345,0.012358635804104345,4.4301256759915475e-05,4.4301256759915475e-05
2025-10-03,2025-10-14,4.2559,4.2645,Naive,4.2559,4.2559,4.2617,4.260646275058691,4.263763516914322,4.311266276284269,4.291040468078973,4.266796999999998,4.269917999999998,4.270652760508126,4.259651021849671,-0.008600000000000385,0.008600000000000385,-0.008600000000000385,0.008600000000000385,-0.0027999999999996916,0.0027999999999996916,-0.003853724941309089,0.003853724941309089,-0.0007364830856779747,0.0007364830856779747,0.046766276284269104,0.046766276284269104,0.0265404680789727,0.0265404680789727,0.002296999999997773,0.002296999999997773,0.0054179999999979245,0.0054179999999979245,0.006152760508125965,0.006152760508125965,-0.004848978150328698,0.004848978150328698
2025-10-06,2025-10-15,4.2521,4.2556,Naive,4.2521,4.2521,4.258360000000001,4.259092406866201,4.263656101367313,4.311266276284269,4.242163138265082,4.266652,4.269243999999997,4.272004282517935,4.254399414140353,-0.0034999999999998366,0.0034999999999998366,-0.0034999999999998366,0.0034999999999998366,0.0027600000000003178,0.0027600000000003178,0.0034924068662007812,0.0034924068662007812,0.008056101367312607,0.008056101367312607,0.05566627628426879,0.05566627628426879,-0.013436861734918537,0.013436861734918537,0.011051999999999396,0.011051999999999396,0.013643999999996659,0.013643999999996659,0.01640428251793491,0.01640428251793491,-0.0012005858596468855,0.0012005858596468855
2025-10-07,2025-10-16,4.2559,4.2517,Naive,4.2559,4.2559,4.2557,4.258511969254164,4.266787441612158,4.311266276284269,4.325261634336118,4.268766999999997,4.272729999999999,4.277219525133374,4.2525053313998855,0.0041999999999999815,0.0041999999999999815,0.0041999999999999815,0.0041999999999999815,0.004000000000000448,0.004000000000000448,0.006811969254164829,0.006811969254164829,0.015087441612158692,0.015087441612158692,0.05956627628426947,0.05956627628426947,0.07356163433611851,0.07356163433611851,0.01706699999999728,0.01706699999999728,0.02102999999999966,0.02102999999999966,0.025519525133374188,0.025519525133374188,0.0008053313998859224,0.0008053313998859224
2025-10-08,2025-10-17,4.2533,4.2565,Naive,4.2533,4.2533,4.25464,4.257564338480679,4.263746844957437,4.311266276284269,4.283995231062059,4.272067999999997,4.273221999999996,4.273461158044685,4.2593071748309,-0.0031999999999996476,0.0031999999999996476,-0.0031999999999996476,0.0031999999999996476,-0.0018599999999997507,0.0018599999999997507,0.0010643384806794387,0.0010643384806794387,0.007246844957436771,0.007246844957436771,0.05476627628426911,0.05476627628426911,0.02749523106205931,0.02749523106205931,0.015567999999997362,0.015567999999997362,0.01672199999999613,0.01672199999999613,0.01696115804468512,0.01696115804468512,0.0028071748308997613,0.0028071748308997613
2025-10-09,2025-10-20,4.2569,4.2396,Naive,4.2569,4.2569,4.25482,4.25744354966601,4.2673586297638275,4.311266276284269,4.273130194479268,4.271993999999997,4.277720999999998,4.273503031427697,4.260813922574503,0.01729999999999965,0.01729999999999965,0.01729999999999965,0.01729999999999965,0.015219999999999345,0.015219999999999345,0.01784354966600965,0.01784354966600965,0.02775862976382726,0.02775862976382726,0.0716662762842688,0.0716662762842688,0.03353019447926808,0.03353019447926808,0.03239399999999648,0.03239399999999648,0.03812099999999763,0.03812099999999763,0.03390303142769646,0.03390303142769646,0.021213922574502497,0.021213922574502497
2025-10-10,2025-10-21,4.2583,4.2392,Naive,4.2583,4.2583,4.2553,4.257599267908553,4.267598764713159,4.311266276284269,4.293693271101937,4.267204999999999,4.277470999999999,4.268909702420313,4.260014759374778,0.019099999999999895,0.019099999999999895,0.019099999999999895,0.019099999999999895,0.01609999999999978,0.01609999999999978,0.01839926790855273,0.01839926790855273,0.02839876471315872,0.02839876471315872,0.07206627628426876,0.07206627628426876,0.05449327110193636,0.05449327110193636,0.028004999999998503,0.028004999999998503,0.038270999999999056,0.038270999999999056,0.029709702420312567,0.029709702420312567,0.020814759374777836,0.020814759374777836
2025-10-13,2025-10-22,4.2592,4.2438,Naive,4.2592,4.2592,4.25672,4.257890310106998,4.270098104778851,4.311266276284269,4.286225798572599,4.264028999999997,4.273082999999997,4.272649060043518,4.261718413475058,0.015399999999999636,0.015399999999999636,0.015399999999999636,0.015399999999999636,0.012919999999999376,0.012919999999999376,0.01409031010699735,0.01409031010699735,0.026298104778851084,0.026298104778851084,0.06746627628426882,0.06746627628426882,0.04242579857259887,0.04242579857259887,0.020228999999996944,0.020228999999996944,0.02928299999999684,0.02928299999999684,0.028849060043517838,0.028849060043517838,0.017918413475057626,0.017918413475057626
2025-10-14,2025-10-23,4.2645,4.2347,Naive,4.2645,4.2645,4.25844,4.259092071905725,4.274596512510384,4.311266276284269,4.341512955743598,4.265001999999998,4.279889000000001,4.2730500474866435,4.265270621273591,0.029799999999999827,0.029799999999999827,0.029799999999999827,0.029799999999999827,0.023740000000000094,0.023740000000000094,0.024392071905724677,0.024392071905724677,0.03989651251038406,0.03989651251038406,0.07656627628426893,0.07656627628426893,0.10681295574359773,0.10681295574359773,0.030301999999998053,0.030301999999998053,0.04518900000000059,0.04518900000000059,0.03835004748664339,0.03835004748664339,0.03057062127359078,0.03057062127359078
2025-10-15,2025-10-24,4.2556,4.2353,Naive,4.2556,4.2556,4.2589,4.258457149741048,4.264967170061978,4.311266276284269,4.282263258118421,4.262796999999998,4.270641999999999,4.2685216441678895,4.260350383780441,0.02030000000000065,0.02030000000000065,0.02030000000000065,0.02030000000000065,0.023600000000000065,0.023600000000000065,0.023157149741048322,0.023157149741048322,0.02966717006197861,0.02966717006197861,0.07596627628426944,0.07596627628426944,0.046963258118421614,0.046963258118421614,0.02749699999999855,0.02749699999999855,0.035341999999999096,0.035341999999999096,0.03322164416788986,0.03322164416788986,0.025050383780441443,0.025050383780441443
2025-10-16,2025-10-27,4.2517,4.2353,Naive,4.2517,4.2517,4.257859999999999,4.257228577060857,4.258729677755475,4.311266276284269,4.241091195684633,4.263399999999997,4.264966999999998,4.27011514854052,4.256237027766641,0.01639999999999997,0.01639999999999997,0.01639999999999997,0.01639999999999997,0.02255999999999947,0.02255999999999947,0.021928577060857712,0.021928577060857712,0.023429677755474998,0.023429677755474998,0.07596627628426944,0.07596627628426944,0.005791195684633266,0.005791195684633266,0.02809999999999757,0.02809999999999757,0.02966699999999811,0.02966699999999811,0.03481514854052037,0.03481514854052037,0.020937027766641414,0.020937027766641414
2025-10-17,2025-10-28,4.2565,4.2345,Naive,4.2565,4.2565,4.2575,4.257096108504338,4.264490288685436,4.311266276284269,4.303818083268743,4.261319999999997,4.2709899999999985,4.269918667599649,4.255303403198308,0.02200000000000024,0.02200000000000024,0.02200000000000024,0.02200000000000024,0.023000000000000576,0.023000000000000576,0.02259610850433802,0.02259610850433802,0.029990288685436184,0.029990288685436184,0.07676627628426935,0.07676627628426935,0.069318083268743,0.069318083268743,0.02681999999999718,0.02681999999999718,0.0364899999999988,0.0364899999999988,0.03541866759964929,0.03541866759964929,0.020803403198308423,0.020803403198308423
2025-10-20,2025-10-29,4.2396,4.2374,Naive,4.2396,4.2396,4.25358,4.253914997867185,4.250853552056523,4.311266276284269,4.200673231844519,4.258375,4.262493,4.256239384003247,4.240111769974314,0.002200000000000202,0.002200000000000202,0.002200000000000202,0.002200000000000202,0.016180000000000305,0.016180000000000305,0.016514997867185244,0.016514997867185244,0.013453552056523321,0.013453552056523321,0.073866276284269,0.073866276284269,-0.03672676815548126,0.03672676815548126,0.020974999999999966,0.020974999999999966,0.025093000000000032,0.025093000000000032,0.018839384003246806,0.018839384003246806,0.0027117699743142154,0.0027117699743142154
2025-10-21,2025-10-30,4.2392,4.2425,Naive,4.2392,4.2392,4.24852,4.251239543709515,4.25206870561233,4.311266276284269,4.282660909723466,4.257713,4.265865000000001,4.255829013573788,4.233620199113012,-0.0032999999999994145,0.0032999999999994145,-0.0032999999999994145,0.0032999999999994145,0.006020000000000358,0.006020000000000358,0.008739543709515019,0.008739543709515019,0.009568705612330142,0.009568705612330142,0.06876627628426935,0.06876627628426935,0.04016090972346653,0.04016090972346653,0.015213000000000143,0.015213000000000143,0.02336500000000097,0.02336500000000097,0.013329013573788018,0.013329013573788018,-0.008879800886988143,0.008879800886988143
2025-10-22,2025-10-31,4.2438,4.2543,Naive,4.2438,4.2438,4.246160000000001,4.249886899398693,4.25607601684687,4.311266276284269,4.255824928524984,4.269702999999997,4.264836999999999,4.265750791832823,4.240392110586103,-0.01049999999999951,0.01049999999999951,-0.01049999999999951,0.01049999999999951,-0.008139999999999148,0.008139999999999148,-0.004413100601306397,0.004413100601306397,0.001776016846870121,0.001776016846870121,0.05696627628426931,0.05696627628426931,0.0015249285249838707,0.0015249285249838707,0.015402999999997391,0.015402999999997391,0.010536999999999352,0.010536999999999352,0.01145079183282327,0.01145079183282327,-0.013907889413896868,0.013907889413896868
2025-10-23,2025-11-03,4.2347,4.2527,Naive,4.2347,4.2347,4.2427600000000005,4.247125644962567,4.23721131960817,4.311266276284269,4.215872874686122,4.2488860000000015,4.252900000000003,4.252366278132223,4.233509878507698,-0.017999999999999794,0.017999999999999794,-0.017999999999999794,0.017999999999999794,-0.009939999999999394,0.009939999999999394,-0.005574355037432532,0.005574355037432532,-0.01548868039182949,0.01548868039182949,0.058566276284269136,0.058566276284269136,-0.036827125313878106,0.036827125313878106,-0.0038139999999984298,0.0038139999999984298,0.0002000000000030866,0.0002000000000030866,-0.00033372186777658186,0.00033372186777658186,-0.019190121492301593,0.019190121492301593
2025-10-24,2025-11-04,4.2353,4.2575,Naive,4.2353,4.2353,4.23852,4.244975527696646,4.239604887488868,4.311266276284269,4.207093520352496,4.251177000000001,4.255439999999998,4.241181272636922,4.230332425520464,-0.022200000000000664,0.022200000000000664,-0.022200000000000664,0.022200000000000664,-0.018979999999999997,0.018979999999999997,-0.012524472303354628,0.012524472303354628,-0.017895112511132183,0.017895112511132183,0.05376627628426878,0.05376627628426878,-0.050406479647504554,0.050406479647504554,-0.00632299999999919,0.00632299999999919,-0.002060000000001949,0.002060000000001949,-0.016318727363078267,0.016318727363078267,-0.027167574479536327,0.027167574479536327
2025-10-27,2025-11-05,4.2353,4.2597,Naive,4.2353,4.2353,4.23766,4.24321634084271,4.240427978545157,4.311266276284269,4.249323321012614,4.247255000000001,4.254249999999998,4.241348321803657,4.229451743020362,-0.024399999999999977,0.024399999999999977,-0.024399999999999977,0.024399999999999977,-0.022039999999999615,0.022039999999999615,-0.016483659157289665,0.016483659157289665,-0.019272021454842303,0.019272021454842303,0.05156627628426946,0.05156627628426946,-0.010376678987385368,0.010376678987385368,-0.012444999999998707,0.012444999999998707,-0.005450000000001509,0.005450000000001509,-0.018351678196342647,0.018351678196342647,-0.030248256979637844,0.030248256979637844
2025-10-28,2025-11-06,4.2345,4.2566,Naive,4.2345,4.2345,4.23672,4.241631551598581,4.23988970913209,4.311266276284269,4.314997756471861,4.246296999999999,4.2474240000000005,4.236683804676196,4.22691694802642,-0.02210000000000001,0.02210000000000001,-0.02210000000000001,0.02210000000000001,-0.019879999999999676,0.019879999999999676,-0.014968448401418755,0.014968448401418755,-0.016710290867909983,0.016710290867909983,0.054666276284269344,0.054666276284269344,0.058397756471861406,0.058397756471861406,-0.010303000000000395,0.010303000000000395,-0.009175999999999185,0.009175999999999185,-0.01991619532380362,0.01991619532380362,-0.029683051973579566,0.029683051973579566
2025-10-29,2025-11-07,4.2374,4.2483,Naive,4.2374,4.2374,4.23544,4.240862178580657,4.2416941230911025,4.311266276284269,4.309573507344037,4.255128000000002,4.251161999999999,4.242463562318507,4.228594530449111,-0.010900000000000354,0.010900000000000354,-0.010900000000000354,0.010900000000000354,-0.01286000000000076,0.01286000000000076,-0.007437821419343571,0.007437821419343571,-0.006605876908897912,0.006605876908897912,0.06296627628426865,0.06296627628426865,0.061273507344036915,0.061273507344036915,0.0068280000000013885,0.0068280000000013885,0.002861999999998588,0.002861999999998588,-0.005836437681493223,0.005836437681493223,-0.01970546955088981,0.01970546955088981
2025-10-30,2025-11-10,4.2425,4.2351,Naive,4.2425,4.2425,4.237,4.2411599642932645,4.241971451853306,4.311266276284269,4.241462167808333,4.263836,4.252435999999999,4.255121624892116,4.236175488146191,0.007399999999999629,0.007399999999999629,0.007399999999999629,0.007399999999999629,0.0019000000000000128,0.0019000000000000128,0.006059964293264386,0.006059964293264386,0.006871451853306176,0.006871451853306176,0.07616627628426897,0.07616627628426897,0.006362167808332764,0.006362167808332764,0.028736000000000317,0.028736000000000317,0.017335999999999352,0.017335999999999352,0.020021624892115675,0.020021624892115675,0.0010754881461911836,0.0010754881461911836
2025-10-31,2025-11-12,4.2543,4.2312,Naive,4.2543,4.2543,4.2408,4.243549061694489,4.252032715411373,4.311266276284269,4.218217336186386,4.268701999999999,4.258606999999997,4.259833072571046,4.248908201282462,0.023099999999999454,0.023099999999999454,0.023099999999999454,0.023099999999999454,0.009599999999999831,0.009599999999999831,0.012349061694489016,0.012349061694489016,0.020832715411372327,0.020832715411372327,0.08006627628426877,0.08006627628426877,-0.012982663813613904,0.012982663813613904,0.037501999999999036,0.037501999999999036,0.02740699999999663,0.02740699999999663,0.028633072571045304,0.028633072571045304,0.017708201282461644,0.017708201282461644
2025-11-03,2025-11-13,4.2527,4.2304,Naive,4.2527,4.2527,4.24428,4.245212868659127,4.2587738778045825,4.311266276284269,4.268840477517061,4.269532000000001,4.261258999999998,4.260217241736801,4.247682989043261,0.022299999999999542,0.022299999999999542,0.022299999999999542,0.022299999999999542,0.013879999999999448,0.013879999999999448,0.014812868659126899,0.014812868659126899,0.028373877804582115,0.028373877804582115,0.08086627628426868,0.08086627628426868,0.038440477517061034,0.038440477517061034,0.03913200000000039,0.03913200000000039,0.03085899999999775,0.03085899999999775,0.02981724173680078,0.02981724173680078,0.01728298904326042,0.01728298904326042
2025-11-04,2025-11-14,4.2575,4.2274,Naive,4.2575,4.2575,4.24888,4.247446892539286,4.2651794195904005,4.311266276284269,4.318519005178844,4.267594999999999,4.2634609999999995,4.265740846207127,4.254551044769747,0.030100000000000016,0.030100000000000016,0.030100000000000016,0.030100000000000016,0.0214799999999995,0.0214799999999995,0.02004689253928582,0.02004689253928582,0.03777941959040021,0.03777941959040021,0.08386627628426879,0.08386627628426879,0.09111900517884397,0.09111900517884397,0.04019499999999887,0.04019499999999887,0.03606099999999923,0.03606099999999923,0.03834084620712641,0.03834084620712641,0.027151044769746946,0.027151044769746946
2025-11-05,2025-11-17,4.2597,4.2231,Naive,4.2597,4.2597,4.25334,4.249674730259415,4.265717133280395,4.311266276284269,4.359051778605516,4.269917999999999,4.270672999999998,4.270031225810441,4.25658328543074,0.036599999999999966,0.036599999999999966,0.036599999999999966,0.036599999999999966,0.030240000000000045,0.030240000000000045,0.026574730259415702,0.026574730259415702,0.042617133280395514,0.042617133280395514,0.08816627628426943,0.08816627628426943,0.13595177860551644,0.13595177860551644,0.04681799999999914,0.04681799999999914,0.04757299999999809,0.04757299999999809,0.04693122581044129,0.04693122581044129,0.03348328543074075,0.03348328543074075
2025-11-06,2025-11-18,4.2566,4.2331,Naive,4.2566,4.2566,4.25616,4.250933870212249,4.26212692752692,4.311266276284269,4.2726780986401565,4.271386999999998,4.270587999999998,4.265295191111639,4.254078910608423,0.02349999999999941,0.02349999999999941,0.02349999999999941,0.02349999999999941,0.02306000000000008,0.02306000000000008,0.01783387021224847,0.01783387021224847,0.029026927526919266,0.029026927526919266,0.07816627628426875,0.07816627628426875,0.039578098640156156,0.039578098640156156,0.03828699999999774,0.03828699999999774,0.03748799999999797,0.03748799999999797,0.032195191111638266,0.032195191111638266,0.02097891060842283,0.02097891060842283
2025-11-07,2025-11-19,4.2483,4.2424,Naive,4.2483,4.2483,4.25496,4.250454984719113,4.252502737583775,4.311266276284269,4.297919298560941,4.270893999999997,4.263704000000001,4.268679134151966,4.2461846045075315,0.00590000000000046,0.00590000000000046,0.00590000000000046,0.00590000000000046,0.012559999999999683,0.012559999999999683,0.008054984719112923,0.008054984719112923,0.010102737583775223,0.010102737583775223,0.06886627628426911,0.06886627628426911,0.05551929856094073,0.05551929856094073,0.02849399999999669,0.02849399999999669,0.021304000000000656,0.021304000000000656,0.0262791341519657,0.0262791341519657,0.003784604507531597,0.003784604507531597
2025-11-10,2025-11-20,4.2351,4.2289,Naive,4.2351,4.2351,4.2514400000000006,4.247663169315637,4.244173821131749,4.311266276284269,4.264854280271603,4.243536000000001,4.257224000000001,4.254314760368253,4.2294351315505745,0.006199999999999761,0.006199999999999761,0.006199999999999761,0.006199999999999761,0.022540000000000227,0.022540000000000227,0.01876316931563693,0.01876316931563693,0.01527382113174891,0.01527382113174891,0.08236627628426874,0.08236627628426874,0.035954280271602634,0.035954280271602634,0.014636000000000315,0.014636000000000315,0.02832400000000046,0.02832400000000046,0.02541476036825241,0.02541476036825241,0.0005351315505741638,0.0005351315505741638
2025-11-12,2025-11-21,4.2312,4.2489,Naive,4.2312,4.2312,4.246180000000001,4.244669865803703,4.241923136270242,4.311266276284269,4.25407684112408,4.242101,4.2494190000000005,4.248220364508476,4.224020547279735,-0.017699999999999605,0.017699999999999605,-0.017699999999999605,0.017699999999999605,-0.0027199999999991675,0.0027199999999991675,-0.004230134196296476,0.004230134196296476,-0.0069768637297578096,0.0069768637297578096,0.06236627628426916,0.06236627628426916,0.005176841124080234,0.005176841124080234,-0.0067989999999999995,0.0067989999999999995,0.0005190000000006023,0.0005190000000006023,-0.0006796354915241665,0.0006796354915241665,-0.02487945272026515,0.02487945272026515
2025-11-13,2025-11-24,4.2304,4.2345,Naive,4.2304,4.2304,4.2403200000000005,4.242075344748485,4.238796448457947,4.311266276284269,4.273101481279501,4.2368380000000005,4.2420290000000005,4.240526549468364,4.224432217228368,-0.004099999999999326,0.004099999999999326,-0.004099999999999326,0.004099999999999326,0.0058200000000008245,0.0058200000000008245,0.00757534474848498,0.00757534474848498,0.0042964484579472995,0.0042964484579472995,0.07676627628426935,0.07676627628426935,0.03860148127950147,0.03860148127950147,0.0023380000000008394,0.0023380000000008394,0.007529000000000785,0.007529000000000785,0.0060265494683644505,0.0060265494683644505,-0.010067782771631784,0.010067782771631784
2025-11-14,2025-11-25,4.2274,4.2301,Naive,4.2274,4.2274,4.23448,4.23940710024876,4.237955033056119,4.311266276284269,4.2569490887601225,4.234780000000003,4.230106999999999,4.2302409449942875,4.219263401258774,-0.0026999999999999247,0.0026999999999999247,-0.0026999999999999247,0.0026999999999999247,0.004379999999999384,0.004379999999999384,0.009307100248760136,0.009307100248760136,0.007855033056118899,0.007855033056118899,0.08116627628426887,0.08116627628426887,0.026849088760122264,0.026849088760122264,0.004680000000003126,0.004680000000003126,6.999999999202089e-06,6.999999999202089e-06,0.00014094499428729534,0.00014094499428729534,-0.010836598741225778,0.010836598741225778
2025-11-17,2025-11-26,4.2231,4.233,Naive,4.2231,4.2231,4.229439999999999,4.236442172930803,4.2355727450674046,4.311266276284269,4.241171784261564,4.228733,4.221500999999998,4.22817806507769,4.212946743874827,-0.00990000000000002,0.00990000000000002,-0.00990000000000002,0.00990000000000002,-0.0035600000000002296,0.0035600000000002296,0.003442172930803622,0.003442172930803622,0.0025727450674049024,0.0025727450674049024,0.07826627628426941,0.07826627628426941,0.008171784261564063,0.008171784261564063,-0.004266999999999577,0.004266999999999577,-0.01149900000000148,0.01149900000000148,-0.004821934922309978,0.004821934922309978,-0.020053256125172503,0.020053256125172503
2025-11-18,2025-11-27,4.2331,4.227,Naive,4.2331,4.2331,4.22904,4.235834505125203,4.245236078517881,4.311266276284269,4.217101985299378,4.232735000000001,4.2327650000000006,4.238733787030391,4.227817449734318,0.006099999999999994,0.006099999999999994,0.006099999999999994,0.006099999999999994,0.0020400000000000418,0.0020400000000000418,0.008834505125202341,0.008834505125202341,0.018236078517881005,0.018236078517881005,0.08426627628426875,0.08426627628426875,-0.009898014700622682,0.009898014700622682,0.00573500000000049,0.00573500000000049,0.005765000000000242,0.005765000000000242,0.01173378703039063,0.01173378703039063,0.0008174497343178544,0.0008174497343178544
2025-11-19,2025-11-28,4.2424,4.2369,Naive,4.2424,4.2424,4.23128,4.237028231466074,4.252698101508108,4.311266276284269,4.279392387806397,4.2541069999999985,4.237223000000001,4.2564465463506895,4.2383586168881315,0.005499999999999616,0.005499999999999616,0.005499999999999616,0.005499999999999616,-0.0056200000000004025,0.0056200000000004025,0.00012823146607399138,0.00012823146607399138,0.015798101508107898,0.015798101508107898,0.07436627628426873,0.07436627628426873,0.04249238780639697,0.04249238780639697,0.017206999999998196,0.017206999999998196,0.00032300000000073936,0.00032300000000073936,0.019546546350689198,0.019546546350689198,0.0014586168881312034,0.0014586168881312034
2025-11-20,2025-12-01,4.2289,4.2286,Naive,4.2289,4.2289,4.230980000000001,4.235550371199516,4.227854562735393,4.311266276284269,4.229819299950158,4.230783000000001,4.225077000000001,4.231350542012641,4.219410807060601,0.000300000000000189,0.000300000000000189,0.000300000000000189,0.000300000000000189,0.002380000000000493,0.002380000000000493,0.006950371199516248,0.006950371199516248,-0.0007454372646069629,0.0007454372646069629,0.08266627628426892,0.08266627628426892,0.0012192999501579038,0.0012192999501579038,0.00218300000000049,0.00218300000000049,-0.0035229999999994988,0.0035229999999994988,0.0027505420126407998,0.0027505420126407998,-0.009189192939398794,0.009189192939398794
2025-11-21,2025-12-02,4.2489,4.239,Naive,4.2489,4.2489,4.23528,4.237977576435967,4.246160877379093,4.311266276284269,4.2269745826891985,4.26239,4.247511999999999,4.247304052962788,4.240899152678908,0.00990000000000002,0.00990000000000002,0.00990000000000002,0.00990000000000002,-0.0037199999999995015,0.0037199999999995015,-0.001022423564032593,0.001022423564032593,0.007160877379092767,0.007160877379092767,0.07226627628426918,0.07226627628426918,-0.012025417310801423,0.012025417310801423,0.023390000000000022,0.023390000000000022,0.008511999999998743,0.008511999999998743,0.0083040529627878,0.0083040529627878,0.0018991526789085,0.0018991526789085
2025-11-24,2025-12-03,4.2345,4.2312,Naive,4.2345,4.2345,4.23756,4.237345289811246,4.232430359969212,4.311266276284269,4.259498624946521,4.228646999999999,4.237323999999998,4.220514725077771,4.232567959218132,0.0032999999999994145,0.0032999999999994145,0.0032999999999994145,0.0032999999999994145,0.006359999999999921,0.006359999999999921,0.006145289811245291,0.006145289811245291,0.001230359969211392,0.001230359969211392,0.08006627628426877,0.08006627628426877,0.02829862494652069,0.02829862494652069,-0.0025530000000015818,0.0025530000000015818,0.00612399999999802,0.00612399999999802,-0.010685274922229482,0.010685274922229482,0.001367959218131709,0.001367959218131709
2025-11-25,2025-12-04,4.2301,4.2299,Naive,4.2301,4.2301,4.236960000000001,4.236027964391019,4.228282110737089,4.311266276284269,4.308165657194712,4.236813999999999,4.230281999999997,4.211041366663661,4.225261720035637,0.00020000000000042206,0.00020000000000042206,0.00020000000000042206,0.00020000000000042206,0.007060000000000954,0.007060000000000954,0.006127964391018814,0.006127964391018814,-0.0016178892629108432,0.0016178892629108432,0.08136627628426929,0.08136627628426929,0.07826565719471201,0.07826565719471201,0.0069139999999991986,0.0069139999999991986,0.00038199999999743994,0.00038199999999743994,-0.018858633336338748,0.018858633336338748,-0.004638279964362724,0.004638279964362724
2025-11-26,2025-12-05,4.233,4.2321,Naive,4.233,4.233,4.235079999999999,4.235477425410833,4.231023870273652,4.311266276284269,4.244199027901685,4.230782999999999,4.2363599999999995,4.215701416049187,4.22623222877859,0.0008999999999996788,0.0008999999999996788,0.0008999999999996788,0.0008999999999996788,0.0029799999999990945,0.0029799999999990945,0.0033774254108331903,0.0033774254108331903,-0.001076129726348185,0.001076129726348185,0.07916627628426909,0.07916627628426909,0.0120990279016846,0.0120990279016846,-0.0013170000000011228,0.0013170000000011228,0.004259999999999486,0.004259999999999486,-0.01639858395081273,0.01639858395081273,-0.00586777122140969,0.00586777122140969
2025-11-27,2025-12-08,4.227,4.2289,Naive,4.227,4.227,4.234699999999999,4.233936075336136,4.221356056531768,4.311266276284269,4.205579828142756,4.2287659999999985,4.226791999999996,4.214948242742096,4.224152053407948,-0.0019000000000000128,0.0019000000000000128,-0.0019000000000000128,0.0019000000000000128,0.005799999999998917,0.005799999999998917,0.005036075336136037,0.005036075336136037,-0.007543943468232506,0.007543943468232506,0.08236627628426874,0.08236627628426874,-0.023320171857244,0.023320171857244,-0.00013400000000185486,0.00013400000000185486,-0.0021080000000042176,0.0021080000000042176,-0.013951757257903985,0.013951757257903985,-0.00474794659205191,0.00474794659205191
2025-11-28,2025-12-09,4.2369,4.234,Naive,4.2369,4.2369,4.2323,4.234474970729566,4.235999165931333,4.311266276284269,4.210850559133606,4.236624000000003,4.241573,4.227330725413909,4.233564948917087,0.0029000000000003467,0.0029000000000003467,0.0029000000000003467,0.0029000000000003467,-0.0016999999999995907,0.0016999999999995907,0.00047497072956570463,0.00047497072956570463,0.001999165931333202,0.001999165931333202,0.07726627628426908,0.07726627628426908,-0.023149440866394144,0.023149440866394144,0.0026240000000026242,0.0026240000000026242,0.00757299999999983,0.00757299999999983,-0.006669274586091234,0.006669274586091234,-0.000435051082913418,0.000435051082913418
2025-12-01,2025-12-10,4.2286,4.2274,Naive,4.2286,4.2286,4.23112,4.2334067942332805,4.237711463079616,4.311266276284269,4.263068270401064,4.228668,4.2292950000000005,4.220805670576744,4.227307392740084,0.0011999999999998678,0.0011999999999998678,0.0011999999999998678,0.0011999999999998678,0.0037199999999995015,0.0037199999999995015,0.0060067942332802104,0.0060067942332802104,0.010311463079616168,0.010311463079616168,0.08386627628426879,0.08386627628426879,0.03566827040106357,0.03566827040106357,0.0012679999999996028,0.0012679999999996028,0.001895000000000202,0.001895000000000202,-0.00659432942325644,0.00659432942325644,-9.260725991655505e-05,9.260725991655505e-05
2025-12-02,2025-12-11,4.239,4.2284,Naive,4.239,4.239,4.2329,4.23442374073632,4.247975044094444,4.311266276284269,4.252328370745325,4.239908000000001,4.2477409999999995,4.230990322130179,4.2363739041635915,0.010600000000000165,0.010600000000000165,0.010600000000000165,0.010600000000000165,0.0045000000000001705,0.0045000000000001705,0.006023740736320171,0.006023740736320171,0.019575044094444216,0.019575044094444216,0.08286627628426935,0.08286627628426935,0.023928370745325722,0.023928370745325722,0.011508000000000962,0.011508000000000962,0.01934099999999983,0.01934099999999983,0.002590322130179068,0.002590322130179068,0.007973904163591783,0.007973904163591783
2025-12-03,2025-12-12,4.2312,4.2271,Naive,4.2312,4.2312,4.23254,4.233837606056989,4.243083020133517,4.311266276284269,4.287624965905338,4.229209000000001,4.231119999999999,4.227244758058151,4.233080832163508,0.004100000000000215,0.004100000000000215,0.004100000000000215,0.004100000000000215,0.005440000000000111,0.005440000000000111,0.00673760605698881,0.00673760605698881,0.01598302013351649,0.01598302013351649,0.08416627628426898,0.08416627628426898,0.06052496590533796,0.06052496590533796,0.0021090000000008047,0.0021090000000008047,0.004019999999998802,0.004019999999998802,0.00014475805815106213,0.00014475805815106213,0.005980832163507976,0.005980832163507976
2025-12-04,2025-12-15,4.2299,4.2192,Naive,4.2299,4.2299,4.23312,4.23312167768299,4.237542527910529,4.311266276284269,4.2045988095369875,4.238955000000001,4.230734999999999,4.217094508072245,4.228496644388738,0.010699999999999932,0.010699999999999932,0.010699999999999932,0.010699999999999932,0.013920000000000599,0.013920000000000599,0.013921677682990463,0.013921677682990463,0.01834252791052915,0.01834252791052915,0.09206627628426922,0.09206627628426922,-0.014601190463012337,0.014601190463012337,0.019755000000000855,0.019755000000000855,0.011534999999999407,0.011534999999999407,-0.0021054919277547768,0.0021054919277547768,0.009296644388737896,0.009296644388737896
2025-12-05,2025-12-16,4.2321,4.2239,Naive,4.2321,4.2321,4.23216,4.232935918104264,4.238485476897548,4.311266276284269,4.205501630677933,4.231433,4.225979,4.213114157831185,4.230710680106217,0.008199999999999541,0.008199999999999541,0.008199999999999541,0.008199999999999541,0.008259999999999934,0.008259999999999934,0.00903591810426363,0.00903591810426363,0.014585476897547522,0.014585476897547522,0.08736627628426863,0.08736627628426863,-0.01839836932206751,0.01839836932206751,0.007532999999999568,0.007532999999999568,0.002078999999999276,0.002078999999999276,-0.01078584216881584,0.01078584216881584,0.006810680106216438,0.006810680106216438
2025-12-08,2025-12-17,4.2289,4.2149,Naive,4.2289,4.2289,4.23222,4.23220211481258,4.236948860510533,4.311266276284269,4.230662040486934,4.217373000000002,4.2236270000000005,4.199426565212406,4.2277937067264935,0.014000000000000234,0.014000000000000234,0.014000000000000234,0.014000000000000234,0.01731999999999978,0.01731999999999978,0.017302114812579816,0.017302114812579816,0.022048860510532897,0.022048860510532897,0.09636627628426897,0.09636627628426897,0.015762040486934303,0.015762040486934303,0.002473000000001946,0.002473000000001946,0.008727000000000373,0.008727000000000373,-0.015473434787594442,0.015473434787594442,0.01289370672649337,0.01289370672649337
2025-12-09,2025-12-18,4.234,4.2076,Naive,4.234,4.234,4.23122,4.232529003028475,4.239621726356276,4.311266276284269,4.259960609945162,4.225418,4.228508,4.216818058048569,4.230272688772233,0.026399999999999757,0.026399999999999757,0.026399999999999757,0.026399999999999757,0.023620000000000196,0.023620000000000196,0.02492900302847456,0.02492900302847456,0.03202172635627587,0.03202172635627587,0.10366627628426883,0.10366627628426883,0.05236060994516212,0.05236060994516212,0.01781800000000011,0.01781800000000011,0.020907999999999483,0.020907999999999483,0.009218058048568345,0.009218058048568345,0.02267268877223305,0.02267268877223305
2025-12-10,2025-12-19,4.2274,4.2094,Naive,4.2274,4.2274,4.230460000000001,4.231596457023297,4.231978810016853,4.311266276284269,4.220488994818524,4.217760000000002,4.222391000000002,4.214929751054697,4.223414270706343,0.018000000000000682,0.018000000000000682,0.018000000000000682,0.018000000000000682,0.02106000000000119,0.02106000000000119,0.022196457023297533,0.022196457023297533,0.0225788100168538,0.0225788100168538,0.10186627628426947,0.10186627628426947,0.011088994818524434,0.011088994818524434,0.008360000000002366,0.008360000000002366,0.012991000000002195,0.012991000000002195,0.0055297510546976625,0.0055297510546976625,0.01401427070634309,0.01401427070634309
2025-12-11,2025-12-22,4.2284,4.2115,Naive,4.2284,4.2284,4.23016,4.231015283019061,4.229996014688417,4.311266276284269,4.166891720322301,4.219382,4.215281999999999,4.21354303897453,4.221080878547095,0.016899999999999693,0.016899999999999693,0.016899999999999693,0.016899999999999693,0.018659999999999677,0.018659999999999677,0.019515283019060803,0.019515283019060803,0.01849601468841655,0.01849601468841655,0.09976627628426904,0.09976627628426904,-0.04460827967769898,0.04460827967769898,0.007882000000000389,0.007882000000000389,0.003781999999999286,0.003781999999999286,0.0020430389745298427,0.0020430389745298427,0.009580878547095217,0.009580878547095217
2025-12-12,2025-12-23,4.2271,4.2274,Naive,4.2271,4.2271,4.22916,4.230303413379231,4.230055393733939,4.311266276284269,4.185354664026692,4.223157,4.212054,4.210994045823669,4.2197504893689946,-0.000300000000000189,0.000300000000000189,-0.000300000000000189,0.000300000000000189,0.0017599999999999838,0.0017599999999999838,0.002903413379231168,0.002903413379231168,0.002655393733938638,0.002655393733938638,0.08386627628426879,0.08386627628426879,-0.04204533597330862,0.04204533597330862,-0.004243000000000663,0.004243000000000663,-0.015346000000000082,0.015346000000000082,-0.016405954176331505,0.016405954176331505,-0.007649510631005718,0.007649510631005718
2025-12-15,2025-12-29,4.2192,4.2274,Naive,4.2192,4.2192,4.22722,4.228284610946644,4.226068975392497,4.311266276284269,4.353998133436596,4.2083580000000005,4.2037759999999995,4.203486252170336,4.211798534948185,-0.00820000000000043,0.00820000000000043,-0.00820000000000043,0.00820000000000043,-0.00018000000000029104,0.00018000000000029104,0.0008846109466436047,0.0008846109466436047,-0.0013310246075031174,0.0013310246075031174,0.08386627628426879,0.08386627628426879,0.12659813343659554,0.12659813343659554,-0.01904199999999978,0.01904199999999978,-0.023624000000000756,0.023624000000000756,-0.023913747829664267,0.023913747829664267,-0.015601465051815033,0.015601465051815033
2025-12-16,2025-12-30,4.2239,4.2293,Naive,4.2239,4.2239,4.2252,4.227487408956345,4.233190577716648,4.311266276284269,4.304901237976242,4.206535000000001,4.205781000000001,4.199493005303565,4.212805670747158,-0.005399999999999849,0.005399999999999849,-0.005399999999999849,0.005399999999999849,-0.004100000000000215,0.004100000000000215,-0.001812591043655054,0.001812591043655054,0.003890577716648025,0.003890577716648025,0.08196627628426878,0.08196627628426878,0.07560123797624207,0.07560123797624207,-0.022764999999999702,0.022764999999999702,-0.0235189999999994,0.0235189999999994,-0.02980699469643522,0.02980699469643522,-0.016494329252842554,0.016494329252842554
2025-12-17,2025-12-31,4.2149,4.2267,Naive,4.2149,4.2149,4.222700000000001,4.2251987891461,4.2224515956723705,4.311266276284269,4.25883008809399,4.196425,4.197525,4.201361936528285,4.20889731515492,-0.011800000000000033,0.011800000000000033,-0.011800000000000033,0.011800000000000033,-0.0039999999999995595,0.0039999999999995595,-0.0015012108538998703,0.0015012108538998703,-0.004248404327629629,0.004248404327629629,0.08456627628426894,0.08456627628426894,0.03213008809399032,0.03213008809399032,-0.030275000000000496,0.030275000000000496,-0.029175000000000395,0.029175000000000395,-0.025338063471715522,0.025338063471715522,-0.017802684845079852,0.017802684845079852
2025-12-18,2026-01-02,4.2076,4.2156,Naive,4.2076,4.2076,4.21854,4.221999009301355,4.222697835073749,4.311266276284269,4.2148510842750575,4.187073000000002,4.185893999999999,4.193792236131622,4.202349988346356,-0.008000000000000007,0.008000000000000007,-0.008000000000000007,0.008000000000000007,0.0029399999999997206,0.0029399999999997206,0.006399009301354397,0.006399009301354397,0.007097835073748726,0.007097835073748726,0.09566627628426883,0.09566627628426883,-0.0007489157249427336,0.0007489157249427336,-0.028526999999998637,0.028526999999998637,-0.0297060000000009,0.0297060000000009,-0.021807763868378238,0.021807763868378238,-0.013250011653644478,0.013250011653644478
2025-12-19,2026-01-05,4.2094,4.211,Naive,4.2094,4.2094,4.215000000000001,4.219708280337471,4.22378241330563,4.311266276284269,4.231291022281232,4.1960250000000014,4.182499999999998,4.196453734509319,4.202437608822655,-0.001600000000000712,0.001600000000000712,-0.001600000000000712,0.001600000000000712,0.004000000000000448,0.004000000000000448,0.008708280337470953,0.008708280337470953,0.012782413305629348,0.012782413305629348,0.10026627628426876,0.10026627628426876,0.020291022281231363,0.020291022281231363,-0.01497499999999885,0.01497499999999885,-0.028500000000001968,0.028500000000001968,-0.014546265490681165,0.014546265490681165,-0.008562391177345141,0.008562391177345141
2025-12-22,2026-01-07,4.2115,4.2105,Naive,4.2115,4.2115,4.21346,4.218215865730658,4.227530130332545,4.311266276284269,4.279494931804894,4.1962160000000015,4.183105999999999,4.2011465939136805,4.204781508565084,0.001000000000000334,0.001000000000000334,0.001000000000000334,0.001000000000000334,0.00296000000000074,0.00296000000000074,0.007715865730657967,0.007715865730657967,0.017030130332545745,0.017030130332545745,0.10076627628426937,0.10076627628426937,0.06899493180489458,0.06899493180489458,-0.014283999999998187,0.014283999999998187,-0.02739400000000103,0.02739400000000103,-0.009353406086319183,0.009353406086319183,-0.005718491434915762,0.005718491434915762
2025-12-23,2026-01-08,4.2274,4.2119,Naive,4.2274,4.2274,4.21416,4.219885708325084,4.243326737278965,4.311266276284269,4.232654792977817,4.200312000000001,4.196642999999998,4.2027080415127,4.217645671748508,0.015500000000000291,0.015500000000000291,0.015500000000000291,0.015500000000000291,0.0022599999999997067,0.0022599999999997067,0.007985708325083607,0.007985708325083607,0.03142673727896472,0.03142673727896472,0.09936627628426908,0.09936627628426908,0.020754792977816905,0.020754792977816905,-0.011587999999998821,0.011587999999998821,-0.015257000000001852,0.015257000000001852,-0.0091919584872997,0.0091919584872997,0.005745671748507597,0.005745671748507597
2025-12-29,2026-01-09,4.2274,4.2127,Naive,4.2274,4.2274,4.21666,4.221251943175068,4.242998250676346,4.311266276284269,4.1950965789322785,4.200070000000003,4.194249,4.202673302305911,4.227827424373162,0.01470000000000038,0.01470000000000038,0.01470000000000038,0.01470000000000038,0.003960000000000186,0.003960000000000186,0.008551943175068466,0.008551943175068466,0.030298250676346505,0.030298250676346505,0.09856627628426917,0.09856627628426917,-0.017603421067721392,0.017603421067721392,-0.012629999999997032,0.012629999999997032,-0.018450999999999773,0.018450999999999773,-0.010026697694089037,0.010026697694089037,0.015127424373162057,0.015127424373162057
2025-12-30,2026-01-12,4.2293,4.2097,Naive,4.2293,4.2293,4.221,4.222715226234147,4.245612800640633,4.311266276284269,4.2318202631760915,4.203536000000002,4.201435,4.20271066364526,4.228333919724425,0.019600000000000506,0.019600000000000506,0.019600000000000506,0.019600000000000506,0.01130000000000031,0.01130000000000031,0.013015226234147192,0.013015226234147192,0.03591280064063351,0.03591280064063351,0.10156627628426929,0.10156627628426929,0.022120263176091726,0.022120263176091726,-0.006163999999997394,0.006163999999997394,-0.008264999999999745,0.008264999999999745,-0.006989336354739528,0.006989336354739528,0.018633919724424963,0.018633919724424963
2025-12-31,2026-01-13,4.2267,4.2116,Naive,4.2267,4.2267,4.2244600000000005,4.223439730555211,4.241191736528471,4.311266276284269,4.1191694778603996,4.205410000000002,4.199476000000001,4.202584769640363,4.224498757808836,0.015100000000000335,0.015100000000000335,0.015100000000000335,0.015100000000000335,0.01286000000000076,0.01286000000000076,0.011839730555211148,0.011839730555211148,0.029591736528471024,0.029591736528471024,0.09966627628426927,0.09966627628426927,-0.09243052213960024,0.09243052213960024,-0.006189999999997475,0.006189999999997475,-0.012123999999999135,0.012123999999999135,-0.009015230359636917,0.009015230359636917,0.012898757808835981,0.012898757808835981
2026-01-02,2026-01-14,4.2156,4.211,Naive,4.2156,4.2156,4.225280000000001,4.2220143249997175,4.216951017659587,4.311266276284269,4.141828081207127,4.197827000000002,4.190343,4.194930119502608,4.2146796434873774,0.0045999999999999375,0.0045999999999999375,0.0045999999999999375,0.0045999999999999375,0.014280000000000292,0.014280000000000292,0.011014324999717218,0.011014324999717218,0.005951017659586277,0.005951017659586277,0.10026627628426876,0.10026627628426876,-0.06917191879287365,0.06917191879287365,-0.013172999999998325,0.013172999999998325,-0.020656999999999925,0.020656999999999925,-0.01606988049739222,0.01606988049739222,0.003679643487377149,0.003679643487377149
2026-01-05,2026-01-15,4.211,4.2068,Naive,4.211,4.211,4.222,4.220011720454314,4.216204849585586,4.311266276284269,4.308934562235326,4.195249000000001,4.185141999999998,4.191257030427417,4.20291217226983,0.0041999999999999815,0.0041999999999999815,0.0041999999999999815,0.0041999999999999815,0.015200000000000102,0.015200000000000102,0.013211720454314069,0.013211720454314069,0.00940484958558585,0.00940484958558585,0.10446627628426874,0.10446627628426874,0.10213456223532535,0.10213456223532535,-0.011550999999998979,0.011550999999998979,-0.021658000000002176,0.021658000000002176,-0.015542969572583054,0.015542969572583054,-0.003887827730170379,0.003887827730170379
2026-01-07,2026-01-16,4.2105,4.2192,Naive,4.2105,4.2105,4.21862,4.218282316735348,4.21483460513853,4.311266276284269,4.218020290713952,4.193565000000001,4.181677999999998,4.194812045110529,4.203520465253233,-0.008700000000000152,0.008700000000000152,-0.008700000000000152,0.008700000000000152,-0.000580000000000247,0.000580000000000247,-0.000917683264652247,0.000917683264652247,-0.004365394861469696,0.004365394861469696,0.09206627628426922,0.09206627628426922,-0.0011797092860481584,0.0011797092860481584,-0.02563499999999852,0.02563499999999852,-0.03752200000000183,0.03752200000000183,-0.024387954889470542,0.024387954889470542,-0.01567953474676642,0.01567953474676642
2026-01-08,2026-01-19,4.2119,4.2231,Naive,4.2119,4.2119,4.21514,4.217121895510738,4.215586665631665,4.311266276284269,4.217135652057149,4.192708000000001,4.178227,4.193507752595303,4.206667316873483,-0.011199999999999655,0.011199999999999655,-0.011199999999999655,0.011199999999999655,-0.007959999999999745,0.007959999999999745,-0.005978104489261504,0.005978104489261504,-0.007513334368334235,0.007513334368334235,0.08816627628426943,0.08816627628426943,-0.005964347942851056,0.005964347942851056,-0.030391999999998198,0.030391999999998198,-0.04487299999999994,0.04487299999999994,-0.029592247404696792,0.029592247404696792,-0.016432683126516245,0.016432683126516245
2026-01-09,2026-01-20,4.2127,4.2279,Naive,4.2127,4.2127,4.21234,4.216317914508785,4.2170196880053945,4.311266276284269,4.209581760416498,4.192475000000003,4.178774999999999,4.191813788132157,4.2089675447528325,-0.015200000000000102,0.015200000000000102,-0.015200000000000102,0.015200000000000102,-0.015559999999999796,0.015559999999999796,-0.011582085491214755,0.011582085491214755,-0.010880311994605485,0.010880311994605485,0.08336627628426907,0.08336627628426907,-0.018318239583502205,0.018318239583502205,-0.035424999999997375,0.035424999999997375,-0.04912500000000097,0.04912500000000097,-0.03608621186784333,0.03608621186784333,-0.018932455247167468,0.018932455247167468
2026-01-12,2026-01-21,4.2097,4.2271,Naive,4.2097,4.2097,4.21116,4.215114657325369,4.217516981137483,4.311266276284269,4.247786355595029,4.193076000000002,4.179086999999998,4.1927675865608665,4.203624446782417,-0.017400000000000304,0.017400000000000304,-0.017400000000000304,0.017400000000000304,-0.01594000000000051,0.01594000000000051,-0.011985342674631028,0.011985342674631028,-0.009583018862517001,0.009583018862517001,0.08416627628426898,0.08416627628426898,0.020686355595028516,0.020686355595028516,-0.034023999999997834,0.034023999999997834,-0.04801300000000186,0.04801300000000186,-0.034332413439133624,0.034332413439133624,-0.02347555321758321,0.02347555321758321
2026-01-13,2026-01-22,4.2116,4.2128,Naive,4.2116,4.2116,4.21128,4.214475628720756,4.220220675230522,4.311266276284269,4.197668114712105,4.192649,4.179957999999998,4.191781754286089,4.206484724554221,-0.0011999999999998678,0.0011999999999998678,-0.0011999999999998678,0.0011999999999998678,-0.0015199999999992997,0.0015199999999992997,0.001675628720755995,0.001675628720755995,0.007420675230521923,0.007420675230521923,0.0984662762842694,0.0984662762842694,-0.015131885287894775,0.015131885287894775,-0.020150999999999364,0.020150999999999364,-0.03284200000000137,0.03284200000000137,-0.02101824571391031,0.02101824571391031,-0.006315275445778923,0.006315275445778923
2026-01-14,2026-01-23,4.211,4.205,Naive,4.211,4.211,4.21138,4.213843696226073,4.2198061558003355,4.311266276284269,4.216262363229979,4.188144000000002,4.177402999999999,4.1910427284376635,4.205266294378279,0.006000000000000227,0.006000000000000227,0.006000000000000227,0.006000000000000227,0.006380000000000052,0.006380000000000052,0.00884369622607295,0.00884369622607295,0.014806155800335397,0.014806155800335397,0.10626627628426899,0.10626627628426899,0.011262363229978867,0.011262363229978867,-0.016855999999997984,0.016855999999997984,-0.027597000000000982,0.027597000000000982,-0.013957271562336615,0.013957271562336615,0.00026629437827896396,0.00026629437827896396
2026-01-15,2026-01-26,4.2068,4.2118,Naive,4.2068,4.2068,4.21036,4.212563024184968,4.213459884823324,4.311266276284269,4.2016513280579,4.183606000000002,4.176771,4.183904996768592,4.1988174087443415,-0.004999999999999893,0.004999999999999893,-0.004999999999999893,0.004999999999999893,-0.001440000000000552,0.001440000000000552,0.0007630241849678754,0.0007630241849678754,0.0016598848233240204,0.0016598848233240204,0.09946627628426885,0.09946627628426885,-0.01014867194210023,0.01014867194210023,-0.028193999999998276,0.028193999999998276,-0.03502900000000064,0.03502900000000064,-0.027895003231408033,0.027895003231408033,-0.012982591255658704,0.012982591255658704
2026-01-16,2026-01-27,4.2192,4.2032,Naive,4.2192,4.2192,4.21166,4.213769747060429,4.222607963989152,4.311266276284269,4.185153820660198,4.1911260000000015,4.186418999999999,4.189982298625834,4.2153244097008695,0.016000000000000014,0.016000000000000014,0.016000000000000014,0.016000000000000014,0.008460000000000356,0.008460000000000356,0.010569747060428902,0.010569747060428902,0.01940796398915179,0.01940796398915179,0.10806627628426924,0.10806627628426924,-0.018046179339801682,0.018046179339801682,-0.012073999999998364,0.012073999999998364,-0.016781000000000823,0.016781000000000823,-0.013217701374165891,0.013217701374165891,0.012124409700869698,0.012124409700869698
2026-01-19,2026-01-28,4.2231,4.2009,Naive,4.2231,4.2231,4.21434,4.215466156685805,4.228070209688608,4.311266276284269,4.272775815895345,4.195794000000002,4.1924209999999995,4.189967348558243,4.221261594031063,0.022199999999999775,0.022199999999999775,0.022199999999999775,0.022199999999999775,0.013440000000000119,0.013440000000000119,0.014566156685805076,0.014566156685805076,0.027170209688607727,0.027170209688607727,0.1103662762842692,0.1103662762842692,0.07187581589534542,0.07187581589534542,-0.0051059999999978345,0.0051059999999978345,-0.008479000000000347,0.008479000000000347,-0.010932651441756924,0.010932651441756924,0.020361594031062857,0.020361594031062857
2026-01-20,2026-01-29,4.2279,4.2072,Naive,4.2279,4.2279,4.2176,4.217726855470204,4.2313795559206495,4.311266276284269,4.202503412292245,4.200528000000003,4.195477999999998,4.192536701061136,4.227319276388706,0.02069999999999972,0.02069999999999972,0.02069999999999972,0.02069999999999972,0.010399999999999743,0.010399999999999743,0.0105268554702036,0.0105268554702036,0.024179555920649243,0.024179555920649243,0.10406627628426879,0.10406627628426879,-0.004696587707755384,0.004696587707755384,-0.006671999999997347,0.006671999999997347,-0.011722000000002453,0.011722000000002453,-0.014663298938864422,0.014663298938864422,0.02011927638870592,0.02011927638870592
2026-01-21,2026-01-30,4.2271,4.2131,Naive,4.2271,4.2271,4.220820000000001,4.21943106356653,4.230290391610999,4.311266276284269,4.214893226284568,4.200842000000002,4.200641999999998,4.194736338457898,4.2260290512876235,0.014000000000000234,0.014000000000000234,0.014000000000000234,0.014000000000000234,0.007720000000000837,0.007720000000000837,0.006331063566530126,0.006331063566530126,0.017190391610999,0.017190391610999,0.09816627628426922,0.09816627628426922,0.001793226284568128,0.001793226284568128,-0.012257999999997438,0.012257999999997438,-0.012458000000001412,0.012458000000001412,-0.018363661542101894,0.018363661542101894,0.012929051287623672,0.012929051287623672
2026-01-22,2026-02-02,4.2128,4.2106,Naive,4.2128,4.2128,4.22202,4.218225415645343,4.211337522371982,4.311266276284269,4.194855895415424,4.191109000000003,4.180221,4.1923248845195795,4.206396012799582,0.0021999999999993136,0.0021999999999993136,0.0021999999999993136,0.0021999999999993136,0.01141999999999932,0.01141999999999932,0.0076254156453430255,0.0076254156453430255,0.0007375223719812141,0.0007375223719812141,0.10066627628426872,0.10066627628426872,-0.015744104584576313,0.015744104584576313,-0.019490999999997705,0.019490999999997705,-0.030378999999999934,0.030378999999999934,-0.018275115480420823,0.018275115480420823,-0.004203987200418702,0.004203987200418702
2026-01-23,2026-02-03,4.205,4.2198,Naive,4.205,4.205,4.21918,4.215820794618916,4.204185954410335,4.311266276284269,4.246948194738386,4.1841680000000006,4.173991999999999,4.184393675516342,4.198041499651224,-0.014800000000000146,0.014800000000000146,-0.014800000000000146,0.014800000000000146,-0.000620000000000509,0.000620000000000509,-0.003979205381083872,0.003979205381083872,-0.015614045589665615,0.015614045589665615,0.09146627628426884,0.09146627628426884,0.02714819473838581,0.02714819473838581,-0.035631999999999664,0.035631999999999664,-0.04580800000000096,0.04580800000000096,-0.03540632448365866,0.03540632448365866,-0.02175850034877591,0.02175850034877591
2026-01-26,2026-02-04,4.2118,4.2241,Naive,4.2118,4.2118,4.21692,4.21508974105184,4.213621941620379,4.311266276284269,4.2890898702821545,4.189924000000001,4.178854,4.194289495675073,4.209181579406542,-0.012299999999999756,0.012299999999999756,-0.012299999999999756,0.012299999999999756,-0.007179999999999964,0.007179999999999964,-0.009010258948159766,0.009010258948159766,-0.010478058379621125,0.010478058379621125,0.0871662762842691,0.0871662762842691,0.06498987028215453,0.06498987028215453,-0.03417599999999865,0.03417599999999865,-0.045245999999999675,0.045245999999999675,-0.029810504324927045,0.029810504324927045,-0.014918420593457604,0.014918420593457604
2026-01-27,2026-02-05,4.2032,4.2175,Naive,4.2032,4.2032,4.2119800000000005,4.212927969951505,4.206801797927377,4.311266276284269,4.14422900666699,4.178040000000001,4.171772,4.18674181648594,4.1960406430323705,-0.014300000000000423,0.014300000000000423,-0.014300000000000423,0.014300000000000423,-0.005519999999999747,0.005519999999999747,-0.004572030048494824,0.004572030048494824,-0.010698202072623175,0.010698202072623175,0.09376627628426881,0.09376627628426881,-0.07327099333301046,0.07327099333301046,-0.03945999999999916,0.03945999999999916,-0.045728000000000435,0.045728000000000435,-0.030758183514060455,0.030758183514060455,-0.021459356967629795,0.021459356967629795
2026-01-28,2026-02-06,4.2009,4.2155,Naive,4.2009,4.2009,4.206739999999999,4.210741066323958,4.206756620106357,4.311266276284269,4.209390147014598,4.176489000000001,4.172725999999999,4.180685080645411,4.1962399063083256,-0.014599999999999724,0.014599999999999724,-0.014599999999999724,0.014599999999999724,-0.008760000000000545,0.008760000000000545,-0.004758933676041188,0.004758933676041188,-0.008743379893642711,0.008743379893642711,0.09576627628426948,0.09576627628426948,-0.006109852985401787,0.006109852985401787,-0.039010999999998575,0.039010999999998575,-0.042774000000000534,0.042774000000000534,-0.0348149193545888,0.0348149193545888,-0.01926009369167403,0.01926009369167403
2026-01-29,2026-02-09,4.2072,4.2142,Naive,4.2072,4.2072,4.205620000000001,4.210097236083239,4.2112867612087115,4.311266276284269,4.207176465772433,4.181502000000002,4.174715999999999,4.183955247888936,4.203699095866892,-0.006999999999999673,0.006999999999999673,-0.006999999999999673,0.006999999999999673,-0.008579999999999366,0.008579999999999366,-0.004102763916760566,0.004102763916760566,-0.002913238791288464,0.002913238791288464,0.09706627628426912,0.09706627628426912,-0.007023534227567296,0.007023534227567296,-0.03269799999999812,0.03269799999999812,-0.03948400000000074,0.03948400000000074,-0.03024475211106381,0.03024475211106381,-0.010500904133108335,0.010500904133108335
2026-01-30,2026-02-10,4.2131,4.2148,Naive,4.2131,4.2131,4.2072400000000005,4.210643193159013,4.21528681199431,4.311266276284269,4.194348204459353,4.186535000000001,4.177878,4.19027650960272,4.214545389877668,-0.001700000000000479,0.001700000000000479,-0.001700000000000479,0.001700000000000479,-0.007559999999999789,0.007559999999999789,-0.00415680684098696,0.00415680684098696,0.000486811994309555,0.000486811994309555,0.09646627628426874,0.09646627628426874,-0.020451795540647133,0.020451795540647133,-0.02826499999999932,0.02826499999999932,-0.036922000000000565,0.036922000000000565,-0.024523490397280412,0.024523490397280412,-0.0002546101223321884,0.0002546101223321884
2026-02-02,2026-02-11,4.2106,4.2174,Naive,4.2106,4.2106,4.206999999999999,4.210635339857374,4.219628995638605,4.311266276284269,4.1930876704977855,4.1867990000000015,4.174029000000001,4.1943936853032096,4.210845875165356,-0.006799999999999251,0.006799999999999251,-0.006799999999999251,0.006799999999999251,-0.010400000000000631,0.010400000000000631,-0.006764660142625445,0.006764660142625445,0.0022289956386050136,0.0022289956386050136,0.09386627628426947,0.09386627628426947,-0.02431232950221407,0.02431232950221407,-0.030600999999998102,0.030600999999998102,-0.043370999999998716,0.043370999999998716,-0.023006314696790042,0.023006314696790042,-0.00655412483464346,0.00655412483464346
2026-02-03,2026-02-12,4.2198,4.2131,Naive,4.2198,4.2198,4.21032,4.212301641701488,4.226304413077459,4.311266276284269,4.2014971742989236,4.187882999999999,4.18004,4.195871664714602,4.225134186017143,0.006700000000000372,0.006700000000000372,0.006700000000000372,0.006700000000000372,-0.0027799999999995606,0.0027799999999995606,-0.0007983582985122695,0.0007983582985122695,0.013204413077459343,0.013204413077459343,0.09816627628426922,0.09816627628426922,-0.011602825701076291,0.011602825701076291,-0.02521700000000049,0.02521700000000049,-0.03305999999999987,0.03305999999999987,-0.01722833528539791,0.01722833528539791,0.0120341860171429,0.0120341860171429
2026-02-04,2026-02-13,4.2241,4.214,Naive,4.2241,4.2241,4.2149600000000005,4.2144467977557625,4.228547283579102,4.311266276284269,4.200622927603333,4.188588000000001,4.182744,4.196533610751019,4.225485654757448,0.010099999999999554,0.010099999999999554,0.010099999999999554,0.010099999999999554,0.0009600000000000719,0.0009600000000000719,0.0004467977557620628,0.0004467977557620628,0.014547283579101844,0.014547283579101844,0.09726627628426865,0.09726627628426865,-0.013377072396667522,0.013377072396667522,-0.025411999999999324,0.025411999999999324,-0.03125600000000084,0.03125600000000084,-0.01746638924898125,0.01746638924898125,0.011485654757447783,0.011485654757447783
2026-02-05,2026-02-16,4.2175,4.208,Naive,4.2175,4.2175,4.217020000000001,4.215001925436533,4.219659486844679,4.311266276284269,4.228139940790172,4.188564000000002,4.178387999999999,4.194363183801909,4.214029980952844,0.009500000000000064,0.009500000000000064,0.009500000000000064,0.009500000000000064,0.009020000000000472,0.009020000000000472,0.007001925436532552,0.007001925436532552,0.011659486844679101,0.011659486844679101,0.10326627628426888,0.10326627628426888,0.02013994079017145,0.02013994079017145,-0.01943599999999801,0.01943599999999801,-0.029612000000001082,0.029612000000001082,-0.013636816198091317,0.013636816198091317,0.006029980952844127,0.006029980952844127
2026-02-06,2026-02-17,4.2155,4.2182,Naive,4.2155,4.2155,4.2175,4.215092484448072,4.216093582350195,4.311266276284269,4.240372918586623,4.186930000000002,4.176953999999999,4.197485258699073,4.212396964213306,-0.002700000000000813,0.002700000000000813,-0.002700000000000813,0.002700000000000813,-0.000700000000000145,0.000700000000000145,-0.0031075155519282305,0.0031075155519282305,-0.002106417649805792,0.002106417649805792,0.09306627628426867,0.09306627628426867,0.02217291858662218,0.02217291858662218,-0.031269999999998355,0.031269999999998355,-0.041246000000001004,0.041246000000001004,-0.02071474130092721,0.02071474130092721,-0.005803035786694721,0.005803035786694721
2026-02-09,2026-02-18,4.2142,4.2148,Naive,4.2142,4.2142,4.21822,4.214930214548422,4.216703975921181,4.311266276284269,4.245402268724465,4.186504000000002,4.177703000000001,4.193871047097283,4.209702713228477,-0.000600000000000378,0.000600000000000378,-0.000600000000000378,0.000600000000000378,0.0034199999999993125,0.0034199999999993125,0.0001302145484221029,0.0001302145484221029,0.001903975921180745,0.001903975921180745,0.09646627628426874,0.09646627628426874,0.03060226872446492,0.03060226872446492,-0.028295999999998322,0.028295999999998322,-0.03709699999999927,0.03709699999999927,-0.020928952902717235,0.020928952902717235,-0.005097286771523102,0.005097286771523102
2026-02-10,2026-02-19,4.2148,4.222,Naive,4.2148,4.2148,4.217219999999999,4.214906539175982,4.219170556317195,4.311266276284269,4.1741874430387504,4.1858319999999996,4.175654000000001,4.192360825352778,4.2126032690491275,-0.007200000000000095,0.007200000000000095,-0.007200000000000095,0.007200000000000095,-0.004780000000001117,0.004780000000001117,-0.007093460824018294,0.007093460824018294,-0.002829443682805355,0.002829443682805355,0.08926627628426864,0.08926627628426864,-0.047812556961249975,0.047812556961249975,-0.036168000000000866,0.036168000000000866,-0.046345999999999776,0.046345999999999776,-0.029639174647222433,0.029639174647222433,-0.0093967309508729,0.0093967309508729
2026-02-11,2026-02-20,4.2174,4.2241,Naive,4.2174,4.2174,4.21588,4.21535989568944,4.22192142572311,4.311266276284269,4.207041651299878,4.187023,4.175223999999999,4.2037875776710365,4.218410766419563,-0.006700000000000372,0.006700000000000372,-0.006700000000000372,0.006700000000000372,-0.008219999999999672,0.008219999999999672,-0.008740104310559715,0.008740104310559715,-0.002178574276889833,0.002178574276889833,0.0871662762842691,0.0871662762842691,-0.017058348700121684,0.017058348700121684,-0.03707700000000003,0.03707700000000003,-0.04887600000000081,0.04887600000000081,-0.020312422328963464,0.020312422328963464,-0.0056892335804370475,0.0056892335804370475
2026-02-12,2026-02-23,4.2131,4.2173,Naive,4.2131,4.2131,4.214999999999999,4.214949005564088,4.2172516670781155,4.311266276284269,4.230614654884512,4.184021000000001,4.173459,4.1962699722876176,4.212924146455223,-0.0041999999999999815,0.0041999999999999815,-0.0041999999999999815,0.0041999999999999815,-0.002300000000000857,0.002300000000000857,-0.002350994435912135,0.002350994435912135,-4.8332921884330915e-05,4.8332921884330915e-05,0.09396627628426923,0.09396627628426923,0.013314654884512223,0.013314654884512223,-0.033278999999998504,0.033278999999998504,-0.043840999999999575,0.043840999999999575,-0.02103002771238227,0.02103002771238227,-0.004375853544776653,0.004375853544776653
2026-02-13,2026-02-24,4.214,4.2193,Naive,4.214,4.214,4.2147,4.21477645909789,4.219844688272632,4.311266276284269,4.238258697891308,4.185231000000001,4.175579999999999,4.193524209397114,4.215690614325416,-0.005299999999999194,0.005299999999999194,-0.005299999999999194,0.005299999999999194,-0.0045999999999999375,0.0045999999999999375,-0.004523540902109602,0.004523540902109602,0.000544688272632321,0.000544688272632321,0.09196627628426945,0.09196627628426945,0.018958697891308773,0.018958697891308773,-0.034068999999998795,0.034068999999998795,-0.043720000000000425,0.043720000000000425,-0.025775790602885706,0.025775790602885706,-0.0036093856745837982,0.0036093856745837982
2026-02-16,2026-02-25,4.208,4.2183,Naive,4.208,4.208,4.21346,4.213544375625546,4.216964884083424,4.311266276284269,4.236021503105938,4.181242000000001,4.170783,4.185470951484849,4.20563819085722,-0.010299999999999976,0.010299999999999976,-0.010299999999999976,0.010299999999999976,-0.004839999999999733,0.004839999999999733,-0.00475562437445376,0.00475562437445376,-0.0013351159165759796,0.0013351159165759796,0.0929662762842689,0.0929662762842689,0.01772150310593812,0.01772150310593812,-0.03705799999999915,0.03705799999999915,-0.04751700000000003,0.04751700000000003,-0.03282904851515145,0.03282904851515145,-0.012661809142779923,0.012661809142779923
2026-02-17,2026-02-26,4.2182,4.2224,Naive,4.2182,4.2182,4.21414,4.214390852784538,4.22650821627946,4.311266276284269,4.206454761021463,4.186978,4.177331999999996,4.196195986678157,4.2195818742912,-0.0041999999999999815,0.0041999999999999815,-0.0041999999999999815,0.0041999999999999815,-0.008259999999999934,0.008259999999999934,-0.00800914721546242,0.00800914721546242,0.0041082162794596755,0.0041082162794596755,0.08886627628426869,0.08886627628426869,-0.015945238978537724,0.015945238978537724,-0.03542200000000051,0.03542200000000051,-0.045068000000004105,0.045068000000004105,-0.026204013321843078,0.026204013321843078,-0.0028181257088002454,0.0028181257088002454
2026-02-18,2026-02-27,4.2148,4.2233,Naive,4.2148,4.2148,4.213620000000001,4.214465243187349,4.2236882810092835,4.311266276284269,4.182149940466326,4.184023000000002,4.173838,4.19319042595391,4.216280538976991,-0.00849999999999973,0.00849999999999973,-0.00849999999999973,0.00849999999999973,-0.009679999999999467,0.009679999999999467,-0.008834756812651001,0.008834756812651001,0.0003882810092834532,0.0003882810092834532,0.08796627628426901,0.08796627628426901,-0.04115005953367401,0.04115005953367401,-0.03927699999999845,0.03927699999999845,-0.04946200000000012,0.04946200000000012,-0.03010957404609016,0.03010957404609016,-0.007019461023008766,0.007019461023008766
2026-02-19,2026-03-02,4.222,4.2304,Naive,4.222,4.222,4.215400000000001,4.215835198971467,4.226987971198104,4.311266276284269,4.233116858680393,4.193900000000002,4.187348999999999,4.20114504101504,4.218053524564455,-0.008399999999999963,0.008399999999999963,-0.008399999999999963,0.008399999999999963,-0.01499999999999968,0.01499999999999968,-0.014564801028533303,0.014564801028533303,-0.00341202880189595,0.00341202880189595,0.08086627628426868,0.08086627628426868,0.002716858680392953,0.002716858680392953,-0.03649999999999842,0.03649999999999842,-0.04305100000000106,0.04305100000000106,-0.029254958984960666,0.029254958984960666,-0.012346475435545123,0.012346475435545123
2026-02-20,2026-03-03,4.2241,4.2732,Naive,4.2241,4.2241,4.21742,4.217337890067563,4.227517002000309,4.311266276284269,4.25146219385513,4.196823,4.189389,4.196399602827434,4.218948540195154,-0.049100000000000144,0.049100000000000144,-0.049100000000000144,0.049100000000000144,-0.055780000000000385,0.055780000000000385,-0.05586210993243679,0.05586210993243679,-0.04568299799969111,0.04568299799969111,0.03806627628426895,0.03806627628426895,-0.021737806144869865,0.021737806144869865,-0.07637699999999992,0.07637699999999992,-0.08381099999999986,0.08381099999999986,-0.07680039717256637,0.07680039717256637,-0.05425145980484647,0.05425145980484647
2026-02-23,2026-03-04,4.2173,4.2685,Naive,4.2173,4.2173,4.21928,4.21733100096437,4.221271686415972,4.311266276284269,4.210641772843919,4.194676000000004,4.18918,4.199389086795066,4.2172868861166215,-0.05120000000000058,0.05120000000000058,-0.05120000000000058,0.05120000000000058,-0.04922000000000004,0.04922000000000004,-0.05116899903563077,0.05116899903563077,-0.04722831358402857,0.04722831358402857,0.042766276284268656,0.042766276284268656,-0.05785822715608102,0.05785822715608102,-0.07382399999999656,0.07382399999999656,-0.07932000000000006,0.07932000000000006,-0.06911091320493412,0.06911091320493412,-0.0512131138833789,0.0512131138833789
2026-02-24,2026-03-05,4.2193,4.2739,Naive,4.2193,4.2193,4.2195,4.217689000789029,4.223851885297865,4.311266276284269,4.194099583257978,4.194914000000002,4.1887479999999995,4.197053754130013,4.219474424489204,-0.05460000000000065,0.05460000000000065,-0.05460000000000065,0.05460000000000065,-0.054400000000000226,0.054400000000000226,-0.05621099921097095,0.05621099921097095,-0.050048114702135216,0.050048114702135216,0.03736627628426881,0.03736627628426881,-0.07980041674202187,0.07980041674202187,-0.07898599999999867,0.07898599999999867,-0.08515200000000078,0.08515200000000078,-0.07684624586998723,0.07684624586998723,-0.05442557551079652,0.05442557551079652
2026-02-25,2026-03-06,4.2183,4.2782,Naive,4.2183,4.2183,4.2202,4.21780009155466,4.222086085619517,4.311266276284269,4.194700479720116,4.193799000000002,4.190753999999999,4.200565989661565,4.216403891404051,-0.05989999999999984,0.05989999999999984,-0.05989999999999984,0.05989999999999984,-0.05799999999999983,0.05799999999999983,-0.06039990844533971,0.06039990844533971,-0.05611391438048319,0.05611391438048319,0.03306627628426906,0.03306627628426906,-0.08349952027988383,0.08349952027988383,-0.08440099999999795,0.08440099999999795,-0.0874460000000008,0.0874460000000008,-0.07763401033843476,0.07763401033843476,-0.061796108595949306,0.061796108595949306
2026-02-26,2026-03-09,4.2224,4.2836,Naive,4.2224,4.2224,4.22028,4.218636438544722,4.224626553183199,4.311266276284269,4.212450413903376,4.1964640000000015,4.190237999999999,4.201489509210534,4.220455372467628,-0.06119999999999948,0.06119999999999948,-0.06119999999999948,0.06119999999999948,-0.06332000000000004,0.06332000000000004,-0.06496356145527749,0.06496356145527749,-0.05897344681680128,0.05897344681680128,0.02766627628426921,0.02766627628426921,-0.07114958609662381,0.07114958609662381,-0.08713599999999833,0.08713599999999833,-0.09336200000000083,0.09336200000000083,-0.08211049078946608,0.08211049078946608,-0.06314462753237216,0.06314462753237216
