date,target_date,y_t,true_target,best_model,pred_best,pred_Naive,pred_SMA,pred_EMA,pred_Ridge,pred_ElasticNet,pred_MLPRegressor,pred_RandomForest,pred_ExtraTrees,pred_HistGB,pred_SARIMAX,err_pred_best,abs_err_pred_best,err_pred_Naive,abs_err_pred_Naive,err_pred_SMA,abs_err_pred_SMA,err_pred_EMA,abs_err_pred_EMA,err_pred_Ridge,abs_err_pred_Ridge,err_pred_ElasticNet,abs_err_pred_ElasticNet,err_pred_MLPRegressor,abs_err_pred_MLPRegressor,err_pred_RandomForest,abs_err_pred_RandomForest,err_pred_ExtraTrees,abs_err_pred_ExtraTrees,err_pred_HistGB,abs_err_pred_HistGB,err_pred_SARIMAX,abs_err_pred_SARIMAX
2024-10-14,2025-02-25,4.2928,4.1339,SMA,4.28715,4.2928,4.28715,4.292728598559715,4.294247571157552,4.3233461538461535,4.352088429442224,4.239652,4.200890000000004,4.206229804062158,4.2694621181365005,0.1532499999999999,0.1532499999999999,0.15890000000000004,0.15890000000000004,0.1532499999999999,0.1532499999999999,0.15882859855971532,0.15882859855971532,0.16034757115755216,0.16034757115755216,0.18944615384615382,0.18944615384615382,0.2181884294422245,0.2181884294422245,0.10575200000000073,0.10575200000000073,0.0669900000000041,0.0669900000000041,0.07232980406215805,0.07232980406215805,0.13556211813650076,0.13556211813650076
2024-10-15,2025-02-26,4.2913,4.1394,SMA,4.287974999999999,4.2913,4.287974999999999,4.292592541554028,4.296976416914612,4.3233461538461535,4.392579029223732,4.253211000000001,4.224231000000002,4.207831023879619,4.269419511317662,0.14857499999999924,0.14857499999999924,0.15189999999999948,0.15189999999999948,0.14857499999999924,0.14857499999999924,0.15319254155402806,0.15319254155402806,0.15757641691461188,0.15757641691461188,0.18394615384615332,0.18394615384615332,0.25317902922373214,0.25317902922373214,0.113811000000001,0.113811000000001,0.0848310000000021,0.0848310000000021,0.06843102387961864,0.06843102387961864,0.13001951131766187,0.13001951131766187
2024-10-16,2025-02-27,4.2955,4.1371,SMA,4.289295,4.2955,4.289295,4.292869442358406,4.29819864168021,4.3233461538461535,4.535897981973632,4.262903,4.235152000000002,4.212704946206228,4.275739557925492,0.15219499999999986,0.15219499999999986,0.15839999999999943,0.15839999999999943,0.15219499999999986,0.15219499999999986,0.15576944235840617,0.15576944235840617,0.16109864168020938,0.16109864168020938,0.18624615384615328,0.18624615384615328,0.39879798197363137,0.39879798197363137,0.12580299999999944,0.12580299999999944,0.0980520000000018,0.0980520000000018,0.07560494620622737,0.07560494620622737,0.13863955792549199,0.13863955792549199
2024-10-17,2025-02-28,4.3174,4.1575,SMA,4.2917000000000005,4.3174,4.2917000000000005,4.29520568594332,4.3057601741324225,4.3233461538461535,4.4123792419825705,4.273100000000002,4.249305000000002,4.231425423991418,4.305618297178402,0.13420000000000076,0.13420000000000076,0.15990000000000038,0.15990000000000038,0.13420000000000076,0.13420000000000076,0.13770568594332033,0.13770568594332033,0.14826017413242276,0.14826017413242276,0.16584615384615375,0.16584615384615375,0.2548792419825707,0.2548792419825707,0.11560000000000237,0.11560000000000237,0.09180500000000258,0.09180500000000258,0.073925423991418,0.073925423991418,0.14811829717840208,0.14811829717840208
2024-10-18,2025-03-03,4.3048,4.1827,SMA,4.293045,4.3048,4.293045,4.2961194301391945,4.299317903563215,4.3233461538461535,4.319418175109561,4.273256000000001,4.284327000000002,4.2734862315818685,4.286007093050316,0.11034500000000058,0.11034500000000058,0.12210000000000054,0.12210000000000054,0.11034500000000058,0.11034500000000058,0.11341943013919487,0.11341943013919487,0.11661790356321511,0.11661790356321511,0.14064615384615387,0.14064615384615387,0.13671817510956163,0.13671817510956163,0.09055600000000119,0.09055600000000119,0.10162700000000235,0.10162700000000235,0.09078623158186883,0.09078623158186883,0.10330709305031593,0.10330709305031593
2024-10-21,2025-03-04,4.3178,4.1568,SMA,4.29501,4.3178,4.29501,4.298184246316414,4.2995074257117665,4.3233461538461535,4.366476995727492,4.290926000000001,4.301916000000003,4.279251647881804,4.321202423657931,0.13821000000000083,0.13821000000000083,0.16100000000000048,0.16100000000000048,0.13821000000000083,0.13821000000000083,0.14138424631641477,0.14138424631641477,0.14270742571176687,0.14270742571176687,0.1665461538461539,0.1665461538461539,0.20967699572749243,0.20967699572749243,0.13412600000000108,0.13412600000000108,0.14511600000000335,0.14511600000000335,0.12245164788180407,0.12245164788180407,0.16440242365793178,0.16440242365793178
2024-10-22,2025-03-05,4.3159,4.1545,SMA,4.297465,4.3159,4.297465,4.2998714609529465,4.302942123518886,4.3233461538461535,4.38418781705324,4.280543999999998,4.299907000000003,4.277166505474193,4.350109682442251,0.14296500000000023,0.14296500000000023,0.16140000000000043,0.16140000000000043,0.14296500000000023,0.14296500000000023,0.14537146095294684,0.14537146095294684,0.14844212351888597,0.14844212351888597,0.16884615384615387,0.16884615384615387,0.22968781705324037,0.22968781705324037,0.1260439999999985,0.1260439999999985,0.14540700000000317,0.14540700000000317,0.12266650547419378,0.12266650547419378,0.1956096824422513,0.1956096824422513
2024-10-23,2025-03-06,4.3344,4.1766,SMA,4.301015,4.3344,4.301015,4.303159893243143,4.315016452168485,4.3233461538461535,4.465834130423662,4.293621000000001,4.297911000000002,4.289669085523247,4.36005433012506,0.12441499999999994,0.12441499999999994,0.15779999999999994,0.15779999999999994,0.12441499999999994,0.12441499999999994,0.12655989324314376,0.12655989324314376,0.1384164521684852,0.1384164521684852,0.14674615384615386,0.14674615384615386,0.2892341304236625,0.2892341304236625,0.11702100000000115,0.11702100000000115,0.12131100000000217,0.12131100000000217,0.11306908552324746,0.11306908552324746,0.18345433012505996,0.18345433012505996
2024-10-24,2025-03-07,4.3396,4.176,SMA,4.30467,4.3396,4.30467,4.306630379600938,4.313148492590573,4.3233461538461535,4.426029158590396,4.290663000000001,4.311853,4.289724115371661,4.371220209371507,0.12866999999999962,0.12866999999999962,0.16359999999999975,0.16359999999999975,0.12866999999999962,0.12866999999999962,0.13063037960093826,0.13063037960093826,0.1371484925905726,0.1371484925905726,0.14734615384615335,0.14734615384615335,0.25002915859039554,0.25002915859039554,0.11466300000000107,0.11466300000000107,0.135853,0.135853,0.11372411537166105,0.11372411537166105,0.19522020937150675,0.19522020937150675
2024-10-25,2025-03-10,4.3533,4.1857,SMA,4.30853,4.3533,4.30853,4.31107510535323,4.32110377567829,4.3233461538461535,4.401339728775794,4.288303,4.305707999999999,4.294404437209916,4.395990401105487,0.12283000000000044,0.12283000000000044,0.1676000000000002,0.1676000000000002,0.12283000000000044,0.12283000000000044,0.12537510535323015,0.12537510535323015,0.13540377567829065,0.13540377567829065,0.13764615384615375,0.13764615384615375,0.21563972877579385,0.21563972877579385,0.10260300000000022,0.10260300000000022,0.12000799999999945,0.12000799999999945,0.10870443720991663,0.10870443720991663,0.21029040110548713,0.21029040110548713
2024-10-28,2025-03-11,4.3478,4.1977,SMA,4.311965,4.3478,4.311965,4.314572714367208,4.318716556298764,4.3233461538461535,4.416605061470317,4.298769,4.308923000000001,4.303880675353298,4.400207132906474,0.11426499999999962,0.11426499999999962,0.15010000000000012,0.15010000000000012,0.11426499999999962,0.11426499999999962,0.11687271436720792,0.11687271436720792,0.12101655629876351,0.12101655629876351,0.1256461538461533,0.1256461538461533,0.21890506147031719,0.21890506147031719,0.10106899999999985,0.10106899999999985,0.11122300000000074,0.11122300000000074,0.1061806753532979,0.1061806753532979,0.20250713290647404,0.20250713290647404
2024-10-29,2025-03-12,4.3542,4.2017,SMA,4.315445,4.3542,4.315445,4.318346741570331,4.3233888730969445,4.3233461538461535,4.436372958522535,4.2989250000000006,4.30994,4.308704561492084,4.424013879479921,0.11374500000000065,0.11374500000000065,0.15249999999999986,0.15249999999999986,0.11374500000000065,0.11374500000000065,0.11664674157033161,0.11664674157033161,0.12168887309694476,0.12168887309694476,0.12164615384615374,0.12164615384615374,0.2346729585225349,0.2346729585225349,0.09722500000000078,0.09722500000000078,0.10824000000000034,0.10824000000000034,0.10700456149208382,0.10700456149208382,0.22231387947992154,0.22231387947992154
2024-10-30,2025-03-13,4.335,4.196,SMA,4.317435,4.335,4.317435,4.319932766182681,4.317272610093089,4.3233461538461535,4.32021936857897,4.295959000000002,4.2996550000000004,4.313626571492408,4.39266873045129,0.12143499999999996,0.12143499999999996,0.13900000000000023,0.13900000000000023,0.12143499999999996,0.12143499999999996,0.12393276618268168,0.12393276618268168,0.1212726100930892,0.1212726100930892,0.12734615384615378,0.12734615384615378,0.12421936857897009,0.12421936857897009,0.09995900000000191,0.09995900000000191,0.10365500000000072,0.10365500000000072,0.11762657149240852,0.11762657149240852,0.1966687304512904,0.1966687304512904
2024-10-31,2025-03-14,4.353,4.179,SMA,4.320135,4.353,4.320135,4.323082026546236,4.326638675511224,4.3233461538461535,4.372248826325562,4.293422000000001,4.296875999999998,4.310656607076431,4.416190617951206,0.14113499999999934,0.14113499999999934,0.1739999999999995,0.1739999999999995,0.14113499999999934,0.14113499999999934,0.14408202654623548,0.14408202654623548,0.14763867551122356,0.14763867551122356,0.14434615384615324,0.14434615384615324,0.1932488263255614,0.1932488263255614,0.11442200000000113,0.11442200000000113,0.1178759999999981,0.1178759999999981,0.13165660707643045,0.13165660707643045,0.23719061795120577,0.23719061795120577
2024-11-04,2025-03-17,4.3443,4.1777,SMA,4.3217,4.3443,4.3217,4.325102785922785,4.320932462301836,4.3233461538461535,4.302959418105985,4.307187,4.291917,4.291186909660968,4.412391948940383,0.14400000000000013,0.14400000000000013,0.16659999999999986,0.16659999999999986,0.14400000000000013,0.14400000000000013,0.1474027859227851,0.1474027859227851,0.14323246230183617,0.14323246230183617,0.14564615384615376,0.14564615384615376,0.12525941810598518,0.12525941810598518,0.12948700000000013,0.12948700000000013,0.11421700000000001,0.11421700000000001,0.11348690966096786,0.11348690966096786,0.23469194894038292,0.23469194894038292
2024-11-05,2025-03-18,4.3607,4.1776,SMA,4.32381,4.3607,4.32381,4.328492996787281,4.325593637161299,4.3233461538461535,4.403991209185849,4.298473,4.287429000000001,4.301991361861681,4.437407032216338,0.14620999999999995,0.14620999999999995,0.1830999999999996,0.1830999999999996,0.14620999999999995,0.14620999999999995,0.15089299678728096,0.15089299678728096,0.14799363716129932,0.14799363716129932,0.14574615384615353,0.14574615384615353,0.22639120918584865,0.22639120918584865,0.12087300000000045,0.12087300000000045,0.10982900000000129,0.10982900000000129,0.1243913618616812,0.1243913618616812,0.2598070322163384,0.2598070322163384
2024-11-06,2025-03-19,4.3662,4.1945,SMA,4.326105,4.3662,4.326105,4.332084139950397,4.328055413810286,4.3233461538461535,4.3506618399062145,4.289191,4.286292000000001,4.302966605115162,4.451206433577518,0.13160500000000042,0.13160500000000042,0.1717000000000004,0.1717000000000004,0.13160500000000042,0.13160500000000042,0.13758413995039742,0.13758413995039742,0.1335554138102859,0.1335554138102859,0.12884615384615383,0.12884615384615383,0.1561618399062148,0.1561618399062148,0.09469100000000008,0.09469100000000008,0.09179200000000165,0.09179200000000165,0.10846660511516237,0.10846660511516237,0.2567064335775182,0.2567064335775182
2024-11-07,2025-03-20,4.3431,4.1972,SMA,4.32813,4.3431,4.32813,4.333133269478931,4.316439304091483,4.3233461538461535,4.278373016471869,4.296123,4.2974369999999995,4.305586082920588,4.402123306727257,0.1309300000000002,0.1309300000000002,0.14590000000000014,0.14590000000000014,0.1309300000000002,0.1309300000000002,0.13593326947893125,0.13593326947893125,0.11923930409148298,0.11923930409148298,0.1261461538461539,0.1261461538461539,0.08117301647186981,0.08117301647186981,0.0989230000000001,0.0989230000000001,0.10023699999999991,0.10023699999999991,0.10838608292058804,0.10838608292058804,0.20492330672725778,0.20492330672725778
2024-11-08,2025-03-21,4.3244,4.1979,SMA,4.329205,4.3244,4.329205,4.332301529528556,4.301031858176704,4.3233461538461535,4.130611112465374,4.284097999999998,4.300961999999999,4.296231432105727,4.374091290291645,0.13130500000000023,0.13130500000000023,0.12650000000000006,0.12650000000000006,0.13130500000000023,0.13130500000000023,0.13440152952855655,0.13440152952855655,0.10313185817670423,0.10313185817670423,0.12544615384615376,0.12544615384615376,-0.06728888753462581,0.06728888753462581,0.08619799999999866,0.08619799999999866,0.10306199999999954,0.10306199999999954,0.09833143210572715,0.09833143210572715,0.17619129029164515,0.17619129029164515
2024-11-12,2025-03-24,4.357,4.1832,SMA,4.332425,4.357,4.332425,4.334653764811551,4.314924688905406,4.3233461538461535,4.439556627747551,4.2815829999999995,4.299303999999999,4.312768918203428,4.4311539190148475,0.1492249999999995,0.1492249999999995,0.17379999999999995,0.17379999999999995,0.1492249999999995,0.1492249999999995,0.15145376481155104,0.15145376481155104,0.13172468890540578,0.13172468890540578,0.14014615384615325,0.14014615384615325,0.2563566277475511,0.2563566277475511,0.09838299999999922,0.09838299999999922,0.1161039999999991,0.1161039999999991,0.12956891820342786,0.12956891820342786,0.2479539190148472,0.2479539190148472
2024-11-13,2025-03-25,4.3416,4.1664,SMA,4.334865,4.3416,4.334865,4.335315311019976,4.308277830719152,4.3233461538461535,4.259028787262528,4.2753260000000015,4.293081999999999,4.302876156020686,4.407712952759353,0.16846499999999942,0.16846499999999942,0.17519999999999936,0.17519999999999936,0.16846499999999942,0.16846499999999942,0.16891531101997526,0.16891531101997526,0.14187783071915128,0.14187783071915128,0.15694615384615318,0.15694615384615318,0.09262878726252755,0.09262878726252755,0.10892600000000119,0.10892600000000119,0.12668199999999885,0.12668199999999885,0.1364761560206853,0.1364761560206853,0.24131295275935294,0.24131295275935294
2024-11-14,2025-03-26,4.3365,4.1686,SMA,4.337125,4.3365,4.337125,4.335428138541883,4.310905642724061,4.3233461538461535,4.172769595761206,4.27791,4.293061,4.3057691877505855,4.400689742163854,0.1685250000000007,0.1685250000000007,0.16790000000000038,0.16790000000000038,0.1685250000000007,0.1685250000000007,0.1668281385418835,0.1668281385418835,0.142305642724061,0.142305642724061,0.15474615384615387,0.15474615384615387,0.004169595761206679,0.004169595761206679,0.10931000000000068,0.10931000000000068,0.12446100000000015,0.12446100000000015,0.13716918775058584,0.13716918775058584,0.23208974216385414,0.23208974216385414
2024-11-15,2025-03-27,4.3198,4.1913,SMA,4.3383400000000005,4.3198,4.3383400000000005,4.333939744395037,4.295017164505402,4.3233461538461535,4.088158635578182,4.287287,4.294252,4.304750094804261,4.36351965400068,0.1470400000000005,0.1470400000000005,0.12849999999999984,0.12849999999999984,0.1470400000000005,0.1470400000000005,0.14263974439503713,0.14263974439503713,0.1037171645054018,0.1037171645054018,0.13204615384615348,0.13204615384615348,-0.10314136442181798,0.10314136442181798,0.09598700000000004,0.09598700000000004,0.10295200000000015,0.10295200000000015,0.11345009480426071,0.11345009480426071,0.1722196540006804,0.1722196540006804
2024-11-18,2025-03-28,4.332,4.1819,SMA,4.33907,4.332,4.33907,4.333755006833605,4.305508398919788,4.3233461538461535,4.2160238083460815,4.2852120000000005,4.292747,4.309313537766989,4.369455616497683,0.1571700000000007,0.1571700000000007,0.15010000000000012,0.15010000000000012,0.1571700000000007,0.1571700000000007,0.1518550068336051,0.1518550068336051,0.1236083989197887,0.1236083989197887,0.14144615384615378,0.14144615384615378,0.03412380834608175,0.03412380834608175,0.10331200000000074,0.10331200000000074,0.11084700000000058,0.11084700000000058,0.12741353776698894,0.12741353776698894,0.1875556164976837,0.1875556164976837
2024-11-19,2025-03-31,4.3308,4.1839,SMA,4.340369999999999,4.3308,4.340369999999999,4.333473577611357,4.306267384040141,4.3233461538461535,4.250152746301502,4.2894,4.302077000000001,4.283740718716058,4.359209024757261,0.15646999999999878,0.15646999999999878,0.1468999999999996,0.1468999999999996,0.15646999999999878,0.15646999999999878,0.14957357761135626,0.14957357761135626,0.12236738404014069,0.12236738404014069,0.1394461538461531,0.1394461538461531,0.06625274630150191,0.06625274630150191,0.10549999999999926,0.10549999999999926,0.1181770000000002,0.1181770000000002,0.09984071871605771,0.09984071871605771,0.17530902475726062,0.17530902475726062
2024-11-20,2025-04-01,4.3404,4.1818,SMA,4.3415,4.3404,4.3415,4.334133236886466,4.308416990286874,4.3233461538461535,4.113889106764063,4.298183,4.299337,4.327805419705444,4.364023527304458,0.15969999999999995,0.15969999999999995,0.15859999999999985,0.15859999999999985,0.15969999999999995,0.15969999999999995,0.1523332368864656,0.1523332368864656,0.12661699028687412,0.12661699028687412,0.14154615384615354,0.14154615384615354,-0.06791089323593713,0.06791089323593713,0.1163829999999999,0.1163829999999999,0.11753700000000045,0.11753700000000045,0.14600541970544434,0.14600541970544434,0.18222352730445834,0.18222352730445834
2024-11-21,2025-04-02,4.3469,4.1794,SMA,4.34305,4.3469,4.34305,4.335349119087755,4.304616263947731,4.3233461538461535,4.1994664825102515,4.294332,4.294686999999999,4.318166498756972,4.380771237901014,0.16364999999999963,0.16364999999999963,0.16749999999999954,0.16749999999999954,0.16364999999999963,0.16364999999999963,0.15594911908775444,0.15594911908775444,0.12521626394773033,0.12521626394773033,0.14394615384615328,0.14394615384615328,0.020066482510251227,0.020066482510251227,0.11493199999999959,0.11493199999999959,0.11528699999999859,0.11528699999999859,0.1387664987569721,0.1387664987569721,0.20137123790101352,0.20137123790101352
2024-11-22,2025-04-03,4.343,4.1791,SMA,4.3434800000000005,4.343,4.3434800000000005,4.336077774412731,4.303207003268687,4.3233461538461535,4.13800380824631,4.296495999999998,4.297537000000001,4.305142492227021,4.383992045031953,0.16438000000000041,0.16438000000000041,0.16389999999999993,0.16389999999999993,0.16438000000000041,0.16438000000000041,0.15697777441273075,0.15697777441273075,0.12410700326868707,0.12410700326868707,0.14424615384615347,0.14424615384615347,-0.04109619175368984,0.04109619175368984,0.11739599999999761,0.11739599999999761,0.11843700000000101,0.11843700000000101,0.1260424922270209,0.1260424922270209,0.20489204503195335,0.20489204503195335
2024-11-25,2025-04-04,4.3319,4.2403,SMA,4.343095,4.3319,4.343095,4.335679891135328,4.296739983307353,4.3233461538461535,4.2793592816556405,4.2886429999999995,4.293229000000002,4.310647905845592,4.34423088826246,0.10279499999999953,0.10279499999999953,0.09159999999999968,0.09159999999999968,0.10279499999999953,0.10279499999999953,0.09537989113532763,0.09537989113532763,0.056439983307353,0.056439983307353,0.0830461538461531,0.0830461538461531,0.0390592816556401,0.0390592816556401,0.04834299999999914,0.04834299999999914,0.05292900000000156,0.05292900000000156,0.07034790584559136,0.07034790584559136,0.10393088826245922,0.10393088826245922
2024-11-26,2025-04-07,4.3157,4.2975,SMA,4.341215,4.3157,4.341215,4.333777044360535,4.290237091088625,4.3233461538461535,4.31999429495152,4.290693999999998,4.294081000000001,4.310382460747989,4.2925082505490355,0.043714999999999726,0.043714999999999726,0.018199999999999328,0.018199999999999328,0.043714999999999726,0.043714999999999726,0.036277044360534916,0.036277044360534916,-0.007262908911375376,0.007262908911375376,0.025846153846153186,0.025846153846153186,0.02249429495152011,0.02249429495152011,-0.006806000000002754,0.006806000000002754,-0.0034189999999991727,0.0034189999999991727,0.012882460747988489,0.012882460747988489,-0.004991749450964811,0.004991749450964811
2024-11-27,2025-04-08,4.309,4.2946,SMA,4.339275,4.309,4.339275,4.331417325850008,4.284179565266558,4.3233461538461535,4.217910072350552,4.290900999999998,4.289636,4.2959050787255775,4.286057644448928,0.0446749999999998,0.0446749999999998,0.01440000000000019,0.01440000000000019,0.0446749999999998,0.0446749999999998,0.03681732585000841,0.03681732585000841,-0.010420434733442008,0.010420434733442008,0.028746153846153533,0.028746153846153533,-0.07668992764944793,0.07668992764944793,-0.003699000000001895,0.003699000000001895,-0.0049640000000001905,0.0049640000000001905,0.001305078725577502,0.001305078725577502,-0.008542355551072411,0.008542355551072411
2024-11-28,2025-04-09,4.3085,4.2818,SMA,4.336989999999999,4.3085,4.336989999999999,4.329234723388103,4.28342079836982,4.3233461538461535,4.241900355710914,4.289240000000001,4.299652000000001,4.293586787539501,4.286729394299221,0.05518999999999963,0.05518999999999963,0.026700000000000834,0.026700000000000834,0.05518999999999963,0.05518999999999963,0.04743472338810317,0.04743472338810317,0.0016207983698199868,0.0016207983698199868,0.0415461538461539,0.0415461538461539,-0.03989964428908532,0.03989964428908532,0.0074400000000016675,0.0074400000000016675,0.01785200000000131,0.01785200000000131,0.01178678753950102,0.01178678753950102,0.004929394299221457,0.004929394299221457
2024-11-29,2025-04-10,4.3043,4.2644,SMA,4.335455,4.3043,4.335455,4.326859987827331,4.287177573046097,4.3233461538461535,4.243301907252306,4.286626,4.296722,4.3051183693260135,4.264325576561605,0.07105499999999942,0.07105499999999942,0.03989999999999938,0.03989999999999938,0.07105499999999942,0.07105499999999942,0.06245998782733064,0.06245998782733064,0.0227775730460964,0.0227775730460964,0.058946153846153315,0.058946153846153315,-0.021098092747694253,0.021098092747694253,0.022225999999999857,0.022225999999999857,0.03232199999999974,0.03232199999999974,0.04071836932601336,0.04071836932601336,-7.442343839514365e-05,7.442343839514365e-05
2024-12-02,2025-04-11,4.2923,4.2972,SMA,4.332420000000001,4.2923,4.332420000000001,4.323568560415204,4.286013330664397,4.3233461538461535,4.323909046490872,4.291373999999999,4.289819,4.299296293247298,4.23945925086509,0.035220000000000695,0.035220000000000695,-0.0049000000000001265,0.0049000000000001265,0.035220000000000695,0.035220000000000695,0.026368560415203746,0.026368560415203746,-0.011186669335603305,0.011186669335603305,0.026146153846153375,0.026146153846153375,0.026709046490871913,0.026709046490871913,-0.005826000000000775,0.005826000000000775,-0.007381000000000526,0.007381000000000526,0.0020962932472974316,0.0020962932472974316,-0.05774074913491045,0.05774074913491045
2024-12-03,2025-04-14,4.2927,4.2776,SMA,4.32984,4.2927,4.32984,4.320628697518518,4.28294446219144,4.3233461538461535,4.404061930124028,4.297296000000002,4.292020999999999,4.3007816246237205,4.248788308952159,0.052240000000000286,0.052240000000000286,0.015100000000000335,0.015100000000000335,0.052240000000000286,0.052240000000000286,0.04302869751851812,0.04302869751851812,0.005344462191440691,0.005344462191440691,0.04574615384615388,0.04574615384615388,0.1264619301240284,0.1264619301240284,0.01969600000000238,0.01969600000000238,0.014420999999999573,0.014420999999999573,0.023181624623720865,0.023181624623720865,-0.028811691047840426,0.028811691047840426
2024-12-04,2025-04-15,4.2899,4.2767,SMA,4.3263,4.2899,4.3263,4.317702154897707,4.282722236185579,4.3233461538461535,4.2946479495505425,4.296746,4.293887999999999,4.303849649066243,4.255352536140055,0.049599999999999866,0.049599999999999866,0.013200000000000323,0.013200000000000323,0.049599999999999866,0.049599999999999866,0.041002154897706866,0.041002154897706866,0.006022236185579288,0.006022236185579288,0.04664615384615356,0.04664615384615356,0.017947949550542575,0.017947949550542575,0.020045999999999786,0.020045999999999786,0.017187999999999093,0.017187999999999093,0.027149649066243065,0.027149649066243065,-0.021347463859944682,0.021347463859944682
2024-12-05,2025-04-16,4.2695,4.3033,SMA,4.321465,4.2695,4.321465,4.313111473478878,4.276366208791825,4.3233461538461535,4.223721564531342,4.308037999999999,4.2993689999999996,4.3156637539619735,4.229974979004266,0.018164999999999765,0.018164999999999765,-0.033800000000000274,0.033800000000000274,0.018164999999999765,0.018164999999999765,0.009811473478877453,0.009811473478877453,-0.026933791208175073,0.026933791208175073,0.02004615384615338,0.02004615384615338,-0.07957843546865817,0.07957843546865817,0.004737999999998799,0.004737999999998799,-0.003931000000000573,0.003931000000000573,0.012363753961973423,0.012363753961973423,-0.07332502099573457,0.07332502099573457
2024-12-06,2025-04-17,4.2669,4.2879,SMA,4.317655,4.2669,4.317655,4.308710380766604,4.279190277852284,4.3233461538461535,4.207240455109245,4.315155000000001,4.298364,4.32508793683315,4.215673639155218,0.029755000000000642,0.029755000000000642,-0.020999999999999908,0.020999999999999908,0.029755000000000642,0.029755000000000642,0.02081038076660402,0.02081038076660402,-0.008709722147715482,0.008709722147715482,0.035446153846153905,0.035446153846153905,-0.08065954489075455,0.08065954489075455,0.02725500000000114,0.02725500000000114,0.010464000000000695,0.010464000000000695,0.037187936833150026,0.037187936833150026,-0.07222636084478129,0.07222636084478129
2024-12-09,2025-04-18,4.2581,4.2823,SMA,4.31434,4.2581,4.31434,4.303890344503118,4.278575369360459,4.3233461538461535,4.194456013954952,4.325778000000001,4.3129740000000005,4.394015842787498,4.215544271484638,0.0320399999999994,0.0320399999999994,-0.024200000000000443,0.024200000000000443,0.0320399999999994,0.0320399999999994,0.021590344503117365,0.021590344503117365,-0.0037246306395415374,0.0037246306395415374,0.04104615384615329,0.04104615384615329,-0.08784398604504862,0.08784398604504862,0.04347800000000035,0.04347800000000035,0.030674000000000312,0.030674000000000312,0.1117158427874978,0.1117158427874978,-0.06675572851536238,0.06675572851536238
2024-12-10,2025-04-22,4.2672,4.2801,SMA,4.30985,4.2672,4.30985,4.300396025979011,4.287493987894873,4.3233461538461535,4.352124825117725,4.325528,4.325922000000001,4.382252727868203,4.2420909199037915,0.029749999999999943,0.029749999999999943,-0.012900000000000134,0.012900000000000134,0.029749999999999943,0.029749999999999943,0.020296025979011034,0.020296025979011034,0.007393987894873,0.007393987894873,0.04324615384615349,0.04324615384615349,0.07202482511772512,0.07202482511772512,0.045428000000000246,0.045428000000000246,0.04582200000000114,0.04582200000000114,0.10215272786820329,0.10215272786820329,-0.038009080096208514,0.038009080096208514
2024-12-11,2025-04-23,4.2661,4.2893,SMA,4.306075,4.2661,4.306075,4.2971297377905335,4.294731198051886,4.3233461538461535,4.260063254843097,4.340107000000001,4.336069000000001,4.354377752741344,4.240760575491529,0.016774999999999984,0.016774999999999984,-0.02320000000000011,0.02320000000000011,0.016774999999999984,0.016774999999999984,0.007829737790533642,0.007829737790533642,0.005431198051885744,0.005431198051885744,0.034046153846153615,0.034046153846153615,-0.029236745156903332,0.029236745156903332,0.05080700000000071,0.05080700000000071,0.04676900000000117,0.04676900000000117,0.06507775274134442,0.06507775274134442,-0.04853942450847093,0.04853942450847093
2024-12-12,2025-04-24,4.2818,4.2789,SMA,4.30334,4.2818,4.30334,4.295669762762864,4.302792368308379,4.3233461538461535,4.333612127885484,4.347392,4.327447,4.388244690077059,4.253086785488144,0.02444000000000024,0.02444000000000024,0.0028999999999994586,0.0028999999999994586,0.02444000000000024,0.02444000000000024,0.01676976276286357,0.01676976276286357,0.023892368308378487,0.023892368308378487,0.04444615384615336,0.04444615384615336,0.05471212788548385,0.05471212788548385,0.068492,0.068492,0.04854700000000012,0.04854700000000012,0.10934469007705871,0.10934469007705871,-0.025813214511856586,0.025813214511856586
2024-12-13,2025-04-25,4.2722,4.2688,SMA,4.30096,4.2722,4.30096,4.293434547261639,4.289306847980203,4.3233461538461535,4.359408823937377,4.3531830000000005,4.330316,4.384566956843228,4.248303223088211,0.03216000000000019,0.03216000000000019,0.0034000000000000696,0.0034000000000000696,0.03216000000000019,0.03216000000000019,0.024634547261639383,0.024634547261639383,0.020506847980203524,0.020506847980203524,0.0545461538461538,0.0545461538461538,0.09060882393737746,0.09060882393737746,0.08438300000000076,0.08438300000000076,0.061516000000000126,0.061516000000000126,0.11576695684322846,0.11576695684322846,-0.02049677691178875,0.02049677691178875
2024-12-16,2025-04-28,4.2622,4.2766,SMA,4.29747,4.2622,4.29747,4.290459828474816,4.283990846651218,4.3233461538461535,4.396589918736799,4.368500999999999,4.318925999999999,4.382760044648743,4.22810081497214,0.0208699999999995,0.0208699999999995,-0.01440000000000019,0.01440000000000019,0.0208699999999995,0.0208699999999995,0.013859828474815927,0.013859828474815927,0.007390846651217586,0.007390846651217586,0.04674615384615333,0.04674615384615333,0.11998991873679898,0.11998991873679898,0.09190099999999912,0.09190099999999912,0.0423259999999992,0.0423259999999992,0.10616004464874251,0.10616004464874251,-0.048499185027860214,0.048499185027860214
2024-12-17,2025-04-29,4.2599,4.2646,SMA,4.293925,4.2599,4.293925,4.287549368620072,4.28188850566322,4.3233461538461535,4.357600226630348,4.358903999999999,4.329400999999999,4.405850353634295,4.21289234125519,0.029325000000000045,0.029325000000000045,-0.004699999999999704,0.004699999999999704,0.029325000000000045,0.029325000000000045,0.022949368620071908,0.022949368620071908,0.017288505663220377,0.017288505663220377,0.05874615384615378,0.05874615384615378,0.09300022663034824,0.09300022663034824,0.09430399999999928,0.09430399999999928,0.06480099999999922,0.06480099999999922,0.1412503536342955,0.1412503536342955,-0.051707658744809315,0.051707658744809315
2024-12-18,2025-04-30,4.2628,4.2778,SMA,4.290045,4.2628,4.290045,4.28519228589435,4.2831982309651355,4.3233461538461535,4.245822409575178,4.358971000000001,4.326829999999999,4.360663656316,4.22771001996649,0.012245000000000061,0.012245000000000061,-0.01499999999999968,0.01499999999999968,0.012245000000000061,0.012245000000000061,0.007392285894350259,0.007392285894350259,0.005398230965135475,0.005398230965135475,0.04554615384615346,0.04554615384615346,-0.03197759042482229,0.03197759042482229,0.08117100000000121,0.08117100000000121,0.04902999999999924,0.04902999999999924,0.08286365631600034,0.08286365631600034,-0.05008998003351017,0.05008998003351017
2024-12-19,2025-05-02,4.2633,4.275,SMA,4.285864999999999,4.2633,4.285864999999999,4.283107306285364,4.28042576602227,4.3233461538461535,4.3531446580913045,4.326295000000002,4.336725,4.3557416753810045,4.2399370265962695,0.010864999999999014,0.010864999999999014,-0.011700000000000266,0.011700000000000266,0.010864999999999014,0.010864999999999014,0.008107306285364047,0.008107306285364047,0.005425766022269407,0.005425766022269407,0.04834615384615315,0.04834615384615315,0.07814465809130411,0.07814465809130411,0.05129500000000142,0.05129500000000142,0.06172500000000003,0.06172500000000003,0.08074167538100419,0.08074167538100419,-0.03506297340373088,0.03506297340373088
2024-12-20,2025-05-05,4.2572,4.276,SMA,4.281574999999999,4.2572,4.281574999999999,4.280639943781996,4.28158991008278,4.3233461538461535,4.319533934034249,4.318805000000001,4.336014000000002,4.356322467140857,4.235144103228621,0.0055749999999994415,0.0055749999999994415,-0.018799999999999706,0.018799999999999706,0.0055749999999994415,0.0055749999999994415,0.004639943781996614,0.004639943781996614,0.005589910082780314,0.005589910082780314,0.047346153846153705,0.047346153846153705,0.0435339340342491,0.0435339340342491,0.042805000000001314,0.042805000000001314,0.060014000000002454,0.060014000000002454,0.08032246714085733,0.08032246714085733,-0.040855896771378575,0.040855896771378575
2024-12-23,2025-05-06,4.2621,4.2806,SMA,4.278085,4.2621,4.278085,4.278874234850378,4.279596547502026,4.3233461538461535,4.231823712167689,4.332437000000001,4.335746000000001,4.3590601281510395,4.2494755459322135,-0.002514999999999823,0.002514999999999823,-0.018499999999999517,0.018499999999999517,-0.002514999999999823,0.002514999999999823,-0.0017257651496214166,0.0017257651496214166,-0.0010034524979740667,0.0010034524979740667,0.04274615384615377,0.04274615384615377,-0.04877628783231103,0.04877628783231103,0.05183700000000169,0.05183700000000169,0.05514600000000147,0.05514600000000147,0.07846012815103975,0.07846012815103975,-0.03112445406778619,0.03112445406778619
2024-12-24,2025-05-07,4.2739,4.2757,SMA,4.275995,4.2739,4.275995,4.2784004981979615,4.285179375494499,4.3233461538461535,4.133709807136231,4.328206,4.342588000000001,4.3598105484573,4.281624609164551,0.0002950000000003783,0.0002950000000003783,-0.0017999999999993577,0.0017999999999993577,0.0002950000000003783,0.0002950000000003783,0.0027004981979619203,0.0027004981979619203,0.009479375494499287,0.009479375494499287,0.047646153846153894,0.047646153846153894,-0.14199019286376835,0.14199019286376835,0.052506000000000164,0.052506000000000164,0.06688800000000139,0.06688800000000139,0.08411054845730082,0.08411054845730082,0.0059246091645510646,0.0059246091645510646
2024-12-27,2025-05-08,4.2747,4.2714,SMA,4.27428,4.2747,4.27428,4.278048069798156,4.284137278131889,4.3233461538461535,4.376488153087001,4.334859000000001,4.350072999999998,4.367853383967121,4.2910632694950515,0.0028800000000002157,0.0028800000000002157,0.0033000000000003027,0.0033000000000003027,0.0028800000000002157,0.0028800000000002157,0.006648069798155909,0.006648069798155909,0.012737278131889518,0.012737278131889518,0.05194615384615364,0.05194615384615364,0.10508815308700115,0.10508815308700115,0.06345900000000082,0.06345900000000082,0.07867299999999844,0.07867299999999844,0.09645338396712155,0.09645338396712155,0.019663269495051594,0.019663269495051594
2024-12-30,2025-05-09,4.2738,4.2414,SMA,4.272545,4.2738,4.272545,4.277643491722141,4.2825436100761625,4.3233461538461535,4.420843654226838,4.314378000000001,4.341284000000001,4.370759064467687,4.286812684047175,0.031145000000000422,0.031145000000000422,0.032399999999999984,0.032399999999999984,0.031145000000000422,0.031145000000000422,0.03624349172214103,0.03624349172214103,0.04114361007616285,0.04114361007616285,0.08194615384615389,0.08194615384615389,0.17944365422683806,0.17944365422683806,0.07297800000000176,0.07297800000000176,0.0998840000000012,0.0998840000000012,0.1293590644676872,0.1293590644676872,0.045412684047175134,0.045412684047175134
2024-12-31,2025-05-12,4.273,4.2337,SMA,4.27098,4.273,4.27098,4.27720125441527,4.283750665292479,4.3233461538461535,4.315112422109845,4.318564,4.345367999999999,4.384007192482303,4.284806130749217,0.03727999999999998,0.03727999999999998,0.03929999999999989,0.03929999999999989,0.03727999999999998,0.03727999999999998,0.043501254415270196,0.043501254415270196,0.05005066529247948,0.05005066529247948,0.08964615384615371,0.08964615384615371,0.08141242210984512,0.08141242210984512,0.0848640000000005,0.0848640000000005,0.11166799999999899,0.11166799999999899,0.15030719248230362,0.15030719248230362,0.05110613074921755,0.05110613074921755
2025-01-02,2025-05-13,4.2668,4.2525,SMA,4.269705,4.2668,4.269705,4.276210658756673,4.2680898773258305,4.3233461538461535,4.336236254677527,4.312091999999998,4.349342999999999,4.344485831613666,4.281109601726085,0.017204999999999693,0.017204999999999693,0.014299999999999535,0.014299999999999535,0.017204999999999693,0.017204999999999693,0.023710658756672665,0.023710658756672665,0.01558987732583006,0.01558987732583006,0.07084615384615311,0.07084615384615311,0.08373625467752621,0.08373625467752621,0.05959199999999765,0.05959199999999765,0.0968429999999989,0.0968429999999989,0.09198583161366525,0.09198583161366525,0.0286096017260844,0.0286096017260844
2025-01-03,2025-05-14,4.2718,4.2455,SMA,4.26866,4.2718,4.26866,4.275790596017942,4.273004691670395,4.3233461538461535,4.28549315433127,4.292356999999999,4.332397000000001,4.3403703044109365,4.2780859224681835,0.023159999999999847,0.023159999999999847,0.02629999999999999,0.02629999999999999,0.023159999999999847,0.023159999999999847,0.030290596017942484,0.030290596017942484,0.027504691670395154,0.027504691670395154,0.07784615384615368,0.07784615384615368,0.039993154331270375,0.039993154331270375,0.04685699999999926,0.04685699999999926,0.08689700000000133,0.08689700000000133,0.09487030441093669,0.09487030441093669,0.0325859224681837,0.0325859224681837
2025-01-07,2025-05-15,4.2515,4.2378,SMA,4.26674,4.2515,4.26674,4.273477205920996,4.264200157249548,4.3233461538461535,4.30545045236658,4.299987999999998,4.343679000000001,4.3345860561919,4.226838426922843,0.02894000000000041,0.02894000000000041,0.013700000000000045,0.013700000000000045,0.02894000000000041,0.02894000000000041,0.03567720592099555,0.03567720592099555,0.02640015724954825,0.02640015724954825,0.0855461538461535,0.0855461538461535,0.06765045236658018,0.06765045236658018,0.062187999999998134,0.062187999999998134,0.10587900000000072,0.10587900000000072,0.09678605619189984,0.09678605619189984,-0.010961573077157283,0.010961573077157283
2025-01-08,2025-05-16,4.2656,4.2392,SMA,4.266545,4.2656,4.266545,4.272726995833282,4.266874592011505,4.3233461538461535,4.30649873528435,4.283512999999999,4.336886000000002,4.333591236090472,4.235443142530741,0.02734499999999951,0.02734499999999951,0.026399999999999757,0.026399999999999757,0.02734499999999951,0.02734499999999951,0.03352699583328178,0.03352699583328178,0.027674592011504906,0.027674592011504906,0.0841461538461532,0.0841461538461532,0.06729873528434993,0.06729873528434993,0.04431299999999894,0.04431299999999894,0.09768600000000127,0.09768600000000127,0.09439123609047151,0.09439123609047151,-0.003756857469259245,0.003756857469259245
2025-01-09,2025-05-19,4.2794,4.2785,SMA,4.267169999999999,4.2794,4.267169999999999,4.273362520039636,4.267522540885794,4.3233461538461535,4.327201172586438,4.273612999999998,4.345370000000002,4.339403184637313,4.271683158608082,-0.01133000000000095,0.01133000000000095,0.0008999999999996788,0.0008999999999996788,-0.01133000000000095,0.01133000000000095,-0.0051374799603642884,0.0051374799603642884,-0.010977459114205779,0.010977459114205779,0.044846153846153314,0.044846153846153314,0.04870117258643791,0.04870117258643791,-0.004887000000001862,0.004887000000001862,0.06687000000000154,0.06687000000000154,0.060903184637313146,0.060903184637313146,-0.006816841391918516,0.006816841391918516
2025-01-10,2025-05-20,4.2657,4.2497,SMA,4.26755,4.2657,4.26755,4.272632756226337,4.255211473162956,4.3233461538461535,4.401368639389199,4.267194999999998,4.343108,4.348477693114777,4.2520048497533525,0.017850000000000144,0.017850000000000144,0.016000000000000014,0.016000000000000014,0.017850000000000144,0.017850000000000144,0.022932756226337503,0.022932756226337503,0.005511473162956193,0.005511473162956193,0.0736461538461537,0.0736461538461537,0.15166863938919928,0.15166863938919928,0.017494999999998484,0.017494999999998484,0.09340800000000016,0.09340800000000016,0.09877769311477724,0.09877769311477724,0.0023048497533526557,0.0023048497533526557
2025-01-13,2025-05-21,4.2715,4.2403,SMA,4.267764999999999,4.2715,4.267764999999999,4.272524874680972,4.260546122979561,4.3233461538461535,4.209513257871997,4.275974999999998,4.357884000000001,4.350557988331364,4.267019814600595,0.02746499999999852,0.02746499999999852,0.03119999999999923,0.03119999999999923,0.02746499999999852,0.02746499999999852,0.03222487468097146,0.03222487468097146,0.020246122979560965,0.020246122979560965,0.0830461538461531,0.0830461538461531,-0.030786742128003475,0.030786742128003475,0.03567499999999768,0.03567499999999768,0.1175840000000008,0.1175840000000008,0.11025798833136324,0.11025798833136324,0.026719814600594916,0.026719814600594916
2025-01-14,2025-05-22,4.2737,4.2447,SMA,4.268145,4.2737,4.268145,4.272636791378022,4.265980795291349,4.3233461538461535,4.3724527496679855,4.263843999999999,4.343717000000001,4.337959985524647,4.265935102844843,0.023444999999999716,0.023444999999999716,0.028999999999999915,0.028999999999999915,0.023444999999999716,0.023444999999999716,0.027936791378022185,0.027936791378022185,0.021280795291349186,0.021280795291349186,0.07864615384615359,0.07864615384615359,0.12775274966798555,0.12775274966798555,0.01914399999999894,0.01914399999999894,0.0990170000000008,0.0990170000000008,0.09325998552464743,0.09325998552464743,0.021235102844842757,0.021235102844842757
2025-01-15,2025-05-23,4.2611,4.2541,SMA,4.26711,4.2611,4.26711,4.27153804934202,4.259311542128318,4.3233461538461535,4.312810559212561,4.2579649999999996,4.359099000000001,4.352890189500965,4.238013407048044,0.013009999999999522,0.013009999999999522,0.006999999999999673,0.006999999999999673,0.013009999999999522,0.013009999999999522,0.017438049342019646,0.017438049342019646,0.005211542128317426,0.005211542128317426,0.06924615384615329,0.06924615384615329,0.058710559212561186,0.058710559212561186,0.003864999999999341,0.003864999999999341,0.10499900000000117,0.10499900000000117,0.09879018950096441,0.09879018950096441,-0.01608659295195647,0.01608659295195647
2025-01-16,2025-05-26,4.262,4.2514,SMA,4.2666,4.262,4.2666,4.270629663690399,4.258478291998419,4.3233461538461535,4.35636348556581,4.249231999999999,4.355705000000001,4.345948118390763,4.24519895385849,0.015200000000000102,0.015200000000000102,0.010599999999999277,0.010599999999999277,0.015200000000000102,0.015200000000000102,0.0192296636903988,0.0192296636903988,0.0070782919984191395,0.0070782919984191395,0.07194615384615322,0.07194615384615322,0.10496348556580948,0.10496348556580948,-0.002168000000001058,0.002168000000001058,0.10430500000000098,0.10430500000000098,0.0945481183907626,0.0945481183907626,-0.006201046141510069,0.006201046141510069
2025-01-17,2025-05-27,4.2691,4.2479,SMA,4.266945,4.2691,4.266945,4.270483981434171,4.257607310946726,4.3233461538461535,4.3710664763822535,4.245462999999999,4.355693,4.350896111505886,4.259391770018829,0.0190450000000002,0.0190450000000002,0.02120000000000033,0.02120000000000033,0.0190450000000002,0.0190450000000002,0.022583981434171285,0.022583981434171285,0.009707310946726722,0.009707310946726722,0.07544615384615394,0.07544615384615394,0.12316647638225398,0.12316647638225398,-0.0024370000000004666,0.0024370000000004666,0.10779300000000003,0.10779300000000003,0.10299611150588639,0.10299611150588639,0.011491770018829506,0.011491770018829506
2025-01-20,2025-05-28,4.2587,4.2447,SMA,4.266885,4.2587,4.266885,4.269361697488059,4.2558397234684655,4.3233461538461535,4.2640674453096175,4.248781,4.348344000000001,4.359880596247475,4.23973290982791,0.022185000000000343,0.022185000000000343,0.014000000000000234,0.014000000000000234,0.022185000000000343,0.022185000000000343,0.024661697488059353,0.024661697488059353,0.01113972346846559,0.01113972346846559,0.07864615384615359,0.07864615384615359,0.019367445309617537,0.019367445309617537,0.004081000000000223,0.004081000000000223,0.10364400000000096,0.10364400000000096,0.11518059624747501,0.11518059624747501,-0.004967090172089961,0.004967090172089961
2025-01-21,2025-05-29,4.2554,4.2369,SMA,4.266515,4.2554,4.266515,4.2680320120130055,4.2575494018001905,4.3233461538461535,4.388838601748571,4.248982000000001,4.360635000000001,4.352586369438731,4.22500717870453,0.029614999999999725,0.029614999999999725,0.018499999999999517,0.018499999999999517,0.029614999999999725,0.029614999999999725,0.031132012013005195,0.031132012013005195,0.020649401800190148,0.020649401800190148,0.08644615384615317,0.08644615384615317,0.15193860174857043,0.15193860174857043,0.01208200000000037,0.01208200000000037,0.12373500000000082,0.12373500000000082,0.11568636943873045,0.11568636943873045,-0.011892821295470313,0.011892821295470313
2025-01-22,2025-05-30,4.2461,4.2507,SMA,4.265655000000001,4.2461,4.265655000000001,4.265943248964148,4.247200700063193,4.3233461538461535,4.2683028287328035,4.272442999999999,4.366669000000003,4.354799228089745,4.211330871908397,0.014955000000000496,0.014955000000000496,-0.0045999999999999375,0.0045999999999999375,0.014955000000000496,0.014955000000000496,0.01524324896414786,0.01524324896414786,-0.0034992999368075317,0.0034992999368075317,0.07264615384615336,0.07264615384615336,0.01760282873280339,0.01760282873280339,0.021742999999998958,0.021742999999998958,0.11596900000000243,0.11596900000000243,0.10409922808974503,0.10409922808974503,-0.03936912809160287,0.03936912809160287
2025-01-23,2025-06-02,4.2182,4.2578,SMA,4.263705,4.2182,4.263705,4.261396272872324,4.237957923973955,4.3233461538461535,4.265250839116231,4.269831999999998,4.338174,4.332071023920665,4.163294293996166,0.005905000000000271,0.005905000000000271,-0.03959999999999919,0.03959999999999919,0.005905000000000271,0.005905000000000271,0.0035962728723246684,0.0035962728723246684,-0.019842076026044708,0.019842076026044708,0.06554615384615392,0.06554615384615392,0.007450839116231123,0.007450839116231123,0.01203199999999871,0.01203199999999871,0.08037400000000083,0.08037400000000083,0.07427102392066498,0.07427102392066498,-0.0945057060038339,0.0945057060038339
2025-01-24,2025-06-03,4.21,4.2721,SMA,4.2611,4.21,4.2611,4.256501389741627,4.242291402605686,4.3233461538461535,4.329763736945344,4.266783000000001,4.344311000000001,4.3308016043493085,4.1345312896092405,-0.01100000000000012,0.01100000000000012,-0.062100000000000044,0.062100000000000044,-0.01100000000000012,0.01100000000000012,-0.015598610258373391,0.015598610258373391,-0.02980859739431363,0.02980859739431363,0.0512461538461535,0.0512461538461535,0.05766373694534366,0.05766373694534366,-0.005316999999998906,0.005316999999998906,0.07221100000000114,0.07221100000000114,0.05870160434930849,0.05870160434930849,-0.13756871039075946,0.13756871039075946
2025-01-27,2025-06-04,4.2176,4.2778,SMA,4.258285,4.2176,4.258285,4.252796495480519,4.252972105108416,4.3233461538461535,4.314718338546147,4.258579,4.353910999999999,4.315723532806111,4.142716229887148,-0.01951500000000017,0.01951500000000017,-0.06020000000000003,0.06020000000000003,-0.01951500000000017,0.01951500000000017,-0.02500350451948119,0.02500350451948119,-0.0248278948915841,0.0248278948915841,0.04554615384615346,0.04554615384615346,0.03691833854614668,0.03691833854614668,-0.019220999999999933,0.019220999999999933,0.07611099999999915,0.07611099999999915,0.03792353280611138,0.03792353280611138,-0.13508377011285244,0.13508377011285244
2025-01-28,2025-06-05,4.2092,4.2791,SMA,4.25501,4.2092,4.25501,4.248644448291898,4.252269770857967,4.3233461538461535,4.38167569285654,4.250275000000001,4.348799000000002,4.310767925592117,4.127259940056526,-0.02408999999999928,0.02408999999999928,-0.06989999999999963,0.06989999999999963,-0.02408999999999928,0.02408999999999928,-0.030455551708101325,0.030455551708101325,-0.026830229142032813,0.026830229142032813,0.044246153846153824,0.044246153846153824,0.10257569285654,0.10257569285654,-0.028824999999998546,0.028824999999998546,0.06969900000000262,0.06969900000000262,0.031667925592117285,0.031667925592117285,-0.15184005994347327,0.15184005994347327
2025-01-29,2025-06-06,4.2077,4.2881,SMA,4.251704999999999,4.2077,4.251704999999999,4.244744977026003,4.255169412191544,4.3233461538461535,4.358814397505331,4.287654,4.3461880000000015,4.331067682019771,4.11982307544639,-0.03639500000000062,0.03639500000000062,-0.08040000000000003,0.08040000000000003,-0.03639500000000062,0.03639500000000062,-0.04335502297399696,0.04335502297399696,-0.03293058780845559,0.03293058780845559,0.03524615384615348,0.03524615384615348,0.0707143975053306,0.0707143975053306,-0.0004460000000001685,0.0004460000000001685,0.05808800000000147,0.05808800000000147,0.0429676820197713,0.0429676820197713,-0.1682769245536102,0.1682769245536102
2025-01-30,2025-06-09,4.2039,4.2772,SMA,4.2482500000000005,4.2039,4.2482500000000005,4.240854979214003,4.249918010310474,4.3233461538461535,4.344862716133495,4.26688,4.3233570000000014,4.312286238226032,4.111216629332711,-0.028949999999999143,0.028949999999999143,-0.0732999999999997,0.0732999999999997,-0.028949999999999143,0.028949999999999143,-0.03634502078599677,0.03634502078599677,-0.027281989689525332,0.027281989689525332,0.04614615384615384,0.04614615384615384,0.06766271613349506,0.06766271613349506,-0.010320000000000107,0.010320000000000107,0.04615700000000178,0.04615700000000178,0.03508623822603241,0.03508623822603241,-0.16598337066728863,0.16598337066728863
2025-01-31,2025-06-10,4.213,4.2611,SMA,4.245559999999999,4.213,4.245559999999999,4.238202124050765,4.248927233947001,4.3233461538461535,4.476998149782469,4.268043000000002,4.316364,4.2757749801674425,4.135913813854304,-0.015540000000000553,0.015540000000000553,-0.04809999999999981,0.04809999999999981,-0.015540000000000553,0.015540000000000553,-0.022897875949235313,0.022897875949235313,-0.012172766052999329,0.012172766052999329,0.06224615384615362,0.06224615384615362,0.21589814978246924,0.21589814978246924,0.006943000000002364,0.006943000000002364,0.0552640000000002,0.0552640000000002,0.01467498016744262,0.01467498016744262,-0.12518618614569554,0.12518618614569554
2025-02-03,2025-06-11,4.2305,4.2643,SMA,4.243495,4.2305,4.243495,4.237468588426882,4.265854347907178,4.3233461538461535,4.370450787833571,4.314456,4.3134440000000005,4.273436593038196,4.179232521980709,-0.020805000000000184,0.020805000000000184,-0.033800000000000274,0.033800000000000274,-0.020805000000000184,0.020805000000000184,-0.026831411573118302,0.026831411573118302,0.0015543479071773447,0.0015543479071773447,0.05904615384615308,0.05904615384615308,0.10615078783357035,0.10615078783357035,0.05015599999999942,0.05015599999999942,0.049144000000000077,0.049144000000000077,0.009136593038195251,0.009136593038195251,-0.08506747801929126,0.08506747801929126
2025-02-04,2025-06-12,4.2249,4.2631,SMA,4.242165,4.2249,4.242165,4.236271580005274,4.262938126183332,4.3233461538461535,4.510485837629188,4.339923999999999,4.304485000000001,4.266509087831593,4.175050435489161,-0.020934999999999704,0.020934999999999704,-0.03819999999999979,0.03819999999999979,-0.020934999999999704,0.020934999999999704,-0.026828419994725294,0.026828419994725294,-0.00016187381666732392,0.00016187381666732392,0.06024615384615384,0.06024615384615384,0.24738583762918864,0.24738583762918864,0.07682399999999934,0.07682399999999934,0.04138500000000089,0.04138500000000089,0.003409087831593105,0.003409087831593105,-0.08804956451083878,0.08804956451083878
2025-02-05,2025-06-13,4.2059,4.272,SMA,4.23918,4.2059,4.23918,4.233379048576201,4.249805861869129,4.3233461538461535,4.249431167866332,4.370011999999998,4.304135,4.26555545065871,4.156533330940998,-0.03282000000000007,0.03282000000000007,-0.06610000000000049,0.06610000000000049,-0.03282000000000007,0.03282000000000007,-0.03862095142379918,0.03862095142379918,-0.02219413813087101,0.02219413813087101,0.051346153846153264,0.051346153846153264,-0.022568832133668337,0.022568832133668337,0.09801199999999799,0.09801199999999799,0.03213499999999936,0.03213499999999936,-0.006444549341289907,0.006444549341289907,-0.11546666905900249,0.11546666905900249
2025-02-06,2025-06-16,4.2073,4.2612,SMA,4.235575,4.2073,4.235575,4.230895329664183,4.251897787554031,4.3233461538461535,4.4411099692511495,4.371218999999998,4.309228,4.29098814529067,4.160152091084511,-0.025624999999999787,0.025624999999999787,-0.053899999999999615,0.053899999999999615,-0.025624999999999787,0.025624999999999787,-0.030304670335816297,0.030304670335816297,-0.009302212445968294,0.009302212445968294,0.06214615384615385,0.06214615384615385,0.17990996925114988,0.17990996925114988,0.11001899999999853,0.11001899999999853,0.048028000000000404,0.048028000000000404,0.029788145290670087,0.029788145290670087,-0.10104790891548898,0.10104790891548898
2025-02-07,2025-06-17,4.1898,4.275,SMA,4.23178,4.1898,4.23178,4.226981488743784,4.241268292520705,4.3233461538461535,4.426984908262135,4.334897000000001,4.2913049999999995,4.289514038784254,4.13303541042654,-0.0432200000000007,0.0432200000000007,-0.08520000000000039,0.08520000000000039,-0.0432200000000007,0.0432200000000007,-0.04801851125621592,0.04801851125621592,-0.0337317074792951,0.0337317074792951,0.04834615384615315,0.04834615384615315,0.1519849082621345,0.1519849082621345,0.05989700000000031,0.05989700000000031,0.016304999999999126,0.016304999999999126,0.01451403878425328,0.01451403878425328,-0.14196458957346003,0.14196458957346003
2025-02-10,2025-06-18,4.1872,4.2717,SMA,4.227565,4.1872,4.227565,4.223192775530091,4.246516026614311,4.3233461538461535,4.349317294908733,4.334992,4.275705999999999,4.336123094318088,4.110805131996296,-0.04413499999999981,0.04413499999999981,-0.08450000000000024,0.08450000000000024,-0.04413499999999981,0.04413499999999981,-0.04850722446990918,0.04850722446990918,-0.025183973385688674,0.025183973385688674,0.05164615384615345,0.05164615384615345,0.07761729490873304,0.07761729490873304,0.06329199999999968,0.06329199999999968,0.004005999999998622,0.004005999999998622,0.06442309431808813,0.06442309431808813,-0.16089486800370434,0.16089486800370434
2025-02-11,2025-06-20,4.1783,4.2709,SMA,4.222795,4.1783,4.222795,4.218917273098653,4.244139514043956,4.3233461538461535,4.2852494063352164,4.32536,4.279341,4.293933637614547,4.096836838936189,-0.04810500000000051,0.04810500000000051,-0.09260000000000002,0.09260000000000002,-0.04810500000000051,0.04810500000000051,-0.051982726901346865,0.051982726901346865,-0.026760485956043745,0.026760485956043745,0.052446153846153365,0.052446153846153365,0.014349406335216308,0.014349406335216308,0.05445999999999973,0.05445999999999973,0.008440999999999477,0.008440999999999477,0.023033637614546798,0.023033637614546798,-0.17406316106381148,0.17406316106381148
2025-02-12,2025-06-23,4.1721,4.2727,SMA,4.218345,4.1721,4.218345,4.214458485184496,4.237754635000995,4.3233461538461535,4.324126904780195,4.268207999999999,4.270274999999999,4.281502789783127,4.090411933919209,-0.05435500000000015,0.05435500000000015,-0.10060000000000002,0.10060000000000002,-0.05435500000000015,0.05435500000000015,-0.05824151481550466,0.05824151481550466,-0.03494536499900569,0.03494536499900569,0.05064615384615312,0.05064615384615312,0.05142690478019496,0.05142690478019496,-0.004492000000001717,0.004492000000001717,-0.0024250000000014538,0.0024250000000014538,0.008802789783126208,0.008802789783126208,-0.1822880660807913,0.1822880660807913
2025-02-13,2025-06-24,4.1652,4.2604,SMA,4.213505,4.1652,4.213505,4.209767200881211,4.236168873990673,4.3233461538461535,4.318973566715572,4.261360999999999,4.264107,4.256413287748227,4.0785590616307665,-0.04689500000000013,0.04689500000000013,-0.09520000000000017,0.09520000000000017,-0.04689500000000013,0.04689500000000013,-0.05063279911878915,0.05063279911878915,-0.024231126009326864,0.024231126009326864,0.06294615384615376,0.06294615384615376,0.058573566715572234,0.058573566715572234,0.0009609999999993235,0.0009609999999993235,0.003707000000000349,0.003707000000000349,-0.003986712251772495,0.003986712251772495,-0.1818409383692332,0.1818409383692332
2025-02-14,2025-06-25,4.1632,4.2479,SMA,4.20821,4.1632,4.20821,4.2053322293687145,4.233972847972897,4.3233461538461535,4.2660259144826345,4.260532999999998,4.263406,4.263591021730069,4.071573044604418,-0.03968999999999934,0.03968999999999934,-0.08469999999999978,0.08469999999999978,-0.03968999999999934,0.03968999999999934,-0.04256777063128503,0.04256777063128503,-0.013927152027102707,0.013927152027102707,0.07544615384615394,0.07544615384615394,0.018125914482634897,0.018125914482634897,0.01263299999999834,0.01263299999999834,0.015506000000000242,0.015506000000000242,0.015691021730069643,0.015691021730069643,-0.17632695539558174,0.17632695539558174
2025-02-17,2025-06-26,4.1635,4.2479,SMA,4.20345,4.1635,4.20345,4.201348207524076,4.234897847334819,4.3233461538461535,4.292921350719785,4.259741999999999,4.254466,4.2657752939030065,4.064064706874987,-0.044449999999999434,0.044449999999999434,-0.08439999999999959,0.08439999999999959,-0.044449999999999434,0.044449999999999434,-0.046551792475924,0.046551792475924,-0.013002152665180233,0.013002152665180233,0.07544615384615394,0.07544615384615394,0.04502135071978586,0.04502135071978586,0.011841999999999686,0.011841999999999686,0.006566000000000294,0.006566000000000294,0.017875293903006906,0.017875293903006906,-0.18383529312501246,0.18383529312501246
2025-02-18,2025-06-27,4.1574,4.2362,SMA,4.19855,4.1574,4.19855,4.197162663950354,4.22859321682784,4.3233461538461535,4.301861430626774,4.265563999999999,4.263890000000001,4.245949376656116,4.057563281569845,-0.03765000000000018,0.03765000000000018,-0.0788000000000002,0.0788000000000002,-0.03765000000000018,0.03765000000000018,-0.03903733604964632,0.03903733604964632,-0.007606783172160014,0.007606783172160014,0.08714615384615332,0.08714615384615332,0.06566143062677376,0.06566143062677376,0.02936399999999839,0.02936399999999839,0.02769000000000066,0.02769000000000066,0.009749376656115416,0.009749376656115416,-0.17863671843015538,0.17863671843015538
2025-02-19,2025-06-30,4.1582,4.2419,SMA,4.194155,4.1582,4.194155,4.19345193405032,4.228406292615867,4.3233461538461535,4.366545175769126,4.265502999999999,4.264287,4.240363299554701,4.063319054643433,-0.047744999999999926,0.047744999999999926,-0.08370000000000033,0.08370000000000033,-0.047744999999999926,0.047744999999999926,-0.048448065949679986,0.048448065949679986,-0.013493707384133025,0.013493707384133025,0.08144615384615328,0.08144615384615328,0.1246451757691256,0.1246451757691256,0.02360299999999871,0.02360299999999871,0.022387000000000157,0.022387000000000157,-0.0015367004452988553,0.0015367004452988553,-0.17858094535656743,0.17858094535656743
2025-02-20,2025-07-01,4.1723,4.2415,SMA,4.19186,4.1723,4.19186,4.191437464140766,4.2409659970771685,4.3233461538461535,4.398653312004134,4.275765999999999,4.265189000000001,4.25807634567717,4.088349026474013,-0.04964000000000013,0.04964000000000013,-0.06920000000000037,0.06920000000000037,-0.04964000000000013,0.04964000000000013,-0.050062535859233925,0.050062535859233925,-0.0005340029228317889,0.0005340029228317889,0.08184615384615324,0.08184615384615324,0.15715331200413374,0.15715331200413374,0.0342659999999988,0.0342659999999988,0.02368900000000096,0.02368900000000096,0.016576345677170146,0.016576345677170146,-0.15315097352598706,0.15315097352598706
2025-02-21,2025-07-02,4.1705,4.25,SMA,4.189885,4.1705,4.189885,4.189443419936884,4.239217647912075,4.3233461538461535,4.338217562019654,4.280105999999999,4.257693,4.25892489067294,4.088602811287043,-0.060114999999999696,0.060114999999999696,-0.07950000000000035,0.07950000000000035,-0.060114999999999696,0.060114999999999696,-0.06055658006311582,0.06055658006311582,-0.010782352087924885,0.010782352087924885,0.0733461538461535,0.0733461538461535,0.08821756201965414,0.08821756201965414,0.030105999999999078,0.030105999999999078,0.007692999999999728,0.007692999999999728,0.008924890672940222,0.008924890672940222,-0.16139718871295727,0.16139718871295727
2025-02-24,2025-07-03,4.1609,4.2634,SMA,4.18705,4.1609,4.18705,4.186724998990514,4.227029131383986,4.3233461538461535,4.136794038650818,4.285358999999999,4.254907000000001,4.259025963519185,4.069395867568109,-0.0763499999999997,0.0763499999999997,-0.10250000000000004,0.10250000000000004,-0.0763499999999997,0.0763499999999997,-0.07667500100948565,0.07667500100948565,-0.036370868616013574,0.036370868616013574,0.05994615384615365,0.05994615384615365,-0.12660596134918212,0.12660596134918212,0.02195899999999895,0.02195899999999895,-0.008492999999998752,0.008492999999998752,-0.0043740364808151355,0.0043740364808151355,-0.19400413243189085,0.19400413243189085
2025-02-25,2025-07-04,4.1339,4.2515,SMA,4.183285,4.1339,4.183285,4.181694046705704,4.2080235451114785,4.3233461538461535,4.2778687876646035,4.275263,4.247466000000002,4.245625664173724,4.028115454216195,-0.06821500000000036,0.06821500000000036,-0.11760000000000037,0.11760000000000037,-0.06821500000000036,0.06821500000000036,-0.06980595329429562,0.06980595329429562,-0.04347645488852159,0.04347645488852159,0.07184615384615345,0.07184615384615345,0.026368787664603488,0.026368787664603488,0.023762999999999757,0.023762999999999757,-0.004033999999998095,0.004033999999998095,-0.0058743358262765,0.0058743358262765,-0.22338454578380507,0.22338454578380507
2025-02-26,2025-07-07,4.1394,4.2524,SMA,4.17987,4.1394,4.17987,4.177666042257541,4.208279639836367,4.3233461538461535,4.355980019679905,4.264096,4.245262,4.237595214241925,4.030595290587156,-0.07252999999999954,0.07252999999999954,-0.11299999999999955,0.11299999999999955,-0.07252999999999954,0.07252999999999954,-0.07473395774245883,0.07473395774245883,-0.04412036016363263,0.04412036016363263,0.07094615384615377,0.07094615384615377,0.10358001967990482,0.10358001967990482,0.011696000000000595,0.011696000000000595,-0.007137999999999423,0.007137999999999423,-0.014804785758074424,0.014804785758074424,-0.2218047094128437,0.2218047094128437
2025-02-27,2025-07-08,4.1371,4.2455,SMA,4.17653,4.1371,4.17653,4.173802609661585,4.21005020209049,4.3233461538461535,4.277005300788627,4.249439,4.251938999999999,4.223822988829346,4.026890886364627,-0.0689700000000002,0.0689700000000002,-0.10839999999999961,0.10839999999999961,-0.0689700000000002,0.0689700000000002,-0.07169739033841527,0.07169739033841527,-0.03544979790950986,0.03544979790950986,0.07784615384615368,0.07784615384615368,0.03150530078862701,0.03150530078862701,0.003938999999999915,0.003938999999999915,0.006438999999999417,0.006438999999999417,-0.021677011170654126,0.021677011170654126,-0.21860911363537294,0.21860911363537294
2025-02-28,2025-07-09,4.1575,4.2399,SMA,4.173755,4.1575,4.173755,4.172249980170005,4.222224487388102,4.3233461538461535,4.263609622722566,4.251345999999999,4.248863000000001,4.218469513642595,4.0578334950338,-0.06614499999999968,0.06614499999999968,-0.0823999999999998,0.0823999999999998,-0.06614499999999968,0.06614499999999968,-0.06765001982999497,0.06765001982999497,-0.01767551261189748,0.01767551261189748,0.08344615384615395,0.08344615384615395,0.02370962272256616,0.02370962272256616,0.011445999999999401,0.011445999999999401,0.008963000000001387,0.008963000000001387,-0.021430486357404632,0.021430486357404632,-0.18206650496619936,0.18206650496619936
2025-03-03,2025-07-10,4.1827,4.2464,SMA,4.171365,4.1827,4.171365,4.173245220153814,4.241878806239157,4.3233461538461535,4.168294934787365,4.246765,4.256753,4.221132050110633,4.100720682379891,-0.07503500000000063,0.07503500000000063,-0.06370000000000076,0.06370000000000076,-0.07503500000000063,0.07503500000000063,-0.07315477984618646,0.07315477984618646,-0.004521193760843367,0.004521193760843367,0.07694615384615311,0.07694615384615311,-0.07810506521263516,0.07810506521263516,0.0003649999999995046,0.0003649999999995046,0.01035299999999939,0.01035299999999939,-0.025267949889367536,0.025267949889367536,-0.14567931762010922,0.14567931762010922
2025-03-04,2025-07-11,4.1568,4.2563,SMA,4.16796,4.1568,4.16796,4.171679008710593,4.219270217776736,4.3233461538461535,4.215458566358178,4.263245999999999,4.262201,4.218854951424891,4.051257121642233,-0.08834000000000053,0.08834000000000053,-0.09950000000000081,0.09950000000000081,-0.08834000000000053,0.08834000000000053,-0.08462099128940714,0.08462099128940714,-0.03702978222326436,0.03702978222326436,0.06704615384615309,0.06704615384615309,-0.040841433641822356,0.040841433641822356,0.006945999999998342,0.006945999999998342,0.005900999999999712,0.005900999999999712,-0.03744504857510922,0.03744504857510922,-0.20504287835776758,0.20504287835776758
2025-03-05,2025-07-14,4.1545,4.2614,SMA,4.16539,4.1545,4.16539,4.170042912642918,4.218769090235223,4.3233461538461535,4.376282507648062,4.2594579999999995,4.2667470000000005,4.2198873054318335,4.051541792583492,-0.0960099999999997,0.0960099999999997,-0.10690000000000044,0.10690000000000044,-0.0960099999999997,0.0960099999999997,-0.09135708735708192,0.09135708735708192,-0.042630909764777236,0.042630909764777236,0.06194615384615343,0.06194615384615343,0.11488250764806196,0.11488250764806196,-0.0019420000000005544,0.0019420000000005544,0.005347000000000435,0.005347000000000435,-0.04151269456816653,0.04151269456816653,-0.2098582074165085,0.2098582074165085
2025-03-06,2025-07-15,4.1766,4.2538,SMA,4.163855,4.1766,4.163855,4.1706673971531165,4.226808737610538,4.3233461538461535,4.266436335717302,4.260556999999999,4.2655319999999985,4.22126710533417,4.095839874800336,-0.08994500000000016,0.08994500000000016,-0.07720000000000038,0.07720000000000038,-0.08994500000000016,0.08994500000000016,-0.08313260284688351,0.08313260284688351,-0.026991262389461923,0.026991262389461923,0.06954615384615348,0.06954615384615348,0.012636335717301606,0.012636335717301606,0.00675699999999857,0.00675699999999857,0.011731999999998521,0.011731999999998521,-0.03253289466583009,0.03253289466583009,-0.15796012519966407,0.15796012519966407
2025-03-07,2025-07-16,4.176,4.2585,SMA,4.163165,4.176,4.163165,4.171175264090914,4.224098137045998,4.3233461538461535,4.304187708119363,4.265879999999999,4.265579999999999,4.221541526087886,4.097541962752988,-0.0953349999999995,0.0953349999999995,-0.08249999999999957,0.08249999999999957,-0.0953349999999995,0.0953349999999995,-0.0873247359090854,0.0873247359090854,-0.034401862954001494,0.034401862954001494,0.06484615384615378,0.06484615384615378,0.04568770811936318,0.04568770811936318,0.007379999999999498,0.007379999999999498,0.007079999999999309,0.007079999999999309,-0.036958473912113377,0.036958473912113377,-0.16095803724701163,0.16095803724701163
2025-03-10,2025-07-17,4.1857,4.2559,SMA,4.16309,4.1857,4.16309,4.172558572272732,4.232917339484396,4.3233461538461535,4.146329163919896,4.269712999999999,4.273779000000001,4.22783627154079,4.115685544409884,-0.09280999999999917,0.09280999999999917,-0.07019999999999982,0.07019999999999982,-0.09280999999999917,0.09280999999999917,-0.08334142772726771,0.08334142772726771,-0.022982660515603826,0.022982660515603826,0.06744615384615393,0.06744615384615393,-0.10957083608010354,0.10957083608010354,0.013812999999999853,0.013812999999999853,0.017879000000001533,0.017879000000001533,-0.02806372845920979,0.02806372845920979,-0.14021445559011525,0.14021445559011525
2025-03-11,2025-07-18,4.1977,4.2509,SMA,4.16406,4.1977,4.16406,4.174952993961044,4.237250963056042,4.3233461538461535,4.23668446614256,4.264890999999998,4.272044000000002,4.231757994826934,4.1396373115359415,-0.08683999999999958,0.08683999999999958,-0.05319999999999947,0.05319999999999947,-0.08683999999999958,0.08683999999999958,-0.07594700603895532,0.07594700603895532,-0.013649036943957249,0.013649036943957249,0.07244615384615383,0.07244615384615383,-0.014215533857440121,0.014215533857440121,0.013990999999998088,0.013990999999998088,0.021144000000002272,0.021144000000002272,-0.019142005173065968,0.019142005173065968,-0.11126268846405818,0.11126268846405818
2025-03-12,2025-07-21,4.2017,4.2445,SMA,4.16554,4.2017,4.16554,4.177500327869515,4.237464817835288,4.3233461538461535,4.368771449568181,4.268501999999997,4.275748999999999,4.240484871514323,4.140973058766187,-0.07896000000000036,0.07896000000000036,-0.042800000000000615,0.042800000000000615,-0.07896000000000036,0.07896000000000036,-0.06699967213048552,0.06699967213048552,-0.007035182164712772,0.007035182164712772,0.07884615384615312,0.07884615384615312,0.12427144956818026,0.12427144956818026,0.024001999999996748,0.024001999999996748,0.031248999999998972,0.031248999999998972,-0.004015128485677089,0.004015128485677089,-0.10352694123381312,0.10352694123381312
2025-03-13,2025-07-22,4.196,4.2531,SMA,4.16708,4.196,4.16708,4.179262201405751,4.2353397637434185,4.3233461538461535,4.252598076230946,4.275411,4.284999,4.243142735842093,4.132716604469901,-0.08601999999999954,0.08601999999999954,-0.05710000000000015,0.05710000000000015,-0.08601999999999954,0.08601999999999954,-0.07383779859424866,0.07383779859424866,-0.017760236256581408,0.017760236256581408,0.07024615384615363,0.07024615384615363,-0.0005019237690540024,0.0005019237690540024,0.022311000000000192,0.022311000000000192,0.03189900000000012,0.03189900000000012,-0.009957264157907098,0.009957264157907098,-0.1203833955300988,0.1203833955300988
2025-03-14,2025-07-23,4.179,4.2544,SMA,4.16787,4.179,4.16787,4.179237229843299,4.228357885672381,4.3233461538461535,4.309894885109664,4.2763420000000005,4.282985,4.2395234643038595,4.112680742125032,-0.08653000000000066,0.08653000000000066,-0.07540000000000013,0.07540000000000013,-0.08653000000000066,0.08653000000000066,-0.0751627701567017,0.0751627701567017,-0.026042114327619714,0.026042114327619714,0.0689461538461531,0.0689461538461531,0.05549488510966327,0.05549488510966327,0.021942000000000128,0.021942000000000128,0.02858499999999964,0.02858499999999964,-0.014876535696140891,0.014876535696140891,-0.14171925787496864,0.14171925787496864
2025-03-17,2025-07-24,4.1777,4.2514,SMA,4.16858,4.1777,4.16858,4.17909082700108,4.227225445978537,4.3233461538461535,4.119899764071796,4.275409,4.278766000000001,4.239398986997742,4.112080613850231,-0.0828199999999999,0.0828199999999999,-0.07370000000000054,0.07370000000000054,-0.0828199999999999,0.0828199999999999,-0.0723091729989207,0.0723091729989207,-0.024174554021462846,0.024174554021462846,0.07194615384615322,0.07194615384615322,-0.13150023592820403,0.13150023592820403,0.024008999999999503,0.024008999999999503,0.027366000000000668,0.027366000000000668,-0.012001013002258532,0.012001013002258532,-0.13931938614976946,0.13931938614976946
2025-03-18,2025-07-25,4.1776,4.2544,SMA,4.16959,4.1776,4.16959,4.178948843477167,4.2268094756261325,4.3233461538461535,4.274422347998669,4.284827999999999,4.285203000000001,4.232870303094992,4.1071051085067065,-0.08481000000000005,0.08481000000000005,-0.07680000000000042,0.07680000000000042,-0.08481000000000005,0.08481000000000005,-0.07545115652283307,0.07545115652283307,-0.027590524373867886,0.027590524373867886,0.0689461538461531,0.0689461538461531,0.020022347998668977,0.020022347998668977,0.03042799999999879,0.03042799999999879,0.03080300000000058,0.03080300000000058,-0.0215296969050085,0.0215296969050085,-0.1472948914932939,0.1472948914932939
2025-03-19,2025-07-28,4.1945,4.2565,SMA,4.171404999999999,4.1945,4.171404999999999,4.180429906003152,4.238561985877548,4.3233461538461535,4.483547235074457,4.286956,4.287961000000001,4.257705806752695,4.124618776302012,-0.08509500000000081,0.08509500000000081,-0.06200000000000028,0.06200000000000028,-0.08509500000000081,0.08509500000000081,-0.07607009399684816,0.07607009399684816,-0.017938014122451662,0.017938014122451662,0.06684615384615356,0.06684615384615356,0.22704723507445745,0.22704723507445745,0.03045600000000004,0.03045600000000004,0.03146100000000107,0.03146100000000107,0.0012058067526954375,0.0012058067526954375,-0.13188122369798805,0.13188122369798805
2025-03-20,2025-07-29,4.1972,4.2737,SMA,4.17265,4.1972,4.17265,4.182027057812375,4.2363229275936884,4.3233461538461535,4.295701152689732,4.288195000000002,4.283849000000001,4.262338376512293,4.120629281274581,-0.10104999999999986,0.10104999999999986,-0.07650000000000023,0.07650000000000023,-0.10104999999999986,0.10104999999999986,-0.09167294218762478,0.09167294218762478,-0.037377072406311385,0.037377072406311385,0.04964615384615367,0.04964615384615367,0.02200115268973235,0.02200115268973235,0.014495000000001923,0.014495000000001923,0.010149000000001074,0.010149000000001074,-0.011361623487706751,0.011361623487706751,-0.15307071872541922,0.15307071872541922
2025-03-21,2025-07-30,4.1979,4.2732,SMA,4.17402,4.1979,4.17402,4.183538766592148,4.2376152169804655,4.3233461538461535,4.265976840368568,4.288417000000002,4.295760999999998,4.269143275917171,4.107481251941235,-0.09918000000000049,0.09918000000000049,-0.07530000000000037,0.07530000000000037,-0.09918000000000049,0.09918000000000049,-0.0896612334078517,0.0896612334078517,-0.035584783019534605,0.035584783019534605,0.050146153846153396,0.050146153846153396,-0.007223159631432274,0.007223159631432274,0.01521700000000159,0.01521700000000159,0.022560999999997833,0.022560999999997833,-0.0040567240828295326,0.0040567240828295326,-0.1657187480587652,0.1657187480587652
2025-03-24,2025-07-31,4.1832,4.2661,SMA,4.175135,4.1832,4.175135,4.183506503107182,4.230853593029295,4.3233461538461535,4.146667688266847,4.2836310000000015,4.3052209999999995,4.266780881394312,4.07906493059389,-0.09096499999999974,0.09096499999999974,-0.08289999999999953,0.08289999999999953,-0.09096499999999974,0.09096499999999974,-0.0825934968928177,0.0825934968928177,-0.035246406970705024,0.035246406970705024,0.057246153846153724,0.057246153846153724,-0.11943231173315283,0.11943231173315283,0.01753100000000174,0.01753100000000174,0.03912099999999974,0.03912099999999974,0.0006808813943122161,0.0006808813943122161,-0.18703506940611003,0.18703506940611003
2025-03-25,2025-08-01,4.1664,4.2813,SMA,4.17676,4.1664,4.17676,4.18187731233507,4.225289626738779,4.3233461538461535,4.20937622757838,4.284765999999999,4.301384000000001,4.276870529478624,4.051688287035623,-0.10454000000000008,0.10454000000000008,-0.11489999999999956,0.11489999999999956,-0.10454000000000008,0.10454000000000008,-0.09942268766493001,0.09942268766493001,-0.056010373261220714,0.056010373261220714,0.04204615384615362,0.04204615384615362,-0.07192377242161996,0.07192377242161996,0.003465999999999525,0.003465999999999525,0.020084000000001545,0.020084000000001545,-0.004429470521375656,0.004429470521375656,-0.22961171296437666,0.22961171296437666
2025-03-26,2025-08-04,4.1686,4.2734,SMA,4.17822,4.1686,4.17822,4.180612806398396,4.228725440968767,4.3233461538461535,4.362537298129753,4.279524,4.303986,4.274341104956694,4.053831385640437,-0.09518000000000004,0.09518000000000004,-0.1048,0.1048,-0.09518000000000004,0.09518000000000004,-0.09278719360160359,0.09278719360160359,-0.04467455903123252,0.04467455903123252,0.04994615384615386,0.04994615384615386,0.0891372981297538,0.0891372981297538,0.0061240000000006845,0.0061240000000006845,0.030586000000000446,0.030586000000000446,0.0009411049566940832,0.0009411049566940832,-0.21956861435956299,0.21956861435956299
2025-03-27,2025-08-05,4.1913,4.2763,SMA,4.18093,4.1913,4.18093,4.181630634360454,4.2380348597387645,4.3233461538461535,4.27546038986422,4.2815720000000015,4.304174,4.278827501240837,4.085772867309713,-0.09536999999999995,0.09536999999999995,-0.08499999999999996,0.08499999999999996,-0.09536999999999995,0.09536999999999995,-0.09466936563954587,0.09466936563954587,-0.03826514026123551,0.03826514026123551,0.047046153846153516,0.047046153846153516,-0.0008396101357801555,0.0008396101357801555,0.005272000000001498,0.005272000000001498,0.027873999999999732,0.027873999999999732,0.0025275012408370046,0.0025275012408370046,-0.19052713269028665,0.19052713269028665
2025-03-28,2025-08-06,4.1819,4.282,SMA,4.18215,4.1819,4.18215,4.181656288230887,4.226671671702454,4.3233461538461535,4.295990803754991,4.2829250000000005,4.303158000000002,4.282571614328444,4.067462332931346,-0.09985,0.09985,-0.1001000000000003,0.1001000000000003,-0.09985,0.09985,-0.10034371176911261,0.10034371176911261,-0.05532832829754586,0.05532832829754586,0.04134615384615348,0.04134615384615348,0.013990803754991177,0.013990803754991177,0.0009250000000005087,0.0009250000000005087,0.021158000000001564,0.021158000000001564,0.0005716143284439923,0.0005716143284439923,-0.21453766706865363,0.21453766706865363
2025-03-31,2025-08-07,4.1839,4.2618,SMA,4.18221,4.1839,4.18221,4.18186997506604,4.230622498646837,4.3233461538461535,4.1269902647784935,4.280760999999999,4.303118,4.268527157753494,4.0736628550651615,-0.0795899999999996,0.0795899999999996,-0.07789999999999964,0.07789999999999964,-0.0795899999999996,0.0795899999999996,-0.07993002493395984,0.07993002493395984,-0.031177501353162995,0.031177501353162995,0.06154615384615347,0.06154615384615347,-0.13480973522150652,0.13480973522150652,0.018960999999999117,0.018960999999999117,0.04131800000000041,0.04131800000000041,0.006727157753493529,0.006727157753493529,-0.18813714493483857,0.18813714493483857
2025-04-01,2025-08-08,4.1818,4.2566,SMA,4.18346,4.1818,4.18346,4.181863310774037,4.236107075686156,4.3233461538461535,4.212596419110893,4.270267999999999,4.291360999999998,4.2638795521819155,4.084132495860454,-0.07313999999999954,0.07313999999999954,-0.07479999999999976,0.07479999999999976,-0.07313999999999954,0.07313999999999954,-0.0747366892259631,0.0747366892259631,-0.020492924313844085,0.020492924313844085,0.06674615384615379,0.06674615384615379,-0.04400358088910661,0.04400358088910661,0.013667999999999125,0.013667999999999125,0.03476099999999871,0.03476099999999871,0.007279552181915783,0.007279552181915783,-0.17246750413954537,0.17246750413954537
2025-04-02,2025-08-11,4.1794,4.2533,SMA,4.184705,4.1794,4.184705,4.181628709747938,4.2389791664571606,4.3233461538461535,4.241587311511353,4.269701,4.29212,4.283278550622776,4.060563279440847,-0.06859500000000018,0.06859500000000018,-0.07390000000000008,0.07390000000000008,-0.06859500000000018,0.06859500000000018,-0.07167129025206265,0.07167129025206265,-0.01432083354283975,0.01432083354283975,0.0700461538461532,0.0700461538461532,-0.011712688488647593,0.011712688488647593,0.01640100000000011,0.01640100000000011,0.03881999999999941,0.03881999999999941,0.029978550622775657,0.029978550622775657,-0.1927367205591537,0.1927367205591537
2025-04-03,2025-08-12,4.1791,4.2626,SMA,4.18483,4.1791,4.18483,4.181387880248134,4.244882920054091,4.3233461538461535,4.188616409839664,4.268539999999999,4.296264999999998,4.285615458541849,4.05764256036588,-0.07777000000000012,0.07777000000000012,-0.08349999999999991,0.08349999999999991,-0.07777000000000012,0.07777000000000012,-0.08121211975186604,0.08121211975186604,-0.017717079945908765,0.017717079945908765,0.06074615384615356,0.06074615384615356,-0.07398359016033584,0.07398359016033584,0.005939999999998946,0.005939999999998946,0.03366499999999828,0.03366499999999828,0.023015458541848943,0.023015458541848943,-0.2049574396341196,0.2049574396341196
2025-04-04,2025-08-13,4.2403,4.2586,SMA,4.188045,4.2403,4.188045,4.186998558319741,4.276951932770215,4.3233461538461535,4.284704537279216,4.265739,4.273969000000001,4.270932240692094,4.118535741371639,-0.07055500000000059,0.07055500000000059,-0.018299999999999983,0.018299999999999983,-0.07055500000000059,0.07055500000000059,-0.07160144168025973,0.07160144168025973,0.01835193277021485,0.01835193277021485,0.06474615384615312,0.06474615384615312,0.02610453727921591,0.02610453727921591,0.007138999999999562,0.007138999999999562,0.015369000000000632,0.015369000000000632,0.012332240692093599,0.012332240692093599,-0.14006425862836114,0.14006425862836114
2025-04-07,2025-08-14,4.2975,4.2639,SMA,4.193635,4.2975,4.193635,4.197522505146432,4.3014648232909405,4.3233461538461535,4.1267102749630755,4.247667,4.242421,4.279803352840614,4.308904450233936,-0.07026500000000002,0.07026500000000002,0.03360000000000074,0.03360000000000074,-0.07026500000000002,0.07026500000000002,-0.06637749485356714,0.06637749485356714,0.03756482329094091,0.03756482329094091,0.059446153846153926,0.059446153846153926,-0.13718972503692406,0.13718972503692406,-0.01623299999999972,0.01623299999999972,-0.02147899999999936,0.02147899999999936,0.015903352840614282,0.015903352840614282,0.045004450233936844,0.045004450233936844
2025-04-08,2025-08-18,4.2946,4.2558,SMA,4.19848,4.2946,4.19848,4.206767980846772,4.297374648290215,4.3233461538461535,4.066909705985409,4.24496,4.236642000000002,4.290230545156981,4.2737974244291745,-0.057319999999999816,0.057319999999999816,0.03880000000000017,0.03880000000000017,-0.057319999999999816,0.057319999999999816,-0.04903201915322786,0.04903201915322786,0.041574648290215066,0.041574648290215066,0.0675461538461537,0.0675461538461537,-0.18889029401459112,0.18889029401459112,-0.01083999999999996,0.01083999999999996,-0.019157999999998232,0.019157999999998232,0.034430545156981296,0.034430545156981296,0.017997424429174735,0.017997424429174735
2025-04-09,2025-08-19,4.2818,4.242,SMA,4.202485,4.2818,4.202485,4.213913887432794,4.290488131294793,4.3233461538461535,3.9579658754443012,4.239088,4.253548000000001,4.293130435624722,4.2566845108313265,-0.039514999999999745,0.039514999999999745,0.03979999999999961,0.03979999999999961,-0.039514999999999745,0.039514999999999745,-0.02808611256720628,0.02808611256720628,0.04848813129479268,0.04848813129479268,0.08134615384615351,0.08134615384615351,-0.28403412455569876,0.28403412455569876,-0.0029120000000002477,0.0029120000000002477,0.011548000000001224,0.011548000000001224,0.05113043562472175,0.05113043562472175,0.014684510831326492,0.014684510831326492
2025-04-10,2025-08-20,4.2644,4.2524,SMA,4.205905,4.2644,4.205905,4.21872208862967,4.2963069715992335,4.3233461538461535,4.010475177579941,4.232208999999999,4.247282000000001,4.3032119117311876,4.220443394545079,-0.046495000000000175,0.046495000000000175,0.012000000000000455,0.012000000000000455,-0.046495000000000175,0.046495000000000175,-0.03367791137032938,0.03367791137032938,0.043906971599233735,0.043906971599233735,0.07094615384615377,0.07094615384615377,-0.2419248224200583,0.2419248224200583,-0.020191000000000514,0.020191000000000514,-0.005117999999998624,0.005117999999998624,0.05081191173118782,0.05081191173118782,-0.03195660545492096,0.03195660545492096
2025-04-11,2025-08-21,4.2972,4.2521,SMA,4.211815,4.2972,4.211815,4.2261961754268444,4.319512132755355,4.3233461538461535,4.291347121796884,4.212905999999999,4.263038,4.2859478505923745,4.289090311104378,-0.04028500000000079,0.04028500000000079,0.045099999999999696,0.045099999999999696,-0.04028500000000079,0.04028500000000079,-0.025903824573155987,0.025903824573155987,0.06741213275535429,0.06741213275535429,0.07124615384615307,0.07124615384615307,0.03924712179688328,0.03924712179688328,-0.03919400000000106,0.03919400000000106,0.010937999999999448,0.010937999999999448,0.03384785059237405,0.03384785059237405,0.03699031110437723,0.03699031110437723
2025-04-14,2025-08-22,4.2776,4.267,SMA,4.21681,4.2776,4.21681,4.231091777767145,4.307146772842859,4.3233461538461535,3.993926507494136,4.2151559999999995,4.273623999999999,4.287774725516516,4.229023820233316,-0.05019000000000062,0.05019000000000062,0.010599999999999277,0.010599999999999277,-0.05019000000000062,0.05019000000000062,-0.03590822223285528,0.03590822223285528,0.04014677284285906,0.04014677284285906,0.05634615384615316,0.05634615384615316,-0.2730734925058642,0.2730734925058642,-0.05184400000000089,0.05184400000000089,0.006623999999998631,0.006623999999998631,0.020774725516515602,0.020774725516515602,-0.03797617976668466,0.03797617976668466
2025-04-15,2025-08-25,4.2767,4.2627,SMA,4.221765,4.2767,4.221765,4.235435417979798,4.3041183410811685,4.3233461538461535,3.922625473330305,4.213649999999999,4.275216999999999,4.284957428592564,4.225028070666753,-0.04093499999999928,0.04093499999999928,0.014000000000000234,0.014000000000000234,-0.04093499999999928,0.04093499999999928,-0.027264582020201544,0.027264582020201544,0.04141834108116882,0.04141834108116882,0.060646153846153794,0.060646153846153794,-0.3400745266696945,0.3400745266696945,-0.04905000000000115,0.04905000000000115,0.012516999999999001,0.012516999999999001,0.022257428592563855,0.022257428592563855,-0.03767192933324637,0.03767192933324637
2025-04-16,2025-08-26,4.3033,4.2657,SMA,4.227205,4.3033,4.227205,4.241898711505532,4.306616560383159,4.3233461538461535,3.922141566688556,4.212228999999999,4.265345,4.286297424203215,4.268846797829673,-0.03849500000000017,0.03849500000000017,0.0376000000000003,0.0376000000000003,-0.03849500000000017,0.03849500000000017,-0.023801288494468054,0.023801288494468054,0.040916560383159606,0.040916560383159606,0.05764615384615368,0.05764615384615368,-0.34355843331144387,0.34355843331144387,-0.053471000000000934,0.053471000000000934,-0.0003549999999998832,0.0003549999999998832,0.020597424203215198,0.020597424203215198,0.003146797829673531,0.003146797829673531
2025-04-17,2025-08-27,4.2879,4.2639,SMA,4.23174,4.2879,4.23174,4.246279786600243,4.288423701521638,4.3233461538461535,3.969916136806345,4.207987999999999,4.276148000000002,4.272861124015376,4.240324580493296,-0.0321599999999993,0.0321599999999993,0.02400000000000002,0.02400000000000002,-0.0321599999999993,0.0321599999999993,-0.0176202133997565,0.0176202133997565,0.024523701521638408,0.024523701521638408,0.059446153846153926,0.059446153846153926,-0.29398386319365466,0.29398386319365466,-0.055912000000000184,0.055912000000000184,0.012248000000002257,0.012248000000002257,0.008961124015376853,0.008961124015376853,-0.023575419506703277,0.023575419506703277
2025-04-18,2025-08-28,4.2823,4.2681,SMA,4.23596,4.2823,4.23596,4.2497102831145055,4.286835309665144,4.3233461538461535,4.139430132655056,4.206725,4.266194999999999,4.2700088803879686,4.231952402061444,-0.03213999999999917,0.03213999999999917,0.014200000000000657,0.014200000000000657,-0.03213999999999917,0.03213999999999917,-0.018389716885494067,0.018389716885494067,0.018735309665144584,0.018735309665144584,0.055246153846153945,0.055246153846153945,-0.1286698673449438,0.1286698673449438,-0.06137499999999996,0.06137499999999996,-0.0019050000000007117,0.0019050000000007117,0.001908880387968992,0.001908880387968992,-0.036147597938555265,0.036147597938555265
2025-04-22,2025-08-29,4.2801,4.2684,SMA,4.240805,4.2801,4.240805,4.252604541865505,4.2861205892586876,4.3233461538461535,4.00507283602853,4.2090109999999985,4.264565000000001,4.265390274617859,4.237929272318645,-0.027594999999999814,0.027594999999999814,0.011700000000000266,0.011700000000000266,-0.027594999999999814,0.027594999999999814,-0.015795458134494567,0.015795458134494567,0.017720589258687802,0.017720589258687802,0.054946153846153756,0.054946153846153756,-0.2633271639714696,0.2633271639714696,-0.059389000000001246,0.059389000000001246,-0.0038349999999987006,0.0038349999999987006,-0.0030097253821406156,0.0030097253821406156,-0.030470727681354504,0.030470727681354504
2025-04-23,2025-09-01,4.2893,4.2574,SMA,4.24695,4.2893,4.24695,4.256099347402124,4.289262900240247,4.3233461538461535,4.068763416167564,4.201204999999999,4.23995,4.272752068816406,4.24628621117681,-0.010449999999999626,0.010449999999999626,0.03190000000000026,0.03190000000000026,-0.010449999999999626,0.010449999999999626,-0.0013006525978758177,0.0013006525978758177,0.03186290024024707,0.03186290024024707,0.06594615384615388,0.06594615384615388,-0.18863658383243553,0.18863658383243553,-0.05619500000000066,0.05619500000000066,-0.0174499999999993,0.0174499999999993,0.01535206881640594,0.01535206881640594,-0.011113788823189807,0.011113788823189807
2025-04-24,2025-09-02,4.2789,4.2651,SMA,4.252465,4.2789,4.252465,4.258270838125731,4.289470913146227,4.3233461538461535,3.890459357493626,4.196116999999999,4.251577,4.273334777546106,4.222601269181258,-0.012635000000000396,0.012635000000000396,0.013799999999999812,0.013799999999999812,-0.012635000000000396,0.012635000000000396,-0.006829161874269296,0.006829161874269296,0.024370913146226414,0.024370913146226414,0.05824615384615317,0.05824615384615317,-0.3746406425063742,0.3746406425063742,-0.06898300000000113,0.06898300000000113,-0.013523000000000174,0.013523000000000174,0.008234777546105576,0.008234777546105576,-0.04249873081874256,0.04249873081874256
2025-04-25,2025-09-03,4.2688,4.2589,SMA,4.25634,4.2688,4.25634,4.25927361544709,4.276469584276843,4.3233461538461535,4.084277286260429,4.2064699999999995,4.247052999999999,4.272854028247864,4.195283202703886,-0.0025599999999998957,0.0025599999999998957,0.00990000000000002,0.00990000000000002,-0.0025599999999998957,0.0025599999999998957,0.00037361544709035854,0.00037361544709035854,0.01756958427684374,0.01756958427684374,0.06444615384615382,0.06444615384615382,-0.17462271373957083,0.17462271373957083,-0.0524300000000002,0.0524300000000002,-0.011847000000000385,0.011847000000000385,0.013954028247864514,0.013954028247864514,-0.06361679729611325,0.06361679729611325
2025-04-28,2025-09-04,4.2766,4.2553,SMA,4.261075,4.2766,4.261075,4.260923747309271,4.281201300629961,4.3233461538461535,4.2018506335315156,4.215959999999999,4.243484999999999,4.281940594508088,4.202519924113248,0.005774999999999864,0.005774999999999864,0.021300000000000097,0.021300000000000097,0.005774999999999864,0.005774999999999864,0.0056237473092712875,0.0056237473092712875,0.0259013006299611,0.0259013006299611,0.06804615384615342,0.06804615384615342,-0.05344936646848453,0.05344936646848453,-0.03934000000000104,0.03934000000000104,-0.011815000000001241,0.011815000000001241,0.026640594508087645,0.026640594508087645,-0.052780075886752265,0.052780075886752265
2025-04-29,2025-09-05,4.2646,4.2476,SMA,4.26511,4.2646,4.26511,4.26127386661315,4.268829698575508,4.3233461538461535,4.127166160180744,4.216068999999998,4.257220999999999,4.278447776790767,4.204269182910734,0.017509999999999692,0.017509999999999692,0.01699999999999946,0.01699999999999946,0.017509999999999692,0.017509999999999692,0.013673866613149954,0.013673866613149954,0.021229698575507605,0.021229698575507605,0.07574615384615324,0.07574615384615324,-0.12043383981925615,0.12043383981925615,-0.031531000000001974,0.031531000000001974,0.009620999999998325,0.009620999999998325,0.030847776790766446,0.030847776790766446,-0.04333081708926656,0.04333081708926656
2025-04-30,2025-09-08,4.2778,4.2484,SMA,4.26991,4.2778,4.26991,4.262847784078565,4.271192527635343,4.3233461538461535,4.129230576105488,4.213637999999998,4.251349999999999,4.26949783277814,4.244291236174551,0.02151000000000014,0.02151000000000014,0.02939999999999987,0.02939999999999987,0.02151000000000014,0.02151000000000014,0.014447784078564396,0.014447784078564396,0.022792527635342452,0.022792527635342452,0.07494615384615333,0.07494615384615333,-0.1191694238945118,0.1191694238945118,-0.0347620000000024,0.0347620000000024,0.002949999999998454,0.002949999999998454,0.021097832778139924,0.021097832778139924,-0.004108763825449557,0.004108763825449557
2025-05-02,2025-09-09,4.275,4.254,SMA,4.27469,4.275,4.27469,4.264005137975844,4.272212226357095,4.3233461538461535,3.8858354281363985,4.208090999999999,4.236942999999999,4.283206287236007,4.21403848695766,0.020690000000000097,0.020690000000000097,0.021000000000000796,0.021000000000000796,0.020690000000000097,0.020690000000000097,0.010005137975844569,0.010005137975844569,0.01821222635709585,0.01821222635709585,0.06934615384615395,0.06934615384615395,-0.3681645718636011,0.3681645718636011,-0.045909000000000866,0.045909000000000866,-0.017057000000000322,0.017057000000000322,0.02920628723600771,0.02920628723600771,-0.03996151304233919,0.03996151304233919
2025-05-05,2025-09-10,4.276,4.2604,SMA,4.279535000000001,4.276,4.279535000000001,4.265147505787668,4.269966068152961,4.3233461538461535,3.9346115737483944,4.214167999999997,4.2414760000000005,4.2898043283185405,4.223887534024002,0.019135000000001234,0.019135000000001234,0.015600000000000058,0.015600000000000058,0.019135000000001234,0.019135000000001234,0.004747505787668693,0.004747505787668693,0.009566068152961016,0.009566068152961016,0.06294615384615376,0.06294615384615376,-0.3257884262516053,0.3257884262516053,-0.04623200000000249,0.04623200000000249,-0.018923999999999275,0.018923999999999275,0.029404328318540784,0.029404328318540784,-0.036512465975997443,0.036512465975997443
2025-05-06,2025-09-11,4.2806,4.2626,SMA,4.28155,4.2806,4.28155,4.266619171903129,4.264040128307969,4.3233461538461535,3.970236209166952,4.213036999999998,4.2235819999999995,4.283504197249012,4.2401860197774885,0.018950000000000244,0.018950000000000244,0.017999999999999794,0.017999999999999794,0.018950000000000244,0.018950000000000244,0.0040191719031286155,0.0040191719031286155,0.0014401283079692462,0.0014401283079692462,0.06074615384615356,0.06074615384615356,-0.29236379083304787,0.29236379083304787,-0.0495630000000018,0.0495630000000018,-0.03901800000000044,0.03901800000000044,0.02090419724901249,0.02090419724901249,-0.022413980222511398,0.022413980222511398
2025-05-07,2025-09-12,4.2757,4.2593,SMA,4.28046,4.2757,4.28046,4.26748401267426,4.265231576444236,4.3233461538461535,4.020730207890503,4.214781999999999,4.219699,4.280250192968738,4.239730111691967,0.021160000000000068,0.021160000000000068,0.01639999999999997,0.01639999999999997,0.021160000000000068,0.021160000000000068,0.008184012674260721,0.008184012674260721,0.005931576444236697,0.005931576444236697,0.06404615384615386,0.06404615384615386,-0.23856979210949625,0.23856979210949625,-0.044518000000000946,0.044518000000000946,-0.03960099999999933,0.03960099999999933,0.02095019296873879,0.02095019296873879,-0.01956988830803308,0.01956988830803308
2025-05-08,2025-09-15,4.2714,4.2476,SMA,4.2793,4.2714,4.2793,4.267856963848139,4.262269853781694,4.3233461538461535,3.921201919893574,4.203385999999998,4.2193830000000005,4.268502985442209,4.225403769970434,0.03169999999999984,0.03169999999999984,0.0237999999999996,0.0237999999999996,0.03169999999999984,0.03169999999999984,0.02025696384813891,0.02025696384813891,0.014669853781693831,0.014669853781693831,0.07574615384615324,0.07574615384615324,-0.3263980801064261,0.3263980801064261,-0.044214000000001974,0.044214000000001974,-0.028216999999999715,0.028216999999999715,0.020902985442209143,0.020902985442209143,-0.022196230029566166,0.022196230029566166
2025-05-09,2025-09-16,4.2414,4.2504,SMA,4.277279999999999,4.2414,4.277279999999999,4.265337253005459,4.244699631379948,4.3233461538461535,3.9195619489231093,4.2060629999999986,4.218016,4.254722417483533,4.166371263904976,0.02687999999999935,0.02687999999999935,-0.009000000000000341,0.009000000000000341,0.02687999999999935,0.02687999999999935,0.014937253005459006,0.014937253005459006,-0.005700368620051854,0.005700368620051854,0.07294615384615355,0.07294615384615355,-0.3308380510768907,0.3308380510768907,-0.0443370000000014,0.0443370000000014,-0.032383999999999524,0.032383999999999524,0.004322417483533236,0.004322417483533236,-0.08402873609502404,0.08402873609502404
2025-05-12,2025-09-17,4.2337,4.2559,SMA,4.275745,4.2337,4.275745,4.262324181290653,4.246774654065843,4.3233461538461535,4.00881014047966,4.208383999999997,4.210446000000001,4.24037412641829,4.152084573357059,0.019845000000000113,0.019845000000000113,-0.022199999999999775,0.022199999999999775,0.019845000000000113,0.019845000000000113,0.0064241812906535856,0.0064241812906535856,-0.009125345934156925,0.009125345934156925,0.06744615384615393,0.06744615384615393,-0.24708985952033924,0.24708985952033924,-0.047516000000002556,0.047516000000002556,-0.04545399999999855,0.04545399999999855,-0.015525873581709426,0.015525873581709426,-0.10381542664294052,0.10381542664294052
2025-05-13,2025-09-18,4.2525,4.2564,SMA,4.27351,4.2525,4.27351,4.261388544977257,4.264161674214801,4.3233461538461535,3.9811038647460357,4.208813999999997,4.213570999999999,4.2402147984154865,4.181102901997691,0.017109999999999737,0.017109999999999737,-0.0038999999999997925,0.0038999999999997925,0.017109999999999737,0.017109999999999737,0.004988544977257092,0.004988544977257092,0.0077616742148007845,0.0077616742148007845,0.06694615384615332,0.06694615384615332,-0.27529613525396446,0.27529613525396446,-0.04758600000000346,0.04758600000000346,-0.042829000000001116,0.042829000000001116,-0.016185201584513642,0.016185201584513642,-0.07529709800230933,0.07529709800230933
2025-05-14,2025-09-19,4.2455,4.2666,SMA,4.271905,4.2455,4.271905,4.259875350217518,4.255337903191442,4.3233461538461535,4.0040810385570875,4.204789999999997,4.215876000000001,4.244398695437373,4.167512042976944,0.005304999999999893,0.005304999999999893,-0.021100000000000563,0.021100000000000563,0.005304999999999893,0.005304999999999893,-0.006724649782482217,0.006724649782482217,-0.01126209680855883,0.01126209680855883,0.05674615384615311,0.05674615384615311,-0.26251896144291287,0.26251896144291287,-0.06181000000000303,0.06181000000000303,-0.05072399999999977,0.05072399999999977,-0.022201304562627477,0.022201304562627477,-0.09908795702305628,0.09908795702305628
2025-05-15,2025-09-22,4.2378,4.2645,SMA,4.269959999999999,4.2378,4.269959999999999,4.257772935911088,4.253545190135823,4.3233461538461535,4.050346533944054,4.202995999999998,4.226394,4.219848897729239,4.1671567282913475,0.005459999999999354,0.005459999999999354,-0.026699999999999946,0.026699999999999946,0.005459999999999354,0.005459999999999354,-0.006727064088911661,0.006727064088911661,-0.010954809864176518,0.010954809864176518,0.05884615384615355,0.05884615384615355,-0.21415346605594632,0.21415346605594632,-0.061504000000002,0.061504000000002,-0.03810599999999997,0.03810599999999997,-0.044651102270760745,0.044651102270760745,-0.09734327170865242,0.09734327170865242
2025-05-16,2025-09-23,4.2392,4.2552,SMA,4.266755000000001,4.2392,4.266755000000001,4.256004084871937,4.259213741626761,4.3233461538461535,4.074485258937662,4.208254999999998,4.226303999999999,4.221788188790151,4.181601619010682,0.011555000000000426,0.011555000000000426,-0.016000000000000014,0.016000000000000014,0.011555000000000426,0.011555000000000426,0.0008040848719366167,0.0008040848719366167,0.004013741626760492,0.004013741626760492,0.06814615384615319,0.06814615384615319,-0.18071474106233865,0.18071474106233865,-0.04694500000000268,0.04694500000000268,-0.028896000000001365,0.028896000000001365,-0.033411811209849596,0.033411811209849596,-0.07359838098931792,0.07359838098931792
2025-05-19,2025-09-24,4.2785,4.2676,SMA,4.266285,4.2785,4.266285,4.258146552979372,4.277809403295819,4.3233461538461535,4.043173457668605,4.207880999999998,4.2237860000000005,4.226927080115274,4.263351874324822,-0.001314999999999955,0.001314999999999955,0.010900000000000354,0.010900000000000354,-0.001314999999999955,0.001314999999999955,-0.009453447020628225,0.009453447020628225,0.010209403295819541,0.010209403295819541,0.05574615384615367,0.05574615384615367,-0.22442654233139514,0.22442654233139514,-0.059719000000002076,0.059719000000002076,-0.04381399999999935,0.04381399999999935,-0.040672919884725545,0.040672919884725545,-0.0042481256751774055,0.0042481256751774055
2025-05-20,2025-09-25,4.2497,4.2619,SMA,4.264655,4.2497,4.264655,4.2573421193622885,4.269765648035825,4.3233461538461535,4.180298300781843,4.214521999999997,4.230917999999999,4.225122908269335,4.1984412612057405,0.002755000000000507,0.002755000000000507,-0.012199999999999989,0.012199999999999989,0.002755000000000507,0.002755000000000507,-0.004557880637711342,0.004557880637711342,0.00786564803582479,0.00786564803582479,0.061446153846153706,0.061446153846153706,-0.08160169921815719,0.08160169921815719,-0.04737800000000281,0.04737800000000281,-0.03098200000000073,0.03098200000000073,-0.03677709173066468,0.03677709173066468,-0.06345873879425934,0.06345873879425934
2025-05-21,2025-09-26,4.2403,4.2668,SMA,4.262665,4.2403,4.262665,4.255719060375404,4.269348477890607,4.3233461538461535,4.014217511701888,4.214903999999997,4.234830000000001,4.233208029631963,4.19592901205825,-0.004134999999999778,0.004134999999999778,-0.026499999999999524,0.026499999999999524,-0.004134999999999778,0.004134999999999778,-0.011080939624595665,0.011080939624595665,0.0025484778906070815,0.0025484778906070815,0.05654615384615358,0.05654615384615358,-0.2525824882981116,0.2525824882981116,-0.05189600000000283,0.05189600000000283,-0.0319699999999985,0.0319699999999985,-0.03359197036803696,0.03359197036803696,-0.07087098794174995,0.07087098794174995
2025-05-22,2025-09-29,4.2447,4.2688,SMA,4.260435,4.2447,4.260435,4.254669626053937,4.269982527239271,4.3233461538461535,4.025277330145785,4.219787999999998,4.22318,4.217736234817506,4.2062821305267075,-0.008364999999999512,0.008364999999999512,-0.024099999999999788,0.024099999999999788,-0.008364999999999512,0.008364999999999512,-0.014130373946062313,0.014130373946062313,0.0011825272392709252,0.0011825272392709252,0.0545461538461538,0.0545461538461538,-0.24352266985421434,0.24352266985421434,-0.049012000000002054,0.049012000000002054,-0.04561999999999955,0.04561999999999955,-0.05106376518249345,0.05106376518249345,-0.06251786947329219,0.06251786947329219
2025-05-23,2025-09-30,4.2541,4.2692,SMA,4.259195,4.2541,4.259195,4.254615375953563,4.272979429776217,4.3233461538461535,4.13781572325793,4.226395999999998,4.226331,4.222011012939528,4.225568572805713,-0.010004999999999598,0.010004999999999598,-0.015099999999999447,0.015099999999999447,-0.010004999999999598,0.010004999999999598,-0.0145846240464369,0.0145846240464369,0.003779429776217036,0.003779429776217036,0.054146153846153844,0.054146153846153844,-0.13138427674206987,0.13138427674206987,-0.04280400000000206,0.04280400000000206,-0.0428689999999996,0.0428689999999996,-0.04718898706047181,0.04718898706047181,-0.04363142719428659,0.04363142719428659
2025-05-26,2025-10-01,4.2514,4.2586,SMA,4.258325,4.2514,4.258325,4.254309149672271,4.283611253966581,4.3233461538461535,4.227014785624606,4.2320629999999975,4.2241729999999995,4.228483470546074,4.221876610327908,-0.00027500000000024727,0.00027500000000024727,-0.007200000000000095,0.007200000000000095,-0.00027500000000024727,0.00027500000000024727,-0.004290850327729245,0.004290850327729245,0.025011253966580327,0.025011253966580327,0.06474615384615312,0.06474615384615312,-0.03158521437539452,0.03158521437539452,-0.02653700000000292,0.02653700000000292,-0.034427000000000874,0.034427000000000874,-0.03011652945392651,0.03011652945392651,-0.03672338967209221,0.03672338967209221
2025-05-27,2025-10-02,4.2479,4.256,SMA,4.25689,4.2479,4.25689,4.253698754465388,4.283678086239004,4.3233461538461535,4.154119552625232,4.236569999999998,4.227436000000001,4.2262784203719885,4.2318490886370945,0.0008900000000000574,0.0008900000000000574,-0.008100000000000662,0.008100000000000662,0.0008900000000000574,0.0008900000000000574,-0.002301245534612306,0.002301245534612306,0.027678086239003363,0.027678086239003363,0.06734615384615328,0.06734615384615328,-0.10188044737476787,0.10188044737476787,-0.0194300000000025,0.0194300000000025,-0.028563999999999368,0.028563999999999368,-0.029721579628011696,0.029721579628011696,-0.024150911362905703,0.024150911362905703
2025-05-28,2025-10-03,4.2447,4.2559,SMA,4.255895,4.2447,4.255895,4.252841730230589,4.2828996800745935,4.3233461538461535,4.240460194555832,4.2496769999999975,4.223540999999998,4.239094863747408,4.2294033512229445,-4.999999999810711e-06,4.999999999810711e-06,-0.011199999999999655,0.011199999999999655,-4.999999999810711e-06,4.999999999810711e-06,-0.003058269769410593,0.003058269769410593,0.026999680074593968,0.026999680074593968,0.06744615384615393,0.06744615384615393,-0.015439805444168009,0.015439805444168009,-0.006223000000002088,0.006223000000002088,-0.03235900000000136,0.03235900000000136,-0.01680513625259117,0.01680513625259117,-0.026496648777055043,0.026496648777055043
2025-05-29,2025-10-06,4.2369,4.2521,SMA,4.25385,4.2369,4.25385,4.251323470208628,4.278400156320268,4.3233461538461535,4.06625568328332,4.255513999999997,4.221184999999999,4.263977898970215,4.218170863607585,0.0017499999999994742,0.0017499999999994742,-0.015200000000000102,0.015200000000000102,0.0017499999999994742,0.0017499999999994742,-0.0007765297913726599,0.0007765297913726599,0.02630015632026783,0.02630015632026783,0.07124615384615307,0.07124615384615307,-0.18584431671668078,0.18584431671668078,0.0034139999999966975,0.0034139999999966975,-0.030915000000001136,0.030915000000001136,0.01187789897021485,0.01187789897021485,-0.03392913639241524,0.03392913639241524
2025-05-30,2025-10-07,4.2507,4.2559,SMA,4.252635,4.2507,4.252635,4.25126409209352,4.288005741027948,4.3233461538461535,4.246162509436543,4.251001999999998,4.224565,4.2555910706989355,4.242026837953065,-0.0032649999999998514,0.0032649999999998514,-0.005199999999999427,0.005199999999999427,-0.0032649999999998514,0.0032649999999998514,-0.004635907906479275,0.004635907906479275,0.03210574102794883,0.03210574102794883,0.06744615384615393,0.06744615384615393,-0.009737490563456852,0.009737490563456852,-0.004898000000001623,0.004898000000001623,-0.03133499999999945,0.03133499999999945,-0.0003089293010640759,0.0003089293010640759,-0.01387316204693434,0.01387316204693434
2025-06-02,2025-10-08,4.2578,4.2533,SMA,4.251725,4.2578,4.251725,4.251886559513185,4.29079617747574,4.3233461538461535,4.073712376198363,4.248249,4.217928,4.244743696368134,4.247864882457429,-0.001574999999999882,0.001574999999999882,0.004499999999999282,0.004499999999999282,-0.001574999999999882,0.001574999999999882,-0.0014134404868153538,0.0014134404868153538,0.037496177475739856,0.037496177475739856,0.0700461538461532,0.0700461538461532,-0.17958762380163762,0.17958762380163762,-0.005050999999999917,0.005050999999999917,-0.035372000000000625,0.035372000000000625,-0.00855630363186588,0.00855630363186588,-0.005435117542571533,0.005435117542571533
2025-06-03,2025-10-09,4.2721,4.2569,SMA,4.2513,4.2721,4.2513,4.2538116490833575,4.294176254332299,4.3233461538461535,4.061317451377759,4.243581,4.214004,4.250829124612238,4.267740684831153,-0.005600000000000271,0.005600000000000271,0.015200000000000102,0.015200000000000102,-0.005600000000000271,0.005600000000000271,-0.0030883509166423906,0.0030883509166423906,0.03727625433229953,0.03727625433229953,0.0664461538461536,0.0664461538461536,-0.1955825486222409,0.1955825486222409,-0.01331900000000008,0.01331900000000008,-0.04289599999999982,0.04289599999999982,-0.006070875387761632,0.006070875387761632,0.010840684831153524,0.010840684831153524
2025-06-04,2025-10-10,4.2778,4.2583,SMA,4.251405,4.2778,4.251405,4.2560962539325615,4.293787550797778,4.3233461538461535,4.242578555603142,4.239496999999999,4.207546000000001,4.25052477938282,4.280766683478021,-0.0068950000000000955,0.0068950000000000955,0.01949999999999985,0.01949999999999985,-0.0068950000000000955,0.0068950000000000955,-0.002203746067438672,0.002203746067438672,0.03548755079777788,0.03548755079777788,0.06504615384615331,0.06504615384615331,-0.015721444396858075,0.015721444396858075,-0.018803000000001013,0.018803000000001013,-0.05075399999999952,0.05075399999999952,-0.0077752206171801674,0.0077752206171801674,0.0224666834780205,0.0224666834780205
2025-06-05,2025-10-13,4.2791,4.2592,SMA,4.25179,4.2791,4.25179,4.258287086891365,4.2958818502168645,4.3233461538461535,4.159777287186607,4.2393909999999995,4.211947,4.255147280203815,4.293139534865372,-0.007410000000000139,0.007410000000000139,0.019899999999999807,0.019899999999999807,-0.007410000000000139,0.007410000000000139,-0.0009129131086345055,0.0009129131086345055,0.03668185021686465,0.03668185021686465,0.06414615384615363,0.06414615384615363,-0.09942271281339288,0.09942271281339288,-0.01980900000000041,0.01980900000000041,-0.047252999999999545,0.047252999999999545,-0.004052719796185045,0.004052719796185045,0.03393953486537171,0.03393953486537171
2025-06-06,2025-10-14,4.2881,4.2645,SMA,4.254125,4.2881,4.254125,4.261126411949331,4.302729701533824,4.3233461538461535,4.204860465096985,4.238977999999999,4.212109000000001,4.256532775306661,4.311153682564959,-0.010374999999999801,0.010374999999999801,0.023600000000000065,0.023600000000000065,-0.010374999999999801,0.010374999999999801,-0.0033735880506693405,0.0033735880506693405,0.03822970153382421,0.03822970153382421,0.05884615384615355,0.05884615384615355,-0.05963953490301499,0.05963953490301499,-0.025522000000001377,0.025522000000001377,-0.05239099999999919,0.05239099999999919,-0.007967224693339325,0.007967224693339325,0.046653682564959276,0.046653682564959276
2025-06-09,2025-10-15,4.2772,4.2556,SMA,4.2563,4.2772,4.2563,4.262657229858919,4.302655200050797,4.3233461538461535,4.158374031363568,4.248774,4.2135750000000005,4.241709551233238,4.285079134577896,0.000700000000000145,0.000700000000000145,0.021599999999999397,0.021599999999999397,0.000700000000000145,0.000700000000000145,0.007057229858919101,0.007057229858919101,0.047055200050796664,0.047055200050796664,0.06774615384615323,0.06774615384615323,-0.09722596863643229,0.09722596863643229,-0.006826000000000221,0.006826000000000221,-0.04202499999999976,0.04202499999999976,-0.013890448766762375,0.013890448766762375,0.02947913457789575,0.02947913457789575
2025-06-10,2025-10-16,4.2611,4.2517,SMA,4.25673,4.2611,4.25673,4.262508922253307,4.3000322861747975,4.3233461538461535,4.115158697099329,4.241978000000001,4.207484999999998,4.242335594224305,4.259282559262996,0.005030000000000534,0.005030000000000534,0.009400000000000297,0.009400000000000297,0.005030000000000534,0.005030000000000534,0.01080892225330743,0.01080892225330743,0.0483322861747979,0.0483322861747979,0.07164615384615391,0.07164615384615391,-0.136541302900671,0.136541302900671,-0.009721999999998232,0.009721999999998232,-0.044215000000001226,0.044215000000001226,-0.009364405775694529,0.009364405775694529,0.007582559262996114,0.007582559262996114
2025-06-11,2025-10-17,4.2643,4.2565,SMA,4.25767,4.2643,4.25767,4.262679501086326,4.300692145226042,4.3233461538461535,4.261891229681748,4.2438199999999995,4.2176659999999995,4.247445037829153,4.270065827827804,0.0011700000000001154,0.0011700000000001154,0.007800000000000473,0.007800000000000473,0.0011700000000001154,0.0011700000000001154,0.0061795010863257005,0.0061795010863257005,0.044192145226041646,0.044192145226041646,0.06684615384615356,0.06684615384615356,0.005391229681747767,0.005391229681747767,-0.012680000000000469,0.012680000000000469,-0.03883400000000048,0.03883400000000048,-0.009054962170846892,0.009054962170846892,0.013565827827804355,0.013565827827804355
2025-06-12,2025-10-20,4.2631,4.2396,SMA,4.258935,4.2631,4.258935,4.262719548601914,4.297509022678464,4.3233461538461535,4.041404735360711,4.241187999999998,4.208801,4.2473032342958055,4.262590488086991,0.01933499999999988,0.01933499999999988,0.02349999999999941,0.02349999999999941,0.01933499999999988,0.01933499999999988,0.023119548601913564,0.023119548601913564,0.057909022678463984,0.057909022678463984,0.08374615384615325,0.08374615384615325,-0.19819526463928927,0.19819526463928927,0.0015879999999981464,0.0015879999999981464,-0.03079900000000002,0.03079900000000002,0.007703234295805217,0.007703234295805217,0.022990488086990446,0.022990488086990446
2025-06-13,2025-10-21,4.272,4.2392,SMA,4.260575,4.272,4.260575,4.2636034011160175,4.307711139631007,4.3233461538461535,4.172490130132312,4.246324999999998,4.21927,4.245072717588206,4.271001502763878,0.021374999999999922,0.021374999999999922,0.03279999999999994,0.03279999999999994,0.021374999999999922,0.021374999999999922,0.024403401116017243,0.024403401116017243,0.0685111396310063,0.0685111396310063,0.0841461538461532,0.0841461538461532,-0.06670986986768845,0.06670986986768845,0.0071249999999976055,0.0071249999999976055,-0.019930000000000447,0.019930000000000447,0.005872717588205845,0.005872717588205845,0.03180150276387739,0.03180150276387739
2025-06-16,2025-10-22,4.2612,4.2438,SMA,4.25971,4.2612,4.25971,4.263374505771635,4.306766935586101,4.3233461538461535,4.22282010375692,4.244489,4.213551999999998,4.250286964538066,4.24828192466311,0.01590999999999987,0.01590999999999987,0.017399999999999416,0.017399999999999416,0.01590999999999987,0.01590999999999987,0.019574505771634776,0.019574505771634776,0.06296693558610045,0.06296693558610045,0.07954615384615327,0.07954615384615327,-0.020979896243080276,0.020979896243080276,0.0006889999999994956,0.0006889999999994956,-0.03024800000000205,0.03024800000000205,0.006486964538066076,0.006486964538066076,0.004481924663109815,0.004481924663109815
2025-06-17,2025-10-23,4.275,4.2347,SMA,4.260975,4.275,4.260975,4.264481695698146,4.311591843594197,4.3233461538461535,4.15168999280648,4.246798,4.210962999999999,4.253841087507448,4.277943522163884,0.02627500000000005,0.02627500000000005,0.040300000000000225,0.040300000000000225,0.02627500000000005,0.02627500000000005,0.029781695698146038,0.029781695698146038,0.07689184359419698,0.07689184359419698,0.08864615384615337,0.08864615384615337,-0.08301000719352025,0.08301000719352025,0.012097999999999942,0.012097999999999942,-0.02373700000000145,0.02373700000000145,0.019141087507447807,0.019141087507447807,0.04324352216388405,0.04324352216388405
2025-06-18,2025-10-24,4.2717,4.2353,SMA,4.262545,4.2717,4.262545,4.265169153250704,4.3063941955773375,4.3233461538461535,4.277213822355899,4.2437559999999985,4.216921,4.2551287175643635,4.269302313359688,0.02724500000000063,0.02724500000000063,0.03640000000000043,0.03640000000000043,0.02724500000000063,0.02724500000000063,0.029869153250704272,0.029869153250704272,0.07109419557733787,0.07109419557733787,0.08804615384615389,0.08804615384615389,0.04191382235589902,0.04191382235589902,0.008455999999998909,0.008455999999998909,-0.01837899999999948,0.01837899999999948,0.019828717564363885,0.019828717564363885,0.03400231335968851,0.03400231335968851
2025-06-20,2025-10-27,4.2709,4.2353,SMA,4.263855,4.2709,4.263855,4.265714948179208,4.30771603533635,4.3233461538461535,4.2609920032272,4.243001999999999,4.218351999999998,4.240524799486981,4.274001492303912,0.028555000000000774,0.028555000000000774,0.03560000000000052,0.03560000000000052,0.028555000000000774,0.028555000000000774,0.030414948179208423,0.030414948179208423,0.07241603533635033,0.07241603533635033,0.08804615384615389,0.08804615384615389,0.02569200322720011,0.02569200322720011,0.0077019999999992095,0.0077019999999992095,-0.01694800000000196,0.01694800000000196,0.005224799486981624,0.005224799486981624,0.038701492303911955,0.038701492303911955
2025-06-23,2025-10-28,4.2727,4.2345,SMA,4.264785,4.2727,4.264785,4.26638019120976,4.3119302478867585,4.3233461538461535,4.354321837759581,4.240693999999998,4.222041000000001,4.2363792993934775,4.274334636755979,0.030285000000000117,0.030285000000000117,0.03820000000000068,0.03820000000000068,0.030285000000000117,0.030285000000000117,0.031880191209760156,0.031880191209760156,0.07743024788675879,0.07743024788675879,0.0888461538461538,0.0888461538461538,0.11982183775958166,0.11982183775958166,0.006193999999998034,0.006193999999998034,-0.012458999999998888,0.012458999999998888,0.0018792993934777513,0.0018792993934777513,0.039834636755979425,0.039834636755979425
2025-06-24,2025-10-29,4.2604,4.2374,SMA,4.265235,4.2604,4.265235,4.265810649189783,4.3098905444847615,4.3233461538461535,4.302477649386665,4.238079999999999,4.218048,4.239065396118327,4.265755519175548,0.02783499999999961,0.02783499999999961,0.022999999999999687,0.022999999999999687,0.02783499999999961,0.02783499999999961,0.028410649189782866,0.028410649189782866,0.07249054448476144,0.07249054448476144,0.08594615384615345,0.08594615384615345,0.06507764938666494,0.06507764938666494,0.0006799999999991257,0.0006799999999991257,-0.01935200000000048,0.01935200000000048,0.001665396118326612,0.001665396118326612,0.02835551917554824,0.02835551917554824
2025-06-25,2025-10-30,4.2479,4.2425,SMA,4.265235,4.2479,4.265235,4.26410487307647,4.302468643757968,4.3233461538461535,4.391485119259524,4.236026999999998,4.2258249999999995,4.245823848008279,4.230723154263386,0.02273499999999995,0.02273499999999995,0.005399999999999849,0.005399999999999849,0.02273499999999995,0.02273499999999995,0.021604873076470632,0.021604873076470632,0.05996864375796829,0.05996864375796829,0.08084615384615379,0.08084615384615379,0.14898511925952462,0.14898511925952462,-0.006473000000001505,0.006473000000001505,-0.016675000000000217,0.016675000000000217,0.003323848008279562,0.003323848008279562,-0.011776845736613417,0.011776845736613417
2025-06-26,2025-10-31,4.2479,4.2543,SMA,4.265395,4.2479,4.265395,4.262561551831093,4.308080696426299,4.3233461538461535,4.404069297427922,4.234383999999999,4.22434,4.234932260576397,4.226217554488714,0.011095000000000077,0.011095000000000077,-0.006400000000000183,0.006400000000000183,0.011095000000000077,0.011095000000000077,0.008261551831092895,0.008261551831092895,0.05378069642629946,0.05378069642629946,0.06904615384615376,0.06904615384615376,0.14976929742792233,0.14976929742792233,-0.019916000000001155,0.019916000000001155,-0.029959999999999987,0.029959999999999987,-0.019367739423603147,0.019367739423603147,-0.028082445511286025,0.028082445511286025
2025-06-27,2025-11-03,4.2362,4.2527,SMA,4.265359999999999,4.2362,4.265359999999999,4.260050927847179,4.295890985758523,4.3233461538461535,4.248629250444026,4.217354,4.206198999999999,4.221271428904248,4.209352901116979,0.01265999999999945,0.01265999999999945,-0.016499999999999737,0.016499999999999737,0.01265999999999945,0.01265999999999945,0.007350927847179278,0.007350927847179278,0.04319098575852287,0.04319098575852287,0.07064615384615358,0.07064615384615358,-0.004070749555974196,0.004070749555974196,-0.035345999999999655,0.035345999999999655,-0.046501000000001014,0.046501000000001014,-0.031428571095752034,0.031428571095752034,-0.043347098883020685,0.043347098883020685
2025-06-30,2025-11-04,4.2419,4.2575,SMA,4.26492,4.2419,4.26492,4.2583222680522095,4.301236461227986,4.3233461538461535,4.459539322498484,4.1948919999999985,4.211666000000001,4.192838458763863,4.2213586408391786,0.00741999999999976,0.00741999999999976,-0.015600000000000058,0.015600000000000058,0.00741999999999976,0.00741999999999976,0.0008222680522091963,0.0008222680522091963,0.04373646122798558,0.04373646122798558,0.06584615384615322,0.06584615384615322,0.202039322498484,0.202039322498484,-0.06260800000000177,0.06260800000000177,-0.045833999999999264,0.045833999999999264,-0.06466154123613688,0.06466154123613688,-0.03614135916082173,0.03614135916082173
2025-07-01,2025-11-05,4.2415,4.2597,SMA,4.264105,4.2415,4.264105,4.256720147285332,4.31478697268937,4.3233461538461535,4.355305450280232,4.190725999999999,4.2116310000000015,4.212566324902477,4.216256455944111,0.004405000000000214,0.004405000000000214,-0.018199999999999328,0.018199999999999328,0.004405000000000214,0.004405000000000214,-0.002979852714667608,0.002979852714667608,0.05508697268937013,0.05508697268937013,0.06364615384615391,0.06364615384615391,0.0956054502802326,0.0956054502802326,-0.06897400000000076,0.06897400000000076,-0.04806899999999814,0.04806899999999814,-0.04713367509752242,0.04713367509752242,-0.04344354405588824,0.04344354405588824
2025-07-02,2025-11-06,4.25,4.2566,SMA,4.263,4.25,4.263,4.256080133258157,4.319500261230148,4.3233461538461535,4.282002394984758,4.193358,4.211816000000002,4.218373775867267,4.2442225788143935,0.006400000000000183,0.006400000000000183,-0.006599999999999717,0.006599999999999717,0.006400000000000183,0.006400000000000183,-0.0005198667418424563,0.0005198667418424563,0.06290026123014858,0.06290026123014858,0.06674615384615379,0.06674615384615379,0.02540239498475838,0.02540239498475838,-0.0632419999999998,0.0632419999999998,-0.04478399999999816,0.04478399999999816,-0.03822622413273269,0.03822622413273269,-0.012377421185606252,0.012377421185606252
2025-07-03,2025-11-07,4.2634,4.2483,SMA,4.2622800000000005,4.2634,4.2622800000000005,4.256777263424047,4.317262147590916,4.3233461538461535,4.3563171695577,4.1903869999999985,4.2069659999999995,4.208929850870345,4.263576949824134,0.013980000000000103,0.013980000000000103,0.015099999999999447,0.015099999999999447,0.013980000000000103,0.013980000000000103,0.0084772634240462,0.0084772634240462,0.06896214759091546,0.06896214759091546,0.0750461538461531,0.0750461538461531,0.10801716955769969,0.10801716955769969,-0.05791300000000188,0.05791300000000188,-0.04133400000000087,0.04133400000000087,-0.039370149129655196,0.039370149129655196,0.01527694982413319,0.01527694982413319
2025-07-04,2025-11-10,4.2515,4.2351,SMA,4.2609,4.2515,4.2609,4.256274666907471,4.315746426454048,4.3233461538461535,4.405996397153336,4.1944349999999995,4.207544,4.226672240407404,4.234844989090486,0.025800000000000267,0.025800000000000267,0.01639999999999997,0.01639999999999997,0.025800000000000267,0.025800000000000267,0.02117466690747083,0.02117466690747083,0.08064642645404785,0.08064642645404785,0.08824615384615342,0.08824615384615342,0.17089639715333593,0.17089639715333593,-0.04066500000000062,0.04066500000000062,-0.027555999999999692,0.027555999999999692,-0.008427759592596118,0.008427759592596118,-0.00025501090951429717,0.00025501090951429717
2025-07-07,2025-11-12,4.2524,4.2312,SMA,4.259115,4.2524,4.259115,4.255905651011521,4.319573929334269,4.3233461538461535,4.261905489471619,4.193020999999999,4.211142000000002,4.207935289158882,4.248566289832626,0.027915000000000134,0.027915000000000134,0.02119999999999944,0.02119999999999944,0.027915000000000134,0.027915000000000134,0.024705651011521113,0.024705651011521113,0.08837392933426891,0.08837392933426891,0.09214615384615321,0.09214615384615321,0.030705489471618996,0.030705489471618996,-0.038179000000001295,0.038179000000001295,-0.02005799999999791,0.02005799999999791,-0.023264710841118585,0.023264710841118585,0.017366289832625448,0.017366289832625448
2025-07-08,2025-11-13,4.2455,4.2304,SMA,4.25753,4.2455,4.25753,4.254914636629472,4.312254148904222,4.3233461538461535,4.241406290699258,4.192899,4.218852000000002,4.21353515745491,4.236247001795886,0.027129999999999654,0.027129999999999654,0.015099999999999447,0.015099999999999447,0.027129999999999654,0.027129999999999654,0.02451463662947173,0.02451463662947173,0.08185414890422127,0.08185414890422127,0.09294615384615312,0.09294615384615312,0.011006290699257626,0.011006290699257626,-0.03750100000000067,0.03750100000000067,-0.01154799999999856,0.01154799999999856,-0.016864842545090575,0.016864842545090575,0.005847001795885376,0.005847001795885376
2025-07-09,2025-11-14,4.2399,4.2274,SMA,4.25647,4.2399,4.25647,4.253484671236189,4.306625313761321,4.3233461538461535,4.387049884044702,4.195028000000001,4.224985000000001,4.208586683699214,4.2374077564246155,0.02906999999999993,0.02906999999999993,0.01249999999999929,0.01249999999999929,0.02906999999999993,0.02906999999999993,0.026084671236188406,0.026084671236188406,0.07922531376132103,0.07922531376132103,0.09594615384615324,0.09594615384615324,0.15964988404470137,0.15964988404470137,-0.03237199999999962,0.03237199999999962,-0.002414999999999168,0.002414999999999168,-0.018813316300786198,0.018813316300786198,0.010007756424615266,0.010007756424615266
2025-07-10,2025-11-17,4.2464,4.2231,SMA,4.255575,4.2464,4.255575,4.2528099406422655,4.318366098391635,4.3233461538461535,4.3315082080330445,4.194509999999999,4.214799999999999,4.193214824902272,4.270931211515591,0.0324750000000007,0.0324750000000007,0.023300000000000765,0.023300000000000765,0.0324750000000007,0.0324750000000007,0.029709940642265842,0.029709940642265842,0.0952660983916358,0.0952660983916358,0.10024615384615387,0.10024615384615387,0.10840820803304485,0.10840820803304485,-0.028590000000000337,0.028590000000000337,-0.008300000000000196,0.008300000000000196,-0.02988517509772759,0.02988517509772759,0.04783121151559122,0.04783121151559122
2025-07-11,2025-11-18,4.2563,4.2331,SMA,4.255235,4.2563,4.255235,4.253142327247764,4.32250594574422,4.3233461538461535,4.44659646162377,4.19161,4.218438000000001,4.1928956657022916,4.292943138518769,0.02213499999999957,0.02213499999999957,0.02320000000000011,0.02320000000000011,0.02213499999999957,0.02213499999999957,0.020042327247764113,0.020042327247764113,0.08940594574422,0.08940594574422,0.0902461538461532,0.0902461538461532,0.21349646162376956,0.21349646162376956,-0.04149000000000047,0.04149000000000047,-0.014661999999999509,0.014661999999999509,-0.040204334297708755,0.040204334297708755,0.05984313851876877,0.05984313851876877
2025-07-14,2025-11-19,4.2614,4.2424,SMA,4.254705,4.2614,4.254705,4.253928772271786,4.329580120513018,4.3233461538461535,4.347173305346118,4.191352999999999,4.222671000000001,4.210346353666924,4.2976655576025315,0.012305000000000454,0.012305000000000454,0.019000000000000128,0.019000000000000128,0.012305000000000454,0.012305000000000454,0.01152877227178628,0.01152877227178628,0.08718012051301827,0.08718012051301827,0.08094615384615356,0.08094615384615356,0.10477330534611795,0.10477330534611795,-0.05104700000000051,0.05104700000000051,-0.019728999999998997,0.019728999999998997,-0.03205364633307628,0.03205364633307628,0.0552655576025316,0.0552655576025316
2025-07-15,2025-11-20,4.2538,4.2289,SMA,4.254335,4.2538,4.254335,4.253916508245902,4.329806433770019,4.3233461538461535,4.344730507659396,4.192816,4.221941999999999,4.204563276415915,4.287433462249844,0.025434999999999874,0.025434999999999874,0.0248999999999997,0.0248999999999997,0.025434999999999874,0.025434999999999874,0.025016508245901292,0.025016508245901292,0.10090643377001829,0.10090643377001829,0.09444615384615318,0.09444615384615318,0.11583050765939529,0.11583050765939529,-0.03608400000000067,0.03608400000000067,-0.006958000000000908,0.006958000000000908,-0.024336723584085007,0.024336723584085007,0.05853346224984346,0.05853346224984346
2025-07-16,2025-11-21,4.2585,4.2489,SMA,4.25351,4.2585,4.25351,4.254353031270101,4.332584462439155,4.3233461538461535,4.436134155834601,4.190700999999999,4.225494000000001,4.199351706713413,4.297732324689156,0.004610000000000447,0.004610000000000447,0.009599999999999831,0.009599999999999831,0.004610000000000447,0.004610000000000447,0.005453031270101327,0.005453031270101327,0.08368446243915528,0.08368446243915528,0.0744461538461536,0.0744461538461536,0.18723415583460135,0.18723415583460135,-0.058199000000001,0.058199000000001,-0.023405999999998706,0.023405999999998706,-0.04954829328658672,0.04954829328658672,0.04883232468915644,0.04883232468915644
2025-07-17,2025-11-24,4.2559,4.2345,SMA,4.25272,4.2559,4.25272,4.25450036162533,4.336666439931317,4.3233461538461535,4.365042699125402,4.186919,4.230668,4.197195065294404,4.295477537340107,0.018220000000000347,0.018220000000000347,0.021399999999999864,0.021399999999999864,0.018220000000000347,0.018220000000000347,0.020000361625330143,0.020000361625330143,0.10216643993131758,0.10216643993131758,0.0888461538461538,0.0888461538461538,0.13054269912540217,0.13054269912540217,-0.047581000000000095,0.047581000000000095,-0.0038320000000000576,0.0038320000000000576,-0.03730493470559537,0.03730493470559537,0.06097753734010691,0.06097753734010691
2025-07-18,2025-11-25,4.2509,4.2301,SMA,4.251720000000001,4.2509,4.251720000000001,4.254157470041965,4.330170058215978,4.3233461538461535,4.555870751275384,4.193780999999999,4.233941,4.215838445829607,4.282858692072824,0.021620000000000417,0.021620000000000417,0.020799999999999486,0.020799999999999486,0.021620000000000417,0.021620000000000417,0.024057470041964457,0.024057470041964457,0.10007005821597748,0.10007005821597748,0.09324615384615331,0.09324615384615331,0.3257707512753836,0.3257707512753836,-0.036319000000001544,0.036319000000001544,0.0038409999999995392,0.0038409999999995392,-0.014261554170393431,0.014261554170393431,0.0527586920728238,0.0527586920728238
2025-07-21,2025-11-26,4.2445,4.233,SMA,4.250310000000001,4.2445,4.250310000000001,4.253237710990349,4.333274218929619,4.3233461538461535,4.384813935227969,4.1904449999999995,4.237585000000001,4.204268257595829,4.253034214229358,0.017310000000001047,0.017310000000001047,0.011500000000000732,0.011500000000000732,0.017310000000001047,0.017310000000001047,0.0202377109903491,0.0202377109903491,0.10027421892961907,0.10027421892961907,0.09034615384615385,0.09034615384615385,0.1518139352279695,0.1518139352279695,-0.04255500000000012,0.04255500000000012,0.0045850000000013935,0.0045850000000013935,-0.028731742404170646,0.028731742404170646,0.020034214229358582,0.020034214229358582
2025-07-22,2025-11-27,4.2531,4.227,SMA,4.249945,4.2531,4.249945,4.253224595657935,4.338824731305213,4.3233461538461535,4.340418257220772,4.189610999999998,4.242363,4.208194201149825,4.277253723375754,0.022944999999999993,0.022944999999999993,0.026099999999999568,0.026099999999999568,0.022944999999999993,0.022944999999999993,0.026224595657934557,0.026224595657934557,0.11182473130521231,0.11182473130521231,0.09634615384615319,0.09634615384615319,0.11341825722077203,0.11341825722077203,-0.03738900000000189,0.03738900000000189,0.015362999999999793,0.015362999999999793,-0.018805798850175748,0.018805798850175748,0.05025372337575362,0.05025372337575362
2025-07-23,2025-11-28,4.2544,4.2369,SMA,4.25027,4.2544,4.25027,4.253336538928608,4.328659590824834,4.3233461538461535,4.395751406579764,4.182331999999999,4.255827999999999,4.215059178943307,4.29232842908001,0.013370000000000104,0.013370000000000104,0.01750000000000007,0.01750000000000007,0.013370000000000104,0.013370000000000104,0.01643653892860808,0.01643653892860808,0.09175959082483409,0.09175959082483409,0.08644615384615317,0.08644615384615317,0.15885140657976393,0.15885140657976393,-0.054568000000001504,0.054568000000001504,0.018927999999998946,0.018927999999998946,-0.02184082105669294,0.02184082105669294,0.05542842908000978,0.05542842908000978
2025-07-24,2025-12-01,4.2514,4.2286,SMA,4.250445,4.2514,4.250445,4.253152106649693,4.316426834500294,4.3233461538461535,4.46241972750607,4.177642,4.2476709999999995,4.209795437129765,4.289940273546287,0.021844999999999892,0.021844999999999892,0.022800000000000153,0.022800000000000153,0.021844999999999892,0.021844999999999892,0.02455210664969254,0.02455210664969254,0.0878268345002935,0.0878268345002935,0.09474615384615337,0.09474615384615337,0.23381972750607005,0.23381972750607005,-0.0509580000000005,0.0509580000000005,0.019070999999999394,0.019070999999999394,-0.01880456287023513,0.01880456287023513,0.06134027354628646,0.06134027354628646
2025-07-25,2025-12-02,4.2544,4.239,SMA,4.251355,4.2544,4.251355,4.253270953635436,4.322810898290032,4.3233461538461535,4.456860457919728,4.180002999999998,4.248263,4.203050235806131,4.305130401599662,0.012355000000000338,0.012355000000000338,0.015400000000000524,0.015400000000000524,0.012355000000000338,0.012355000000000338,0.014270953635436179,0.014270953635436179,0.0838108982900323,0.0838108982900323,0.08434615384615363,0.08434615384615363,0.21786045791972786,0.21786045791972786,-0.05899700000000152,0.05899700000000152,0.0092629999999998,0.0092629999999998,-0.03594976419386864,0.03594976419386864,0.06613040159966221,0.06613040159966221
2025-07-28,2025-12-03,4.2565,4.2312,SMA,4.252085,4.2565,4.252085,4.253578481860632,4.32644221904456,4.3233461538461535,4.344198279773954,4.177867999999998,4.251938000000001,4.218229502906717,4.3123808419828995,0.02088499999999982,0.02088499999999982,0.025299999999999656,0.025299999999999656,0.02088499999999982,0.02088499999999982,0.02237848186063207,0.02237848186063207,0.0952422190445601,0.0952422190445601,0.09214615384615321,0.09214615384615321,0.11299827977395349,0.11299827977395349,-0.05333200000000193,0.05333200000000193,0.02073800000000059,0.02073800000000059,-0.012970497093283129,0.012970497093283129,0.08118084198289921,0.08118084198289921
2025-07-29,2025-12-04,4.2737,4.2299,SMA,4.253695,4.2737,4.253695,4.255494816921525,4.335157358568839,4.3233461538461535,4.451949017476624,4.182373999999999,4.2555510000000005,4.22073350990212,4.345824810599299,0.02379499999999979,0.02379499999999979,0.04380000000000006,0.04380000000000006,0.02379499999999979,0.02379499999999979,0.025594816921524988,0.025594816921524988,0.10525735856883944,0.10525735856883944,0.09344615384615373,0.09344615384615373,0.22204901747662387,0.22204901747662387,-0.0475260000000004,0.0475260000000004,0.025651000000000757,0.025651000000000757,-0.009166490097880065,0.009166490097880065,0.11592481059929938,0.11592481059929938
2025-07-30,2025-12-05,4.2732,4.2321,SMA,4.254855,4.2732,4.254855,4.257181024833761,4.335215607363486,4.3233461538461535,4.435436705121301,4.177077999999998,4.248401999999999,4.222838736063664,4.352053881828722,0.02275500000000008,0.02275500000000008,0.041100000000000136,0.041100000000000136,0.02275500000000008,0.02275500000000008,0.025081024833760956,0.025081024833760956,0.10311560736348646,0.10311560736348646,0.09124615384615353,0.09124615384615353,0.2033367051213011,0.2033367051213011,-0.0550220000000019,0.0550220000000019,0.016301999999998706,0.016301999999998706,-0.009261263936336306,0.009261263936336306,0.1199538818287218,0.1199538818287218
2025-07-31,2025-12-08,4.2661,4.2289,SMA,4.254989999999999,4.2661,4.254989999999999,4.258030451040069,4.331126635662591,4.3233461538461535,4.35962900355748,4.181022999999999,4.254454999999998,4.216269583756284,4.34305016882298,0.02608999999999906,0.02608999999999906,0.037199999999999456,0.037199999999999456,0.02608999999999906,0.02608999999999906,0.029130451040068728,0.029130451040068728,0.10222663566259094,0.10222663566259094,0.09444615384615318,0.09444615384615318,0.1307290035574793,0.1307290035574793,-0.0478770000000015,0.0478770000000015,0.025554999999997996,0.025554999999997996,-0.012630416243716525,0.012630416243716525,0.11415016882298001,0.11415016882298001
2025-08-01,2025-12-09,4.2813,4.234,SMA,4.25648,4.2813,4.25648,4.260246598560062,4.328392530649058,4.3233461538461535,4.328090863909637,4.187675999999999,4.250492,4.209269556427684,4.374911654883369,0.022479999999999833,0.022479999999999833,0.0472999999999999,0.0472999999999999,0.022479999999999833,0.022479999999999833,0.026246598560062395,0.026246598560062395,0.09439253064905806,0.09439253064905806,0.08934615384615352,0.08934615384615352,0.09409086390963672,0.09409086390963672,-0.04632400000000114,0.04632400000000114,0.016492000000000395,0.016492000000000395,-0.024730443572315686,0.024730443572315686,0.14091165488336888,0.14091165488336888
2025-08-04,2025-12-10,4.2734,4.2274,SMA,4.25753,4.2734,4.25753,4.261499303459104,4.32609340957589,4.3233461538461535,4.353079442163338,4.187681999999998,4.253782999999999,4.221857377428485,4.357360750228257,0.030129999999999768,0.030129999999999768,0.045999999999999375,0.045999999999999375,0.030129999999999768,0.030129999999999768,0.0340993034591035,0.0340993034591035,0.09869340957588957,0.09869340957588957,0.09594615384615324,0.09594615384615324,0.12567944216333782,0.12567944216333782,-0.03971800000000236,0.03971800000000236,0.026382999999999157,0.026382999999999157,-0.005542622571515388,0.005542622571515388,0.12996075022825693,0.12996075022825693
2025-08-05,2025-12-11,4.2763,4.2284,SMA,4.25907,4.2763,4.25907,4.262908893605856,4.330814779377723,4.3233461538461535,4.321505103405935,4.1861489999999995,4.248289999999999,4.226681287239834,4.37204591277086,0.03067000000000064,0.03067000000000064,0.047900000000000276,0.047900000000000276,0.03067000000000064,0.03067000000000064,0.03450889360585663,0.03450889360585663,0.1024147793777237,0.1024147793777237,0.09494615384615379,0.09494615384615379,0.09310510340593492,0.09310510340593492,-0.04225100000000026,0.04225100000000026,0.019889999999999297,0.019889999999999297,-0.0017187127601658858,0.0017187127601658858,0.14364591277086003,0.14364591277086003
2025-08-06,2025-12-12,4.282,4.2271,SMA,4.261175,4.282,4.261175,4.264727094214821,4.3301170853466475,4.3233461538461535,4.284076670785723,4.187642999999998,4.245033000000001,4.227429879465767,4.377376166743929,0.03407499999999963,0.03407499999999963,0.05489999999999995,0.05489999999999995,0.03407499999999963,0.03407499999999963,0.037627094214821355,0.037627094214821355,0.10301708534664744,0.10301708534664744,0.09624615384615343,0.09624615384615343,0.05697667078572266,0.05697667078572266,-0.039457000000002296,0.039457000000002296,0.017933000000001087,0.017933000000001087,0.00032987946576668037,0.00032987946576668037,0.15027616674392874,0.15027616674392874
2025-08-07,2025-12-15,4.2618,4.2192,SMA,4.261945,4.2618,4.261945,4.26444832333722,4.315520359181819,4.3233461538461535,4.385375052811863,4.189836,4.244112,4.217654318750953,4.329509784338223,0.04274500000000003,0.04274500000000003,0.04260000000000019,0.04260000000000019,0.04274500000000003,0.04274500000000003,0.045248323337220064,0.045248323337220064,0.09632035918181892,0.09632035918181892,0.10414615384615367,0.10414615384615367,0.1661750528118633,0.1661750528118633,-0.029364000000000168,0.029364000000000168,0.02491200000000049,0.02491200000000049,-0.0015456812490466376,0.0015456812490466376,0.1103097843382228,0.1103097843382228
2025-08-08,2025-12-16,4.2566,4.2239,SMA,4.26196,4.2566,4.26196,4.263700863971771,4.314211114472353,4.3233461538461535,4.384146739604072,4.1876169999999995,4.242288000000001,4.212721607677683,4.3207149177403466,0.03805999999999976,0.03805999999999976,0.032699999999999285,0.032699999999999285,0.03805999999999976,0.03805999999999976,0.039800863971770184,0.039800863971770184,0.0903111144723523,0.0903111144723523,0.09944615384615307,0.09944615384615307,0.1602467396040712,0.1602467396040712,-0.03628300000000095,0.03628300000000095,0.018388000000000737,0.018388000000000737,-0.011178392322317876,0.011178392322317876,0.09681491774034612,0.09681491774034612
2025-08-11,2025-12-17,4.2533,4.2149,SMA,4.261555,4.2533,4.261555,4.262710305498269,4.3151818953368615,4.3233461538461535,4.343030325990602,4.1896309999999986,4.239408000000001,4.211426872007827,4.3268165754577455,0.046655000000000335,0.046655000000000335,0.03840000000000021,0.03840000000000021,0.046655000000000335,0.046655000000000335,0.04781030549826859,0.04781030549826859,0.10028189533686138,0.10028189533686138,0.10844615384615341,0.10844615384615341,0.12813032599060215,0.12813032599060215,-0.02526900000000154,0.02526900000000154,0.024508000000000862,0.024508000000000862,-0.0034731279921729197,0.0034731279921729197,0.11191657545774536,0.11191657545774536
2025-08-12,2025-12-18,4.2626,4.2076,SMA,4.261995,4.2626,4.261995,4.26269980021272,4.3195235858202405,4.3233461538461535,4.380785028274429,4.194151999999998,4.247633,4.211594369150661,4.362772209186215,0.05439499999999953,0.05439499999999953,0.054999999999999716,0.054999999999999716,0.05439499999999953,0.05439499999999953,0.05509980021271943,0.05509980021271943,0.11192358582024031,0.11192358582024031,0.11574615384615328,0.11574615384615328,0.17318502827442916,0.17318502827442916,-0.013448000000002125,0.013448000000002125,0.04003300000000021,0.04003300000000021,0.003994369150660759,0.003994369150660759,0.15517220918621444,0.15517220918621444
2025-08-13,2025-12-19,4.2586,4.2094,SMA,4.262,4.2586,4.262,4.262309343049603,4.321537253832264,4.3233461538461535,4.331267366599024,4.192526999999998,4.2459169999999995,4.215644349036866,4.3497949681226045,0.05259999999999998,0.05259999999999998,0.0492000000000008,0.0492000000000008,0.05259999999999998,0.05259999999999998,0.052909343049603486,0.052909343049603486,0.11213725383226425,0.11213725383226425,0.11394615384615392,0.11394615384615392,0.12186736659902397,0.12186736659902397,-0.016873000000001248,0.016873000000001248,0.03651699999999991,0.03651699999999991,0.006244349036866659,0.006244349036866659,0.14039496812260488,0.14039496812260488
2025-08-14,2025-12-22,4.2639,4.2115,SMA,4.2624,4.2639,4.2624,4.262460834187737,4.330351572479212,4.3233461538461535,4.317770314865918,4.1979479999999985,4.254152000000002,4.216335039097621,4.361440242922425,0.05090000000000039,0.05090000000000039,0.05239999999999956,0.05239999999999956,0.05090000000000039,0.05090000000000039,0.05096083418773656,0.05096083418773656,0.11885157247921185,0.11885157247921185,0.11184615384615348,0.11184615384615348,0.10627031486591765,0.10627031486591765,-0.013552000000001563,0.013552000000001563,0.04265200000000213,0.04265200000000213,0.004835039097621063,0.004835039097621063,0.14994024292242525,0.14994024292242525
2025-08-18,2025-12-23,4.2558,4.2274,SMA,4.262645,4.2558,4.262645,4.261826469027,4.327307416411594,4.3233461538461535,4.461448139985336,4.200318999999999,4.2514959999999995,4.217657058787625,4.330035553631104,0.03524499999999975,0.03524499999999975,0.028399999999999537,0.028399999999999537,0.03524499999999975,0.03524499999999975,0.03442646902699931,0.03442646902699931,0.09990741641159406,0.09990741641159406,0.09594615384615324,0.09594615384615324,0.2340481399853358,0.2340481399853358,-0.027081000000001687,0.027081000000001687,0.02409599999999923,0.02409599999999923,-0.009742941212374845,0.009742941212374845,0.10263555363110388,0.10263555363110388
2025-08-19,2025-12-29,4.242,4.2274,SMA,4.26252,4.242,4.26252,4.259938233881571,4.320938860915823,4.3233461538461535,4.463213945584524,4.199429999999998,4.245246000000002,4.210866460285249,4.287600224400159,0.03512000000000004,0.03512000000000004,0.014599999999999724,0.014599999999999724,0.03512000000000004,0.03512000000000004,0.03253823388157073,0.03253823388157073,0.09353886091582275,0.09353886091582275,0.09594615384615324,0.09594615384615324,0.23581394558452384,0.23581394558452384,-0.027970000000002493,0.027970000000002493,0.01784600000000136,0.01784600000000136,-0.016533539714751022,0.016533539714751022,0.06020022440015893,0.06020022440015893
2025-08-20,2025-12-30,4.2524,4.2293,SMA,4.262485,4.2524,4.262485,4.259220306845231,4.3301254274429715,4.3233461538461535,4.360359330579449,4.197206999999998,4.242798,4.207639714396816,4.327561902868593,0.033184999999999576,0.033184999999999576,0.023099999999999454,0.023099999999999454,0.033184999999999576,0.033184999999999576,0.029920306845230726,0.029920306845230726,0.10082542744297118,0.10082542744297118,0.09404615384615322,0.09404615384615322,0.13105933057944874,0.13105933057944874,-0.03209300000000237,0.03209300000000237,0.013497999999999344,0.013497999999999344,-0.021660285603184448,0.021660285603184448,0.09826190286859315,0.09826190286859315
2025-08-21,2025-12-31,4.2521,4.2267,SMA,4.26237,4.2521,4.26237,4.25854218238378,4.325074380258106,4.3233461538461535,4.295900283826494,4.1971149999999975,4.249495000000003,4.211016080796932,4.3263667012937175,0.035669999999999646,0.035669999999999646,0.02540000000000031,0.02540000000000031,0.035669999999999646,0.035669999999999646,0.031842182383780226,0.031842182383780226,0.09837438025810563,0.09837438025810563,0.09664615384615338,0.09664615384615338,0.06920028382649424,0.06920028382649424,-0.029585000000002637,0.029585000000002637,0.022795000000003007,0.022795000000003007,-0.01568391920306844,0.01568391920306844,0.09966670129371735,0.09966670129371735
2025-08-22,2026-01-02,4.267,4.2156,SMA,4.26315,4.267,4.26315,4.2593476888234205,4.314954115937132,4.3233461538461535,4.349629335835296,4.187027,4.228886,4.193449073560867,4.335966820389085,0.0475500000000002,0.0475500000000002,0.05140000000000011,0.05140000000000011,0.0475500000000002,0.0475500000000002,0.04374768882342028,0.04374768882342028,0.09935411593713184,0.09935411593713184,0.10774615384615327,0.10774615384615327,0.13402933583529553,0.13402933583529553,-0.028573000000000626,0.028573000000000626,0.013285999999999909,0.013285999999999909,-0.0221509264391333,0.0221509264391333,0.12036682038908442,0.12036682038908442
2025-08-25,2026-01-05,4.2627,4.211,SMA,4.263565,4.2627,4.263565,4.259666956554523,4.314665128535425,4.3233461538461535,4.440935432250871,4.189275,4.236462,4.198438230972012,4.312758203484224,0.05256499999999953,0.05256499999999953,0.05169999999999941,0.05169999999999941,0.05256499999999953,0.05256499999999953,0.04866695655452258,0.04866695655452258,0.10366512853542442,0.10366512853542442,0.11234615384615321,0.11234615384615321,0.22993543225087087,0.22993543225087087,-0.021724999999999994,0.021724999999999994,0.025462000000000096,0.025462000000000096,-0.012561769027988667,0.012561769027988667,0.10175820348422349,0.10175820348422349
2025-08-26,2026-01-07,4.2657,4.2105,SMA,4.264024999999999,4.2657,4.264024999999999,4.260241532120759,4.317993918312067,4.3233461538461535,4.1768446867905205,4.187283999999999,4.223451000000001,4.1939895942748295,4.284939536847009,0.0535249999999996,0.0535249999999996,0.05520000000000014,0.05520000000000014,0.0535249999999996,0.0535249999999996,0.04974153212075905,0.04974153212075905,0.10749391831206712,0.10749391831206712,0.11284615384615382,0.11284615384615382,-0.03365531320947923,0.03365531320947923,-0.02321600000000057,0.02321600000000057,0.012951000000001045,0.012951000000001045,-0.016510405725170152,0.016510405725170152,0.07443953684700944,0.07443953684700944
2025-08-27,2026-01-08,4.2639,4.2119,SMA,4.263535,4.2639,4.263535,4.260589957633068,4.315462880173646,4.3233461538461535,4.217511868574853,4.1900509999999995,4.229603,4.195623151076878,4.313642942205451,0.0516350000000001,0.0516350000000001,0.0519999999999996,0.0519999999999996,0.0516350000000001,0.0516350000000001,0.04868995763306838,0.04868995763306838,0.10356288017364612,0.10356288017364612,0.11144615384615353,0.11144615384615353,0.005611868574852963,0.005611868574852963,-0.02184900000000045,0.02184900000000045,0.017703000000000024,0.017703000000000024,-0.016276848923121534,0.016276848923121534,0.10174294220545121,0.10174294220545121
2025-08-28,2026-01-09,4.2681,4.2127,SMA,4.26328,4.2681,4.26328,4.261305199763251,4.313763351474596,4.3233461538461535,4.2573840306958335,4.1885509999999995,4.228336,4.188137823742229,4.288141696987656,0.05058000000000007,0.05058000000000007,0.05539999999999967,0.05539999999999967,0.05058000000000007,0.05058000000000007,0.048605199763251505,0.048605199763251505,0.101063351474596,0.101063351474596,0.11064615384615362,0.11064615384615362,0.0446840306958336,0.0446840306958336,-0.02414900000000042,0.02414900000000042,0.01563599999999976,0.01563599999999976,-0.024562176257770574,0.024562176257770574,0.07544169698765568,0.07544169698765568
2025-08-29,2026-01-12,4.2684,4.2097,SMA,4.263395000000001,4.2684,4.263395000000001,4.261980895023894,4.3140250134734766,4.3233461538461535,4.399818719512375,4.190472,4.231343,4.189582936398687,4.331352025847442,0.05369500000000116,0.05369500000000116,0.058699999999999974,0.058699999999999974,0.05369500000000116,0.05369500000000116,0.05228089502389466,0.05228089502389466,0.10432501347347678,0.10432501347347678,0.11364615384615373,0.11364615384615373,0.19011871951237502,0.19011871951237502,-0.019228000000000023,0.019228000000000023,0.02164300000000008,0.02164300000000008,-0.0201170636013126,0.0201170636013126,0.1216520258474425,0.1216520258474425
2025-09-01,2026-01-13,4.2574,4.2116,SMA,4.2622,4.2574,4.2622,4.261544619307333,4.300088735002066,4.3233461538461535,4.384636000487982,4.183138999999998,4.221818,4.192058800670809,4.3235683680157475,0.0506000000000002,0.0506000000000002,0.04579999999999984,0.04579999999999984,0.0506000000000002,0.0506000000000002,0.049944619307333404,0.049944619307333404,0.08848873500206622,0.08848873500206622,0.11174615384615372,0.11174615384615372,0.17303600048798184,0.17303600048798184,-0.028461000000001846,0.028461000000001846,0.01021800000000006,0.01021800000000006,-0.01954119932919074,0.01954119932919074,0.11196836801574772,0.11196836801574772
2025-09-02,2026-01-14,4.2651,4.211,SMA,4.261785,4.2651,4.261785,4.261883226992349,4.306359040776386,4.3233461538461535,4.299425728434633,4.181936999999999,4.221876999999997,4.1978444882066945,4.333123349712752,0.050784999999999414,0.050784999999999414,0.05410000000000004,0.05410000000000004,0.050784999999999414,0.050784999999999414,0.05088322699234826,0.05088322699234826,0.09535904077638602,0.09535904077638602,0.11234615384615321,0.11234615384615321,0.08842572843463259,0.08842572843463259,-0.029063000000001615,0.029063000000001615,0.010876999999997139,0.010876999999997139,-0.013155511793305763,0.013155511793305763,0.1221233497127514,0.1221233497127514
2025-09-03,2026-01-15,4.2589,4.2068,SMA,4.260915,4.2589,4.260915,4.261599110135935,4.306752559104905,4.3233461538461535,4.247661408081809,4.185679999999999,4.212168999999998,4.203918373517981,4.268900301770479,0.05411499999999947,0.05411499999999947,0.05209999999999937,0.05209999999999937,0.05411499999999947,0.05411499999999947,0.05479911013593508,0.05479911013593508,0.09995255910490464,0.09995255910490464,0.11654615384615319,0.11654615384615319,0.040861408081808825,0.040861408081808825,-0.021120000000001582,0.021120000000001582,0.005368999999997293,0.005368999999997293,-0.002881626482019506,0.002881626482019506,0.06210030177047887,0.06210030177047887
2025-09-04,2026-01-16,4.2553,4.2192,SMA,4.25958,4.2553,4.25958,4.260999194884893,4.30420991051094,4.3233461538461535,4.2081159317571615,4.184826999999999,4.218440999999999,4.207261376253869,4.263764764397975,0.04037999999999986,0.04037999999999986,0.03610000000000024,0.03610000000000024,0.04037999999999986,0.04037999999999986,0.041799194884893254,0.041799194884893254,0.08500991051093987,0.08500991051093987,0.10414615384615367,0.10414615384615367,-0.011084068242838363,0.011084068242838363,-0.03437300000000043,0.03437300000000043,-0.0007590000000003982,0.0007590000000003982,-0.011938623746130972,0.011938623746130972,0.04456476439797541,0.04456476439797541
2025-09-05,2026-01-19,4.2476,4.2231,SMA,4.25887,4.2476,4.25887,4.259723081086332,4.298762850069636,4.3233461538461535,4.284310484356082,4.1819219999999975,4.217798000000001,4.2148641797352155,4.285952747069432,0.0357700000000003,0.0357700000000003,0.024500000000000632,0.024500000000000632,0.0357700000000003,0.0357700000000003,0.03662308108633194,0.03662308108633194,0.07566285006963636,0.07566285006963636,0.10024615384615387,0.10024615384615387,0.06121048435608234,0.06121048435608234,-0.04117800000000216,0.04117800000000216,-0.005301999999998586,0.005301999999998586,-0.008235820264784088,0.008235820264784088,0.06285274706943245,0.06285274706943245
2025-09-08,2026-01-20,4.2484,4.2279,SMA,4.25846,4.2484,4.25846,4.258644692411443,4.292014952534896,4.3233461538461535,4.293496332631225,4.181108999999998,4.220728999999999,4.1988127190717135,4.25785688625164,0.030560000000000365,0.030560000000000365,0.020500000000000185,0.020500000000000185,0.030560000000000365,0.030560000000000365,0.030744692411443175,0.030744692411443175,0.0641149525348963,0.0641149525348963,0.09544615384615351,0.09544615384615351,0.065596332631225,0.065596332631225,-0.04679100000000158,0.04679100000000158,-0.007171000000001371,0.007171000000001371,-0.029087280928286496,0.029087280928286496,0.02995688625164039,0.02995688625164039
2025-09-09,2026-01-21,4.254,4.2271,SMA,4.258495,4.254,4.258495,4.25820234075321,4.3013709514152625,4.3233461538461535,4.223973564339904,4.178996000000001,4.214841999999997,4.1991665291319595,4.313338501432843,0.03139499999999984,0.03139499999999984,0.02689999999999948,0.02689999999999948,0.03139499999999984,0.03139499999999984,0.031102340753210278,0.031102340753210278,0.07427095141526241,0.07427095141526241,0.09624615384615343,0.09624615384615343,-0.003126435660096405,0.003126435660096405,-0.04810399999999948,0.04810399999999948,-0.012258000000002767,0.012258000000002767,-0.027933470868040544,0.027933470868040544,0.08623850143284262,0.08623850143284262
2025-09-10,2026-01-22,4.2604,4.2128,SMA,4.258385,4.2604,4.258385,4.258411641633857,4.304006606582239,4.3233461538461535,4.206685488000247,4.180477,4.219881999999998,4.193736904065346,4.3314161589291995,0.04558499999999999,0.04558499999999999,0.04760000000000009,0.04760000000000009,0.04558499999999999,0.04558499999999999,0.045611641633857225,0.045611641633857225,0.09120660658223922,0.09120660658223922,0.11054615384615385,0.11054615384615385,-0.006114511999752992,0.006114511999752992,-0.03232299999999988,0.03232299999999988,0.0070819999999987004,0.0070819999999987004,-0.01906309593465405,0.01906309593465405,0.11861615892919986,0.11861615892919986
2025-09-11,2026-01-23,4.2626,4.205,SMA,4.258585,4.2626,4.258585,4.258810532906823,4.3018179384767095,4.3233461538461535,4.254383419573232,4.1772,4.225536,4.2056052800008,4.334020463737719,0.053584999999999994,0.053584999999999994,0.057599999999999874,0.057599999999999874,0.053584999999999994,0.053584999999999994,0.05381053290682303,0.05381053290682303,0.09681793847670939,0.09681793847670939,0.11834615384615343,0.11834615384615343,0.04938341957323189,0.04938341957323189,-0.027800000000000047,0.027800000000000047,0.020535999999999888,0.020535999999999888,0.000605280000799624,0.000605280000799624,0.12902046373771903,0.12902046373771903
2025-09-12,2026-01-26,4.2593,4.2118,SMA,4.258355,4.2593,4.258355,4.258857148820459,4.298605883762537,4.3233461538461535,4.385421862269133,4.179551,4.221894,4.1936714864301345,4.312402331979528,0.04655499999999968,0.04655499999999968,0.04749999999999943,0.04749999999999943,0.04655499999999968,0.04655499999999968,0.04705714882045875,0.04705714882045875,0.08680588376253695,0.08680588376253695,0.1115461538461533,0.1115461538461533,0.17362186226913323,0.17362186226913323,-0.032249000000000194,0.032249000000000194,0.010093999999999603,0.010093999999999603,-0.018128513569865667,0.018128513569865667,0.10060233197952773,0.10060233197952773
2025-09-15,2026-01-27,4.2476,4.2032,SMA,4.257945,4.2476,4.257945,4.257785039408986,4.297578732935532,4.3233461538461535,4.270146903231787,4.183754999999999,4.217330999999999,4.1985679897115045,4.296976550890853,0.05474500000000049,0.05474500000000049,0.04440000000000044,0.04440000000000044,0.05474500000000049,0.05474500000000049,0.054585039408985736,0.054585039408985736,0.09437873293553256,0.09437873293553256,0.12014615384615368,0.12014615384615368,0.06694690323178687,0.06694690323178687,-0.019445000000001045,0.019445000000001045,0.014130999999999005,0.014130999999999005,-0.0046320102884953585,0.0046320102884953585,0.09377655089085302,0.09377655089085302
2025-09-16,2026-01-28,4.2504,4.2009,SMA,4.258365,4.2504,4.258365,4.257081702322417,4.297708080037258,4.3233461538461535,4.245290360705598,4.182883,4.224394999999999,4.20124708901281,4.301550273948392,0.05746500000000054,0.05746500000000054,0.0495000000000001,0.0495000000000001,0.05746500000000054,0.05746500000000054,0.056181702322416704,0.056181702322416704,0.09680808003725794,0.09680808003725794,0.12244615384615365,0.12244615384615365,0.044390360705597764,0.044390360705597764,-0.018016999999999506,0.018016999999999506,0.02349499999999871,0.02349499999999871,0.00034708901281010895,0.00034708901281010895,0.10065027394839188,0.10065027394839188
2025-09-17,2026-01-29,4.2559,4.2072,SMA,4.25854,4.2559,4.25854,4.256969159244092,4.301558809073197,4.3233461538461535,4.213759148655646,4.187252,4.213506999999999,4.212934798777543,4.312100003923891,0.05133999999999972,0.05133999999999972,0.0486999999999993,0.0486999999999993,0.05133999999999972,0.05133999999999972,0.04976915924409209,0.04976915924409209,0.0943588090731966,0.0943588090731966,0.11614615384615323,0.11614615384615323,0.0065591486556453305,0.0065591486556453305,-0.0199480000000003,0.0199480000000003,0.00630699999999873,0.00630699999999873,0.005734798777543126,0.005734798777543126,0.10490000392389032,0.10490000392389032
2025-09-18,2026-01-30,4.2564,4.2131,SMA,4.258755,4.2564,4.258755,4.256914953601797,4.29996572590065,4.3233461538461535,4.2137239691943265,4.186719,4.21463,4.2316759139623255,4.314535328182679,0.045655,0.045655,0.04330000000000034,0.04330000000000034,0.045655,0.045655,0.04381495360179688,0.04381495360179688,0.08686572590065023,0.08686572590065023,0.11024615384615366,0.11024615384615366,0.0006239691943266124,0.0006239691943266124,-0.026380999999999766,0.026380999999999766,0.0015299999999998093,0.0015299999999998093,0.018575913962325608,0.018575913962325608,0.10143532818267875,0.10143532818267875
2025-09-19,2026-02-02,4.2666,4.2106,SMA,4.258735,4.2666,4.258735,4.257837338973054,4.292677402620724,4.3233461538461535,4.166679695175349,4.188696999999998,4.21368,4.226300286303216,4.3318722390383595,0.04813499999999937,0.04813499999999937,0.05600000000000005,0.05600000000000005,0.04813499999999937,0.04813499999999937,0.047237338973054044,0.047237338973054044,0.08207740262072338,0.08207740262072338,0.11274615384615316,0.11274615384615316,-0.0439203048246517,0.0439203048246517,-0.02190300000000267,0.02190300000000267,0.0030799999999997496,0.0030799999999997496,0.015700286303215627,0.015700286303215627,0.12127223903835915,0.12127223903835915
2025-09-22,2026-02-03,4.2645,4.2198,SMA,4.258825,4.2645,4.258825,4.258471878118478,4.2914248937168455,4.3233461538461535,4.368241964477534,4.185956999999998,4.214871999999999,4.218378401803272,4.2367476795281975,0.03902499999999964,0.03902499999999964,0.04469999999999974,0.04469999999999974,0.03902499999999964,0.03902499999999964,0.03867187811847739,0.03867187811847739,0.07162489371684533,0.07162489371684533,0.10354615384615329,0.10354615384615329,0.14844196447753344,0.14844196447753344,-0.033843000000001844,0.033843000000001844,-0.004928000000001376,0.004928000000001376,-0.0014215981967282687,0.0014215981967282687,0.016947679528197312,0.016947679528197312
2025-09-23,2026-02-04,4.2552,4.2241,SMA,4.2583,4.2552,4.2583,4.258160270678623,4.28934813553581,4.3233461538461535,4.288766335866237,4.1904439999999985,4.212993999999998,4.202192284547731,4.232412915037823,0.03420000000000023,0.03420000000000023,0.03110000000000035,0.03110000000000035,0.03420000000000023,0.03420000000000023,0.03406027067862283,0.03406027067862283,0.06524813553580966,0.06524813553580966,0.09924615384615354,0.09924615384615354,0.06466633586623693,0.06466633586623693,-0.03365600000000146,0.03365600000000146,-0.011106000000001615,0.011106000000001615,-0.02190771545226866,0.02190771545226866,0.008312915037823387,0.008312915037823387
2025-09-24,2026-02-05,4.2676,4.2175,SMA,4.258484999999999,4.2676,4.258484999999999,4.259059292518754,4.288789757838409,4.3233461538461535,4.154150177978741,4.191306999999998,4.203332,4.21394119440993,4.240024283907806,0.04098499999999916,0.04098499999999916,0.05009999999999959,0.05009999999999959,0.04098499999999916,0.04098499999999916,0.041559292518753566,0.041559292518753566,0.07128975783840907,0.07128975783840907,0.10584615384615326,0.10584615384615326,-0.0633498220212596,0.0633498220212596,-0.02619300000000191,0.02619300000000191,-0.014168000000000625,0.014168000000000625,-0.0035588055900701576,0.0035588055900701576,0.022524283907805476,0.022524283907805476
2025-09-25,2026-02-06,4.2619,4.2155,SMA,4.258175,4.2619,4.258175,4.259329836088396,4.2740769199981505,4.3233461538461535,4.225659021461487,4.191347999999998,4.214581999999999,4.19689682012218,4.245137718823525,0.04267500000000002,0.04267500000000002,0.04640000000000022,0.04640000000000022,0.04267500000000002,0.04267500000000002,0.04382983608839641,0.04382983608839641,0.058576919998150956,0.058576919998150956,0.10784615384615392,0.10784615384615392,0.010159021461487505,0.010159021461487505,-0.024152000000001728,0.024152000000001728,-0.0009180000000004185,0.0009180000000004185,-0.018603179877819898,0.018603179877819898,0.029637718823525283,0.029637718823525283
2025-09-26,2026-02-09,4.2668,4.2142,SMA,4.258094999999999,4.2668,4.258094999999999,4.260041280270453,4.2746810971056135,4.3233461538461535,4.217670509466663,4.190730999999998,4.198568999999999,4.203584906254244,4.258049925354925,0.04389499999999913,0.04389499999999913,0.05259999999999998,0.05259999999999998,0.04389499999999913,0.04389499999999913,0.04584128027045331,0.04584128027045331,0.06048109710561356,0.06048109710561356,0.10914615384615356,0.10914615384615356,0.003470509466662719,0.003470509466662719,-0.023469000000002183,0.023469000000002183,-0.01563100000000084,0.01563100000000084,-0.010615093745755644,0.010615093745755644,0.043849925354924935,0.043849925354924935
2025-09-29,2026-02-10,4.2688,4.2148,SMA,4.258665,4.2688,4.258665,4.26087544405422,4.278951508920438,4.3233461538461535,4.346141746195032,4.190999999999997,4.193076999999998,4.222115669295768,4.248362712149129,0.04386499999999938,0.04386499999999938,0.05399999999999938,0.05399999999999938,0.04386499999999938,0.04386499999999938,0.04607544405421926,0.04607544405421926,0.06415150892043808,0.06415150892043808,0.10854615384615318,0.10854615384615318,0.13134174619503192,0.13134174619503192,-0.023800000000003152,0.023800000000003152,-0.02172300000000238,0.02172300000000238,0.007315669295767435,0.007315669295767435,0.03356271214912887,0.03356271214912887
2025-09-30,2026-02-11,4.2692,4.2174,SMA,4.25887,4.2692,4.25887,4.261668258906199,4.283775229272807,4.3233461538461535,4.309381350757697,4.188465999999998,4.1966209999999995,4.216519804455388,4.253656258115929,0.04147000000000034,0.04147000000000034,0.05180000000000007,0.05180000000000007,0.04147000000000034,0.04147000000000034,0.04426825890619934,0.04426825890619934,0.0663752292728077,0.0663752292728077,0.10594615384615391,0.10594615384615391,0.0919813507576972,0.0919813507576972,-0.028934000000001348,0.028934000000001348,-0.020779000000000103,0.020779000000000103,-0.000880195544611162,0.000880195544611162,0.03625625811592936,0.03625625811592936
2025-10-01,2026-02-12,4.2586,4.2131,SMA,4.258855,4.2586,4.258855,4.261376043772275,4.263824322219887,4.3233461538461535,4.256999929309266,4.188331999999998,4.199120000000001,4.220801299917671,4.251995144432803,0.04575499999999977,0.04575499999999977,0.04550000000000054,0.04550000000000054,0.04575499999999977,0.04575499999999977,0.04827604377227512,0.04827604377227512,0.050724322219886986,0.050724322219886986,0.11024615384615366,0.11024615384615366,0.04389992930926656,0.04389992930926656,-0.024768000000001678,0.024768000000001678,-0.013979999999999215,0.013979999999999215,0.0077012999176711006,0.0077012999176711006,0.03889514443280273,0.03889514443280273
2025-10-02,2026-02-13,4.256,4.214,SMA,4.258889999999999,4.256,4.258889999999999,4.260864039603487,4.266244558996162,4.3233461538461535,4.261498407199392,4.188827,4.202341000000001,4.224083888750087,4.237308408226287,0.044889999999998764,0.044889999999998764,0.041999999999999815,0.041999999999999815,0.044889999999998764,0.044889999999998764,0.04686403960348695,0.04686403960348695,0.05224455899616132,0.05224455899616132,0.1093461538461531,0.1093461538461531,0.04749840719939158,0.04749840719939158,-0.025173000000000556,0.025173000000000556,-0.011658999999998976,0.011658999999998976,0.0100838887500867,0.0100838887500867,0.02330840822628666,0.02330840822628666
2025-10-03,2026-02-16,4.2559,4.208,SMA,4.259305,4.2559,4.259305,4.260391273926964,4.266779463634653,4.3233461538461535,4.155762993869423,4.189546999999999,4.197773,4.217229313828583,4.249493120103619,0.051305000000000156,0.051305000000000156,0.04789999999999939,0.04789999999999939,0.051305000000000156,0.051305000000000156,0.052391273926963855,0.052391273926963855,0.05877946363465281,0.05877946363465281,0.11534615384615332,0.11534615384615332,-0.0522370061305768,0.0522370061305768,-0.01845300000000094,0.01845300000000094,-0.01022700000000043,0.01022700000000043,0.009229313828583052,0.009229313828583052,0.04149312010361861,0.04149312010361861
2025-10-06,2026-02-17,4.2521,4.2182,SMA,4.25949,4.2521,4.25949,4.259601628791063,4.262835156476445,4.3233461538461535,4.331801400811107,4.189495999999999,4.205512,4.217461290093166,4.242387566052311,0.04129000000000005,0.04129000000000005,0.03390000000000004,0.03390000000000004,0.04129000000000005,0.04129000000000005,0.04140162879106235,0.04140162879106235,0.04463515647644467,0.04463515647644467,0.10514615384615311,0.10514615384615311,0.11360140081110703,0.11360140081110703,-0.028704000000001173,0.028704000000001173,-0.012688000000000699,0.012688000000000699,-0.000738709906834778,0.000738709906834778,0.024187566052310316,0.024187566052310316
2025-10-07,2026-02-18,4.2559,4.2148,SMA,4.259585,4.2559,4.259585,4.259249092715724,4.270643421981128,4.3233461538461535,4.300884803518363,4.192072,4.203391,4.2019102413495615,4.240048441770002,0.044785000000000075,0.044785000000000075,0.04109999999999925,0.04109999999999925,0.044785000000000075,0.044785000000000075,0.04444909271572328,0.04444909271572328,0.05584342198112768,0.05584342198112768,0.10854615384615318,0.10854615384615318,0.08608480351836256,0.08608480351836256,-0.022728000000000748,0.022728000000000748,-0.011409000000000447,0.011409000000000447,-0.012889758650438843,0.012889758650438843,0.025248441770001406,0.025248441770001406
2025-10-08,2026-02-19,4.2533,4.222,SMA,4.25923,4.2533,4.25923,4.258682512457083,4.272115091904692,4.3233461538461535,4.299772485041235,4.190772999999998,4.197822,4.1997304228884245,4.2372822471226534,0.03722999999999921,0.03722999999999921,0.031299999999999883,0.031299999999999883,0.03722999999999921,0.03722999999999921,0.03668251245708287,0.03668251245708287,0.050115091904691766,0.050115091904691766,0.10134615384615309,0.10134615384615309,0.07777248504123424,0.07777248504123424,-0.031227000000002114,0.031227000000002114,-0.024178000000000033,0.024178000000000033,-0.022269577111575956,0.022269577111575956,0.015282247122653025,0.015282247122653025
2025-10-09,2026-02-20,4.2569,4.2241,SMA,4.258945,4.2569,4.258945,4.2585127493659325,4.271937564913748,4.3233461538461535,4.3297532038054545,4.192573999999999,4.192742,4.203563023668369,4.2400701986321385,0.03484499999999979,0.03484499999999979,0.03279999999999994,0.03279999999999994,0.03484499999999979,0.03484499999999979,0.03441274936593253,0.03441274936593253,0.04783756491374813,0.04783756491374813,0.09924615384615354,0.09924615384615354,0.10565320380545451,0.10565320380545451,-0.031526000000001275,0.031526000000001275,-0.031358,0.031358,-0.02053697633163054,0.02053697633163054,0.015970198632138555,0.015970198632138555
2025-10-10,2026-02-23,4.2583,4.2173,SMA,4.258895000000001,4.2583,4.258895000000001,4.258492487521558,4.271616509474112,4.3233461538461535,4.198914597051351,4.191809999999999,4.201932,4.208582816104337,4.247318883278087,0.04159500000000094,0.04159500000000094,0.04100000000000037,0.04100000000000037,0.04159500000000094,0.04159500000000094,0.04119248752155791,0.04119248752155791,0.05431650947411182,0.05431650947411182,0.10604615384615368,0.10604615384615368,-0.018385402948648988,0.018385402948648988,-0.025490000000000457,0.025490000000000457,-0.015367999999999604,0.015367999999999604,-0.008717183895663005,0.008717183895663005,0.030018883278087216,0.030018883278087216
2025-10-13,2026-02-24,4.2592,4.2193,SMA,4.259475,4.2592,4.259475,4.258559869662362,4.273927059111872,4.3233461538461535,4.328997046872466,4.191101999999998,4.194513999999999,4.210096893988187,4.25018889205629,0.040175000000000516,0.040175000000000516,0.03990000000000027,0.03990000000000027,0.040175000000000516,0.040175000000000516,0.03925986966236206,0.03925986966236206,0.05462705911187271,0.05462705911187271,0.1040461538461539,0.1040461538461539,0.10969704687246651,0.10969704687246651,-0.0281980000000015,0.0281980000000015,-0.02478600000000064,0.02478600000000064,-0.009203106011812956,0.009203106011812956,0.030888892056290196,0.030888892056290196
2025-10-14,2026-02-25,4.2645,4.2183,SMA,4.26018,4.2645,4.26018,4.2591255963611845,4.280443990380245,4.3233461538461535,4.276210069869652,4.190714,4.197095,4.208945971960011,4.253851599035156,0.04187999999999992,0.04187999999999992,0.0461999999999998,0.0461999999999998,0.04187999999999992,0.04187999999999992,0.040825596361184324,0.040825596361184324,0.062143990380245206,0.062143990380245206,0.10504615384615335,0.10504615384615335,0.05791006986965197,0.05791006986965197,-0.027586000000000332,0.027586000000000332,-0.02120500000000014,0.02120500000000014,-0.009354028039989082,0.009354028039989082,0.03555159903515559,0.03555159903515559
2025-10-15,2026-02-26,4.2556,4.2224,SMA,4.260165,4.2556,4.260165,4.258789825279167,4.274317884874413,4.3233461538461535,4.322893728129607,4.188953000000001,4.202960000000001,4.226089045072537,4.248330910830357,0.03776499999999938,0.03776499999999938,0.033199999999999896,0.033199999999999896,0.03776499999999938,0.03776499999999938,0.036389825279166566,0.036389825279166566,0.0519178848744124,0.0519178848744124,0.10094615384615313,0.10094615384615313,0.10049372812960655,0.10049372812960655,-0.03344699999999978,0.03344699999999978,-0.019439999999999458,0.019439999999999458,0.0036890450725364232,0.0036890450725364232,0.0259309108303567,0.0259309108303567
2025-10-16,2026-02-27,4.2517,4.2233,SMA,4.25993,4.2517,4.25993,4.2581146038240085,4.269505808843673,4.3233461538461535,4.267877392685463,4.188831999999998,4.203407,4.200594322707627,4.246732666280626,0.03662999999999972,0.03662999999999972,0.028399999999999537,0.028399999999999537,0.03662999999999972,0.03662999999999972,0.03481460382400847,0.03481460382400847,0.046205808843672536,0.046205808843672536,0.10004615384615345,0.10004615384615345,0.044577392685463124,0.044577392685463124,-0.034468000000002164,0.034468000000002164,-0.019892999999999716,0.019892999999999716,-0.022705677292373494,0.022705677292373494,0.023432666280625902,0.023432666280625902
2025-10-17,2026-03-02,4.2565,4.2304,SMA,4.259424999999999,4.2565,4.259424999999999,4.257960832031245,4.266371220953651,4.3233461538461535,4.3287309332582335,4.194526999999999,4.234957,4.225602366994606,4.256381738939886,0.02902499999999897,0.02902499999999897,0.026099999999999568,0.026099999999999568,0.02902499999999897,0.02902499999999897,0.02756083203124504,0.02756083203124504,0.035971220953650906,0.035971220953650906,0.09294615384615312,0.09294615384615312,0.09833093325823317,0.09833093325823317,-0.035873000000001376,0.035873000000001376,0.004556999999999256,0.004556999999999256,-0.004797633005394708,0.004797633005394708,0.02598173893988598,0.02598173893988598
2025-10-20,2026-03-03,4.2396,4.2732,SMA,4.258179999999999,4.2396,4.258179999999999,4.256212181361603,4.257785856242481,4.3233461538461535,4.3392620645700255,4.196856,4.226902000000001,4.206931803980387,4.23969430387132,-0.0150200000000007,0.0150200000000007,-0.03359999999999985,0.03359999999999985,-0.0150200000000007,0.0150200000000007,-0.01698781863839738,0.01698781863839738,-0.015414143757519483,0.015414143757519483,0.050146153846153396,0.050146153846153396,0.06606206457002539,0.06606206457002539,-0.07634399999999975,0.07634399999999975,-0.046297999999999284,0.046297999999999284,-0.06626819601961298,0.06626819601961298,-0.03350569612867993,0.03350569612867993
2025-10-21,2026-03-04,4.2392,4.2685,SMA,4.25738,4.2392,4.25738,4.254591973612879,4.260470942143996,4.3233461538461535,4.276635142009745,4.195974999999999,4.228364000000001,4.214155501755156,4.256839787940458,-0.011120000000000019,0.011120000000000019,-0.029300000000000104,0.029300000000000104,-0.011120000000000019,0.011120000000000019,-0.01390802638712163,0.01390802638712163,-0.008029057856004052,0.008029057856004052,0.0548461538461531,0.0548461538461531,0.008135142009744634,0.008135142009744634,-0.0725250000000015,0.0725250000000015,-0.040135999999999505,0.040135999999999505,-0.054344498244844,0.054344498244844,-0.011660212059542374,0.011660212059542374
2025-10-22,2026-03-05,4.2438,4.2739,SMA,4.25619,4.2438,4.25619,4.253564166602128,4.263464520539805,4.3233461538461535,4.2630337919991295,4.198826000000002,4.221953000000001,4.211851307679464,4.247354125652056,-0.017710000000000115,0.017710000000000115,-0.030100000000000016,0.030100000000000016,-0.017710000000000115,0.017710000000000115,-0.020335833397871816,0.020335833397871816,-0.010435479460195296,0.010435479460195296,0.04944615384615325,0.04944615384615325,-0.010866208000870792,0.010866208000870792,-0.07507399999999809,0.07507399999999809,-0.0519469999999993,0.0519469999999993,-0.06204869232053589,0.06204869232053589,-0.026545874347943865,0.026545874347943865
2025-10-23,2026-03-06,4.2347,4.2782,SMA,4.25483,4.2347,4.25483,4.251767579306688,4.258794809972772,4.3233461538461535,4.259364433941945,4.1961,4.2227120000000005,4.2092715035152795,4.237810906325613,-0.02336999999999989,0.02336999999999989,-0.04349999999999987,0.04349999999999987,-0.02336999999999989,0.02336999999999989,-0.026432420693311975,0.026432420693311975,-0.019405190027227626,0.019405190027227626,0.0451461538461535,0.0451461538461535,-0.01883556605805481,0.01883556605805481,-0.08209999999999962,0.08209999999999962,-0.05548799999999954,0.05548799999999954,-0.06892849648472055,0.06892849648472055,-0.0403890936743867,0.0403890936743867
2025-10-24,2026-03-09,4.2353,4.2836,SMA,4.253255,4.2353,4.253255,4.250199238420336,4.261454264077748,4.3233461538461535,4.253708153647745,4.195222,4.223728000000001,4.207882635242691,4.236044770739391,-0.030344999999999622,0.030344999999999622,-0.04830000000000023,0.04830000000000023,-0.030344999999999622,0.030344999999999622,-0.03340076157966365,0.03340076157966365,-0.022145735922252108,0.022145735922252108,0.03974615384615365,0.03974615384615365,-0.029891846352255058,0.029891846352255058,-0.08837799999999962,0.08837799999999962,-0.05987199999999859,0.05987199999999859,-0.07571736475730884,0.07571736475730884,-0.04755522926060873,0.04755522926060873
