date,target_date,y_t,true_target,best_model,pred_best,pred_Naive,pred_SMA,pred_EMA,pred_Ridge,pred_ElasticNet,pred_MLPRegressor,pred_RandomForest,pred_ExtraTrees,pred_HistGB,pred_SARIMAX,err_pred_best,abs_err_pred_best,err_pred_Naive,abs_err_pred_Naive,err_pred_SMA,abs_err_pred_SMA,err_pred_EMA,abs_err_pred_EMA,err_pred_Ridge,abs_err_pred_Ridge,err_pred_ElasticNet,abs_err_pred_ElasticNet,err_pred_MLPRegressor,abs_err_pred_MLPRegressor,err_pred_RandomForest,abs_err_pred_RandomForest,err_pred_ExtraTrees,abs_err_pred_ExtraTrees,err_pred_HistGB,abs_err_pred_HistGB,err_pred_SARIMAX,abs_err_pred_SARIMAX
2023-09-12,2025-02-25,4.6836,4.1339,ElasticNet,4.347307533604251,4.6836,4.59956,4.562191246244396,4.330571253019865,4.347307533604251,4.5422976430828506,4.216246000000005,4.175485000000006,4.176635144394891,4.636009195241864,0.21340753360425158,0.21340753360425158,0.5497000000000005,0.5497000000000005,0.46566000000000063,0.46566000000000063,0.4282912462443962,0.4282912462443962,0.19667125301986488,0.19667125301986488,0.21340753360425158,0.21340753360425158,0.40839764308285087,0.40839764308285087,0.08234600000000558,0.08234600000000558,0.041585000000006644,0.041585000000006644,0.04273514439489112,0.04273514439489112,0.5021091952418644,0.5021091952418644
2023-09-13,2025-02-26,4.6402,4.1394,ElasticNet,4.347307533604251,4.6402,4.62812,4.5763746560181415,4.356862192649124,4.347307533604251,4.498012662973179,4.250073000000004,4.179753000000006,4.191979387557443,4.521407149991722,0.20790753360425107,0.20790753360425107,0.5007999999999999,0.5007999999999999,0.4887199999999998,0.4887199999999998,0.43697465601814134,0.43697465601814134,0.2174621926491236,0.2174621926491236,0.20790753360425107,0.20790753360425107,0.3586126629731785,0.3586126629731785,0.1106730000000038,0.1106730000000038,0.040353000000005856,0.040353000000005856,0.052579387557442736,0.052579387557442736,0.3820071499917219,0.3820071499917219
2023-09-14,2025-02-27,4.6285,4.1371,ElasticNet,4.347307533604251,4.6285,4.63502,4.58585199128757,4.363038852068974,4.347307533604251,4.423138762496665,4.257617000000002,4.207478000000004,4.217974835258817,4.5106231316526095,0.21020753360425104,0.21020753360425104,0.4913999999999996,0.4913999999999996,0.4979199999999997,0.4979199999999997,0.44875199128756993,0.44875199128756993,0.2259388520689738,0.2259388520689738,0.21020753360425104,0.21020753360425104,0.2860387624966645,0.2860387624966645,0.1205170000000022,0.1205170000000022,0.07037800000000338,0.07037800000000338,0.08087483525881645,0.08087483525881645,0.3735231316526093,0.3735231316526093
2023-09-15,2025-02-28,4.6307,4.1575,ElasticNet,4.347307533604251,4.6307,4.64078,4.59400617468983,4.372360586491262,4.347307533604251,3.9485535410487365,4.2637510000000045,4.225874000000002,4.2140419170389505,4.49827592449784,0.1898075336042515,0.1898075336042515,0.4732000000000003,0.4732000000000003,0.4832800000000006,0.4832800000000006,0.4365061746898302,0.4365061746898302,0.2148605864912625,0.2148605864912625,0.1898075336042515,0.1898075336042515,-0.2089464589512633,0.2089464589512633,0.10625100000000476,0.10625100000000476,0.06837400000000216,0.06837400000000216,0.05654191703895073,0.05654191703895073,0.3407759244978399,0.3407759244978399
2023-09-18,2025-03-03,4.6377,4.1827,ElasticNet,4.347307533604251,4.6377,4.64414,4.601950506564406,4.371364964768059,4.347307533604251,3.895071080293634,4.270812000000004,4.2345580000000025,4.22701936564108,4.537185865013592,0.16460753360425162,0.16460753360425162,0.45500000000000007,0.45500000000000007,0.4614400000000005,0.4614400000000005,0.4192505065644063,0.4192505065644063,0.18866496476805938,0.18866496476805938,0.16460753360425162,0.16460753360425162,-0.2876289197063655,0.2876289197063655,0.08811200000000419,0.08811200000000419,0.051858000000002846,0.051858000000002846,0.044319365641080744,0.044319365641080744,0.3544858650135927,0.3544858650135927
2023-09-19,2025-03-04,4.6458,4.1568,ElasticNet,4.347307533604251,4.6458,4.63658,4.609923141734514,4.403089793562989,4.347307533604251,4.001284644789868,4.268240000000003,4.251399000000003,4.227844531276541,4.5579722944103,0.19050753360425166,0.19050753360425166,0.48900000000000077,0.48900000000000077,0.47978000000000076,0.47978000000000076,0.4531231417345145,0.4531231417345145,0.24628979356298952,0.24628979356298952,0.19050753360425166,0.19050753360425166,-0.15551535521013182,0.15551535521013182,0.11144000000000354,0.11144000000000354,0.09459900000000321,0.09459900000000321,0.07104453127654153,0.07104453127654153,0.40117229441030045,0.40117229441030045
2023-09-20,2025-03-05,4.6529,4.1545,ElasticNet,4.347307533604251,4.6529,4.63912,4.617737115964602,4.409194839425366,4.347307533604251,3.983756727188855,4.270920000000002,4.240820000000003,4.217083299221055,4.564228783633446,0.19280753360425162,0.19280753360425162,0.4984000000000002,0.4984000000000002,0.4846200000000005,0.4846200000000005,0.4632371159646027,0.4632371159646027,0.2546948394253663,0.2546948394253663,0.19280753360425162,0.19280753360425162,-0.17074327281114465,0.17074327281114465,0.11642000000000241,0.11642000000000241,0.08632000000000328,0.08632000000000328,0.0625832992210551,0.0625832992210551,0.40972878363344645,0.40972878363344645
2023-09-21,2025-03-06,4.621,4.1766,ElasticNet,4.347307533604251,4.621,4.63762,4.618330367607402,4.397335330030375,4.347307533604251,4.1447880546774,4.274091000000004,4.251980000000002,4.245201468252131,4.484507599416704,0.17070753360425162,0.17070753360425162,0.4444000000000008,0.4444000000000008,0.46102000000000043,0.46102000000000043,0.44173036760740203,0.44173036760740203,0.22073533003037493,0.22073533003037493,0.17070753360425162,0.17070753360425162,-0.03181194532260001,0.03181194532260001,0.09749100000000421,0.09749100000000421,0.07538000000000267,0.07538000000000267,0.06860146825213143,0.06860146825213143,0.307907599416704,0.307907599416704
2023-09-22,2025-03-07,4.6069,4.176,ElasticNet,4.347307533604251,4.6069,4.63286,4.61625211895151,4.391196876229802,4.347307533604251,4.08959584988739,4.279575000000004,4.263838000000001,4.2441700906131095,4.444082109460116,0.1713075336042511,0.1713075336042511,0.4309000000000003,0.4309000000000003,0.4568599999999998,0.4568599999999998,0.44025211895151006,0.44025211895151006,0.21519687622980221,0.21519687622980221,0.1713075336042511,0.1713075336042511,-0.08640415011261027,0.08640415011261027,0.10357500000000375,0.10357500000000375,0.08783800000000053,0.08783800000000053,0.0681700906131093,0.0681700906131093,0.26808210946011624,0.26808210946011624
2023-09-25,2025-03-10,4.5892,4.1857,ElasticNet,4.347307533604251,4.5892,4.62316,4.611333551869418,4.376659604011191,4.347307533604251,4.002187005553012,4.282483000000004,4.261954000000002,4.244546798857328,4.409625485430358,0.1616075336042515,0.1616075336042515,0.4035000000000002,0.4035000000000002,0.4374600000000006,0.4374600000000006,0.4256335518694181,0.4256335518694181,0.1909596040111916,0.1909596040111916,0.1616075336042515,0.1616075336042515,-0.18351299444698732,0.18351299444698732,0.09678300000000384,0.09678300000000384,0.07625400000000226,0.07625400000000226,0.058846798857328686,0.058846798857328686,0.2239254854303585,0.2239254854303585
2023-09-26,2025-03-11,4.6077,4.1977,ElasticNet,4.347307533604251,4.6077,4.61554,4.610672906074978,4.382759285819094,4.347307533604251,3.954251569807218,4.287124000000003,4.273316000000001,4.22930504332552,4.464221490189878,0.14960753360425105,0.14960753360425105,0.41000000000000014,0.41000000000000014,0.41784,0.41784,0.4129729060749776,0.4129729060749776,0.1850592858190936,0.1850592858190936,0.14960753360425105,0.14960753360425105,-0.24344843019278217,0.24344843019278217,0.08942400000000283,0.08942400000000283,0.07561600000000102,0.07561600000000102,0.031605043325519944,0.031605043325519944,0.26652149018987803,0.26652149018987803
2023-09-27,2025-03-12,4.6065,4.2017,ElasticNet,4.347307533604251,4.6065,4.606260000000001,4.609914195879527,4.3947072183383025,4.347307533604251,3.875432429271679,4.300900000000002,4.280489,4.230801269840335,4.450164040650217,0.1456075336042515,0.1456075336042515,0.4047999999999998,0.4047999999999998,0.4045600000000009,0.4045600000000009,0.4082141958795269,0.4082141958795269,0.1930072183383027,0.1930072183383027,0.1456075336042515,0.1456075336042515,-0.3262675707283207,0.3262675707283207,0.0992000000000024,0.0992000000000024,0.07878900000000044,0.07878900000000044,0.029101269840335675,0.029101269840335675,0.24846404065021765,0.24846404065021765
2023-09-28,2025-03-13,4.634,4.196,ElasticNet,4.347307533604251,4.634,4.60886,4.61429343299234,4.396401584423266,4.347307533604251,4.011544175797537,4.308786000000002,4.296723000000001,4.253764746943733,4.474423638227794,0.15130753360425153,0.15130753360425153,0.4380000000000006,0.4380000000000006,0.4128600000000002,0.4128600000000002,0.41829343299234,0.41829343299234,0.2004015844232665,0.2004015844232665,0.15130753360425153,0.15130753360425153,-0.18445582420246254,0.18445582420246254,0.1127860000000025,0.1127860000000025,0.10072300000000123,0.10072300000000123,0.057764746943733236,0.057764746943733236,0.27842363822779426,0.27842363822779426
2023-09-29,2025-03-14,4.6356,4.179,ElasticNet,4.347307533604251,4.6356,4.6146,4.618167354266459,4.404266014991214,4.347307533604251,3.9753033390709227,4.308534000000002,4.312950000000001,4.376538941169363,4.433091422771614,0.168307533604251,0.168307533604251,0.4565999999999999,0.4565999999999999,0.4356,0.4356,0.43916735426645914,0.43916735426645914,0.22526601499121401,0.22526601499121401,0.168307533604251,0.168307533604251,-0.20369666092907757,0.20369666092907757,0.12953400000000137,0.12953400000000137,0.13395000000000046,0.13395000000000046,0.19753894116936266,0.19753894116936266,0.254091422771614,0.254091422771614
2023-10-02,2025-03-17,4.6091,4.1777,ElasticNet,4.347307533604251,4.6091,4.61858,4.61651874439983,4.4179120233513185,4.347307533604251,3.6990010323606524,4.3405780000000025,4.303345,4.371957152209973,4.386697723331111,0.16960753360425151,0.16960753360425151,0.4314,0.4314,0.44087999999999994,0.44087999999999994,0.43881874439983015,0.43881874439983015,0.24021202335131875,0.24021202335131875,0.16960753360425151,0.16960753360425151,-0.4786989676393474,0.4786989676393474,0.16287800000000274,0.16287800000000274,0.12564500000000045,0.12564500000000045,0.19425715220997297,0.19425715220997297,0.20899772333111155,0.20899772333111155
2023-10-03,2025-03-18,4.6147,4.1776,ElasticNet,4.347307533604251,4.6147,4.61998,4.616188063599861,4.424073664091073,4.347307533604251,3.576151730941719,4.3655690000000025,4.312813,4.376604785160925,4.412837773505663,0.16970753360425128,0.16970753360425128,0.43710000000000004,0.43710000000000004,0.44238,0.44238,0.4385880635998607,0.4385880635998607,0.24647366409107274,0.24647366409107274,0.16970753360425128,0.16970753360425128,-0.601448269058281,0.601448269058281,0.1879690000000025,0.1879690000000025,0.13521300000000025,0.13521300000000025,0.19900478516092512,0.19900478516092512,0.23523777350566277,0.23523777350566277
2023-10-04,2025-03-19,4.6303,4.1945,ElasticNet,4.347307533604251,4.6303,4.62474,4.618753870218068,4.438718213696621,4.347307533604251,3.9790737278973767,4.380081000000002,4.31334,4.385314899404533,4.43725903052879,0.1528075336042516,0.1528075336042516,0.4358000000000004,0.4358000000000004,0.4302400000000004,0.4302400000000004,0.4242538702180685,0.4242538702180685,0.24421821369662133,0.24421821369662133,0.1528075336042516,0.1528075336042516,-0.215426272102623,0.215426272102623,0.18558100000000266,0.18558100000000266,0.1188400000000005,0.1188400000000005,0.19081489940453356,0.19081489940453356,0.24275903052879055,0.24275903052879055
2023-10-05,2025-03-20,4.5974,4.1972,ElasticNet,4.347307533604251,4.5974,4.61742,4.6148713483602375,4.432825394111365,4.347307533604251,3.996690107531635,4.390567000000002,4.335629000000001,4.392884215026873,4.266362999693225,0.15010753360425166,0.15010753360425166,0.4002000000000008,0.4002000000000008,0.4202200000000005,0.4202200000000005,0.4176713483602379,0.4176713483602379,0.23562539411136552,0.23562539411136552,0.15010753360425166,0.15010753360425166,-0.20050989246836481,0.20050989246836481,0.19336700000000207,0.19336700000000207,0.13842900000000125,0.13842900000000125,0.1956842150268736,0.1956842150268736,0.06916299969322548,0.06916299969322548
2023-10-06,2025-03-21,4.5998,4.1979,ElasticNet,4.347307533604251,4.5998,4.610259999999999,4.61213110320383,4.4456350432589,4.347307533604251,3.9787095157372696,4.4076470000000025,4.352088,4.381252116769824,4.218807512285172,0.14940753360425152,0.14940753360425152,0.40190000000000037,0.40190000000000037,0.4123599999999996,0.4123599999999996,0.4142311032038304,0.4142311032038304,0.24773504325890006,0.24773504325890006,0.14940753360425152,0.14940753360425152,-0.21919048426273013,0.21919048426273013,0.2097470000000028,0.2097470000000028,0.15418800000000044,0.15418800000000044,0.1833521167698242,0.1833521167698242,0.020907512285171848,0.020907512285171848
2023-10-09,2025-03-24,4.5793,4.1832,ElasticNet,4.347307533604251,4.5793,4.6043,4.606161811712225,4.430840359446627,4.347307533604251,4.1064557610537875,4.437147000000002,4.368291000000001,4.391897595583842,4.159947273516207,0.164107533604251,0.164107533604251,0.3960999999999997,0.3960999999999997,0.42110000000000003,0.42110000000000003,0.42296181171222447,0.42296181171222447,0.24764035944662677,0.24764035944662677,0.164107533604251,0.164107533604251,-0.07674423894621274,0.07674423894621274,0.2539470000000019,0.2539470000000019,0.18509100000000078,0.18509100000000078,0.2086975955838417,0.2086975955838417,-0.023252726483793396,0.023252726483793396
2023-10-10,2025-03-25,4.5581,4.1664,ElasticNet,4.347307533604251,4.5581,4.59298,4.59742330049182,4.40578152497228,4.347307533604251,4.085087919540443,4.462302000000001,4.374668000000001,4.42920723383068,4.178481671882536,0.18090753360425094,0.18090753360425094,0.39169999999999927,0.39169999999999927,0.4265799999999995,0.4265799999999995,0.4310233004918196,0.4310233004918196,0.2393815249722797,0.2393815249722797,0.18090753360425094,0.18090753360425094,-0.08131208045955773,0.08131208045955773,0.2959020000000008,0.2959020000000008,0.20826800000000034,0.20826800000000034,0.2628072338306797,0.2628072338306797,0.012081671882535616,0.012081671882535616
2023-10-11,2025-03-26,4.5183,4.1686,ElasticNet,4.347307533604251,4.5183,4.57058,4.583037245856944,4.380215132848082,4.347307533604251,3.999947666674407,4.464949000000001,4.376174000000002,4.41814274986306,4.1143996931009985,0.17870753360425162,0.17870753360425162,0.34970000000000034,0.34970000000000034,0.40198,0.40198,0.4144372458569441,0.4144372458569441,0.21161513284808198,0.21161513284808198,0.17870753360425162,0.17870753360425162,-0.1686523333255927,0.1686523333255927,0.2963490000000011,0.2963490000000011,0.20757400000000192,0.20757400000000192,0.24954274986306046,0.24954274986306046,-0.05420030689900113,0.05420030689900113
2023-10-12,2025-03-27,4.5329,4.1913,ElasticNet,4.347307533604251,4.5329,4.55768,4.573921382973863,4.381630891653744,4.347307533604251,4.274229937059745,4.468946000000001,4.394478000000002,4.420677267979156,4.136288864187316,0.15600753360425124,0.15600753360425124,0.3415999999999997,0.3415999999999997,0.36638000000000037,0.36638000000000037,0.3826213829738627,0.3826213829738627,0.19033089165374406,0.19033089165374406,0.15600753360425124,0.15600753360425124,0.08292993705974538,0.08292993705974538,0.2776460000000007,0.2776460000000007,0.20317800000000208,0.20317800000000208,0.2293772679791557,0.2293772679791557,-0.05501113581268413,0.05501113581268413
2023-10-13,2025-03-28,4.5417,4.1819,ElasticNet,4.347307533604251,4.5417,4.54606,4.568062949705888,4.397933064904338,4.347307533604251,4.042336304844334,4.47513,4.412782,4.421712901708677,4.105071176028255,0.16540753360425153,0.16540753360425153,0.3597999999999999,0.3597999999999999,0.36416000000000004,0.36416000000000004,0.3861629497058887,0.3861629497058887,0.21603306490433827,0.21603306490433827,0.16540753360425153,0.16540753360425153,-0.13956369515566536,0.13956369515566536,0.2932300000000003,0.2932300000000003,0.23088200000000025,0.23088200000000025,0.2398129017086772,0.2398129017086772,-0.07682882397174495,0.07682882397174495
2023-10-16,2025-03-31,4.4804,4.1839,ElasticNet,4.347307533604251,4.4804,4.52628,4.552124231577544,4.371559977772234,4.347307533604251,4.229414258787401,4.486149,4.412194000000002,4.42393654411647,3.9432647146786355,0.16340753360425087,0.16340753360425087,0.2965,0.2965,0.34237999999999946,0.34237999999999946,0.36822423157754347,0.36822423157754347,0.18765997777223387,0.18765997777223387,0.16340753360425087,0.16340753360425087,0.04551425878740023,0.04551425878740023,0.30224899999999977,0.30224899999999977,0.22829400000000177,0.22829400000000177,0.24003654411647002,0.24003654411647002,-0.2406352853213649,0.2406352853213649
2023-10-17,2025-04-01,4.4389,4.1818,ElasticNet,4.347307533604251,4.4389,4.50244,4.531538007654354,4.322859102849561,4.347307533604251,4.188165862704804,4.509198999999999,4.409418000000002,4.4308516864281815,3.8223736853291603,0.1655075336042513,0.1655075336042513,0.25710000000000033,0.25710000000000033,0.32064000000000004,0.32064000000000004,0.3497380076543539,0.3497380076543539,0.14105910284956114,0.14105910284956114,0.1655075336042513,0.1655075336042513,0.006365862704804215,0.006365862704804215,0.3273989999999989,0.3273989999999989,0.22761800000000232,0.22761800000000232,0.24905168642818154,0.24905168642818154,-0.35942631467083963,0.35942631467083963
2023-10-18,2025-04-02,4.4488,4.1794,ElasticNet,4.347307533604251,4.4488,4.48854,4.51649473353538,4.3144058018138,4.347307533604251,4.246895505898742,4.494254999999999,4.418921000000002,4.413351240848469,3.855754464994998,0.16790753360425104,0.16790753360425104,0.2694000000000001,0.2694000000000001,0.3091400000000002,0.3091400000000002,0.33709473353537955,0.33709473353537955,0.13500580181379984,0.13500580181379984,0.16790753360425104,0.16790753360425104,0.06749550589874165,0.06749550589874165,0.3148549999999988,0.3148549999999988,0.23952100000000165,0.23952100000000165,0.23395124084846852,0.23395124084846852,-0.32364553500500204,0.32364553500500204
2023-10-19,2025-04-03,4.4529,4.1791,ElasticNet,4.347307533604251,4.4529,4.47254,4.504932054710765,4.3194203029217695,4.347307533604251,4.299710510309731,4.495214,4.419040000000001,4.405988217173436,3.8790041918655396,0.16820753360425122,0.16820753360425122,0.2737999999999996,0.2737999999999996,0.29344000000000037,0.29344000000000037,0.32583205471076493,0.32583205471076493,0.14032030292176945,0.14032030292176945,0.16820753360425122,0.16820753360425122,0.12061051030973058,0.12061051030973058,0.3161139999999998,0.3161139999999998,0.2399400000000007,0.2399400000000007,0.22688821717343632,0.22688821717343632,-0.30009580813446046,0.30009580813446046
2023-10-20,2025-04-04,4.4675,4.2403,ElasticNet,4.347307533604251,4.4675,4.457700000000001,4.498126226581535,4.3573410616992705,4.347307533604251,4.109526721448434,4.502949,4.424575000000002,4.433562255960964,3.934926375325854,0.10700753360425086,0.10700753360425086,0.22719999999999985,0.22719999999999985,0.21740000000000048,0.21740000000000048,0.25782622658153453,0.25782622658153453,0.11704106169927009,0.11704106169927009,0.10700753360425086,0.10700753360425086,-0.13077327855156629,0.13077327855156629,0.2626489999999997,0.2626489999999997,0.1842750000000013,0.1842750000000013,0.19326225596096336,0.19326225596096336,-0.3053736246741465,0.3053736246741465
2023-10-23,2025-04-07,4.4552,4.2975,ElasticNet,4.347307533604251,4.4552,4.45266,4.490321458112165,4.362020115815405,4.347307533604251,4.032043062025566,4.499205000000001,4.408241000000001,4.431752937966421,3.9154646828280386,0.04980753360425094,0.04980753360425094,0.15769999999999929,0.15769999999999929,0.15515999999999952,0.15515999999999952,0.19282145811216456,0.19282145811216456,0.06452011581540429,0.06452011581540429,0.04980753360425094,0.04980753360425094,-0.2654569379744345,0.2654569379744345,0.20170500000000047,0.20170500000000047,0.11074100000000087,0.11074100000000087,0.13425293796642102,0.13425293796642102,-0.3820353171719617,0.3820353171719617
2023-10-24,2025-04-08,4.4604,4.2946,ElasticNet,4.347307533604251,4.4604,4.45696,4.484881193000862,4.370688925098948,4.347307533604251,3.952240294243126,4.498753000000001,4.424470000000001,4.4336945723581325,3.9500405693854175,0.05270753360425129,0.05270753360425129,0.16579999999999995,0.16579999999999995,0.16235999999999962,0.16235999999999962,0.1902811930008621,0.1902811930008621,0.07608892509894805,0.07608892509894805,0.05270753360425129,0.05270753360425129,-0.3423597057568739,0.3423597057568739,0.2041530000000007,0.2041530000000007,0.12987000000000126,0.12987000000000126,0.1390945723581325,0.1390945723581325,-0.3445594306145825,0.3445594306145825
2023-10-25,2025-04-09,4.4758,4.2818,ElasticNet,4.347307533604251,4.4758,4.462359999999999,4.483230067000705,4.3670986839319275,4.347307533604251,3.9453495131011107,4.49382,4.423312000000003,4.432711058580092,4.005525488955,0.06550753360425166,0.06550753360425166,0.19399999999999995,0.19399999999999995,0.18055999999999983,0.18055999999999983,0.20143006700070565,0.20143006700070565,0.08529868393192785,0.08529868393192785,0.06550753360425166,0.06550753360425166,-0.3364504868988889,0.3364504868988889,0.21202000000000076,0.21202000000000076,0.1415120000000032,0.1415120000000032,0.15091105858009257,0.15091105858009257,-0.276274511045,0.276274511045
2023-10-26,2025-04-10,4.4708,4.2644,ElasticNet,4.347307533604251,4.4708,4.46594,4.480970054818759,4.364409673797935,4.347307533604251,3.924208380446354,4.491929000000001,4.431349000000001,4.438069140754447,4.000441321397042,0.08290753360425107,0.08290753360425107,0.20639999999999947,0.20639999999999947,0.2015399999999996,0.2015399999999996,0.21657005481875924,0.21657005481875924,0.1000096737979348,0.1000096737979348,0.08290753360425107,0.08290753360425107,-0.3401916195536461,0.3401916195536461,0.22752900000000054,0.22752900000000054,0.16694900000000068,0.16694900000000068,0.17366914075444662,0.17366914075444662,-0.2639586786029584,0.2639586786029584
2023-10-27,2025-04-11,4.4642,4.2972,ElasticNet,4.347307533604251,4.4642,4.46528,4.47792095394262,4.376269784241035,4.347307533604251,3.9941779426115973,4.507583,4.441211000000001,4.441660065280064,3.997991273385006,0.05010753360425113,0.05010753360425113,0.16699999999999982,0.16699999999999982,0.16807999999999979,0.16807999999999979,0.18072095394262,0.18072095394262,0.07906978424103528,0.07906978424103528,0.05010753360425113,0.05010753360425113,-0.3030220573884028,0.3030220573884028,0.2103830000000002,0.2103830000000002,0.14401100000000078,0.14401100000000078,0.1444600652800636,0.1444600652800636,-0.2992087266149941,0.2992087266149941
2023-10-30,2025-04-14,4.4491,4.2776,ElasticNet,4.347307533604251,4.4491,4.46406,4.472680780498507,4.372863060660259,4.347307533604251,4.324708755215304,4.515358000000001,4.447139000000002,4.438032304338317,3.9731983434225424,0.06970753360425164,0.06970753360425164,0.17149999999999999,0.17149999999999999,0.1864600000000003,0.1864600000000003,0.19508078049850752,0.19508078049850752,0.09526306066025914,0.09526306066025914,0.06970753360425164,0.06970753360425164,0.04710875521530422,0.04710875521530422,0.23775800000000125,0.23775800000000125,0.1695390000000021,0.1695390000000021,0.16043230433831734,0.16043230433831734,-0.3044016565774572,0.3044016565774572
2023-10-31,2025-04-15,4.4475,4.2767,ElasticNet,4.347307533604251,4.4475,4.46148,4.468102456771506,4.362300110566517,4.347307533604251,4.3577115483660815,4.521041,4.446328000000001,4.430395329744117,3.968512686722356,0.07060753360425132,0.07060753360425132,0.17079999999999984,0.17079999999999984,0.18477999999999994,0.18477999999999994,0.19140245677150602,0.19140245677150602,0.08560011056651717,0.08560011056651717,0.07060753360425132,0.07060753360425132,0.0810115483660816,0.0810115483660816,0.24434100000000036,0.24434100000000036,0.16962800000000122,0.16962800000000122,0.15369532974411726,0.15369532974411726,-0.30818731327764404,0.30818731327764404
2023-11-02,2025-04-16,4.4582,4.3033,ElasticNet,4.347307533604251,4.4582,4.45796,4.466302010085777,4.357433462402382,4.347307533604251,4.1414057058414135,4.498196999999999,4.423302000000001,4.430668306148818,4.004236888412365,0.04400753360425114,0.04400753360425114,0.1548999999999996,0.1548999999999996,0.1546599999999998,0.1546599999999998,0.1630020100857772,0.1630020100857772,0.05413346240238148,0.05413346240238148,0.04400753360425114,0.04400753360425114,-0.16189429415858658,0.16189429415858658,0.1948969999999992,0.1948969999999992,0.12000200000000127,0.12000200000000127,0.127368306148818,0.127368306148818,-0.29906311158763543,0.29906311158763543
2023-11-03,2025-04-17,4.4569,4.2879,ElasticNet,4.347307533604251,4.4569,4.45518,4.464592553706545,4.361764027078407,4.347307533604251,3.97339276017924,4.499905,4.435428000000002,4.434032175896167,4.007678167990206,0.05940753360425166,0.05940753360425166,0.16900000000000048,0.16900000000000048,0.16728000000000076,0.16728000000000076,0.17669255370654557,0.17669255370654557,0.07386402707840745,0.07386402707840745,0.05940753360425166,0.05940753360425166,-0.31450723982075957,0.31450723982075957,0.21200500000000044,0.21200500000000044,0.1475280000000021,0.1475280000000021,0.14613217589616756,0.14613217589616756,-0.28022183200979356,0.28022183200979356
2023-11-06,2025-04-18,4.4615,4.2823,ElasticNet,4.347307533604251,4.4615,4.45464,4.464030271214446,4.3640732219039045,4.347307533604251,3.9812851492063435,4.507336,4.436732000000003,4.465117840449044,4.058299360717009,0.06500753360425104,0.06500753360425104,0.1791999999999998,0.1791999999999998,0.17234000000000016,0.17234000000000016,0.18173027121444552,0.18173027121444552,0.08177322190390424,0.08177322190390424,0.06500753360425104,0.06500753360425104,-0.30101485079365675,0.30101485079365675,0.22503599999999935,0.22503599999999935,0.15443200000000257,0.15443200000000257,0.1828178404490437,0.1828178404490437,-0.2240006392829912,0.2240006392829912
2023-11-07,2025-04-22,4.4513,4.2801,ElasticNet,4.347307533604251,4.4513,4.45508,4.461715676448183,4.3510613286905695,4.347307533604251,4.336503175684987,4.522199,4.441263000000002,4.464296066741121,4.067907392680985,0.06720753360425125,0.06720753360425125,0.1711999999999998,0.1711999999999998,0.1749799999999997,0.1749799999999997,0.18161567644818266,0.18161567644818266,0.07096132869056948,0.07096132869056948,0.06720753360425125,0.06720753360425125,0.056403175684986984,0.056403175684986984,0.24209899999999962,0.24209899999999962,0.16116300000000194,0.16116300000000194,0.1841960667411211,0.1841960667411211,-0.21219260731901546,0.21219260731901546
2023-11-08,2025-04-23,4.4584,4.2893,ElasticNet,4.347307533604251,4.4584,4.45726,4.461112826184877,4.349908065956647,4.347307533604251,4.116726113638905,4.5286349999999995,4.439385000000002,4.4621970516324865,4.110987202276307,0.05800753360425137,0.05800753360425137,0.16910000000000025,0.16910000000000025,0.1679599999999999,0.1679599999999999,0.17181282618487703,0.17181282618487703,0.06060806595664747,0.06060806595664747,0.05800753360425137,0.05800753360425137,-0.1725738863610946,0.1725738863610946,0.23933499999999963,0.23933499999999963,0.15008500000000247,0.15008500000000247,0.1728970516324866,0.1728970516324866,-0.17831279772369246,0.17831279772369246
2023-11-09,2025-04-24,4.4413,4.2789,ElasticNet,4.347307533604251,4.4413,4.45388,4.457510494151263,4.334569782352208,4.347307533604251,4.112111222929995,4.528356999999999,4.438050000000001,4.466750242710515,4.060815693886005,0.06840753360425111,0.06840753360425111,0.16239999999999988,0.16239999999999988,0.1749799999999997,0.1749799999999997,0.17861049415126296,0.17861049415126296,0.055669782352207875,0.055669782352207875,0.06840753360425111,0.06840753360425111,-0.16678877707000517,0.16678877707000517,0.2494569999999987,0.2494569999999987,0.15915000000000123,0.15915000000000123,0.18785024271051487,0.18785024271051487,-0.21808430611399476,0.21808430611399476
2023-11-10,2025-04-25,4.4227,4.2688,ElasticNet,4.347307533604251,4.4227,4.447039999999999,4.451181313396488,4.31676016473101,4.347307533604251,4.0435408779649595,4.545401000000001,4.446753000000001,4.47942681737665,4.016844584192973,0.07850753360425156,0.07850753360425156,0.15390000000000015,0.15390000000000015,0.17823999999999973,0.17823999999999973,0.18238131339648866,0.18238131339648866,0.04796016473100995,0.04796016473100995,0.07850753360425156,0.07850753360425156,-0.22525912203504017,0.22525912203504017,0.2766010000000012,0.2766010000000012,0.17795300000000136,0.17795300000000136,0.21062681737665034,0.21062681737665034,-0.25195541580702674,0.25195541580702674
2023-11-13,2025-04-28,4.4336,4.2766,ElasticNet,4.347307533604251,4.4336,4.441459999999999,4.447984710960762,4.318805952028011,4.347307533604251,4.206337570227976,4.551524999999999,4.460390000000002,4.4639919649348005,4.072222326097151,0.07070753360425108,0.07070753360425108,0.15700000000000003,0.15700000000000003,0.16485999999999912,0.16485999999999912,0.17138471096076202,0.17138471096076202,0.04220595202801114,0.04220595202801114,0.07070753360425108,0.07070753360425108,-0.0702624297720238,0.0702624297720238,0.27492499999999875,0.27492499999999875,0.1837900000000019,0.1837900000000019,0.18739196493480037,0.18739196493480037,-0.2043776739028491,0.2043776739028491
2023-11-14,2025-04-29,4.4163,4.2646,ElasticNet,4.347307533604251,4.4163,4.43446,4.4422238544224415,4.299059274066345,4.347307533604251,4.343997766562125,4.54837,4.449716000000004,4.459501951717223,4.026543764967265,0.08270753360425154,0.08270753360425154,0.15169999999999995,0.15169999999999995,0.1698599999999999,0.1698599999999999,0.17762385442244177,0.17762385442244177,0.034459274066345635,0.034459274066345635,0.08270753360425154,0.08270753360425154,0.07939776656212505,0.07939776656212505,0.2837700000000005,0.2837700000000005,0.18511600000000428,0.18511600000000428,0.19490195171722302,0.19490195171722302,-0.23805623503273488,0.23805623503273488
2023-11-15,2025-04-30,4.39,4.2778,ElasticNet,4.347307533604251,4.39,4.42078,4.432728608163815,4.27959915093485,4.347307533604251,4.407340477869069,4.544797,4.439974000000004,4.459498889985191,3.9668526311395746,0.06950753360425121,0.06950753360425121,0.11219999999999963,0.11219999999999963,0.14297999999999966,0.14297999999999966,0.15492860816381526,0.15492860816381526,0.0017991509348496137,0.0017991509348496137,0.06950753360425121,0.06950753360425121,0.1295404778690692,0.1295404778690692,0.26699699999999993,0.26699699999999993,0.16217400000000382,0.16217400000000382,0.18169888998519124,0.18169888998519124,-0.3109473688604254,0.3109473688604254
2023-11-16,2025-05-02,4.3854,4.275,ElasticNet,4.347307533604251,4.3854,4.409599999999999,4.424123406679485,4.263342110816382,4.347307533604251,4.142541018192087,4.5335410000000005,4.434136000000002,4.4238751728423775,3.9204006398976063,0.0723075336042509,0.0723075336042509,0.11039999999999939,0.11039999999999939,0.13459999999999894,0.13459999999999894,0.1491234066794842,0.1491234066794842,-0.011657889183618764,0.011657889183618764,0.0723075336042509,0.0723075336042509,-0.13245898180791293,0.13245898180791293,0.25854100000000013,0.25854100000000013,0.15913600000000194,0.15913600000000194,0.14887517284237717,0.14887517284237717,-0.354599360102394,0.354599360102394
2023-11-17,2025-05-05,4.3767,4.276,ElasticNet,4.347307533604251,4.3767,4.400399999999999,4.415500969101396,4.246063994500934,4.347307533604251,4.104417392551202,4.5366740000000005,4.424106000000002,4.470011770055721,3.9056576578986517,0.07130753360425146,0.07130753360425146,0.10069999999999979,0.10069999999999979,0.12439999999999962,0.12439999999999962,0.13950096910139642,0.13950096910139642,-0.029936005499065388,0.029936005499065388,0.07130753360425146,0.07130753360425146,-0.17158260744879783,0.17158260744879783,0.26067400000000074,0.26067400000000074,0.14810600000000207,0.14810600000000207,0.19401177005572112,0.19401177005572112,-0.3703423421013481,0.3703423421013481
2023-11-20,2025-05-06,4.368,4.2806,ElasticNet,4.347307533604251,4.368,4.38728,4.406864429264778,4.249642044627721,4.347307533604251,4.355409291320697,4.513304000000001,4.412186000000004,4.4621498907150885,3.9150141357105843,0.06670753360425152,0.06670753360425152,0.08740000000000059,0.08740000000000059,0.10667999999999989,0.10667999999999989,0.12626442926477832,0.12626442926477832,-0.030957955372278967,0.030957955372278967,0.06670753360425152,0.06670753360425152,0.07480929132069747,0.07480929132069747,0.2327040000000009,0.2327040000000009,0.13158600000000398,0.13158600000000398,0.18154989071508876,0.18154989071508876,-0.3655858642894154,0.3655858642894154
2023-11-21,2025-05-07,4.3647,4.2757,ElasticNet,4.347307533604251,4.3647,4.37696,4.399198169398455,4.253734174441403,4.347307533604251,4.319303303274306,4.4852170000000005,4.408843000000002,4.480783357942085,3.895351786290136,0.07160753360425165,0.07160753360425165,0.08900000000000041,0.08900000000000041,0.1012600000000008,0.1012600000000008,0.12349816939845581,0.12349816939845581,-0.021965825558596386,0.021965825558596386,0.07160753360425165,0.07160753360425165,0.04360330327430617,0.04360330327430617,0.20951700000000084,0.20951700000000084,0.13314300000000223,0.13314300000000223,0.205083357942085,0.205083357942085,-0.3803482137098637,0.3803482137098637
2023-11-22,2025-05-08,4.3804,4.2714,ElasticNet,4.347307533604251,4.3804,4.37504,4.395780320416917,4.258221237387927,4.347307533604251,4.0239688723515465,4.486315,4.396162000000003,4.498092639899319,3.9337995488824147,0.0759075336042514,0.0759075336042514,0.10899999999999999,0.10899999999999999,0.1036400000000004,0.1036400000000004,0.12438032041691738,0.12438032041691738,-0.013178762612072958,0.013178762612072958,0.0759075336042514,0.0759075336042514,-0.24743112764845332,0.24743112764845332,0.2149150000000004,0.2149150000000004,0.12476200000000315,0.12476200000000315,0.2266926398993192,0.2266926398993192,-0.3376004511175852,0.3376004511175852
2023-11-23,2025-05-09,4.3658,4.2414,ElasticNet,4.347307533604251,4.3658,4.37112,4.3903293530683865,4.256835830453754,4.347307533604251,3.9064091776433987,4.485810000000001,4.392184000000004,4.509414600796792,3.8776087178073,0.10590753360425165,0.10590753360425165,0.12440000000000051,0.12440000000000051,0.12972000000000072,0.12972000000000072,0.14892935306838684,0.14892935306838684,0.01543583045375474,0.01543583045375474,0.10590753360425165,0.10590753360425165,-0.33499082235660094,0.33499082235660094,0.24441000000000113,0.24441000000000113,0.15078400000000425,0.15078400000000425,0.26801460079679273,0.26801460079679273,-0.3637912821926994,0.3637912821926994
2023-11-24,2025-05-12,4.3722,4.2337,ElasticNet,4.347307533604251,4.3722,4.370220000000001,4.387033107055952,4.261311880362681,4.347307533604251,3.991895220758892,4.485172000000002,4.391980000000002,4.494356221069801,3.9019496378966982,0.11360753360425146,0.11360753360425146,0.1385000000000005,0.1385000000000005,0.13652000000000086,0.13652000000000086,0.1533331070559525,0.1533331070559525,0.027611880362680807,0.027611880362680807,0.11360753360425146,0.11360753360425146,-0.24180477924110777,0.24180477924110777,0.25147200000000236,0.25147200000000236,0.1582800000000022,0.1582800000000022,0.2606562210698016,0.2606562210698016,-0.33175036210330155,0.33175036210330155
2023-11-27,2025-05-13,4.3543,4.2525,ElasticNet,4.347307533604251,4.3543,4.36748,4.3810816330457785,4.267980348417969,4.347307533604251,4.071174537779155,4.489743000000002,4.389803000000001,4.50791089506176,3.8475152167308253,0.09480753360425087,0.09480753360425087,0.10179999999999989,0.10179999999999989,0.1149799999999992,0.1149799999999992,0.12858163304577808,0.12858163304577808,0.015480348417968415,0.015480348417968415,0.09480753360425087,0.09480753360425087,-0.18132546222084578,0.18132546222084578,0.2372430000000012,0.2372430000000012,0.13730300000000017,0.13730300000000017,0.2554108950617593,0.2554108950617593,-0.4049847832691751,0.4049847832691751
2023-11-28,2025-05-14,4.3542,4.2455,ElasticNet,4.347307533604251,4.3542,4.36538,4.376194063401091,4.267447780846402,4.347307533604251,4.196685015943754,4.4894890000000025,4.3797200000000025,4.506797304091439,3.8589659900952356,0.10180753360425143,0.10180753360425143,0.1086999999999998,0.1086999999999998,0.11988000000000021,0.11988000000000021,0.13069406340109158,0.13069406340109158,0.021947780846402587,0.021947780846402587,0.10180753360425143,0.10180753360425143,-0.048814984056245514,0.048814984056245514,0.24398900000000268,0.24398900000000268,0.13422000000000267,0.13422000000000267,0.26129730409143903,0.26129730409143903,-0.3865340099047643,0.3865340099047643
2023-11-29,2025-05-15,4.3327,4.2378,ElasticNet,4.347307533604251,4.3327,4.355840000000001,4.36828605187362,4.249774851186284,4.347307533604251,3.9833844266813565,4.487989000000001,4.371083000000002,4.4991188473173365,3.80790455817627,0.10950753360425125,0.10950753360425125,0.09489999999999998,0.09489999999999998,0.11804000000000059,0.11804000000000059,0.1304860518736204,0.1304860518736204,0.011974851186283608,0.011974851186283608,0.10950753360425125,0.10950753360425125,-0.2544155733186435,0.2544155733186435,0.25018900000000066,0.25018900000000066,0.13328300000000226,0.13328300000000226,0.26131884731733646,0.26131884731733646,-0.4298954418237302,0.4298954418237302
2023-11-30,2025-05-16,4.3492,4.2392,ElasticNet,4.347307533604251,4.3492,4.35252,4.36481586062387,4.249535779556496,4.347307533604251,3.947461929600897,4.484743000000001,4.355773000000001,4.497725147907417,3.8587906628712703,0.10810753360425096,0.10810753360425096,0.10999999999999943,0.10999999999999943,0.11331999999999987,0.11331999999999987,0.12561586062386976,0.12561586062386976,0.01033577955649534,0.01033577955649534,0.10810753360425096,0.10810753360425096,-0.2917380703991035,0.2917380703991035,0.2455430000000005,0.2455430000000005,0.1165730000000007,0.1165730000000007,0.25852514790741665,0.25852514790741665,-0.38040933712873004,0.38040933712873004
2023-12-01,2025-05-19,4.3494,4.2785,ElasticNet,4.347307533604251,4.3494,4.3479600000000005,4.362012976874075,4.259398801130528,4.347307533604251,3.761238249994983,4.484447000000001,4.371146000000002,4.494993199825244,3.865367903970525,0.06880753360425107,0.06880753360425107,0.07089999999999996,0.07089999999999996,0.0694600000000003,0.0694600000000003,0.08351297687407477,0.08351297687407477,-0.019101198869472036,0.019101198869472036,0.06880753360425107,0.06880753360425107,-0.5172617500050172,0.5172617500050172,0.205947000000001,0.205947000000001,0.092646000000002,0.092646000000002,0.21649319982524418,0.21649319982524418,-0.4131320960294751,0.4131320960294751
2023-12-04,2025-05-20,4.3337,4.2497,ElasticNet,4.347307533604251,4.3337,4.34384,4.35686516289697,4.263272802695972,4.347307533604251,3.911669387508928,4.482105000000001,4.375838000000001,4.498675374173262,3.833833389990007,0.09760753360425145,0.09760753360425145,0.08400000000000052,0.08400000000000052,0.09414000000000033,0.09414000000000033,0.10716516289696987,0.10716516289696987,0.01357280269597183,0.01357280269597183,0.09760753360425145,0.09760753360425145,-0.3380306124910719,0.3380306124910719,0.23240500000000086,0.23240500000000086,0.12613800000000097,0.12613800000000097,0.24897537417326188,0.24897537417326188,-0.41586661000999303,0.41586661000999303
2023-12-05,2025-05-21,4.3233,4.2403,ElasticNet,4.347307533604251,4.3233,4.3376600000000005,4.350762406006611,4.26026728857292,4.347307533604251,4.164689958840948,4.486015,4.36408,4.491832798168349,3.8194402591540073,0.10700753360425086,0.10700753360425086,0.0829999999999993,0.0829999999999993,0.09736000000000011,0.09736000000000011,0.11046240600661061,0.11046240600661061,0.019967288572919628,0.019967288572919628,0.10700753360425086,0.10700753360425086,-0.07561004115905234,0.07561004115905234,0.24571499999999968,0.24571499999999968,0.12378,0.12378,0.2515327981683484,0.2515327981683484,-0.4208597408459931,0.4208597408459931
2023-12-06,2025-05-22,4.3382,4.2447,ElasticNet,4.347307533604251,4.3382,4.338760000000001,4.348478332187227,4.253540984395492,4.347307533604251,3.8548275680564763,4.488055,4.363072000000001,4.497705018973682,3.8665751712289924,0.10260753360425134,0.10260753360425134,0.0934999999999997,0.0934999999999997,0.0940600000000007,0.0940600000000007,0.1037783321872272,0.1037783321872272,0.008840984395492413,0.008840984395492413,0.10260753360425134,0.10260753360425134,-0.3898724319435236,0.3898724319435236,0.2433550000000002,0.2433550000000002,0.11837200000000081,0.11837200000000081,0.2530050189736821,0.2530050189736821,-0.3781248287710075,0.3781248287710075
2023-12-07,2025-05-23,4.3334,4.2541,ElasticNet,4.347307533604251,4.3334,4.3356,4.345736817244094,4.253358023474317,4.347307533604251,3.6920423416860277,4.4929060000000005,4.364432000000001,4.498552879926942,3.826520247663632,0.09320753360425105,0.09320753360425105,0.07929999999999993,0.07929999999999993,0.08150000000000013,0.08150000000000013,0.091636817244094,0.091636817244094,-0.0007419765256830857,0.0007419765256830857,0.09320753360425105,0.09320753360425105,-0.5620576583139725,0.5620576583139725,0.2388060000000003,0.2388060000000003,0.11033200000000054,0.11033200000000054,0.24445287992694187,0.24445287992694187,-0.427579752336368,0.427579752336368
2023-12-08,2025-05-26,4.3303,4.2514,ElasticNet,4.347307533604251,4.3303,4.33178,4.3429301231997135,4.252919991105363,4.347307533604251,3.8224999794394643,4.500841,4.3507130000000025,4.499414269883833,3.8239739229752234,0.09590753360425097,0.09590753360425097,0.07889999999999997,0.07889999999999997,0.0803799999999999,0.0803799999999999,0.09153012319971321,0.09153012319971321,0.0015199911053622728,0.0015199911053622728,0.09590753360425097,0.09590753360425097,-0.428900020560536,0.428900020560536,0.24944100000000002,0.24944100000000002,0.0993130000000022,0.0993130000000022,0.24801426988383302,0.24801426988383302,-0.42742607702477686,0.42742607702477686
2023-12-11,2025-05-27,4.3366,4.2479,ElasticNet,4.347307533604251,4.3366,4.33236,4.341779191708856,4.259318330679448,4.347307533604251,3.9856217455514735,4.483613,4.346489000000002,4.505732056268499,3.8309977777580517,0.0994075336042517,0.0994075336042517,0.08870000000000022,0.08870000000000022,0.08446000000000087,0.08446000000000087,0.09387919170885617,0.09387919170885617,0.011418330679448196,0.011418330679448196,0.0994075336042517,0.0994075336042517,-0.26227825444852604,0.26227825444852604,0.2357130000000005,0.2357130000000005,0.09858900000000226,0.09858900000000226,0.2578320562684997,0.2578320562684997,-0.41690222224194784,0.41690222224194784
2023-12-12,2025-05-28,4.3396,4.2447,ElasticNet,4.347307533604251,4.3396,4.3356200000000005,4.341382975034518,4.264002108452576,4.347307533604251,3.6922187833337596,4.488789000000001,4.347784000000002,4.509410350272394,3.829479273578639,0.10260753360425134,0.10260753360425134,0.09489999999999998,0.09489999999999998,0.09092000000000056,0.09092000000000056,0.09668297503451839,0.09668297503451839,0.019302108452576405,0.019302108452576405,0.10260753360425134,0.10260753360425134,-0.5524812166662403,0.5524812166662403,0.24408900000000067,0.24408900000000067,0.10308400000000173,0.10308400000000173,0.2647103502723942,0.2647103502723942,-0.415220726421361,0.415220726421361
2023-12-13,2025-05-29,4.3309,4.2369,ElasticNet,4.347307533604251,4.3309,4.33416,4.339476979573696,4.255791962506698,4.347307533604251,3.6771411860982437,4.483035,4.354981,4.507393585837392,3.804364945530188,0.11040753360425093,0.11040753360425093,0.09399999999999942,0.09399999999999942,0.09725999999999946,0.09725999999999946,0.10257697957369594,0.10257697957369594,0.018891962506697446,0.018891962506697446,0.11040753360425093,0.11040753360425093,-0.5597588139017566,0.5597588139017566,0.24613499999999977,0.24613499999999977,0.1180810000000001,0.1180810000000001,0.270493585837392,0.270493585837392,-0.43253505446981233,0.43253505446981233
2023-12-14,2025-05-30,4.3053,4.2507,ElasticNet,4.347307533604251,4.3053,4.32854,4.333262983287569,4.2383887020857625,4.347307533604251,3.7494730391842297,4.483608000000001,4.358059000000001,4.497128847578529,3.75137565928983,0.09660753360425112,0.09660753360425112,0.05459999999999976,0.05459999999999976,0.07784000000000013,0.07784000000000013,0.08256298328756895,0.08256298328756895,-0.012311297914237684,0.012311297914237684,0.09660753360425112,0.09660753360425112,-0.5012269608157705,0.5012269608157705,0.232908000000001,0.232908000000001,0.10735900000000065,0.10735900000000065,0.246428847578529,0.246428847578529,-0.49932434071016996,0.49932434071016996
2023-12-15,2025-06-02,4.3103,4.2578,ElasticNet,4.347307533604251,4.3103,4.32454,4.329087895417102,4.243722576971248,4.347307533604251,3.9376115879327704,4.483397,4.354583000000002,4.49506336744922,3.781176783285209,0.08950753360425168,0.08950753360425168,0.05250000000000021,0.05250000000000021,0.06674000000000024,0.06674000000000024,0.07128789541710212,0.07128789541710212,-0.014077423028751923,0.014077423028751923,0.08950753360425168,0.08950753360425168,-0.32018841206722914,0.32018841206722914,0.2255970000000005,0.2255970000000005,0.09678300000000206,0.09678300000000206,0.23726336744922083,0.23726336744922083,-0.4766232167147906,0.4766232167147906
2023-12-18,2025-06-03,4.3269,4.2721,ElasticNet,4.347307533604251,4.3269,4.3226,4.328690096250355,4.253831170254086,4.347307533604251,4.028750748330432,4.491909000000001,4.348447000000001,4.52215842919002,3.81063936204242,0.07520753360425125,0.07520753360425125,0.05480000000000018,0.05480000000000018,0.05050000000000043,0.05050000000000043,0.05659009625035516,0.05659009625035516,-0.018268829745913706,0.018268829745913706,0.07520753360425125,0.07520753360425125,-0.2433492516695681,0.2433492516695681,0.2198090000000006,0.2198090000000006,0.07634700000000105,0.07634700000000105,0.25005842919001964,0.25005842919001964,-0.46146063795757986,0.46146063795757986
2023-12-19,2025-06-04,4.3321,4.2778,ElasticNet,4.347307533604251,4.3321,4.3211,4.32931007875029,4.258141910014406,4.347307533604251,3.783812401816611,4.506543000000001,4.347961000000001,4.522459298950955,3.8148267091687735,0.06950753360425121,0.06950753360425121,0.05429999999999957,0.05429999999999957,0.04330000000000034,0.04330000000000034,0.051510078750290234,0.051510078750290234,-0.01965808998559382,0.01965808998559382,0.06950753360425121,0.06950753360425121,-0.4939875981833892,0.4939875981833892,0.22874300000000058,0.22874300000000058,0.07016100000000058,0.07016100000000058,0.24465929895095506,0.24465929895095506,-0.4629732908312265,0.4629732908312265
2023-12-20,2025-06-05,4.3341,4.2791,ElasticNet,4.347307533604251,4.3341,4.32174,4.330180973522965,4.252050877257855,4.347307533604251,3.578462098255231,4.504404000000001,4.359667000000001,4.527436456945308,3.8315125087840123,0.06820753360425158,0.06820753360425158,0.055000000000000604,0.055000000000000604,0.042640000000000455,0.042640000000000455,0.051080973522965145,0.051080973522965145,-0.027049122742144327,0.027049122742144327,0.06820753360425158,0.06820753360425158,-0.7006379017447686,0.7006379017447686,0.22530400000000128,0.22530400000000128,0.08056700000000117,0.08056700000000117,0.24833645694530837,0.24833645694530837,-0.4475874912159874,0.4475874912159874
2023-12-21,2025-06-06,4.3387,4.2881,ElasticNet,4.347307533604251,4.3387,4.32842,4.33172988742788,4.263787256473475,4.347307533604251,3.5449463533466847,4.501741000000001,4.353312,4.528181516062223,3.845001925216641,0.05920753360425124,0.05920753360425124,0.0506000000000002,0.0506000000000002,0.040320000000000356,0.040320000000000356,0.043629887427879765,0.043629887427879765,-0.024312743526524905,0.024312743526524905,0.05920753360425124,0.05920753360425124,-0.7431536466533153,0.7431536466533153,0.21364100000000086,0.21364100000000086,0.06521199999999983,0.06521199999999983,0.24008151606222317,0.24008151606222317,-0.44309807478335905,0.44309807478335905
2023-12-22,2025-06-09,4.3288,4.2772,ElasticNet,4.347307533604251,4.3288,4.332120000000001,4.33119718062281,4.276104514674382,4.347307533604251,3.739363364911043,4.362309999999999,4.347276000000001,4.338844911642971,3.809604997172719,0.07010753360425159,0.07010753360425159,0.051600000000000534,0.051600000000000534,0.05492000000000097,0.05492000000000097,0.05399718062280989,0.05399718062280989,-0.001095485325617318,0.001095485325617318,0.07010753360425159,0.07010753360425159,-0.5378366350889565,0.5378366350889565,0.08510999999999935,0.08510999999999935,0.07007600000000114,0.07007600000000114,0.061644911642971145,0.061644911642971145,-0.46759500282728084,0.46759500282728084
2023-12-27,2025-06-10,4.3311,4.2611,ElasticNet,4.347307533604251,4.3311,4.33296,4.331179511418663,4.279287442185073,4.347307533604251,3.796465332473011,4.334224999999999,4.324664,4.289741240542198,3.8219679669406164,0.08620753360425137,0.08620753360425137,0.07000000000000028,0.07000000000000028,0.07186000000000003,0.07186000000000003,0.07007951141866275,0.07007951141866275,0.018187442185072733,0.018187442185072733,0.08620753360425137,0.08620753360425137,-0.464634667526989,0.464634667526989,0.07312499999999922,0.07312499999999922,0.0635640000000004,0.0635640000000004,0.028641240542198076,0.028641240542198076,-0.43913203305938353,0.43913203305938353
2023-12-28,2025-06-11,4.3392,4.2643,ElasticNet,4.347307533604251,4.3392,4.33438,4.332637782069814,4.29067608378078,4.347307533604251,3.431317582544302,4.333248999999999,4.3265389999999995,4.288175410339039,3.858054546093963,0.08300753360425084,0.08300753360425084,0.07489999999999952,0.07489999999999952,0.07007999999999992,0.07007999999999992,0.06833778206981389,0.06833778206981389,0.026376083780779602,0.026376083780779602,0.08300753360425084,0.08300753360425084,-0.8329824174556983,0.8329824174556983,0.06894899999999815,0.06894899999999815,0.062238999999999045,0.062238999999999045,0.023875410339038616,0.023875410339038616,-0.4062454539060374,0.4062454539060374
2023-12-29,2025-06-12,4.348,4.2631,ElasticNet,4.347307533604251,4.348,4.33716,4.335430912602575,4.295503228133574,4.347307533604251,3.489108472254505,4.331859999999999,4.3213729999999995,4.280558923220021,3.8982429245940966,0.0842075336042516,0.0842075336042516,0.0849000000000002,0.0849000000000002,0.07406000000000024,0.07406000000000024,0.07233091260257574,0.07233091260257574,0.03240322813357466,0.03240322813357466,0.0842075336042516,0.0842075336042516,-0.7739915277454945,0.7739915277454945,0.06875999999999927,0.06875999999999927,0.0582729999999998,0.0582729999999998,0.017458923220021738,0.017458923220021738,-0.36485707540590306,0.36485707540590306
2024-01-02,2025-06-13,4.3434,4.272,ElasticNet,4.347307533604251,4.3434,4.3381,4.3368798375839255,4.316712176702804,4.347307533604251,4.177538850439823,4.335404,4.333995000000001,4.281338843726918,3.9043570214611094,0.07530753360425102,0.07530753360425102,0.07139999999999969,0.07139999999999969,0.0660999999999996,0.0660999999999996,0.06487983758392524,0.06487983758392524,0.04471217670280403,0.04471217670280403,0.07530753360425102,0.07530753360425102,-0.09446114956017748,0.09446114956017748,0.06340399999999935,0.06340399999999935,0.061995000000000466,0.061995000000000466,0.009338843726918178,0.009338843726918178,-0.36764297853889083,0.36764297853889083
2024-01-03,2025-06-16,4.3646,4.2612,ElasticNet,4.347307533604251,4.3646,4.34526,4.341919867114121,4.312479228634355,4.347307533604251,4.5046764284168495,4.31788,4.3303959999999995,4.28141130978322,3.9831109989988587,0.08610753360425161,0.08610753360425161,0.1034000000000006,0.1034000000000006,0.08406000000000002,0.08406000000000002,0.08071986711412116,0.08071986711412116,0.05127922863435508,0.05127922863435508,0.08610753360425161,0.08610753360425161,0.2434764284168498,0.2434764284168498,0.056680000000000064,0.056680000000000064,0.06919599999999981,0.06919599999999981,0.020211309783220166,0.020211309783220166,-0.278089001001141,0.278089001001141
2024-01-04,2025-06-17,4.3525,4.275,ElasticNet,4.347307533604251,4.3525,4.34954,4.343843527638826,4.312315082992554,4.347307533604251,4.565970692728053,4.283293999999999,4.326291999999998,4.285672765735961,3.9105650158941887,0.0723075336042509,0.0723075336042509,0.07749999999999968,0.07749999999999968,0.07453999999999983,0.07453999999999983,0.06884352763882529,0.06884352763882529,0.037315082992553705,0.037315082992553705,0.0723075336042509,0.0723075336042509,0.2909706927280524,0.2909706927280524,0.00829399999999847,0.00829399999999847,0.05129199999999745,0.05129199999999745,0.010672765735960432,0.010672765735960432,-0.36443498410581165,0.36443498410581165
2024-01-05,2025-06-18,4.3484,4.2717,ElasticNet,4.347307533604251,4.3484,4.351380000000001,4.344671977159039,4.315917486973621,4.347307533604251,4.259254537378785,4.282146999999998,4.321293,4.283729757052371,3.856572164736442,0.07560753360425121,0.07560753360425121,0.07669999999999977,0.07669999999999977,0.07968000000000064,0.07968000000000064,0.07297197715903891,0.07297197715903891,0.044217486973621156,0.044217486973621156,0.07560753360425121,0.07560753360425121,-0.012445462621214709,0.012445462621214709,0.010446999999998319,0.010446999999998319,0.049592999999999776,0.049592999999999776,0.012029757052371082,0.012029757052371082,-0.4151278352635579,0.4151278352635579
2024-01-08,2025-06-20,4.3548,4.2709,ElasticNet,4.347307533604251,4.3548,4.35274,4.346513435857395,4.314337253701784,4.347307533604251,4.40388793877971,4.281815999999999,4.321934999999999,4.284852072637957,3.862210401601817,0.07640753360425112,0.07640753360425112,0.08389999999999986,0.08389999999999986,0.08183999999999969,0.08183999999999969,0.07561343585739522,0.07561343585739522,0.04343725370178397,0.04343725370178397,0.07640753360425112,0.07640753360425112,0.13298793877970994,0.13298793877970994,0.010915999999999038,0.010915999999999038,0.05103499999999883,0.05103499999999883,0.013952072637956725,0.013952072637956725,-0.4086895983981833,0.4086895983981833
2024-01-09,2025-06-23,4.3351,4.2727,ElasticNet,4.347307533604251,4.3351,4.3510800000000005,4.344438265701505,4.301752238735658,4.347307533604251,4.688472990132942,4.282061999999999,4.313441000000001,4.284723907196311,3.831402480862582,0.07460753360425088,0.07460753360425088,0.062399999999999345,0.062399999999999345,0.07838000000000012,0.07838000000000012,0.07173826570150421,0.07173826570150421,0.029052238735657987,0.029052238735657987,0.07460753360425088,0.07460753360425088,0.41577299013294144,0.41577299013294144,0.009361999999998538,0.009361999999998538,0.04074100000000058,0.04074100000000058,0.01202390719631019,0.01202390719631019,-0.44129751913741844,0.44129751913741844
2024-01-10,2025-06-24,4.3413,4.2604,ElasticNet,4.347307533604251,4.3413,4.34642,4.343867671937594,4.310247139924201,4.347307533604251,4.645239485605927,4.283035999999998,4.315148000000001,4.2831934709119475,3.8629769092423456,0.08690753360425152,0.08690753360425152,0.08090000000000064,0.08090000000000064,0.08602000000000043,0.08602000000000043,0.08346767193759419,0.08346767193759419,0.04984713992420087,0.04984713992420087,0.08690753360425152,0.08690753360425152,0.3848394856059274,0.3848394856059274,0.022635999999998546,0.022635999999998546,0.05474800000000091,0.05474800000000091,0.022793470911947722,0.022793470911947722,-0.39742309075765414,0.39742309075765414
2024-01-11,2025-06-25,4.3505,4.2479,ElasticNet,4.347307533604251,4.3505,4.34602,4.345073549767122,4.315077911908705,4.347307533604251,4.4236634235187955,4.283053999999999,4.3123380000000004,4.282077531326,3.883846642180813,0.0994075336042517,0.0994075336042517,0.10260000000000069,0.10260000000000069,0.09812000000000065,0.09812000000000065,0.09717354976712222,0.09717354976712222,0.06717791190870503,0.06717791190870503,0.0994075336042517,0.0994075336042517,0.17576342351879592,0.17576342351879592,0.03515399999999946,0.03515399999999946,0.06443800000000088,0.06443800000000088,0.034177531326000654,0.034177531326000654,-0.36405335781918646,0.36405335781918646
2024-01-12,2025-06-26,4.3574,4.2479,ElasticNet,4.347307533604251,4.3574,4.3478200000000005,4.347314722536736,4.315300647651881,4.347307533604251,4.12113244912727,4.283475999999999,4.310618000000001,4.282658394214379,3.9176029566306907,0.0994075336042517,0.0994075336042517,0.1095000000000006,0.1095000000000006,0.0999200000000009,0.0999200000000009,0.09941472253673656,0.09941472253673656,0.06740064765188158,0.06740064765188158,0.0994075336042517,0.0994075336042517,-0.12676755087272973,0.12676755087272973,0.03557599999999983,0.03557599999999983,0.06271800000000116,0.06271800000000116,0.03475839421437943,0.03475839421437943,-0.3302970433693089,0.3302970433693089
2024-01-15,2025-06-27,4.3748,4.2362,ElasticNet,4.347307533604251,4.3748,4.35182,4.352312045711875,4.312470674067027,4.347307533604251,4.568309187963156,4.283567999999999,4.313536,4.281563587164431,3.9516132149897096,0.11110753360425107,0.11110753360425107,0.1385999999999994,0.1385999999999994,0.11561999999999983,0.11561999999999983,0.1161120457118745,0.1161120457118745,0.07627067406702714,0.07627067406702714,0.11110753360425107,0.11110753360425107,0.33210918796315614,0.33210918796315614,0.047367999999998744,0.047367999999998744,0.07733599999999985,0.07733599999999985,0.045363587164430896,0.045363587164430896,-0.28458678501029055,0.28458678501029055
2024-01-16,2025-06-30,4.3934,4.2419,ElasticNet,4.347307533604251,4.3934,4.36348,4.3597825828551695,4.305288033219851,4.347307533604251,4.875525707003619,4.285010999999999,4.309406999999998,4.285611747067615,3.9610521103507117,0.10540753360425104,0.10540753360425104,0.15149999999999952,0.15149999999999952,0.1215799999999998,0.1215799999999998,0.11788258285516928,0.11788258285516928,0.06338803321985065,0.06338803321985065,0.10540753360425104,0.10540753360425104,0.6336257070036186,0.6336257070036186,0.04311099999999879,0.04311099999999879,0.06750699999999821,0.06750699999999821,0.04371174706761494,0.04371174706761494,-0.28084788964928853,0.28084788964928853
2024-01-17,2025-07-01,4.3978,4.2415,ElasticNet,4.347307533604251,4.3978,4.37478,4.366694840517866,4.323432854994211,4.347307533604251,4.948069556145803,4.285009,4.3157999999999985,4.287555860243656,3.967008205191944,0.10580753360425099,0.10580753360425099,0.15629999999999988,0.15629999999999988,0.13328000000000007,0.13328000000000007,0.12519484051786556,0.12519484051786556,0.08193285499421066,0.08193285499421066,0.10580753360425099,0.10580753360425099,0.7065695561458023,0.7065695561458023,0.043508999999999354,0.043508999999999354,0.07429999999999826,0.07429999999999826,0.04605586024365582,0.04605586024365582,-0.2744917948080561,0.2744917948080561
2024-01-18,2025-07-02,4.4016,4.25,ElasticNet,4.347307533604251,4.4016,4.385,4.373041233150981,4.333510302577791,4.347307533604251,4.781981918643208,4.283755,4.314740999999999,4.28635559896183,3.9930852493294497,0.09730753360425126,0.09730753360425126,0.15160000000000018,0.15160000000000018,0.1349999999999998,0.1349999999999998,0.12304123315098092,0.12304123315098092,0.0835103025777908,0.0835103025777908,0.09730753360425126,0.09730753360425126,0.5319819186432078,0.5319819186432078,0.0337550000000002,0.0337550000000002,0.06474099999999883,0.06474099999999883,0.03635559896182983,0.03635559896182983,-0.25691475067055025,0.25691475067055025
2024-01-19,2025-07-03,4.3846,4.2634,ElasticNet,4.347307533604251,4.3846,4.39044,4.375142827123529,4.3412173528399185,4.347307533604251,4.3248358780487655,4.283535,4.314317,4.288633595861894,3.9522234898639876,0.0839075336042514,0.0839075336042514,0.12119999999999997,0.12119999999999997,0.12704000000000004,0.12704000000000004,0.11174282712352923,0.11174282712352923,0.07781735283991864,0.07781735283991864,0.0839075336042514,0.0839075336042514,0.0614358780487656,0.0614358780487656,0.020134999999999792,0.020134999999999792,0.0509170000000001,0.0509170000000001,0.02523359586189411,0.02523359586189411,-0.3111765101360122,0.3111765101360122
2024-01-22,2025-07-04,4.356,4.2515,ElasticNet,4.347307533604251,4.356,4.38668,4.371662313101069,4.324334618148864,4.347307533604251,4.630780738387343,4.283170999999999,4.314172,4.285144381456948,3.8697657978675633,0.0958075336042512,0.0958075336042512,0.10449999999999982,0.10449999999999982,0.13518000000000008,0.13518000000000008,0.12016231310106917,0.12016231310106917,0.07283461814886394,0.07283461814886394,0.0958075336042512,0.0958075336042512,0.3792807383873429,0.3792807383873429,0.03167099999999934,0.03167099999999934,0.06267200000000006,0.06267200000000006,0.03364438145694759,0.03364438145694759,-0.3817342021324368,0.3817342021324368
2024-01-23,2025-07-07,4.3697,4.2524,ElasticNet,4.347307533604251,4.3697,4.38194,4.371305528900875,4.33269657020216,4.347307533604251,4.974443606663807,4.282837,4.311854999999999,4.2844529954779045,3.906774421466398,0.09490753360425153,0.09490753360425153,0.11730000000000018,0.11730000000000018,0.12954000000000043,0.12954000000000043,0.11890552890087491,0.11890552890087491,0.08029657020215986,0.08029657020215986,0.09490753360425153,0.09490753360425153,0.7220436066638074,0.7220436066638074,0.030437000000000047,0.030437000000000047,0.059454999999998925,0.059454999999998925,0.032052995477904744,0.032052995477904744,-0.34562557853360154,0.34562557853360154
2024-01-24,2025-07-08,4.3755,4.2455,ElasticNet,4.347307533604251,4.3755,4.37748,4.372068160009806,4.358193947756948,4.347307533604251,4.942901756639448,4.281643,4.314046999999999,4.284838863070545,3.91325497118982,0.10180753360425143,0.10180753360425143,0.1299999999999999,0.1299999999999999,0.13198000000000043,0.13198000000000043,0.12656816000980609,0.12656816000980609,0.11269394775694774,0.11269394775694774,0.10180753360425143,0.10180753360425143,0.6974017566394481,0.6974017566394481,0.036143000000000036,0.036143000000000036,0.0685469999999988,0.0685469999999988,0.03933886307054557,0.03933886307054557,-0.3322450288101799,0.3322450288101799
2024-01-25,2025-07-09,4.379,4.2399,ElasticNet,4.347307533604251,4.379,4.37296,4.373328494553477,4.377842440083223,4.347307533604251,4.65081812074932,4.284589,4.314891,4.2875452348099055,3.9134941615062164,0.1074075336042517,0.1074075336042517,0.1391,0.1391,0.1330600000000004,0.1330600000000004,0.1334284945534776,0.1334284945534776,0.13794244008322387,0.13794244008322387,0.1074075336042517,0.1074075336042517,0.41091812074932044,0.41091812074932044,0.04468900000000087,0.04468900000000087,0.0749910000000007,0.0749910000000007,0.0476452348099059,0.0476452348099059,-0.32640583849378313,0.32640583849378313
2024-01-26,2025-07-10,4.3802,4.2464,ElasticNet,4.347307533604251,4.3802,4.37208,4.374577859180118,4.377177060682426,4.347307533604251,4.501168211337955,4.282312999999999,4.315085999999999,4.28331188062242,3.9128133952628157,0.10090753360425087,0.10090753360425087,0.13379999999999992,0.13379999999999992,0.12568000000000001,0.12568000000000001,0.12817785918011726,0.12817785918011726,0.13077706068242545,0.13077706068242545,0.10090753360425087,0.10090753360425087,0.2547682113379546,0.2547682113379546,0.035912999999998974,0.035912999999998974,0.06868599999999869,0.06868599999999869,0.036911880622419346,0.036911880622419346,-0.3335866047371847,0.3335866047371847
2024-01-29,2025-07-11,4.3653,4.2563,ElasticNet,4.347307533604251,4.3653,4.37394,4.372890975692823,4.375350236187209,4.347307533604251,4.735191861553313,4.283476,4.315569999999999,4.284938855539156,3.8668387528442283,0.09100753360425085,0.09100753360425085,0.10899999999999999,0.10899999999999999,0.11763999999999974,0.11763999999999974,0.11659097569282295,0.11659097569282295,0.119050236187209,0.119050236187209,0.09100753360425085,0.09100753360425085,0.4788918615533122,0.4788918615533122,0.027175999999999867,0.027175999999999867,0.059269999999998824,0.059269999999998824,0.028638855539155905,0.028638855539155905,-0.38946124715577213,0.38946124715577213
2024-01-30,2025-07-14,4.3634,4.2614,ElasticNet,4.347307533604251,4.3634,4.37268,4.3711653437486735,4.370505771953083,4.347307533604251,4.974609468012532,4.283459000000001,4.317577000000001,4.283319513150341,3.857504403310218,0.08590753360425119,0.08590753360425119,0.10200000000000031,0.10200000000000031,0.11127999999999982,0.11127999999999982,0.10976534374867342,0.10976534374867342,0.10910577195308324,0.10910577195308324,0.08590753360425119,0.08590753360425119,0.7132094680125318,0.7132094680125318,0.022059000000000495,0.022059000000000495,0.05617700000000081,0.05617700000000081,0.021919513150341352,0.021919513150341352,-0.4038955966897819,0.4038955966897819
2024-01-31,2025-07-15,4.3434,4.2538,ElasticNet,4.347307533604251,4.3434,4.36626,4.366117099430733,4.359200383856936,4.347307533604251,4.823405518907833,4.284311000000001,4.310435000000001,4.281278716236858,3.8242344323408055,0.09350753360425124,0.09350753360425124,0.0895999999999999,0.0895999999999999,0.11245999999999956,0.11245999999999956,0.11231709943073298,0.11231709943073298,0.10540038385693595,0.10540038385693595,0.09350753360425124,0.09350753360425124,0.5696055189078333,0.5696055189078333,0.03051100000000062,0.03051100000000062,0.05663500000000088,0.05663500000000088,0.027478716236857714,0.027478716236857714,-0.4295655676591945,0.4295655676591945
2024-02-01,2025-07-16,4.3247,4.2585,ElasticNet,4.347307533604251,4.3247,4.3554,4.3585867177160535,4.343867298123442,4.347307533604251,4.821038792287628,4.285997999999999,4.312541000000001,4.286717369020251,3.7723680257102443,0.08880753360425153,0.08880753360425153,0.06620000000000026,0.06620000000000026,0.09690000000000065,0.09690000000000065,0.10008671771605382,0.10008671771605382,0.08536729812344213,0.08536729812344213,0.08880753360425153,0.08880753360425153,0.5625387922876284,0.5625387922876284,0.02749799999999958,0.02749799999999958,0.05404100000000156,0.05404100000000156,0.028217369020251404,0.028217369020251404,-0.4861319742897554,0.4861319742897554
2024-02-02,2025-07-17,4.3173,4.2559,ElasticNet,4.347307533604251,4.3173,4.342820000000001,4.3510800417676805,4.338804771285624,4.347307533604251,4.914417802376932,4.285081000000001,4.310542000000001,4.286717369020251,3.7437152401895526,0.09140753360425169,0.09140753360425169,0.06140000000000079,0.06140000000000079,0.086920000000001,0.086920000000001,0.09518004176768091,0.09518004176768091,0.08290477128562479,0.08290477128562479,0.09140753360425169,0.09140753360425169,0.6585178023769327,0.6585178023769327,0.029181000000001234,0.029181000000001234,0.05464200000000119,0.05464200000000119,0.03081736902025156,0.03081736902025156,-0.512184759810447,0.512184759810447
2024-02-05,2025-07-18,4.3278,4.2509,ElasticNet,4.347307533604251,4.3278,4.33532,4.3468473069008295,4.3423289005510375,4.347307533604251,4.7786525324605575,4.2844560000000005,4.319137999999999,4.284331526202528,3.7844773302094863,0.09640753360425158,0.09640753360425158,0.07690000000000019,0.07690000000000019,0.0844200000000006,0.0844200000000006,0.09594730690082987,0.09594730690082987,0.0914289005510378,0.0914289005510378,0.09640753360425158,0.09640753360425158,0.5277525324605579,0.5277525324605579,0.03355600000000081,0.03355600000000081,0.06823799999999913,0.06823799999999913,0.033431526202527984,0.033431526202527984,-0.4664226697905134,0.4664226697905134
2024-02-06,2025-07-21,4.3435,4.2445,ElasticNet,4.347307533604251,4.3435,4.33134,4.346238705646133,4.35581616522832,4.347307533604251,4.949645867272184,4.285068,4.321299999999999,4.283887022844744,3.817351257681793,0.10280753360425088,0.10280753360425088,0.09899999999999931,0.09899999999999931,0.08683999999999958,0.08683999999999958,0.10173870564613274,0.10173870564613274,0.11131616522831944,0.11131616522831944,0.10280753360425088,0.10280753360425088,0.7051458672721838,0.7051458672721838,0.04056799999999949,0.04056799999999949,0.07679999999999865,0.07679999999999865,0.03938702284474349,0.03938702284474349,-0.4271487423182072,0.4271487423182072
2024-02-07,2025-07-22,4.3466,4.2531,ElasticNet,4.347307533604251,4.3466,4.33198,4.346304395528654,4.3626462069139516,4.347307533604251,4.996865964536453,4.284561000000001,4.322109999999999,4.286463117953078,3.8311037206190504,0.09420753360425138,0.09420753360425138,0.0934999999999997,0.0934999999999997,0.07887999999999984,0.07887999999999984,0.09320439552865434,0.09320439552865434,0.10954620691395167,0.10954620691395167,0.09420753360425138,0.09420753360425138,0.7437659645364532,0.7437659645364532,0.03146100000000107,0.03146100000000107,0.06900999999999868,0.06900999999999868,0.033363117953078,0.033363117953078,-0.4219962793809495,0.4219962793809495
2024-02-08,2025-07-23,4.3449,4.2544,ElasticNet,4.347307533604251,4.3449,4.33602,4.34604905088708,4.372695658253574,4.347307533604251,4.8646851700313745,4.280803,4.318465000000001,4.283423619664777,3.825205419867853,0.09290753360425086,0.09290753360425086,0.09049999999999958,0.09049999999999958,0.08162000000000003,0.08162000000000003,0.09164905088707975,0.09164905088707975,0.11829565825357324,0.11829565825357324,0.09290753360425086,0.09290753360425086,0.6102851700313741,0.6102851700313741,0.026402999999999288,0.026402999999999288,0.06406500000000026,0.06406500000000026,0.029023619664776845,0.029023619664776845,-0.4291945801321475,0.4291945801321475
2024-02-09,2025-07-24,4.3167,4.2514,ElasticNet,4.347307533604251,4.3167,4.3359000000000005,4.340712859816701,4.381865674443724,4.347307533604251,4.809474055348293,4.277432000000002,4.319382999999999,4.297957422053766,3.7606217079992676,0.09590753360425097,0.09590753360425097,0.06529999999999969,0.06529999999999969,0.08450000000000024,0.08450000000000024,0.089312859816701,0.089312859816701,0.13046567444372403,0.13046567444372403,0.09590753360425097,0.09590753360425097,0.5580740553482926,0.5580740553482926,0.02603200000000161,0.02603200000000161,0.06798299999999902,0.06798299999999902,0.04655742205376612,0.04655742205376612,-0.49077829200073264,0.49077829200073264
2024-02-12,2025-07-25,4.328,4.2544,ElasticNet,4.347307533604251,4.328,4.33594,4.338401430759119,4.380078144053173,4.347307533604251,4.815689457880279,4.275592000000001,4.317016999999999,4.294575310564679,3.8108221350226965,0.09290753360425086,0.09290753360425086,0.07359999999999989,0.07359999999999989,0.0815399999999995,0.0815399999999995,0.08400143075911881,0.08400143075911881,0.12567814405317268,0.12567814405317268,0.09290753360425086,0.09290753360425086,0.561289457880279,0.561289457880279,0.021192000000000988,0.021192000000000988,0.06261699999999859,0.06261699999999859,0.04017531056467849,0.04017531056467849,-0.4435778649773039,0.4435778649773039
2024-02-13,2025-07-28,4.3214,4.2565,ElasticNet,4.347307533604251,4.3214,4.331519999999999,4.335310261530188,4.3821997534370425,4.347307533604251,4.946509608213438,4.276376000000002,4.322776,4.294828071805781,3.7465699465937146,0.09080753360425131,0.09080753360425131,0.06489999999999974,0.06489999999999974,0.07501999999999942,0.07501999999999942,0.07881026153018844,0.07881026153018844,0.12569975343704254,0.12569975343704254,0.09080753360425131,0.09080753360425131,0.6900096082134377,0.6900096082134377,0.01987600000000178,0.01987600000000178,0.06627600000000022,0.06627600000000022,0.038328071805780795,0.038328071805780795,-0.5099300534062854,0.5099300534062854
2024-02-14,2025-07-29,4.3435,4.2737,ElasticNet,4.347307533604251,4.3435,4.3309,4.336799304888336,4.391828292964846,4.347307533604251,4.718917350492462,4.279107000000002,4.322099999999999,4.301840351851133,3.7703179106564217,0.07360753360425143,0.07360753360425143,0.06979999999999986,0.06979999999999986,0.05719999999999992,0.05719999999999992,0.06309930488833615,0.06309930488833615,0.11812829296484573,0.11812829296484573,0.07360753360425143,0.07360753360425143,0.44521735049246214,0.44521735049246214,0.005407000000002604,0.005407000000002604,0.04839999999999911,0.04839999999999911,0.028140351851132728,0.028140351851132728,-0.5033820893435781,0.5033820893435781
2024-02-15,2025-07-30,4.3463,4.2732,ElasticNet,4.347307533604251,4.3463,4.331180000000001,4.338526703999547,4.394648938370685,4.347307533604251,4.622602296693235,4.276753000000002,4.320970999999999,4.300958327073882,3.7835459959551536,0.07410753360425115,0.07410753360425115,0.07310000000000016,0.07310000000000016,0.05798000000000059,0.05798000000000059,0.06532670399954732,0.06532670399954732,0.12144893837068516,0.12144893837068516,0.07410753360425115,0.07410753360425115,0.34940229669323486,0.34940229669323486,0.0035530000000019157,0.0035530000000019157,0.04777099999999912,0.04777099999999912,0.02775832707388215,0.02775832707388215,-0.4896540040448465,0.4896540040448465
2024-02-16,2025-07-31,4.3414,4.2661,ElasticNet,4.347307533604251,4.3414,4.336119999999999,4.339049121454175,4.4013452690786,4.347307533604251,4.4906277860224195,4.274571000000002,4.321554999999999,4.299970552908258,3.774091070383128,0.08120753360425148,0.08120753360425148,0.07530000000000037,0.07530000000000037,0.07001999999999953,0.07001999999999953,0.07294912145417509,0.07294912145417509,0.13524526907860057,0.13524526907860057,0.08120753360425148,0.08120753360425148,0.22452778602241974,0.22452778602241974,0.008471000000001894,0.008471000000001894,0.055454999999999366,0.055454999999999366,0.033870552908258134,0.033870552908258134,-0.4920089296168717,0.4920089296168717
2024-02-19,2025-08-01,4.339,4.2813,ElasticNet,4.347307533604251,4.339,4.33832,4.339040190280689,4.41589569714178,4.347307533604251,4.492876927132347,4.272687000000002,4.3261400000000005,4.2938703982274955,3.7210057789744613,0.06600753360425138,0.06600753360425138,0.05770000000000053,0.05770000000000053,0.057020000000000515,0.057020000000000515,0.057740190280688886,0.057740190280688886,0.13459569714177988,0.13459569714177988,0.06600753360425138,0.06600753360425138,0.21157692713234688,0.21157692713234688,-0.008612999999997761,0.008612999999997761,0.04484000000000066,0.04484000000000066,0.012570398227495616,0.012570398227495616,-0.5602942210255386,0.5602942210255386
2024-02-20,2025-08-04,4.3186,4.2734,ElasticNet,4.347307533604251,4.3186,4.33776,4.335323792047836,4.405285496877819,4.347307533604251,4.727931786507929,4.275469000000002,4.3247800000000005,4.2967694637032645,3.6391861127605662,0.07390753360425162,0.07390753360425162,0.04520000000000035,0.04520000000000035,0.06436000000000064,0.06436000000000064,0.06192379204783638,0.06192379204783638,0.13188549687781936,0.13188549687781936,0.07390753360425162,0.07390753360425162,0.45453178650792925,0.45453178650792925,0.002069000000002319,0.002069000000002319,0.05138000000000087,0.05138000000000087,0.02336946370326487,0.02336946370326487,-0.6342138872394334,0.6342138872394334
2024-02-21,2025-08-05,4.3163,4.2763,ElasticNet,4.347307533604251,4.3163,4.33232,4.331864920766411,4.394678030993763,4.347307533604251,4.599325336801036,4.278869000000003,4.318705999999999,4.296685260645769,3.6547018716082484,0.07100753360425127,0.07100753360425127,0.040000000000000036,0.040000000000000036,0.05602000000000018,0.05602000000000018,0.05556492076641106,0.05556492076641106,0.11837803099376298,0.11837803099376298,0.07100753360425127,0.07100753360425127,0.3230253368010363,0.3230253368010363,0.00256900000000293,0.00256900000000293,0.042405999999998834,0.042405999999998834,0.020385260645769065,0.020385260645769065,-0.6215981283917515,0.6215981283917515
2024-02-22,2025-08-06,4.3199,4.282,ElasticNet,4.347307533604251,4.3199,4.32704,4.329689480627064,4.39533167937291,4.347307533604251,4.620221754953284,4.277053000000002,4.318884999999998,4.296892085684335,3.693530032653491,0.06530753360425123,0.06530753360425123,0.0378999999999996,0.0378999999999996,0.04504000000000019,0.04504000000000019,0.047689480627063574,0.047689480627063574,0.11333167937290956,0.11333167937290956,0.06530753360425123,0.06530753360425123,0.33822175495328377,0.33822175495328377,-0.004946999999997814,0.004946999999997814,0.03688499999999806,0.03688499999999806,0.014892085684334866,0.014892085684334866,-0.588469967346509,0.588469967346509
2024-02-23,2025-08-07,4.3326,4.2618,ElasticNet,4.347307533604251,4.3326,4.325279999999999,4.330218665967597,4.395553051956169,4.347307533604251,4.387737698008172,4.2777720000000015,4.318474999999999,4.298410296054375,3.7101696024572055,0.08550753360425123,0.08550753360425123,0.0708000000000002,0.0708000000000002,0.06347999999999931,0.06347999999999931,0.06841866596759694,0.06841866596759694,0.1337530519561687,0.1337530519561687,0.08550753360425123,0.08550753360425123,0.12593769800817167,0.12593769800817167,0.01597200000000143,0.01597200000000143,0.056674999999999365,0.056674999999999365,0.03661029605437527,0.03661029605437527,-0.5516303975427945,0.5516303975427945
2024-02-26,2025-08-08,4.3117,4.2566,ElasticNet,4.347307533604251,4.3117,4.31982,4.3268516357916695,4.388226079248383,4.347307533604251,4.2767100140320435,4.272851000000002,4.324368000000001,4.293363166814598,3.6504854158119837,0.09070753360425154,0.09070753360425154,0.05510000000000037,0.05510000000000037,0.06322000000000028,0.06322000000000028,0.07025163579166982,0.07025163579166982,0.13162607924838365,0.13162607924838365,0.09070753360425154,0.09070753360425154,0.02011001403204382,0.02011001403204382,0.016251000000002236,0.016251000000002236,0.06776800000000094,0.06776800000000094,0.036763166814598236,0.036763166814598236,-0.606114584188016,0.606114584188016
2024-02-27,2025-08-11,4.3067,4.2533,ElasticNet,4.347307533604251,4.3067,4.31744,4.323187702011365,4.3842400512644035,4.347307533604251,4.5128502683961935,4.271255000000001,4.320088000000001,4.290715404400238,3.6720906196091705,0.09400753360425096,0.09400753360425096,0.05339999999999989,0.05339999999999989,0.06414000000000009,0.06414000000000009,0.06988770201136507,0.06988770201136507,0.13094005126440322,0.13094005126440322,0.09400753360425096,0.09400753360425096,0.2595502683961932,0.2595502683961932,0.01795500000000061,0.01795500000000061,0.06678800000000074,0.06678800000000074,0.03741540440023794,0.03741540440023794,-0.5812093803908298,0.5812093803908298
2024-02-28,2025-08-12,4.3116,4.2626,ElasticNet,4.347307533604251,4.3116,4.3165,4.321080847100208,4.379023078604023,4.347307533604251,4.471860356588526,4.2734960000000015,4.319551,4.295062867727804,3.693559713389601,0.08470753360425132,0.08470753360425132,0.04900000000000038,0.04900000000000038,0.053899999999999615,0.053899999999999615,0.05848084710020807,0.05848084710020807,0.11642307860402301,0.11642307860402301,0.08470753360425132,0.08470753360425132,0.20926035658852626,0.20926035658852626,0.010896000000001571,0.010896000000001571,0.05695099999999975,0.05695099999999975,0.032462867727804046,0.032462867727804046,-0.5690402866103987,0.5690402866103987
2024-02-29,2025-08-13,4.319,4.2586,ElasticNet,4.347307533604251,4.319,4.31632,4.320702511263806,4.379317709047011,4.347307533604251,4.30037783030371,4.271664000000002,4.315437,4.293081872299348,3.7000349857355115,0.08870753360425088,0.08870753360425088,0.060399999999999565,0.060399999999999565,0.05771999999999977,0.05771999999999977,0.06210251126380584,0.06210251126380584,0.1207177090470104,0.1207177090470104,0.08870753360425088,0.08870753360425088,0.04177783030370996,0.04177783030370996,0.013064000000001741,0.013064000000001741,0.056836999999999804,0.056836999999999804,0.03448187229934785,0.03448187229934785,-0.5585650142644889,0.5585650142644889
2024-03-01,2025-08-14,4.3176,4.2639,ElasticNet,4.347307533604251,4.3176,4.31332,4.32013841830675,4.388616684044095,4.347307533604251,4.221009958920246,4.272963000000002,4.314686000000001,4.294400424222355,3.7014214781945576,0.08340753360425168,0.08340753360425168,0.05370000000000008,0.05370000000000008,0.049420000000000464,0.049420000000000464,0.05623841830675058,0.05623841830675058,0.12471668404409542,0.12471668404409542,0.08340753360425168,0.08340753360425168,-0.042890041079753694,0.042890041079753694,0.009063000000002042,0.009063000000002042,0.05078600000000133,0.05078600000000133,0.030500424222354994,0.030500424222354994,-0.562478521805442,0.562478521805442
2024-03-04,2025-08-18,4.3201,4.2558,ElasticNet,4.347307533604251,4.3201,4.315,4.320131433160068,4.393554389550035,4.347307533604251,4.4601104291212925,4.267289000000002,4.323014000000001,4.295781581964466,3.7470883966657698,0.09150753360425146,0.09150753360425146,0.06430000000000025,0.06430000000000025,0.059200000000000585,0.059200000000000585,0.06433143316006795,0.06433143316006795,0.13775438955003505,0.13775438955003505,0.09150753360425146,0.09150753360425146,0.2043104291212927,0.2043104291212927,0.011489000000001859,0.011489000000001859,0.06721400000000077,0.06721400000000077,0.039981581964465995,0.039981581964465995,-0.50871160333423,0.50871160333423
2024-03-05,2025-08-19,4.3228,4.242,ElasticNet,4.347307533604251,4.3228,4.31822,4.320616627130964,4.396462251810624,4.347307533604251,4.381435261802781,4.273136000000002,4.320692999999999,4.2973668719935665,3.7648314093227375,0.10530753360425127,0.10530753360425127,0.08079999999999998,0.08079999999999998,0.07622000000000018,0.07622000000000018,0.07861662713096429,0.07861662713096429,0.15446225181062356,0.15446225181062356,0.10530753360425127,0.10530753360425127,0.13943526180278099,0.13943526180278099,0.03113600000000183,0.03113600000000183,0.07869299999999857,0.07869299999999857,0.05536687199356649,0.05536687199356649,-0.47716859067726247,0.47716859067726247
2024-03-06,2025-08-20,4.3106,4.2524,ElasticNet,4.347307533604251,4.3106,4.31802,4.318795422198061,4.386537344547234,4.347307533604251,4.466812571595573,4.2751600000000005,4.323226000000001,4.283968562094023,3.7338001508863354,0.09490753360425153,0.09490753360425153,0.05820000000000025,0.05820000000000025,0.06562000000000001,0.06562000000000001,0.06639542219806138,0.06639542219806138,0.13413734454723425,0.13413734454723425,0.09490753360425153,0.09490753360425153,0.21441257159557292,0.21441257159557292,0.02276000000000078,0.02276000000000078,0.07082600000000117,0.07082600000000117,0.03156856209402292,0.03156856209402292,-0.5185998491136643,0.5185998491136643
2024-03-07,2025-08-21,4.3045,4.2521,ElasticNet,4.347307533604251,4.3045,4.31512,4.3161962545256864,4.3780046565217186,4.347307533604251,4.219075546689825,4.282217,4.3204139999999995,4.286925815639978,3.757019009629915,0.09520753360425083,0.09520753360425083,0.05239999999999956,0.05239999999999956,0.06301999999999985,0.06301999999999985,0.06409625452568601,0.06409625452568601,0.12590465652171812,0.12590465652171812,0.09520753360425083,0.09520753360425083,-0.03302445331017534,0.03302445331017534,0.030116999999999727,0.030116999999999727,0.0683139999999991,0.0683139999999991,0.03482581563997744,0.03482581563997744,-0.49508099037008524,0.49508099037008524
2024-03-08,2025-08-22,4.3079,4.267,ElasticNet,4.347307533604251,4.3079,4.31318,4.314687844611925,4.387644530509775,4.347307533604251,4.159839565191794,4.283428000000002,4.31862,4.28847597072691,3.7842146674190613,0.08030753360425091,0.08030753360425091,0.040899999999999714,0.040899999999999714,0.046179999999999666,0.046179999999999666,0.04768784461192421,0.04768784461192421,0.1206445305097743,0.1206445305097743,0.08030753360425091,0.08030753360425091,-0.1071604348082067,0.1071604348082067,0.01642800000000122,0.01642800000000122,0.05161999999999978,0.05161999999999978,0.02147597072690921,0.02147597072690921,-0.48278533258093903,0.48278533258093903
2024-03-11,2025-08-25,4.2933,4.2627,ElasticNet,4.347307533604251,4.2933,4.30782,4.310799145591576,4.383290146418003,4.347307533604251,4.357339651993253,4.289177000000002,4.313125000000002,4.2904795507782545,3.703805757659344,0.08460753360425155,0.08460753360425155,0.030600000000000627,0.030600000000000627,0.045120000000000715,0.045120000000000715,0.048099145591576686,0.048099145591576686,0.12059014641800303,0.12059014641800303,0.08460753360425155,0.08460753360425155,0.09463965199325308,0.09463965199325308,0.026477000000002526,0.026477000000002526,0.050425000000002385,0.050425000000002385,0.02777955077825478,0.02777955077825478,-0.5588942423406555,0.5588942423406555
2024-03-12,2025-08-26,4.2804,4.2657,ElasticNet,4.347307533604251,4.2804,4.29934,4.305272028211289,4.376057182042121,4.347307533604251,4.228294406664029,4.295943000000002,4.318166,4.290861703344679,3.6711940736099535,0.08160753360425144,0.08160753360425144,0.01470000000000038,0.01470000000000038,0.033640000000000114,0.033640000000000114,0.03957202821128902,0.03957202821128902,0.11035718204212142,0.11035718204212142,0.08160753360425144,0.08160753360425144,-0.037405593335971155,0.037405593335971155,0.03024300000000224,0.03024300000000224,0.0524659999999999,0.0524659999999999,0.025161703344679154,0.025161703344679154,-0.5945059263900463,0.5945059263900463
2024-03-13,2025-08-27,4.2896,4.2639,ElasticNet,4.347307533604251,4.2896,4.29514,4.3024225685365085,4.377633159081482,4.347307533604251,4.165748673140225,4.291012000000002,4.317502000000001,4.290175588736484,3.716649137212292,0.08340753360425168,0.08340753360425168,0.0257000000000005,0.0257000000000005,0.03124000000000038,0.03124000000000038,0.03852256853650893,0.03852256853650893,0.11373315908148207,0.11373315908148207,0.08340753360425168,0.08340753360425168,-0.09815132685977446,0.09815132685977446,0.027112000000002467,0.027112000000002467,0.05360200000000148,0.05360200000000148,0.0262755887364845,0.0262755887364845,-0.5472508627877075,0.5472508627877075
2024-03-14,2025-08-28,4.287,4.2681,ElasticNet,4.347307533604251,4.287,4.291639999999999,4.299618465166234,4.375686002377117,4.347307533604251,4.120189300111654,4.291020000000003,4.317546000000001,4.292924096004295,3.702677342119543,0.0792075336042517,0.0792075336042517,0.01890000000000036,0.01890000000000036,0.023539999999999672,0.023539999999999672,0.03151846516623458,0.03151846516623458,0.10758600237711757,0.10758600237711757,0.0792075336042517,0.0792075336042517,-0.14791069988834593,0.14791069988834593,0.022920000000003604,0.022920000000003604,0.04944600000000143,0.04944600000000143,0.024824096004295804,0.024824096004295804,-0.5654226578804566,0.5654226578804566
2024-03-15,2025-08-29,4.2929,4.2684,ElasticNet,4.347307533604251,4.2929,4.288640000000001,4.2983969260451005,4.385589254410359,4.347307533604251,4.0992767775686225,4.296611000000002,4.319646000000001,4.293541067504631,3.735489614535305,0.07890753360425151,0.07890753360425151,0.024500000000000632,0.024500000000000632,0.020240000000001146,0.020240000000001146,0.029996926045100736,0.029996926045100736,0.11718925441035921,0.11718925441035921,0.07890753360425151,0.07890753360425151,-0.16912322243137723,0.16912322243137723,0.02821100000000243,0.02821100000000243,0.05124600000000168,0.05124600000000168,0.025141067504630854,0.025141067504630854,-0.5329103854646946,0.5329103854646946
2024-03-18,2025-09-01,4.3086,4.2574,ElasticNet,4.347307533604251,4.3086,4.2917000000000005,4.300252030400537,4.37920942970837,4.347307533604251,4.176710799760037,4.294695000000001,4.306849000000001,4.2958813166034115,3.7782297738591186,0.08990753360425163,0.08990753360425163,0.05120000000000058,0.05120000000000058,0.034300000000000885,0.034300000000000885,0.04285203040053709,0.04285203040053709,0.12180942970837005,0.12180942970837005,0.08990753360425163,0.08990753360425163,-0.08068920023996284,0.08068920023996284,0.03729500000000119,0.03729500000000119,0.049449000000000964,0.049449000000000964,0.03848131660341192,0.03848131660341192,-0.479170226140881,0.479170226140881
2024-03-19,2025-09-02,4.3201,4.2651,ElasticNet,4.347307533604251,4.3201,4.29964,4.303860752145893,4.384854529120752,4.347307533604251,4.098281583309055,4.294169000000002,4.305211000000001,4.295613321594705,3.8019194116847084,0.08220753360425093,0.08220753360425093,0.054999999999999716,0.054999999999999716,0.03453999999999979,0.03453999999999979,0.03876075214589303,0.03876075214589303,0.11975452912075202,0.11975452912075202,0.08220753360425093,0.08220753360425093,-0.166818416690945,0.166818416690945,0.029069000000001566,0.029069000000001566,0.04011100000000045,0.04011100000000045,0.030513321594704657,0.030513321594704657,-0.46318058831529196,0.46318058831529196
2024-03-20,2025-09-03,4.3242,4.2589,ElasticNet,4.347307533604251,4.3242,4.30656,4.307558797210277,4.387959404789596,4.347307533604251,3.916370601037936,4.292394000000001,4.309127,4.293321044384962,3.799087845967165,0.08840753360425158,0.08840753360425158,0.06530000000000058,0.06530000000000058,0.04766000000000048,0.04766000000000048,0.048658797210276994,0.048658797210276994,0.12905940478959632,0.12905940478959632,0.08840753360425158,0.08840753360425158,-0.3425293989620637,0.3425293989620637,0.03349400000000102,0.03349400000000102,0.050227000000000466,0.050227000000000466,0.03442104438496241,0.03442104438496241,-0.4598121540328348,0.4598121540328348
2024-03-21,2025-09-04,4.3031,4.2553,ElasticNet,4.347307533604251,4.3031,4.309780000000001,4.306748106808408,4.38843115381745,4.347307533604251,3.946589930482556,4.296573000000002,4.313794,4.294003166607429,3.7329868806157824,0.09200753360425118,0.09200753360425118,0.04779999999999962,0.04779999999999962,0.05448000000000075,0.05448000000000075,0.051448106808408056,0.051448106808408056,0.13313115381745,0.13313115381745,0.09200753360425118,0.09200753360425118,-0.3087100695174443,0.3087100695174443,0.041273000000002114,0.041273000000002114,0.0584939999999996,0.0584939999999996,0.03870316660742912,0.03870316660742912,-0.5223131193842177,0.5223131193842177
2024-03-22,2025-09-05,4.3186,4.2476,ElasticNet,4.347307533604251,4.3186,4.314919999999999,4.308902996479606,4.387884240951079,4.347307533604251,3.8242907142620735,4.293066000000001,4.29746,4.294577681948429,3.7804560840293338,0.099707533604251,0.099707533604251,0.07099999999999973,0.07099999999999973,0.06731999999999871,0.06731999999999871,0.06130299647960591,0.06130299647960591,0.14028424095107894,0.14028424095107894,0.099707533604251,0.099707533604251,-0.4233092857379268,0.4233092857379268,0.04546600000000112,0.04546600000000112,0.04985999999999979,0.04985999999999979,0.04697768194842844,0.04697768194842844,-0.4671439159706665,0.4671439159706665
2024-03-25,2025-09-08,4.3091,4.2484,ElasticNet,4.347307533604251,4.3091,4.31502,4.308938815301496,4.377311387781416,4.347307533604251,4.009180263120178,4.2913140000000025,4.301695000000002,4.303020121070332,3.7386897928279126,0.09890753360425109,0.09890753360425109,0.060699999999999754,0.060699999999999754,0.06661999999999946,0.06661999999999946,0.06053881530149585,0.06053881530149585,0.12891138778141542,0.12891138778141542,0.09890753360425109,0.09890753360425109,-0.23921973687982234,0.23921973687982234,0.04291400000000234,0.04291400000000234,0.05329500000000209,0.05329500000000209,0.05462012107033143,0.05462012107033143,-0.5097102071720876,0.5097102071720876
2024-03-26,2025-09-09,4.3093,4.254,ElasticNet,4.347307533604251,4.3093,4.31286,4.309004485246678,4.378669600108951,4.347307533604251,3.965448566638239,4.290567000000003,4.302372000000001,4.295323739369932,3.7412570572823944,0.0933075336042517,0.0933075336042517,0.05530000000000079,0.05530000000000079,0.058860000000000134,0.058860000000000134,0.05500448524667867,0.05500448524667867,0.12466960010895178,0.12466960010895178,0.0933075336042517,0.0933075336042517,-0.2885514333617607,0.2885514333617607,0.03656700000000335,0.03656700000000335,0.048372000000001414,0.048372000000001414,0.04132373936993261,0.04132373936993261,-0.5127429427176051,0.5127429427176051
2024-03-27,2025-09-10,4.3153,4.2604,ElasticNet,4.347307533604251,4.3153,4.31108,4.310149124292736,4.394756695727258,4.347307533604251,3.75483470208362,4.293539000000003,4.302739000000001,4.298754978604762,3.7686121520042453,0.08690753360425152,0.08690753360425152,0.05489999999999995,0.05489999999999995,0.050679999999999836,0.050679999999999836,0.04974912429273637,0.04974912429273637,0.1343566957272584,0.1343566957272584,0.08690753360425152,0.08690753360425152,-0.5055652979163798,0.5055652979163798,0.033139000000002916,0.033139000000002916,0.042339000000001015,0.042339000000001015,0.03835497860476256,0.03835497860476256,-0.4917878479957545,0.4917878479957545
2024-03-28,2025-09-11,4.3191,4.2626,ElasticNet,4.347307533604251,4.3191,4.314279999999999,4.311776556239511,4.403228644743261,4.347307533604251,3.6297996720477643,4.290245000000002,4.3026209999999985,4.293396943033391,3.798011545086297,0.08470753360425132,0.08470753360425132,0.05649999999999977,0.05649999999999977,0.05167999999999928,0.05167999999999928,0.04917655623951145,0.04917655623951145,0.14062864474326098,0.14062864474326098,0.08470753360425132,0.08470753360425132,-0.6328003279522356,0.6328003279522356,0.027645000000002362,0.027645000000002362,0.04002099999999853,0.04002099999999853,0.030796943033391422,0.030796943033391422,-0.46458845491370315,0.46458845491370315
2024-03-29,2025-09-12,4.3009,4.2593,ElasticNet,4.347307533604251,4.3009,4.310740000000001,4.3097990005596,4.4003400625570235,4.347307533604251,3.8148967660653432,4.293642000000002,4.295863,4.293320205509986,3.754418200900243,0.08800753360425162,0.08800753360425162,0.04160000000000075,0.04160000000000075,0.05144000000000126,0.05144000000000126,0.05049900055960066,0.05049900055960066,0.14104006255702384,0.14104006255702384,0.08800753360425162,0.08800753360425162,-0.4444032339346564,0.4444032339346564,0.034342000000002315,0.034342000000002315,0.03656300000000012,0.03656300000000012,0.034020205509986745,0.034020205509986745,-0.5048817990997567,0.5048817990997567
2024-04-02,2025-09-15,4.2934,4.2476,ElasticNet,4.347307533604251,4.2934,4.3076,4.306817364094218,4.394011674824113,4.347307533604251,3.9044124728568885,4.292443000000002,4.294314000000001,4.297082955094707,3.729668366913276,0.099707533604251,0.099707533604251,0.04579999999999984,0.04579999999999984,0.05999999999999961,0.05999999999999961,0.059217364094217295,0.059217364094217295,0.14641167482411266,0.14641167482411266,0.099707533604251,0.099707533604251,-0.34318752714311174,0.34318752714311174,0.044843000000001965,0.044843000000001965,0.04671400000000059,0.04671400000000059,0.04948295509470668,0.04948295509470668,-0.5179316330867243,0.5179316330867243
2024-04-03,2025-09-16,4.2923,4.2504,ElasticNet,4.347307533604251,4.2923,4.3042,4.304177843349815,4.382553469176234,4.347307533604251,3.6643446921708525,4.295506000000002,4.294284000000001,4.29489534837928,3.7315117788075423,0.0969075336042513,0.0969075336042513,0.04190000000000005,0.04190000000000005,0.05379999999999985,0.05379999999999985,0.05377784334981506,0.05377784334981506,0.1321534691762336,0.1321534691762336,0.0969075336042513,0.0969075336042513,-0.5860553078291475,0.5860553078291475,0.04510600000000231,0.04510600000000231,0.043884000000001144,0.043884000000001144,0.044495348379280486,0.044495348379280486,-0.5188882211924577,0.5188882211924577
2024-04-04,2025-09-17,4.2921,4.2559,ElasticNet,4.347307533604251,4.2921,4.29956,4.301981871831667,4.383043603756304,4.347307533604251,3.6019638796934452,4.293026000000002,4.292702,4.297270271391707,3.7378598055559022,0.09140753360425169,0.09140753360425169,0.03620000000000001,0.03620000000000001,0.04366000000000003,0.04366000000000003,0.04608187183166734,0.04608187183166734,0.12714360375630473,0.12714360375630473,0.09140753360425169,0.09140753360425169,-0.6539361203065543,0.6539361203065543,0.037126000000002435,0.037126000000002435,0.03680200000000067,0.03680200000000067,0.041370271391707014,0.041370271391707014,-0.5180401944440973,0.5180401944440973
2024-04-05,2025-09-18,4.2883,4.2564,ElasticNet,4.347307533604251,4.2883,4.2934,4.299494258771364,4.385605180957025,4.347307533604251,3.4890239974952535,4.2933449999999995,4.296437,4.297263210075349,3.7235409312874865,0.09090753360425108,0.09090753360425108,0.03189999999999937,0.03189999999999937,0.03699999999999992,0.03699999999999992,0.043094258771363414,0.043094258771363414,0.12920518095702516,0.12920518095702516,0.09090753360425108,0.09090753360425108,-0.7673760025047467,0.7673760025047467,0.03694499999999934,0.03694499999999934,0.04003699999999988,0.04003699999999988,0.04086321007534899,0.04086321007534899,-0.5328590687125137,0.5328590687125137
2024-04-08,2025-09-19,4.2805,4.2666,ElasticNet,4.347307533604251,4.2805,4.289319999999999,4.29604075717657,4.380564688464863,4.347307533604251,3.520958214861514,4.294806,4.298442000000001,4.2981167444353225,3.7118773373472083,0.08070753360425087,0.08070753360425087,0.01389999999999958,0.01389999999999958,0.02271999999999874,0.02271999999999874,0.029440757176569576,0.029440757176569576,0.11396468846486218,0.11396468846486218,0.08070753360425087,0.08070753360425087,-0.7456417851384862,0.7456417851384862,0.028205999999999953,0.028205999999999953,0.031842000000001036,0.031842000000001036,0.03151674443532215,0.03151674443532215,-0.5547226626527921,0.5547226626527921
2024-04-09,2025-09-22,4.2588,4.2645,ElasticNet,4.347307533604251,4.2588,4.2824,4.2892697104171935,4.361680006203842,4.347307533604251,3.604002142954921,4.287810000000002,4.292324000000001,4.299149286049805,3.6622957343598452,0.0828075336042513,0.0828075336042513,-0.005700000000000038,0.005700000000000038,0.017900000000000027,0.017900000000000027,0.024769710417193558,0.024769710417193558,0.0971800062038417,0.0971800062038417,0.0828075336042513,0.0828075336042513,-0.6604978570450788,0.6604978570450788,0.023310000000002162,0.023310000000002162,0.027824000000000737,0.027824000000000737,0.034649286049805106,0.034649286049805106,-0.6022042656401547,0.6022042656401547
2024-04-10,2025-09-23,4.2641,4.2552,ElasticNet,4.347307533604251,4.2641,4.27676,4.284693399432249,4.361145755949814,4.347307533604251,3.422528956386291,4.292080000000002,4.298134000000001,4.2965908071469245,3.673886594318267,0.09210753360425095,0.09210753360425095,0.008899999999999686,0.008899999999999686,0.021560000000000024,0.021560000000000024,0.0294933994322486,0.0294933994322486,0.10594575594981404,0.10594575594981404,0.09210753360425095,0.09210753360425095,-0.8326710436137095,0.8326710436137095,0.0368800000000018,0.0368800000000018,0.042934000000000694,0.042934000000000694,0.041390807146924224,0.041390807146924224,-0.5813134056817333,0.5813134056817333
2024-04-11,2025-09-24,4.2649,4.2676,ElasticNet,4.347307533604251,4.2649,4.27132,4.281094599535476,4.370342101128309,4.347307533604251,3.395333943100406,4.291303000000002,4.296000000000001,4.295345090047904,3.6752717032908953,0.07970753360425142,0.07970753360425142,-0.0026999999999999247,0.0026999999999999247,0.0037200000000003897,0.0037200000000003897,0.013494599535476048,0.013494599535476048,0.1027421011283094,0.1027421011283094,0.07970753360425142,0.07970753360425142,-0.8722660568995937,0.8722660568995937,0.023703000000002028,0.023703000000002028,0.028400000000001313,0.028400000000001313,0.027745090047904597,0.027745090047904597,-0.5923282967091046,0.5923282967091046
2024-04-12,2025-09-25,4.2666,4.2619,ElasticNet,4.347307533604251,4.2666,4.26698,4.278459217801752,4.379566083358207,4.347307533604251,3.474605271704086,4.293843000000002,4.298249000000001,4.294188843113067,3.676249439423369,0.08540753360425146,0.08540753360425146,0.004700000000000593,0.004700000000000593,0.0050800000000004175,0.0050800000000004175,0.016559217801752624,0.016559217801752624,0.11766608335820727,0.11766608335820727,0.08540753360425146,0.08540753360425146,-0.787294728295914,0.787294728295914,0.03194300000000183,0.03194300000000183,0.0363490000000013,0.0363490000000013,0.03228884311306679,0.03228884311306679,-0.5856505605766307,0.5856505605766307
2024-04-15,2025-09-26,4.2851,4.2668,ElasticNet,4.347307533604251,4.2851,4.2679,4.279666632746888,4.379341142900506,4.347307533604251,3.5120969066595893,4.298491000000001,4.298857000000001,4.293058336089672,3.7108538524315335,0.08050753360425134,0.08050753360425134,0.018299999999999983,0.018299999999999983,0.001100000000000101,0.001100000000000101,0.012866632746888484,0.012866632746888484,0.11254114290050587,0.11254114290050587,0.08050753360425134,0.08050753360425134,-0.7547030933404106,0.7547030933404106,0.031691000000001246,0.031691000000001246,0.03205700000000089,0.03205700000000089,0.026258336089671985,0.026258336089671985,-0.5559461475684664,0.5559461475684664
2024-04-16,2025-09-29,4.3197,4.2688,ElasticNet,4.347307533604251,4.3197,4.28008,4.286945426792908,4.362483134740085,4.347307533604251,3.601608322752675,4.290336000000002,4.3013080000000015,4.30179267687449,3.801019143506437,0.07850753360425156,0.07850753360425156,0.05090000000000039,0.05090000000000039,0.011280000000000179,0.011280000000000179,0.018145426792908204,0.018145426792908204,0.09368313474008527,0.09368313474008527,0.07850753360425156,0.07850753360425156,-0.6671916772473248,0.6671916772473248,0.021536000000001998,0.021536000000001998,0.03250800000000176,0.03250800000000176,0.032992676874489923,0.032992676874489923,-0.4677808564935626,0.4677808564935626
2024-04-17,2025-09-30,4.3353,4.2692,ElasticNet,4.347307533604251,4.3353,4.29432,4.295737167376015,4.3451398612501,4.347307533604251,3.555649081247469,4.289656000000003,4.307174999999999,4.298971184130097,3.8450458774315486,0.0781075336042516,0.0781075336042516,0.06610000000000049,0.06610000000000049,0.025120000000000253,0.025120000000000253,0.026537167376015525,0.026537167376015525,0.07593986125010055,0.07593986125010055,0.0781075336042516,0.0781075336042516,-0.7135509187525306,0.7135509187525306,0.020456000000002916,0.020456000000002916,0.037974999999999426,0.037974999999999426,0.02977118413009716,0.02977118413009716,-0.4241541225684511,0.4241541225684511
2024-04-18,2025-10-01,4.3309,4.2586,ElasticNet,4.347307533604251,4.3309,4.30752,4.3021304096712845,4.342387571983899,4.347307533604251,3.5127133738824967,4.299332000000002,4.299324000000001,4.292388534369545,3.8568084388162416,0.08870753360425088,0.08870753360425088,0.07229999999999936,0.07229999999999936,0.04891999999999985,0.04891999999999985,0.043530409671284076,0.043530409671284076,0.08378757198389852,0.08378757198389852,0.08870753360425088,0.08870753360425088,-0.7458866261175037,0.7458866261175037,0.04073200000000199,0.04073200000000199,0.04072400000000087,0.04072400000000087,0.03378853436954454,0.03378853436954454,-0.4017915611837588,0.4017915611837588
2024-04-19,2025-10-02,4.3316,4.256,ElasticNet,4.347307533604251,4.3316,4.32052,4.307488517003778,4.360125434666429,4.347307533604251,3.4502107831282633,4.294357000000002,4.2954430000000015,4.284549216170752,3.8782903881479456,0.09130753360425103,0.09130753360425103,0.07559999999999967,0.07559999999999967,0.06451999999999991,0.06451999999999991,0.051488517003777545,0.051488517003777545,0.10412543466642887,0.10412543466642887,0.09130753360425103,0.09130753360425103,-0.8057892168717369,0.8057892168717369,0.038357000000002195,0.038357000000002195,0.03944300000000123,0.03944300000000123,0.028549216170751457,0.028549216170751457,-0.37770961185205465,0.37770961185205465
2024-04-22,2025-10-03,4.3203,4.2559,ElasticNet,4.347307533604251,4.3203,4.32756,4.309817877548546,4.376224534397216,4.347307533604251,3.511747974497279,4.288204000000002,4.293547000000001,4.2834512714982615,3.8536414695142773,0.09140753360425169,0.09140753360425169,0.06440000000000001,0.06440000000000001,0.0716600000000005,0.0716600000000005,0.053917877548546045,0.053917877548546045,0.12032453439721635,0.12032453439721635,0.09140753360425169,0.09140753360425169,-0.7441520255027205,0.7441520255027205,0.03230400000000255,0.03230400000000255,0.03764700000000154,0.03764700000000154,0.027551271498261976,0.027551271498261976,-0.40225853048572224,0.40225853048572224
2024-04-23,2025-10-06,4.3335,4.2521,ElasticNet,4.347307533604251,4.3335,4.33032,4.314123717994264,4.3788809779461255,4.347307533604251,3.776579675392329,4.293923000000003,4.296279000000001,4.303860653931514,3.909671339744887,0.09520753360425083,0.09520753360425083,0.08139999999999947,0.08139999999999947,0.07821999999999996,0.07821999999999996,0.06202371799426398,0.06202371799426398,0.12678097794612508,0.12678097794612508,0.09520753360425083,0.09520753360425083,-0.47552032460767135,0.47552032460767135,0.04182300000000261,0.04182300000000261,0.044179000000000634,0.044179000000000634,0.05176065393151319,0.05176065393151319,-0.34242866025511365,0.34242866025511365
2024-04-24,2025-10-07,4.3177,4.2559,ElasticNet,4.347307533604251,4.3177,4.3268,4.314773951086217,4.37970508648996,4.347307533604251,3.9813158620227473,4.296580000000002,4.302741000000001,4.316681955017753,3.87187085406355,0.09140753360425169,0.09140753360425169,0.06180000000000074,0.06180000000000074,0.07090000000000085,0.07090000000000085,0.05887395108621707,0.05887395108621707,0.12380508648996003,0.12380508648996003,0.09140753360425169,0.09140753360425169,-0.27458413797725223,0.27458413797725223,0.040680000000002714,0.040680000000002714,0.046841000000001465,0.046841000000001465,0.0607819550177533,0.0607819550177533,-0.38402914593644955,0.38402914593644955
2024-04-25,2025-10-08,4.3198,4.2533,ElasticNet,4.347307533604251,4.3198,4.32458,4.3156877781614496,4.377216135399669,4.347307533604251,3.6928299076171798,4.2951520000000025,4.304869,4.312312702233241,3.8859216520402855,0.09400753360425096,0.09400753360425096,0.06649999999999956,0.06649999999999956,0.07127999999999979,0.07127999999999979,0.06238777816144925,0.06238777816144925,0.12391613539966873,0.12391613539966873,0.09400753360425096,0.09400753360425096,-0.5604700923828205,0.5604700923828205,0.04185200000000222,0.04185200000000222,0.051568999999999754,0.051568999999999754,0.05901270223324051,0.05901270223324051,-0.3673783479597148,0.3673783479597148
2024-04-26,2025-10-09,4.3225,4.2569,ElasticNet,4.347307533604251,4.3225,4.32276,4.316926363950277,4.379057067559428,4.347307533604251,3.6580654778114603,4.300264000000002,4.300363000000002,4.315406643072661,3.9134190897949948,0.09040753360425136,0.09040753360425136,0.06559999999999988,0.06559999999999988,0.06585999999999981,0.06585999999999981,0.06002636395027672,0.06002636395027672,0.1221570675594279,0.1221570675594279,0.09040753360425136,0.09040753360425136,-0.5988345221885396,0.5988345221885396,0.04336400000000218,0.04336400000000218,0.043463000000001806,0.043463000000001806,0.05850664307266129,0.05850664307266129,-0.34348091020500515,0.34348091020500515
2024-04-29,2025-10-10,4.319,4.2583,ElasticNet,4.347307533604251,4.319,4.3225,4.3173033886865895,4.376637812187167,4.347307533604251,3.7990006406831274,4.299264000000002,4.301970000000001,4.309779665230921,3.912417368218446,0.08900753360425107,0.08900753360425107,0.060699999999999754,0.060699999999999754,0.06419999999999959,0.06419999999999959,0.059003388686589275,0.059003388686589275,0.11833781218716677,0.11833781218716677,0.08900753360425107,0.08900753360425107,-0.4592993593168728,0.4592993593168728,0.040964000000001555,0.040964000000001555,0.04367000000000054,0.04367000000000054,0.051479665230920624,0.051479665230920624,-0.3458826317815542,0.3458826317815542
2024-04-30,2025-10-13,4.3213,4.2592,ElasticNet,4.347307533604251,4.3213,4.32006,4.318030045289028,4.379882492413346,4.347307533604251,3.7768982472821824,4.303354000000002,4.304396000000001,4.307670344325216,3.908930031050844,0.08810753360425139,0.08810753360425139,0.062100000000000044,0.062100000000000044,0.060859999999999914,0.060859999999999914,0.05883004528902802,0.05883004528902802,0.12068249241334605,0.12068249241334605,0.08810753360425139,0.08810753360425139,-0.4823017527178175,0.4823017527178175,0.04415400000000247,0.04415400000000247,0.04519600000000157,0.04519600000000157,0.04847034432521635,0.04847034432521635,-0.35026996894915596,0.35026996894915596
2024-05-02,2025-10-14,4.3323,4.2645,ElasticNet,4.347307533604251,4.3323,4.322979999999999,4.320624582509204,4.387949777895099,4.347307533604251,3.773856014792488,4.298618000000002,4.298765000000002,4.314859336679617,3.9560627855781214,0.0828075336042513,0.0828075336042513,0.06780000000000008,0.06780000000000008,0.05847999999999942,0.05847999999999942,0.056124582509204046,0.056124582509204046,0.12344977789509937,0.12344977789509937,0.0828075336042513,0.0828075336042513,-0.49064398520751196,0.49064398520751196,0.03411800000000209,0.03411800000000209,0.03426500000000221,0.03426500000000221,0.050359336679616895,0.050359336679616895,-0.30843721442187855,0.30843721442187855
2024-05-06,2025-10-15,4.3294,4.2556,ElasticNet,4.347307533604251,4.3294,4.3249,4.322220112962076,4.3971731775529195,4.347307533604251,3.741360460765439,4.303052000000003,4.2987090000000014,4.310664203621604,3.9592332857560577,0.09170753360425099,0.09170753360425099,0.07379999999999942,0.07379999999999942,0.06930000000000014,0.06930000000000014,0.0666201129620756,0.0666201129620756,0.1415731775529192,0.1415731775529192,0.09170753360425099,0.09170753360425099,-0.5142395392345613,0.5142395392345613,0.04745200000000249,0.04745200000000249,0.043109000000001174,0.043109000000001174,0.0550642036216038,0.0550642036216038,-0.29636671424394256,0.29636671424394256
2024-05-07,2025-10-16,4.3116,4.2517,ElasticNet,4.347307533604251,4.3116,4.32272,4.320289183332608,4.392356989308137,4.347307533604251,3.852947155318349,4.304019000000003,4.297784000000002,4.321231523768697,3.9128617891882147,0.09560753360425167,0.09560753360425167,0.05990000000000073,0.05990000000000073,0.07102000000000075,0.07102000000000075,0.068589183332608,0.068589183332608,0.14065698930813753,0.14065698930813753,0.09560753360425167,0.09560753360425167,-0.3987528446816504,0.3987528446816504,0.052319000000003335,0.052319000000003335,0.046084000000002234,0.046084000000002234,0.06953152376869731,0.06953152376869731,-0.3388382108117849,0.3388382108117849
2024-05-08,2025-10-17,4.3195,4.2565,ElasticNet,4.347307533604251,4.3195,4.32282,4.320145695453951,4.386914087331784,4.347307533604251,3.733837863524414,4.292916000000002,4.291564000000001,4.320377500923411,3.936181467884126,0.09080753360425131,0.09080753360425131,0.06299999999999972,0.06299999999999972,0.06632000000000016,0.06632000000000016,0.06364569545395149,0.06364569545395149,0.1304140873317836,0.1304140873317836,0.09080753360425131,0.09080753360425131,-0.5226621364755859,0.5226621364755859,0.03641600000000178,0.03641600000000178,0.035064000000001094,0.035064000000001094,0.06387750092341093,0.06387750092341093,-0.3203185321158739,0.3203185321158739
2024-05-09,2025-10-20,4.2993,4.2396,ElasticNet,4.347307533604251,4.2993,4.31842,4.316355569007778,4.3745608071352855,4.347307533604251,3.9558800879718117,4.293988000000003,4.2966510000000016,4.317335592815667,3.8845943786344916,0.107707533604251,0.107707533604251,0.05969999999999942,0.05969999999999942,0.07881999999999945,0.07881999999999945,0.07675556900777813,0.07675556900777813,0.13496080713528524,0.13496080713528524,0.107707533604251,0.107707533604251,-0.2837199120281886,0.2837199120281886,0.05438800000000299,0.05438800000000299,0.057051000000001295,0.057051000000001295,0.07773559281566644,0.07773559281566644,-0.3550056213655086,0.3550056213655086
2024-05-10,2025-10-21,4.2979,4.2392,ElasticNet,4.347307533604251,4.2979,4.31154,4.313000011006364,4.3762636828568215,4.347307533604251,3.925043121902782,4.293103000000003,4.303174000000002,4.3201924783611965,3.8851788367952578,0.10810753360425096,0.10810753360425096,0.058699999999999974,0.058699999999999974,0.07233999999999963,0.07233999999999963,0.07380001100636413,0.07380001100636413,0.13706368285682125,0.13706368285682125,0.10810753360425096,0.10810753360425096,-0.31415687809721815,0.31415687809721815,0.0539030000000027,0.0539030000000027,0.06397400000000175,0.06397400000000175,0.08099247836119616,0.08099247836119616,-0.35402116320474253,0.35402116320474253
2024-05-13,2025-10-22,4.2977,4.2438,ElasticNet,4.347307533604251,4.2977,4.3052,4.310218190823388,4.382146598172065,4.347307533604251,4.042607145447762,4.295033000000002,4.306919000000002,4.3208064020926935,3.8880772715397374,0.10350753360425102,0.10350753360425102,0.053899999999999615,0.053899999999999615,0.0613999999999999,0.0613999999999999,0.06641819082338785,0.06641819082338785,0.13834659817206507,0.13834659817206507,0.10350753360425102,0.10350753360425102,-0.20119285455223856,0.20119285455223856,0.05123300000000164,0.05123300000000164,0.06311900000000215,0.06311900000000215,0.07700640209269327,0.07700640209269327,-0.35572272846026287,0.35572272846026287
2024-05-14,2025-10-23,4.2812,4.2347,ElasticNet,4.347307533604251,4.2812,4.299119999999999,4.304942156128226,4.370475127733728,4.347307533604251,3.879049092239012,4.2928770000000025,4.305497000000002,4.317884397075605,3.8718682446642356,0.11260753360425113,0.11260753360425113,0.046499999999999986,0.046499999999999986,0.06441999999999926,0.06441999999999926,0.07024215612822626,0.07024215612822626,0.13577512773372824,0.13577512773372824,0.11260753360425113,0.11260753360425113,-0.35565090776098796,0.35565090776098796,0.058177000000002366,0.058177000000002366,0.07079700000000155,0.07079700000000155,0.08318439707560454,0.08318439707560454,-0.3628317553357645,0.3628317553357645
2024-05-15,2025-10-24,4.2635,4.2353,ElasticNet,4.347307533604251,4.2635,4.28792,4.297407218650367,4.353718161127191,4.347307533604251,3.877081831101353,4.2919110000000025,4.306430000000002,4.309327715783153,3.8299831688311805,0.11200753360425164,0.11200753360425164,0.028200000000000003,0.028200000000000003,0.05262000000000011,0.05262000000000011,0.06210721865036728,0.06210721865036728,0.11841816112719172,0.11841816112719172,0.11200753360425164,0.11200753360425164,-0.35821816889864655,0.35821816889864655,0.056611000000002853,0.056611000000002853,0.0711300000000028,0.0711300000000028,0.0740277157831537,0.0740277157831537,-0.4053168311688191,0.4053168311688191
2024-05-16,2025-10-27,4.2617,4.2353,ElasticNet,4.347307533604251,4.2617,4.2804,4.290914997077573,4.3402668349618105,4.347307533604251,4.046074754404462,4.300410000000001,4.3051790000000025,4.308374960700931,3.860865582839008,0.11200753360425164,0.11200753360425164,0.026400000000000645,0.026400000000000645,0.045100000000000584,0.045100000000000584,0.05561499707757367,0.05561499707757367,0.10496683496181092,0.10496683496181092,0.11200753360425164,0.11200753360425164,-0.18922524559553722,0.18922524559553722,0.06511000000000156,0.06511000000000156,0.06987900000000291,0.06987900000000291,0.07307496070093134,0.07307496070093134,-0.37443441716099146,0.37443441716099146
2024-05-17,2025-10-28,4.2685,4.2345,ElasticNet,4.347307533604251,4.2685,4.27452,4.2868395430634685,4.352041661887624,4.347307533604251,3.8906409326969613,4.309626000000002,4.311975000000001,4.308211959148063,3.8993119775044374,0.11280753360425155,0.11280753360425155,0.034000000000000696,0.034000000000000696,0.04002000000000017,0.04002000000000017,0.052339543063468774,0.052339543063468774,0.11754166188762394,0.11754166188762394,0.11280753360425155,0.11280753360425155,-0.3438590673030384,0.3438590673030384,0.07512600000000269,0.07512600000000269,0.07747500000000151,0.07747500000000151,0.0737119591480635,0.0737119591480635,-0.33518802249556234,0.33518802249556234
2024-05-20,2025-10-29,4.2575,4.2374,ElasticNet,4.347307533604251,4.2575,4.26648,4.281505080688293,4.366161480283873,4.347307533604251,3.9923791823931123,4.313672,4.3112410000000025,4.307726375957865,3.859010462747965,0.1099075336042512,0.1099075336042512,0.02010000000000023,0.02010000000000023,0.02907999999999955,0.02907999999999955,0.04410508068829255,0.04410508068829255,0.12876148028387302,0.12876148028387302,0.1099075336042512,0.1099075336042512,-0.24502081760688776,0.24502081760688776,0.07627200000000034,0.07627200000000034,0.07384100000000249,0.07384100000000249,0.0703263759578645,0.0703263759578645,-0.37838953725203517,0.37838953725203517
2024-05-21,2025-10-30,4.2572,4.2425,ElasticNet,4.347307533604251,4.2572,4.26168,4.277085975108603,4.372768962791607,4.347307533604251,3.8280305617618056,4.312818,4.311175000000003,4.302754062569409,3.9000241435661986,0.10480753360425155,0.10480753360425155,0.01470000000000038,0.01470000000000038,0.01918000000000042,0.01918000000000042,0.034585975108603506,0.034585975108603506,0.13026896279160738,0.13026896279160738,0.10480753360425155,0.10480753360425155,-0.41446943823819415,0.41446943823819415,0.07031800000000032,0.07031800000000032,0.06867500000000337,0.06867500000000337,0.06025406256940968,0.06025406256940968,-0.3424758564338011,0.3424758564338011
2024-05-22,2025-10-31,4.2575,4.2543,ElasticNet,4.347307533604251,4.2575,4.26048,4.273524888725221,4.366870263575489,4.347307533604251,3.767866191361225,4.314941000000001,4.313907000000003,4.304112580419783,3.9332418261595725,0.09300753360425151,0.09300753360425151,0.0032000000000005357,0.0032000000000005357,0.006180000000000518,0.006180000000000518,0.01922488872522088,0.01922488872522088,0.11257026357548927,0.11257026357548927,0.09300753360425151,0.09300753360425151,-0.48643380863877494,0.48643380863877494,0.06064100000000128,0.06064100000000128,0.059607000000003296,0.059607000000003296,0.049812580419783536,0.049812580419783536,-0.32105817384042723,0.32105817384042723
2024-05-23,2025-11-03,4.2699,4.2527,ElasticNet,4.347307533604251,4.2699,4.26212,4.272865818047907,4.354770635015464,4.347307533604251,3.8529861158631014,4.3140170000000015,4.303290000000002,4.295736169362574,3.946501281958745,0.09460753360425134,0.09460753360425134,0.017199999999999882,0.017199999999999882,0.009420000000000428,0.009420000000000428,0.02016581804790718,0.02016581804790718,0.10207063501546365,0.10207063501546365,0.09460753360425134,0.09460753360425134,-0.39971388413689857,0.39971388413689857,0.06131700000000162,0.06131700000000162,0.050590000000002355,0.050590000000002355,0.04303616936257448,0.04303616936257448,-0.3061987180412551,0.3061987180412551
2024-05-24,2025-11-04,4.2624,4.2575,ElasticNet,4.347307533604251,4.2624,4.2609,4.270962942039197,4.362196178261815,4.347307533604251,4.178875252099172,4.310105,4.298708000000001,4.2868615189802455,3.8709396906279565,0.08980753360425098,0.08980753360425098,0.0049000000000001265,0.0049000000000001265,0.0034000000000000696,0.0034000000000000696,0.013462942039196513,0.013462942039196513,0.10469617826181477,0.10469617826181477,0.08980753360425098,0.08980753360425098,-0.07862474790082796,0.07862474790082796,0.05260499999999979,0.05260499999999979,0.04120800000000102,0.04120800000000102,0.029361518980245194,0.029361518980245194,-0.3865603093720438,0.3865603093720438
2024-05-27,2025-11-05,4.2528,4.2597,ElasticNet,4.347307533604251,4.2528,4.25996,4.267660588941161,4.371138566164276,4.347307533604251,4.16763590048992,4.310243000000001,4.298767000000002,4.285268953563373,3.8424285867356662,0.08760753360425166,0.08760753360425166,-0.006899999999999906,0.006899999999999906,0.00026000000000081513,0.00026000000000081513,0.007960588941161362,0.007960588941161362,0.11143856616427605,0.11143856616427605,0.08760753360425166,0.08760753360425166,-0.09206409951007988,0.09206409951007988,0.050543000000001115,0.050543000000001115,0.03906700000000196,0.03906700000000196,0.025568953563372965,0.025568953563372965,-0.41727141326433337,0.41727141326433337
2024-05-28,2025-11-06,4.2592,4.2566,ElasticNet,4.347307533604251,4.2592,4.26036,4.266122300042768,4.372544736575929,4.347307533604251,3.962749358420442,4.3159230000000015,4.295843000000001,4.284100562551975,3.8818604139229183,0.09070753360425154,0.09070753360425154,0.0026000000000001577,0.0026000000000001577,0.0037600000000006517,0.0037600000000006517,0.009522300042767995,0.009522300042767995,0.11594473657592896,0.11594473657592896,0.09070753360425154,0.09070753360425154,-0.29385064157955787,0.29385064157955787,0.05932300000000179,0.05932300000000179,0.03924300000000169,0.03924300000000169,0.027500562551975527,0.027500562551975527,-0.37473958607708147,0.37473958607708147
2024-05-29,2025-11-07,4.2529,4.2483,ElasticNet,4.347307533604251,4.2529,4.25944,4.263718245489537,4.359988659833449,4.347307533604251,3.8194424015356696,4.316549000000002,4.300080000000001,4.288702130525317,3.9075074536080017,0.09900753360425085,0.09900753360425085,0.0045999999999999375,0.0045999999999999375,0.011139999999999262,0.011139999999999262,0.01541824548953663,0.01541824548953663,0.11168865983344833,0.11168865983344833,0.09900753360425085,0.09900753360425085,-0.4288575984643308,0.4288575984643308,0.06824900000000156,0.06824900000000156,0.051780000000000825,0.051780000000000825,0.04040213052531616,0.04040213052531616,-0.34079254639199874,0.34079254639199874
2024-05-31,2025-11-10,4.2678,4.2351,ElasticNet,4.347307533604251,4.2678,4.2590200000000005,4.264460382673257,4.353611857447262,4.347307533604251,4.3695360620741,4.316472000000001,4.302205000000001,4.299657556713654,3.9679249451621956,0.11220753360425118,0.11220753360425118,0.03270000000000017,0.03270000000000017,0.023920000000000385,0.023920000000000385,0.029360382673257135,0.029360382673257135,0.11851185744726234,0.11851185744726234,0.11220753360425118,0.11220753360425118,0.13443606207409964,0.13443606207409964,0.08137200000000089,0.08137200000000089,0.06710500000000064,0.06710500000000064,0.0645575567136536,0.0645575567136536,-0.26717505483780446,0.26717505483780446
2024-06-03,2025-11-12,4.2817,4.2312,ElasticNet,4.347307533604251,4.2817,4.26288,4.267594858550846,4.358525945394512,4.347307533604251,4.201823709424308,4.314234000000001,4.302037000000001,4.283429910814509,3.9687410641254144,0.11610753360425097,0.11610753360425097,0.050499999999999545,0.050499999999999545,0.03167999999999971,0.03167999999999971,0.03639485855084601,0.03639485855084601,0.12732594539451192,0.12732594539451192,0.11610753360425097,0.11610753360425097,-0.029376290575692465,0.029376290575692465,0.0830340000000005,0.0830340000000005,0.07083700000000093,0.07083700000000093,0.052229910814508784,0.052229910814508784,-0.2624589358745859,0.2624589358745859
2024-06-04,2025-11-13,4.2923,4.2304,ElasticNet,4.347307533604251,4.2923,4.27078,4.272086702450692,4.364947467510336,4.347307533604251,4.050385026951321,4.318643,4.298997,4.283363071822676,3.954533181299741,0.11690753360425088,0.11690753360425088,0.06189999999999962,0.06189999999999962,0.04037999999999986,0.04037999999999986,0.041686702450691726,0.041686702450691726,0.13454746751033575,0.13454746751033575,0.11690753360425088,0.11690753360425088,-0.18001497304867975,0.18001497304867975,0.0882429999999994,0.0882429999999994,0.06859699999999957,0.06859699999999957,0.0529630718226759,0.0529630718226759,-0.2758668187002593,0.2758668187002593
2024-06-05,2025-11-14,4.3081,4.2274,ElasticNet,4.347307533604251,4.3081,4.28056,4.278634574732384,4.3576318069563,4.347307533604251,4.0302158059205135,4.317108000000002,4.297906,4.285660921473685,3.9941377946423007,0.119907533604251,0.119907533604251,0.08069999999999933,0.08069999999999933,0.053160000000000096,0.053160000000000096,0.051234574732383464,0.051234574732383464,0.13023180695629932,0.13023180695629932,0.119907533604251,0.119907533604251,-0.19718419407948673,0.19718419407948673,0.08970800000000168,0.08970800000000168,0.07050599999999996,0.07050599999999996,0.05826092147368467,0.05826092147368467,-0.2332622053576996,0.2332622053576996
2024-06-06,2025-11-17,4.2997,4.2231,ElasticNet,4.347307533604251,4.2997,4.28992,4.282464652053768,4.3618621163678455,4.347307533604251,4.086569230017823,4.320881000000003,4.297538,4.282584415593791,3.971996712571687,0.12420753360425163,0.12420753360425163,0.0766,0.0766,0.06682000000000077,0.06682000000000077,0.05936465205376873,0.05936465205376873,0.13876211636784586,0.13876211636784586,0.12420753360425163,0.12420753360425163,-0.13653076998217628,0.13653076998217628,0.097781000000003,0.097781000000003,0.07443800000000067,0.07443800000000067,0.059484415593791695,0.059484415593791695,-0.2511032874283128,0.2511032874283128
2024-06-07,2025-11-18,4.2891,4.2331,ElasticNet,4.347307533604251,4.2891,4.29418,4.283671078953083,4.363933527247747,4.347307533604251,4.358154994757345,4.320968000000002,4.297828,4.281981741178888,3.9468067323967735,0.11420753360425095,0.11420753360425095,0.05600000000000005,0.05600000000000005,0.06107999999999958,0.06107999999999958,0.05057107895308288,0.05057107895308288,0.13083352724774677,0.13083352724774677,0.11420753360425095,0.11420753360425095,0.1250549947573445,0.1250549947573445,0.08786800000000206,0.08786800000000206,0.06472799999999967,0.06472799999999967,0.04888174117888777,0.04888174117888777,-0.2862932676032268,0.2862932676032268
2024-06-10,2025-11-19,4.3197,4.2424,ElasticNet,4.347307533604251,4.3197,4.301779999999999,4.290221791870704,4.36208736505621,4.347307533604251,4.340937085009084,4.316246000000002,4.297221,4.282057878834725,4.012141130328539,0.10490753360425131,0.10490753360425131,0.07730000000000015,0.07730000000000015,0.0593799999999991,0.0593799999999991,0.04782179187070401,0.04782179187070401,0.11968736505621003,0.11968736505621003,0.10490753360425131,0.10490753360425131,0.09853708500908365,0.09853708500908365,0.0738460000000023,0.0738460000000023,0.05482100000000045,0.05482100000000045,0.03965787883472505,0.03965787883472505,-0.23025886967146114,0.23025886967146114
2024-06-11,2025-11-20,4.3456,4.2289,ElasticNet,4.347307533604251,4.3456,4.3124400000000005,4.3002905569851215,4.34941268737127,4.347307533604251,4.131573595231379,4.312599000000002,4.296362,4.276560685423083,4.117827853059971,0.11840753360425094,0.11840753360425094,0.1166999999999998,0.1166999999999998,0.08354000000000017,0.08354000000000017,0.0713905569851212,0.0713905569851212,0.12051268737126986,0.12051268737126986,0.11840753360425094,0.11840753360425094,-0.09732640476862109,0.09732640476862109,0.08369900000000197,0.08369900000000197,0.06746199999999991,0.06746199999999991,0.04766068542308233,0.04766068542308233,-0.11107214694002909,0.11107214694002909
2024-06-12,2025-11-21,4.3354,4.2489,ElasticNet,4.347307533604251,4.3354,4.3179,4.306674092078736,4.333671405035983,4.347307533604251,4.126199296293343,4.317162000000002,4.2883770000000005,4.277892605652017,4.110645821754857,0.09840753360425136,0.09840753360425136,0.08650000000000002,0.08650000000000002,0.06899999999999995,0.06899999999999995,0.05777409207873596,0.05777409207873596,0.08477140503598335,0.08477140503598335,0.09840753360425136,0.09840753360425136,-0.12270070370665653,0.12270070370665653,0.06826200000000249,0.06826200000000249,0.03947700000000065,0.03947700000000065,0.02899260565201711,0.02899260565201711,-0.13825417824514297,0.13825417824514297
2024-06-13,2025-11-24,4.3355,4.2345,ElasticNet,4.347307533604251,4.3355,4.32506,4.311915166246238,4.33111326906471,4.347307533604251,4.1967470430604115,4.315935000000001,4.293859000000002,4.281185787670538,4.129201521006268,0.11280753360425155,0.11280753360425155,0.10099999999999998,0.10099999999999998,0.09055999999999997,0.09055999999999997,0.07741516624623834,0.07741516624623834,0.09661326906471057,0.09661326906471057,0.11280753360425155,0.11280753360425155,-0.037752956939588245,0.037752956939588245,0.0814350000000017,0.0814350000000017,0.05935900000000238,0.05935900000000238,0.04668578767053866,0.04668578767053866,-0.10529847899373213,0.10529847899373213
2024-06-14,2025-11-25,4.3581,4.2301,ElasticNet,4.347307533604251,4.3581,4.33886,4.320312408746922,4.347259109133287,4.347307533604251,4.5360668390624115,4.313874000000003,4.296668,4.284166820227759,4.1739853811321606,0.11720753360425107,0.11720753360425107,0.1280000000000001,0.1280000000000001,0.10876000000000019,0.10876000000000019,0.09021240874692182,0.09021240874692182,0.11715910913328642,0.11715910913328642,0.11720753360425107,0.11720753360425107,0.3059668390624113,0.3059668390624113,0.08377400000000268,0.08377400000000268,0.06656800000000018,0.06656800000000018,0.054066820227759216,0.054066820227759216,-0.05611461886783964,0.05611461886783964
2024-06-17,2025-11-26,4.3608,4.233,ElasticNet,4.347307533604251,4.3608,4.34708,4.327673788974754,4.348798010023666,4.347307533604251,4.447914612974833,4.3134010000000025,4.304737,4.28707358103535,4.217579014171752,0.11430753360425161,0.11430753360425161,0.12780000000000058,0.12780000000000058,0.1140800000000004,0.1140800000000004,0.0946737889747542,0.0946737889747542,0.11579801002366619,0.11579801002366619,0.11430753360425161,0.11430753360425161,0.21491461297483294,0.21491461297483294,0.08040100000000283,0.08040100000000283,0.0717370000000006,0.0717370000000006,0.054073581035350315,0.054073581035350315,-0.015420985828247247,0.015420985828247247
2024-06-18,2025-11-27,4.3468,4.227,ElasticNet,4.347307533604251,4.3468,4.34732,4.331151281888435,4.343865250072442,4.347307533604251,4.1155182736544935,4.314663000000003,4.301025000000001,4.285991944488538,4.20518797941768,0.12030753360425095,0.12030753360425095,0.11979999999999968,0.11979999999999968,0.12031999999999954,0.12031999999999954,0.10415128188843426,0.10415128188843426,0.11686525007244164,0.11686525007244164,0.12030753360425095,0.12030753360425095,-0.11148172634550679,0.11148172634550679,0.08766300000000271,0.08766300000000271,0.07402500000000067,0.07402500000000067,0.05899194448853784,0.05899194448853784,-0.021812020582320457,0.021812020582320457
2024-06-19,2025-11-28,4.3376,4.2369,ElasticNet,4.347307533604251,4.3376,4.34776,4.332323776090537,4.328476432669471,4.347307533604251,4.169653714216946,4.318167,4.300222999999999,4.292353626076106,4.140390821432791,0.11040753360425093,0.11040753360425093,0.10069999999999979,0.10069999999999979,0.11085999999999974,0.11085999999999974,0.09542377609053698,0.09542377609053698,0.0915764326694708,0.0915764326694708,0.11040753360425093,0.11040753360425093,-0.06724628578305403,0.06724628578305403,0.08126699999999953,0.08126699999999953,0.06332299999999869,0.06332299999999869,0.0554536260761056,0.0554536260761056,-0.0965091785672092,0.0965091785672092
2024-06-20,2025-12-01,4.3238,4.2286,ElasticNet,4.347307533604251,4.3238,4.34542,4.330773998619531,4.308343808133788,4.347307533604251,4.334542891215471,4.320537000000001,4.294588999999999,4.292276117473889,4.106848168284746,0.11870753360425113,0.11870753360425113,0.09520000000000017,0.09520000000000017,0.1168199999999997,0.1168199999999997,0.10217399861953069,0.10217399861953069,0.07974380813378801,0.07974380813378801,0.11870753360425113,0.11870753360425113,0.10594289121547096,0.10594289121547096,0.0919370000000006,0.0919370000000006,0.06598899999999919,0.06598899999999919,0.06367611747388846,0.06367611747388846,-0.12175183171525372,0.12175183171525372
2024-06-21,2025-12-02,4.3331,4.239,ElasticNet,4.347307533604251,4.3331,4.34042,4.331196907961434,4.326052662582892,4.347307533604251,4.532187889017186,4.320289000000001,4.290999999999999,4.286292752553156,4.1510243006980145,0.10830753360425138,0.10830753360425138,0.09410000000000007,0.09410000000000007,0.10142000000000007,0.10142000000000007,0.09219690796143443,0.09219690796143443,0.08705266258289246,0.08705266258289246,0.10830753360425138,0.10830753360425138,0.29318788901718573,0.29318788901718573,0.08128900000000083,0.08128900000000083,0.051999999999998714,0.051999999999998714,0.04729275255315635,0.04729275255315635,-0.08797569930198534,0.08797569930198534
2024-06-24,2025-12-03,4.3198,4.2312,ElasticNet,4.347307533604251,4.3198,4.33222,4.3291247428775375,4.329214048136245,4.347307533604251,4.594097889918767,4.320437000000001,4.294024,4.2856214293233075,4.119797571331239,0.11610753360425097,0.11610753360425097,0.08859999999999957,0.08859999999999957,0.10102000000000011,0.10102000000000011,0.09792474287753716,0.09792474287753716,0.09801404813624437,0.09801404813624437,0.11610753360425097,0.11610753360425097,0.3628978899187665,0.3628978899187665,0.08923700000000068,0.08923700000000068,0.06282399999999999,0.06282399999999999,0.05442142932330718,0.05442142932330718,-0.11140242866876093,0.11140242866876093
2024-06-25,2025-12-04,4.2909,4.2299,ElasticNet,4.347307533604251,4.2909,4.32104,4.322174789627075,4.306788754766096,4.347307533604251,4.304228491151419,4.313920000000001,4.297442000000001,4.2990393198447325,4.070119465007437,0.11740753360425149,0.11740753360425149,0.06099999999999994,0.06099999999999994,0.09114000000000022,0.09114000000000022,0.09227478962707547,0.09227478962707547,0.07688875476609613,0.07688875476609613,0.11740753360425149,0.11740753360425149,0.07432849115141948,0.07432849115141948,0.08402000000000154,0.08402000000000154,0.06754200000000132,0.06754200000000132,0.06913931984473276,0.06913931984473276,-0.15978053499256273,0.15978053499256273
2024-06-26,2025-12-05,4.3087,4.2321,ElasticNet,4.347307533604251,4.3087,4.31526,4.319724827876698,4.312236170018372,4.347307533604251,4.135728056450448,4.3107320000000025,4.293771,4.3004759956760275,4.12755946314895,0.11520753360425129,0.11520753360425129,0.0766,0.0766,0.08316000000000034,0.08316000000000034,0.08762482787669779,0.08762482787669779,0.08013617001837225,0.08013617001837225,0.11520753360425129,0.11520753360425129,-0.09637194354955181,0.09637194354955181,0.07863200000000248,0.07863200000000248,0.06167099999999959,0.06167099999999959,0.06837599567602748,0.06837599567602748,-0.10454053685104991,0.10454053685104991
2024-06-27,2025-12-08,4.3085,4.2289,ElasticNet,4.347307533604251,4.3085,4.3122,4.317683950080935,4.3089754802514975,4.347307533604251,4.203598409626767,4.315521000000001,4.297022999999999,4.301805049985781,4.1187165534810894,0.11840753360425094,0.11840753360425094,0.07960000000000012,0.07960000000000012,0.08329999999999949,0.08329999999999949,0.08878395008093509,0.08878395008093509,0.08007548025149713,0.08007548025149713,0.11840753360425094,0.11840753360425094,-0.02530159037323365,0.02530159037323365,0.08662100000000095,0.08662100000000095,0.06812299999999905,0.06812299999999905,0.0729050499857804,0.0729050499857804,-0.11018344651891088,0.11018344651891088
2024-06-28,2025-12-09,4.313,4.234,ElasticNet,4.347307533604251,4.313,4.30818,4.316832322793492,4.32623510101377,4.347307533604251,4.494036616688473,4.312304000000001,4.295001,4.298876569223658,4.143011480910876,0.11330753360425128,0.11330753360425128,0.07899999999999974,0.07899999999999974,0.07418000000000013,0.07418000000000013,0.08283232279349217,0.08283232279349217,0.0922351010137703,0.0922351010137703,0.11330753360425128,0.11330753360425128,0.2600366166884731,0.2600366166884731,0.07830400000000104,0.07830400000000104,0.06100100000000008,0.06100100000000008,0.06487656922365836,0.06487656922365836,-0.09098851908912398,0.09098851908912398
2024-07-01,2025-12-10,4.2981,4.2274,ElasticNet,4.347307533604251,4.2981,4.303839999999999,4.313426445921948,4.328046024101512,4.347307533604251,4.2277566326347715,4.319849000000001,4.294650000000002,4.295293298872305,4.095041857873004,0.119907533604251,0.119907533604251,0.07069999999999954,0.07069999999999954,0.07643999999999895,0.07643999999999895,0.08602644592194775,0.08602644592194775,0.10064602410151213,0.10064602410151213,0.119907533604251,0.119907533604251,0.00035663263477125895,0.00035663263477125895,0.09244900000000111,0.09244900000000111,0.06725000000000136,0.06725000000000136,0.06789329887230444,0.06789329887230444,-0.13235814212699637,0.13235814212699637
2024-07-02,2025-12-11,4.3286,4.2284,ElasticNet,4.347307533604251,4.3286,4.31138,4.31618527393614,4.3322491256420355,4.347307533604251,4.083401001093341,4.310200000000001,4.296506000000001,4.282559917868956,4.19575213884479,0.11890753360425155,0.11890753360425155,0.10020000000000007,0.10020000000000007,0.08298000000000005,0.08298000000000005,0.08778527393614066,0.08778527393614066,0.10384912564203574,0.10384912564203574,0.11890753360425155,0.11890753360425155,-0.1449989989066589,0.1449989989066589,0.0818000000000012,0.0818000000000012,0.06810600000000111,0.06810600000000111,0.05415991786895624,0.05415991786895624,-0.03264786115521012,0.03264786115521012
2024-07-03,2025-12-12,4.3021,4.2271,ElasticNet,4.347307533604251,4.3021,4.31006,4.31362431503866,4.333132806217385,4.347307533604251,4.42262970815079,4.315861000000002,4.307168999999999,4.285738013559076,4.105909751365747,0.12020753360425118,0.12020753360425118,0.07500000000000018,0.07500000000000018,0.08295999999999992,0.08295999999999992,0.08652431503865987,0.08652431503865987,0.1060328062173852,0.1060328062173852,0.12020753360425118,0.12020753360425118,0.19552970815079007,0.19552970815079007,0.08876100000000164,0.08876100000000164,0.08006899999999906,0.08006899999999906,0.05863801355907583,0.05863801355907583,-0.1211902486342531,0.1211902486342531
2024-07-04,2025-12-15,4.2975,4.2192,ElasticNet,4.347307533604251,4.2975,4.30786,4.310692621395267,4.333387992238575,4.347307533604251,4.202385726890965,4.320796000000001,4.3005770000000005,4.2869029223633985,4.0715786900462625,0.12810753360425142,0.12810753360425142,0.07830000000000048,0.07830000000000048,0.08865999999999996,0.08865999999999996,0.09149262139526737,0.09149262139526737,0.11418799223857512,0.11418799223857512,0.12810753360425142,0.12810753360425142,-0.01681427310903505,0.01681427310903505,0.10159600000000157,0.10159600000000157,0.0813770000000007,0.0813770000000007,0.0677029223633987,0.0677029223633987,-0.14762130995373735,0.14762130995373735
2024-07-05,2025-12-16,4.2858,4.2239,ElasticNet,4.347307533604251,4.2858,4.302420000000001,4.306166690232491,4.33346818754426,4.347307533604251,4.130741969422986,4.323725000000001,4.303782,4.2815228596205595,4.034312787865608,0.12340753360425083,0.12340753360425083,0.06189999999999962,0.06189999999999962,0.07852000000000015,0.07852000000000015,0.08226669023249045,0.08226669023249045,0.10956818754425957,0.10956818754425957,0.12340753360425083,0.12340753360425083,-0.09315803057701455,0.09315803057701455,0.09982500000000094,0.09982500000000094,0.07988199999999956,0.07988199999999956,0.05762285962055902,0.05762285962055902,-0.18958721213439222,0.18958721213439222
2024-07-08,2025-12-17,4.278,4.2149,ElasticNet,4.347307533604251,4.278,4.2984,4.301045473826584,4.335637509924749,4.347307533604251,4.049873219780789,4.3184390000000015,4.3045160000000005,4.282861605944971,4.0363718299392,0.13240753360425117,0.13240753360425117,0.06309999999999949,0.06309999999999949,0.08349999999999991,0.08349999999999991,0.08614547382658433,0.08614547382658433,0.12073750992474874,0.12073750992474874,0.13240753360425117,0.13240753360425117,-0.16502678021921113,0.16502678021921113,0.10353900000000138,0.10353900000000138,0.08961600000000036,0.08961600000000036,0.06796160594497103,0.06796160594497103,-0.17852817006080013,0.17852817006080013
2024-07-09,2025-12-18,4.2633,4.2076,ElasticNet,4.347307533604251,4.2633,4.285340000000001,4.294182660403568,4.341553069982012,4.347307533604251,4.153454744427948,4.3240880000000015,4.312106000000001,4.286742341787077,4.022620919827671,0.13970753360425103,0.13970753360425103,0.05569999999999986,0.05569999999999986,0.07774000000000036,0.07774000000000036,0.08658266040356821,0.08658266040356821,0.13395306998201217,0.13395306998201217,0.13970753360425103,0.13970753360425103,-0.05414525557205252,0.05414525557205252,0.11648800000000126,0.11648800000000126,0.10450600000000065,0.10450600000000065,0.07914234178707691,0.07914234178707691,-0.18497908017232945,0.18497908017232945
2024-07-10,2025-12-19,4.2529,4.2094,ElasticNet,4.347307533604251,4.2529,4.275499999999999,4.286676722148374,4.323645961431433,4.347307533604251,4.250995599491424,4.326047000000001,4.3077879999999995,4.291745185570735,4.003541151962221,0.13790753360425168,0.13790753360425168,0.04350000000000076,0.04350000000000076,0.0660999999999996,0.0660999999999996,0.07727672214837433,0.07727672214837433,0.11424596143143351,0.11424596143143351,0.13790753360425168,0.13790753360425168,0.04159559949142455,0.04159559949142455,0.11664700000000128,0.11664700000000128,0.09838799999999992,0.09838799999999992,0.08234518557073578,0.08234518557073578,-0.20585884803777876,0.20585884803777876
2024-07-11,2025-12-22,4.2586,4.2115,ElasticNet,4.347307533604251,4.2586,4.26772,4.281571863575942,4.324297686824141,4.347307533604251,4.1013873627905975,4.324687,4.302386000000001,4.291909623121065,3.983584906614616,0.13580753360425124,0.13580753360425124,0.047100000000000364,0.047100000000000364,0.056219999999999715,0.056219999999999715,0.07007186357594186,0.07007186357594186,0.11279768682414115,0.11279768682414115,0.13580753360425124,0.13580753360425124,-0.11011263720940256,0.11011263720940256,0.11318699999999993,0.11318699999999993,0.09088600000000113,0.09088600000000113,0.08040962312106537,0.08040962312106537,-0.22791509338538418,0.22791509338538418
2024-07-12,2025-12-23,4.2567,4.2274,ElasticNet,4.347307533604251,4.2567,4.2619,4.277049706562134,4.334059077190166,4.347307533604251,4.27045673119225,4.333501999999999,4.312237,4.297169894800796,3.9315255004331626,0.119907533604251,0.119907533604251,0.029300000000000104,0.029300000000000104,0.03449999999999953,0.03449999999999953,0.049649706562133744,0.049649706562133744,0.10665907719016587,0.10665907719016587,0.119907533604251,0.119907533604251,0.04305673119224984,0.04305673119224984,0.10610199999999903,0.10610199999999903,0.08483699999999939,0.08483699999999939,0.0697698948007961,0.0697698948007961,-0.29587449956683765,0.29587449956683765
2024-07-15,2025-12-29,4.2499,4.2274,ElasticNet,4.347307533604251,4.2499,4.25628,4.27211339627811,4.339845261264481,4.347307533604251,4.141557901398078,4.328881,4.311523000000001,4.299444314537275,3.9195908738934047,0.119907533604251,0.119907533604251,0.022499999999999964,0.022499999999999964,0.028880000000000017,0.028880000000000017,0.04471339627810966,0.04471339627810966,0.1124452612644804,0.1124452612644804,0.119907533604251,0.119907533604251,-0.0858420986019226,0.0858420986019226,0.10148099999999971,0.10148099999999971,0.08412300000000084,0.08412300000000084,0.07204431453727445,0.07204431453727445,-0.3078091261065956,0.3078091261065956
2024-07-16,2025-12-30,4.2604,4.2293,ElasticNet,4.347307533604251,4.2604,4.2557,4.269983687863908,4.345311348601254,4.347307533604251,4.0246648715219875,4.316814000000001,4.312181000000001,4.298934522995109,3.986697237159487,0.11800753360425098,0.11800753360425098,0.03109999999999946,0.03109999999999946,0.026399999999999757,0.026399999999999757,0.040683687863907636,0.040683687863907636,0.11601134860125395,0.11601134860125395,0.11800753360425098,0.11800753360425098,-0.2046351284780128,0.2046351284780128,0.08751400000000054,0.08751400000000054,0.08288100000000043,0.08288100000000043,0.0696345229951083,0.0696345229951083,-0.2426027628405132,0.2426027628405132
2024-07-17,2025-12-31,4.2904,4.2267,ElasticNet,4.347307533604251,4.2904,4.263199999999999,4.2736957446159245,4.338986032895329,4.347307533604251,4.171946978934389,4.320239000000002,4.310544000000001,4.29906752088867,4.075553387187572,0.12060753360425114,0.12060753360425114,0.06369999999999987,0.06369999999999987,0.03649999999999931,0.03649999999999931,0.04699574461592437,0.04699574461592437,0.11228603289532924,0.11228603289532924,0.12060753360425114,0.12060753360425114,-0.05475302106561131,0.05475302106561131,0.0935390000000016,0.0935390000000016,0.08384400000000092,0.08384400000000092,0.07236752088866982,0.07236752088866982,-0.15114661281242814,0.15114661281242814
2024-07-18,2026-01-02,4.2954,4.2156,ElasticNet,4.347307533604251,4.2954,4.270560000000001,4.277641972867574,4.334155142268589,4.347307533604251,3.9563422002807376,4.311442000000002,4.303052000000001,4.311202633383794,4.084488857037778,0.13170753360425103,0.13170753360425103,0.07979999999999965,0.07979999999999965,0.05496000000000034,0.05496000000000034,0.06204197286757385,0.06204197286757385,0.11855514226858865,0.11855514226858865,0.13170753360425103,0.13170753360425103,-0.25925779971926266,0.25925779971926266,0.09584200000000198,0.09584200000000198,0.08745200000000075,0.08745200000000075,0.09560263338379382,0.09560263338379382,-0.13111114296222226,0.13111114296222226
2024-07-19,2026-01-05,4.293,4.211,ElasticNet,4.347307533604251,4.293,4.27782,4.280434341437106,4.3327319603253525,4.347307533604251,3.8383378635832113,4.317298000000003,4.305673000000001,4.314400351986379,4.095861606888209,0.13630753360425096,0.13630753360425096,0.08199999999999985,0.08199999999999985,0.06681999999999988,0.06681999999999988,0.06943434143710547,0.06943434143710547,0.12173196032535216,0.12173196032535216,0.13630753360425096,0.13630753360425096,-0.372662136416789,0.372662136416789,0.10629800000000245,0.10629800000000245,0.09467300000000112,0.09467300000000112,0.10340035198637842,0.10340035198637842,-0.11513839311179108,0.11513839311179108
2024-07-22,2026-01-07,4.2797,4.2105,ElasticNet,4.347307533604251,4.2797,4.28378,4.280300824812177,4.351745184685526,4.347307533604251,3.840550283472472,4.317836000000002,4.302038000000001,4.3187678317632745,4.035086317570976,0.13680753360425157,0.13680753360425157,0.06920000000000037,0.06920000000000037,0.07328000000000046,0.07328000000000046,0.06980082481217753,0.06980082481217753,0.14124518468552605,0.14124518468552605,0.13680753360425157,0.13680753360425157,-0.3699497165275276,0.3699497165275276,0.10733600000000187,0.10733600000000187,0.09153800000000167,0.09153800000000167,0.10826783176327481,0.10826783176327481,-0.17541368242902333,0.17541368242902333
2024-07-23,2026-01-08,4.281,4.2119,ElasticNet,4.347307533604251,4.281,4.2879000000000005,4.2804279475736,4.368147176804913,4.347307533604251,4.00802159645624,4.315263,4.314910000000002,4.319630070063453,4.040263517319621,0.13540753360425128,0.13540753360425128,0.06909999999999972,0.06909999999999972,0.07600000000000051,0.07600000000000051,0.06852794757359959,0.06852794757359959,0.1562471768049134,0.1562471768049134,0.13540753360425128,0.13540753360425128,-0.20387840354375975,0.20387840354375975,0.10336299999999987,0.10336299999999987,0.10301000000000204,0.10301000000000204,0.10773007006345292,0.10773007006345292,-0.17163648268037868,0.17163648268037868
2024-07-24,2026-01-09,4.2796,4.2127,ElasticNet,4.347307533604251,4.2796,4.28574,4.280277411651126,4.363219879918769,4.347307533604251,3.905779565888319,4.322539000000001,4.308841000000003,4.321636661504743,4.055365615636837,0.13460753360425137,0.13460753360425137,0.0669000000000004,0.0669000000000004,0.07303999999999977,0.07303999999999977,0.06757741165112652,0.06757741165112652,0.15051987991876903,0.15051987991876903,0.13460753360425137,0.13460753360425137,-0.3069204341116807,0.3069204341116807,0.10983900000000091,0.10983900000000091,0.09614100000000292,0.09614100000000292,0.10893666150474335,0.10893666150474335,-0.15733438436316316,0.15733438436316316
2024-07-25,2026-01-12,4.2971,4.2097,ElasticNet,4.347307533604251,4.2971,4.28608,4.283336064078195,4.363741525562516,4.347307533604251,3.7461729503428662,4.334083000000001,4.310910000000002,4.313968918997996,4.083749394445999,0.1376075336042515,0.1376075336042515,0.08740000000000059,0.08740000000000059,0.07638000000000034,0.07638000000000034,0.07363606407819479,0.07363606407819479,0.1540415255625165,0.1540415255625165,0.1376075336042515,0.1376075336042515,-0.46352704965713354,0.46352704965713354,0.1243830000000008,0.1243830000000008,0.1012100000000018,0.1012100000000018,0.10426891899799617,0.10426891899799617,-0.12595060555400117,0.12595060555400117
2024-07-26,2026-01-13,4.2773,4.2116,ElasticNet,4.347307533604251,4.2773,4.28294,4.282238597882159,4.364560532562321,4.347307533604251,3.958825748805591,4.341235999999999,4.314127000000002,4.310891767677562,4.02385208604949,0.13570753360425147,0.13570753360425147,0.06570000000000054,0.06570000000000054,0.07134000000000018,0.07134000000000018,0.07063859788215954,0.07063859788215954,0.15296053256232156,0.15296053256232156,0.13570753360425147,0.13570753360425147,-0.2527742511944089,0.2527742511944089,0.12963599999999964,0.12963599999999964,0.10252700000000203,0.10252700000000203,0.09929176767756243,0.09929176767756243,-0.18774791395050983,0.18774791395050983
2024-07-29,2026-01-14,4.2847,4.211,ElasticNet,4.347307533604251,4.2847,4.283939999999999,4.282686125539948,4.369595991879124,4.347307533604251,4.026050127415035,4.333989999999999,4.312890000000001,4.320343679786484,4.049918841346698,0.13630753360425096,0.13630753360425096,0.07369999999999965,0.07369999999999965,0.07293999999999912,0.07293999999999912,0.07168612553994791,0.07168612553994791,0.15859599187912377,0.15859599187912377,0.13630753360425096,0.13630753360425096,-0.18494987258496565,0.18494987258496565,0.12298999999999882,0.12298999999999882,0.10189000000000092,0.10189000000000092,0.10934367978648396,0.10934367978648396,-0.1610811586533023,0.1610811586533023
2024-07-30,2026-01-15,4.2845,4.2068,ElasticNet,4.347307533604251,4.2845,4.28464,4.283015920896321,4.37045836975399,4.347307533604251,3.9608587217621873,4.341952999999999,4.313775,4.3090699767814655,4.0469340366869275,0.14050753360425094,0.14050753360425094,0.0777000000000001,0.0777000000000001,0.07783999999999924,0.07783999999999924,0.07621592089632045,0.07621592089632045,0.16365836975398995,0.16365836975398995,0.14050753360425094,0.14050753360425094,-0.24594127823781298,0.24594127823781298,0.13515299999999897,0.13515299999999897,0.10697499999999938,0.10697499999999938,0.10226997678146521,0.10226997678146521,-0.1598659633130728,0.1598659633130728
2024-07-31,2026-01-16,4.2953,4.2192,ElasticNet,4.347307533604251,4.2953,4.287780000000001,4.285249389824262,4.364661218943185,4.347307533604251,4.013804132765773,4.3455,4.309750000000001,4.3145920804847435,4.098987371351258,0.12810753360425142,0.12810753360425142,0.07610000000000028,0.07610000000000028,0.06858000000000075,0.06858000000000075,0.06604938982426223,0.06604938982426223,0.14546121894318542,0.14546121894318542,0.12810753360425142,0.12810753360425142,-0.20539586723422687,0.20539586723422687,0.12630000000000052,0.12630000000000052,0.09055000000000124,0.09055000000000124,0.09539208048474368,0.09539208048474368,-0.12021262864874149,0.12021262864874149
2024-08-01,2026-01-19,4.2924,4.2231,ElasticNet,4.347307533604251,4.2924,4.28684,4.286549500765306,4.36430059430785,4.347307533604251,3.7561948751359537,4.341716,4.299299999999999,4.321611806306625,4.104784353790777,0.12420753360425163,0.12420753360425163,0.06930000000000014,0.06930000000000014,0.06374000000000013,0.06374000000000013,0.06344950076530598,0.06344950076530598,0.14120059430785048,0.14120059430785048,0.12420753360425163,0.12420753360425163,-0.4669051248640459,0.4669051248640459,0.11861600000000028,0.11861600000000028,0.07619999999999916,0.07619999999999916,0.09851180630662526,0.09851180630662526,-0.11831564620922297,0.11831564620922297
2024-08-02,2026-01-20,4.2903,4.2279,ElasticNet,4.347307533604251,4.2903,4.289440000000001,4.2872314097170685,4.364405914375017,4.347307533604251,3.788368777009195,4.33647,4.300798,4.311438507068621,4.101365566055275,0.11940753360425127,0.11940753360425127,0.06240000000000023,0.06240000000000023,0.061540000000000816,0.061540000000000816,0.05933140971706852,0.05933140971706852,0.13650591437501713,0.13650591437501713,0.11940753360425127,0.11940753360425127,-0.43953122299080505,0.43953122299080505,0.10857000000000028,0.10857000000000028,0.07289800000000035,0.07289800000000035,0.08353850706862076,0.08353850706862076,-0.12653443394472497,0.12653443394472497
2024-08-05,2026-01-21,4.3073,4.2271,ElasticNet,4.347307533604251,4.3073,4.29396,4.290880244313965,4.36238653697014,4.347307533604251,4.047685662578501,4.34222,4.299213000000002,4.306587218777852,4.141824674064292,0.12020753360425118,0.12020753360425118,0.0801999999999996,0.0801999999999996,0.06686000000000014,0.06686000000000014,0.063780244313965,0.063780244313965,0.13528653697014015,0.13528653697014015,0.12020753360425118,0.12020753360425118,-0.17941433742149915,0.17941433742149915,0.11512000000000011,0.11512000000000011,0.07211300000000165,0.07211300000000165,0.07948721877785214,0.07948721877785214,-0.08527532593570797,0.08527532593570797
2024-08-06,2026-01-22,4.313,4.2128,ElasticNet,4.347307533604251,4.313,4.29966,4.294902018075062,4.361997113493573,4.347307533604251,4.250584530313595,4.342167000000001,4.303382,4.302366931226546,4.169209448093676,0.1345075336042516,0.1345075336042516,0.10020000000000007,0.10020000000000007,0.0868600000000006,0.0868600000000006,0.08210201807506223,0.08210201807506223,0.14919711349357367,0.14919711349357367,0.1345075336042516,0.1345075336042516,0.03778453031359508,0.03778453031359508,0.12936700000000112,0.12936700000000112,0.09058200000000038,0.09058200000000038,0.08956693122654613,0.08956693122654613,-0.04359055190632333,0.04359055190632333
2024-08-07,2026-01-23,4.3158,4.205,ElasticNet,4.347307533604251,4.3158,4.3037600000000005,4.298701651152324,4.3521905685815865,4.347307533604251,3.8155866000122125,4.333904999999999,4.305317,4.305018359578588,4.165988703866754,0.1423075336042512,0.1423075336042512,0.11080000000000023,0.11080000000000023,0.0987600000000004,0.0987600000000004,0.09370165115232432,0.09370165115232432,0.1471905685815864,0.1471905685815864,0.1423075336042512,0.1423075336042512,-0.38941339998778757,0.38941339998778757,0.12890499999999872,0.12890499999999872,0.10031699999999955,0.10031699999999955,0.10001835957858773,0.10001835957858773,-0.039011296133246276,0.039011296133246276
2024-08-08,2026-01-26,4.3225,4.2118,ElasticNet,4.347307533604251,4.3225,4.30978,4.303028623670083,4.336293409081018,4.347307533604251,3.705947599923268,4.336936,4.31025,4.307419578175818,4.139958069018584,0.13550753360425105,0.13550753360425105,0.11069999999999958,0.11069999999999958,0.09797999999999973,0.09797999999999973,0.09122862367008278,0.09122862367008278,0.12449340908101814,0.12449340908101814,0.13550753360425105,0.13550753360425105,-0.5058524000767322,0.5058524000767322,0.12513599999999947,0.12513599999999947,0.0984499999999997,0.0984499999999997,0.09561957817581757,0.09561957817581757,-0.07184193098141645,0.07184193098141645
2024-08-09,2026-01-27,4.3238,4.2032,ElasticNet,4.347307533604251,4.3238,4.31648,4.306805237548249,4.3445494946937995,4.347307533604251,3.8723837471025955,4.335790000000002,4.301209000000001,4.299539198943836,4.129137189788448,0.14410753360425144,0.14410753360425144,0.12060000000000048,0.12060000000000048,0.11328000000000049,0.11328000000000049,0.10360523754824946,0.10360523754824946,0.14134949469379965,0.14134949469379965,0.14410753360425144,0.14410753360425144,-0.33081625289740435,0.33081625289740435,0.1325900000000022,0.1325900000000022,0.09800900000000112,0.09800900000000112,0.09633919894383602,0.09633919894383602,-0.0740628102115517,0.0740628102115517
2024-08-12,2026-01-28,4.3123,4.2009,ElasticNet,4.347307533604251,4.3123,4.317480000000001,4.307804285266749,4.345773167570476,4.347307533604251,4.2377875945547965,4.331049000000002,4.310075999999999,4.289647655802111,4.124866216403642,0.1464075336042514,0.1464075336042514,0.11139999999999972,0.11139999999999972,0.1165800000000008,0.1165800000000008,0.106904285266749,0.106904285266749,0.1448731675704762,0.1448731675704762,0.1464075336042514,0.1464075336042514,0.03688759455479662,0.03688759455479662,0.13014900000000207,0.13014900000000207,0.10917599999999883,0.10917599999999883,0.08874765580211097,0.08874765580211097,-0.07603378359635826,0.07603378359635826
2024-08-13,2026-01-29,4.2945,4.2072,ElasticNet,4.347307533604251,4.2945,4.31378,4.305385324309158,4.337545808906878,4.347307533604251,4.341889308146005,4.335128000000003,4.3075269999999986,4.287200433550333,4.103566437649655,0.140107533604251,0.140107533604251,0.08729999999999993,0.08729999999999993,0.10658000000000012,0.10658000000000012,0.09818532430915816,0.09818532430915816,0.13034580890687764,0.13034580890687764,0.140107533604251,0.140107533604251,0.13468930814600455,0.13468930814600455,0.12792800000000248,0.12792800000000248,0.10032699999999828,0.10032699999999828,0.0800004335503326,0.0800004335503326,-0.10363356235034527,0.10363356235034527
2024-08-14,2026-01-30,4.2933,4.2131,ElasticNet,4.347307533604251,4.2933,4.309279999999999,4.303187992616584,4.326120664970518,4.347307533604251,3.885568549383106,4.335329000000002,4.297389000000002,4.284784907493751,4.086311868586532,0.13420753360425142,0.13420753360425142,0.0802000000000005,0.0802000000000005,0.09617999999999949,0.09617999999999949,0.09008799261658407,0.09008799261658407,0.11302066497051833,0.11302066497051833,0.13420753360425142,0.13420753360425142,-0.32753145061689404,0.32753145061689404,0.12222900000000259,0.12222900000000259,0.08428900000000183,0.08428900000000183,0.07168490749375156,0.07168490749375156,-0.126788131413468,0.126788131413468
2024-08-16,2026-02-02,4.2732,4.2106,ElasticNet,4.347307533604251,4.2732,4.2994200000000005,4.297735630322659,4.308021487251307,4.347307533604251,4.240750872610565,4.336155000000001,4.310836,4.2862659338282185,4.004513687363726,0.13670753360425092,0.13670753360425092,0.06259999999999977,0.06259999999999977,0.08882000000000012,0.08882000000000012,0.08713563032265892,0.08713563032265892,0.09742148725130662,0.09742148725130662,0.13670753360425092,0.13670753360425092,0.030150872610565038,0.030150872610565038,0.1255550000000003,0.1255550000000003,0.10023599999999977,0.10023599999999977,0.07566593382821818,0.07566593382821818,-0.2060863126362742,0.2060863126362742
2024-08-19,2026-02-03,4.2693,4.2198,ElasticNet,4.347307533604251,4.2693,4.28852,4.29256551571854,4.320105485163786,4.347307533604251,4.347578523371058,4.340915000000001,4.314266999999998,4.286269386004668,3.985306222154916,0.12750753360425104,0.12750753360425104,0.0495000000000001,0.0495000000000001,0.06871999999999989,0.06871999999999989,0.0727655157185394,0.0727655157185394,0.10030548516378612,0.10030548516378612,0.12750753360425104,0.12750753360425104,0.12777852337105777,0.12777852337105777,0.12111500000000053,0.12111500000000053,0.09446699999999808,0.09446699999999808,0.0664693860046679,0.0664693860046679,-0.2344937778450844,0.2344937778450844
2024-08-20,2026-02-04,4.2665,4.2241,ElasticNet,4.347307533604251,4.2665,4.27936,4.287826331042441,4.322192130449059,4.347307533604251,4.349505286493623,4.342161000000001,4.308280000000001,4.2916769134390576,4.004263633391807,0.1232075336042513,0.1232075336042513,0.04239999999999977,0.04239999999999977,0.05525999999999964,0.05525999999999964,0.06372633104244141,0.06372633104244141,0.09809213044905896,0.09809213044905896,0.1232075336042513,0.1232075336042513,0.12540528649362326,0.12540528649362326,0.11806100000000086,0.11806100000000086,0.08418000000000081,0.08418000000000081,0.06757691343905758,0.06757691343905758,-0.2198363666081926,0.2198363666081926
2024-08-21,2026-02-05,4.2879,4.2175,ElasticNet,4.347307533604251,4.2879,4.27804,4.287839725398361,4.3197032997893094,4.347307533604251,4.245221007369788,4.345916,4.313928000000001,4.31217894902955,4.071777393129744,0.129807533604251,0.129807533604251,0.07039999999999935,0.07039999999999935,0.060539999999999594,0.060539999999999594,0.07033972539836064,0.07033972539836064,0.1022032997893092,0.1022032997893092,0.129807533604251,0.129807533604251,0.027721007369787998,0.027721007369787998,0.12841599999999964,0.12841599999999964,0.0964280000000004,0.0964280000000004,0.0946789490295501,0.0946789490295501,-0.1457226068702564,0.1457226068702564
2024-08-22,2026-02-06,4.285,4.2155,ElasticNet,4.347307533604251,4.285,4.2763800000000005,4.287323411689568,4.318245989905186,4.347307533604251,4.045309702498863,4.347257,4.310956000000001,4.295768269320787,4.034029872863404,0.13180753360425168,0.13180753360425168,0.06950000000000056,0.06950000000000056,0.06088000000000093,0.06088000000000093,0.07182341168956885,0.07182341168956885,0.1027459899051868,0.1027459899051868,0.13180753360425168,0.13180753360425168,-0.17019029750113646,0.17019029750113646,0.13175700000000035,0.13175700000000035,0.09545600000000132,0.09545600000000132,0.08026826932078723,0.08026826932078723,-0.1814701271365955,0.1814701271365955
2024-08-23,2026-02-09,4.2769,4.2142,ElasticNet,4.347307533604251,4.2769,4.277119999999999,4.285428245927828,4.3212663556026945,4.347307533604251,4.120702533087058,4.349305000000003,4.308302000000001,4.287990624325629,3.997662240134046,0.13310753360425132,0.13310753360425132,0.06270000000000042,0.06270000000000042,0.0629199999999992,0.0629199999999992,0.07122824592782795,0.07122824592782795,0.10706635560269451,0.10706635560269451,0.13310753360425132,0.13310753360425132,-0.09349746691294225,0.09349746691294225,0.13510500000000292,0.13510500000000292,0.09410200000000124,0.09410200000000124,0.07379062432562922,0.07379062432562922,-0.21653775986595392,0.21653775986595392
2024-08-26,2026-02-10,4.2803,4.2148,ElasticNet,4.347307533604251,4.2803,4.27932,4.284495837577314,4.327376926062579,4.347307533604251,4.320948663186442,4.342896000000002,4.302398,4.293287153281151,3.9854437232361204,0.13250753360425094,0.13250753360425094,0.06550000000000011,0.06550000000000011,0.06451999999999991,0.06451999999999991,0.06969583757731357,0.06969583757731357,0.11257692606257841,0.11257692606257841,0.13250753360425094,0.13250753360425094,0.1061486631864419,0.1061486631864419,0.12809600000000199,0.12809600000000199,0.08759799999999984,0.08759799999999984,0.07848715328115041,0.07848715328115041,-0.22935627676387993,0.22935627676387993
2024-08-27,2026-02-11,4.2802,4.2174,ElasticNet,4.347307533604251,4.2802,4.28206,4.28371477619962,4.3467033139159845,4.347307533604251,4.292614696569479,4.337818000000002,4.312306999999998,4.301621878961841,4.002421796925525,0.12990753360425167,0.12990753360425167,0.06280000000000019,0.06280000000000019,0.06466000000000083,0.06466000000000083,0.06631477619962034,0.06631477619962034,0.12930331391598493,0.12930331391598493,0.12990753360425167,0.12990753360425167,0.07521469656947932,0.07521469656947932,0.12041800000000258,0.12041800000000258,0.0949069999999983,0.0949069999999983,0.08422187896184141,0.08422187896184141,-0.2149782030744749,0.2149782030744749
2024-08-28,2026-02-12,4.2938,4.2131,ElasticNet,4.347307533604251,4.2938,4.28324,4.2855484532542345,4.347795702542784,4.347307533604251,4.105700529367165,4.342620000000002,4.308143000000001,4.301282717135639,4.048497968027649,0.13420753360425142,0.13420753360425142,0.08070000000000022,0.08070000000000022,0.07014000000000031,0.07014000000000031,0.07244845325423466,0.07244845325423466,0.13469570254278374,0.13469570254278374,0.13420753360425142,0.13420753360425142,-0.10739947063283495,0.10739947063283495,0.12952000000000208,0.12952000000000208,0.09504300000000132,0.09504300000000132,0.08818271713563952,0.08818271713563952,-0.16460203197235046,0.16460203197235046
2024-08-29,2026-02-13,4.2862,4.214,ElasticNet,4.347307533604251,4.2862,4.28348,4.285666916298919,4.344496178121607,4.347307533604251,4.44357988020307,4.344945000000003,4.307264000000003,4.276883461870097,4.006108371169169,0.13330753360425085,0.13330753360425085,0.0721999999999996,0.0721999999999996,0.06947999999999954,0.06947999999999954,0.07166691629891897,0.07166691629891897,0.1304961781216063,0.1304961781216063,0.13330753360425085,0.13330753360425085,0.22957988020306974,0.22957988020306974,0.1309450000000023,0.1309450000000023,0.09326400000000223,0.09326400000000223,0.06288346187009619,0.06288346187009619,-0.207891628830831,0.207891628830831
2024-08-30,2026-02-16,4.2798,4.208,ElasticNet,4.347307533604251,4.2798,4.28406,4.28460020424457,4.34351910210215,4.347307533604251,4.3044938015241865,4.3468300000000015,4.318992000000003,4.291674268219421,4.003747271089361,0.13930753360425108,0.13930753360425108,0.07179999999999964,0.07179999999999964,0.07606000000000002,0.07606000000000002,0.0766002042445697,0.0766002042445697,0.13551910210215024,0.13551910210215024,0.13930753360425108,0.13930753360425108,0.0964938015241863,0.0964938015241863,0.13883000000000134,0.13883000000000134,0.11099200000000309,0.11099200000000309,0.08367426821942114,0.08367426821942114,-0.20425272891063884,0.20425272891063884
2024-09-02,2026-02-17,4.2812,4.2182,ElasticNet,4.347307533604251,4.2812,4.2842400000000005,4.283981985291011,4.342805983012363,4.347307533604251,4.399643323698926,4.358944000000001,4.326411000000002,4.307690278726746,4.014572607326084,0.12910753360425087,0.12910753360425087,0.06299999999999972,0.06299999999999972,0.0660400000000001,0.0660400000000001,0.06578198529101087,0.06578198529101087,0.12460598301236292,0.12460598301236292,0.12910753360425087,0.12910753360425087,0.18144332369892524,0.18144332369892524,0.14074400000000065,0.14074400000000065,0.10821100000000161,0.10821100000000161,0.08949027872674531,0.08949027872674531,-0.2036273926739165,0.2036273926739165
2024-09-03,2026-02-18,4.2757,4.2148,ElasticNet,4.347307533604251,4.2757,4.28334,4.282476169783554,4.3436850100112325,4.347307533604251,4.231006909052847,4.353454000000002,4.318728000000002,4.300845222453778,3.997259215758656,0.13250753360425094,0.13250753360425094,0.06089999999999929,0.06089999999999929,0.0685399999999996,0.0685399999999996,0.06767616978355395,0.06767616978355395,0.1288850100112322,0.1288850100112322,0.13250753360425094,0.13250753360425094,0.01620690905284672,0.01620690905284672,0.1386540000000016,0.1386540000000016,0.10392800000000157,0.10392800000000157,0.08604522245377755,0.08604522245377755,-0.21754078424134438,0.21754078424134438
2024-09-04,2026-02-19,4.2815,4.222,ElasticNet,4.347307533604251,4.2815,4.28088,4.282298684368362,4.363084242550285,4.347307533604251,4.2093427878295575,4.3563790000000004,4.317256000000001,4.295917631426809,4.0116833633025495,0.12530753360425084,0.12530753360425084,0.059499999999999886,0.059499999999999886,0.05887999999999938,0.05887999999999938,0.0602986843683615,0.0602986843683615,0.14108424255028496,0.14108424255028496,0.12530753360425084,0.12530753360425084,-0.01265721217044291,0.01265721217044291,0.13437900000000003,0.13437900000000003,0.0952560000000009,0.0952560000000009,0.0739176314268084,0.0739176314268084,-0.21031663669745093,0.21031663669745093
2024-09-05,2026-02-20,4.2717,4.2241,ElasticNet,4.347307533604251,4.2717,4.27798,4.280371650846841,4.357904350331946,4.347307533604251,4.161551793821652,4.345796000000001,4.323480000000001,4.3127582174652765,3.9846174640277283,0.1232075336042513,0.1232075336042513,0.04760000000000009,0.04760000000000009,0.05388000000000037,0.05388000000000037,0.05627165084684105,0.05627165084684105,0.13380435033194615,0.13380435033194615,0.1232075336042513,0.1232075336042513,-0.06254820617834778,0.06254820617834778,0.12169600000000091,0.12169600000000091,0.09938000000000091,0.09938000000000091,0.08865821746527658,0.08865821746527658,-0.23948253597227165,0.23948253597227165
2024-09-06,2026-02-23,4.279,4.2173,ElasticNet,4.347307533604251,4.279,4.27782,4.280122259783779,4.355147640695435,4.347307533604251,4.395635275377636,4.347662,4.328069000000001,4.312895201574906,4.002118429810414,0.13000753360425144,0.13000753360425144,0.06170000000000009,0.06170000000000009,0.06052000000000035,0.06052000000000035,0.06282225978377909,0.06282225978377909,0.1378476406954352,0.1378476406954352,0.13000753360425144,0.13000753360425144,0.17833527537763594,0.17833527537763594,0.13036199999999987,0.13036199999999987,0.11076900000000123,0.11076900000000123,0.09559520157490642,0.09559520157490642,-0.2151815701895856,0.2151815701895856
2024-09-09,2026-02-24,4.2818,4.2193,ElasticNet,4.347307533604251,4.2818,4.277939999999999,4.280427303459455,4.3707616029972485,4.347307533604251,4.345947509910669,4.384466000000001,4.330940000000001,4.362046436005607,4.0098897103767195,0.12800753360425166,0.12800753360425166,0.0625,0.0625,0.05863999999999958,0.05863999999999958,0.06112730345945572,0.06112730345945572,0.15146160299724887,0.15146160299724887,0.12800753360425166,0.12800753360425166,0.12664750991066942,0.12664750991066942,0.16516600000000103,0.16516600000000103,0.1116400000000013,0.1116400000000013,0.14274643600560744,0.14274643600560744,-0.20941028962328012,0.20941028962328012
2024-09-10,2026-02-25,4.2827,4.2183,ElasticNet,4.347307533604251,4.2827,4.27934,4.280840521012282,4.377782879779293,4.347307533604251,4.530741290843436,4.398944000000001,4.352146,4.363253120120033,4.017456864362846,0.1290075336042511,0.1290075336042511,0.06440000000000001,0.06440000000000001,0.061040000000000205,0.061040000000000205,0.06254052101228158,0.06254052101228158,0.15948287977929265,0.15948287977929265,0.1290075336042511,0.1290075336042511,0.3124412908434362,0.3124412908434362,0.18064400000000091,0.18064400000000091,0.13384600000000013,0.13384600000000013,0.14495312012003314,0.14495312012003314,-0.20084313563715384,0.20084313563715384
2024-09-11,2026-02-26,4.2864,4.2224,ElasticNet,4.347307533604251,4.2864,4.280320000000001,4.281851335373685,4.378434686943868,4.347307533604251,4.377339043010065,4.415367000000002,4.330491000000001,4.372193560440274,4.0240583428587495,0.12490753360425089,0.12490753360425089,0.06400000000000006,0.06400000000000006,0.057920000000000194,0.057920000000000194,0.05945133537368452,0.05945133537368452,0.15603468694386802,0.15603468694386802,0.12490753360425089,0.12490753360425089,0.15493904301006456,0.15493904301006456,0.19296700000000122,0.19296700000000122,0.10809100000000083,0.10809100000000083,0.1497935604402736,0.1497935604402736,-0.19834165714125085,0.19834165714125085
2024-09-12,2026-02-27,4.2986,4.2233,ElasticNet,4.347307533604251,4.2986,4.2857,4.284896547123924,4.375421731538559,4.347307533604251,4.242007873406373,4.429341000000001,4.3287960000000005,4.381985537582059,3.997755902266765,0.12400753360425121,0.12400753360425121,0.07530000000000037,0.07530000000000037,0.06240000000000023,0.06240000000000023,0.061596547123923706,0.061596547123923706,0.1521217315385588,0.1521217315385588,0.12400753360425121,0.12400753360425121,0.018707873406373032,0.018707873406373032,0.2060410000000008,0.2060410000000008,0.10549600000000048,0.10549600000000048,0.15868553758205906,0.15868553758205906,-0.22554409773323503,0.22554409773323503
2024-09-13,2026-03-02,4.2883,4.2304,ElasticNet,4.347307533604251,4.2883,4.287560000000001,4.285515356737755,4.364461574758799,4.347307533604251,4.379583272983923,4.461372000000003,4.344428,4.424027915656688,3.8482615186699167,0.11690753360425088,0.11690753360425088,0.057899999999999174,0.057899999999999174,0.057160000000000544,0.057160000000000544,0.055115356737754695,0.055115356737754695,0.13406157475879876,0.13406157475879876,0.11690753360425088,0.11690753360425088,0.14918327298392242,0.14918327298392242,0.23097200000000218,0.23097200000000218,0.11402799999999935,0.11402799999999935,0.19362791565668758,0.19362791565668758,-0.38213848133008366,0.38213848133008366
2024-09-16,2026-03-03,4.2753,4.2732,ElasticNet,4.347307533604251,4.2753,4.28626,4.283658019149072,4.365654790152733,4.347307533604251,4.554506135657082,4.4699810000000015,4.350795,4.410598253129492,3.7992128076207603,0.07410753360425115,0.07410753360425115,0.0020999999999995467,0.0020999999999995467,0.013060000000000294,0.013060000000000294,0.010458019149071518,0.010458019149071518,0.09245479015273261,0.09245479015273261,0.07410753360425115,0.07410753360425115,0.28130613565708185,0.28130613565708185,0.19678100000000143,0.19678100000000143,0.07759499999999964,0.07759499999999964,0.13739825312949172,0.13739825312949172,-0.4739871923792398,0.4739871923792398
2024-09-17,2026-03-04,4.2748,4.2685,ElasticNet,4.347307533604251,4.2748,4.28468,4.282047470212877,4.365174291051346,4.347307533604251,4.339057302586629,4.481230000000002,4.347159,4.406718537063174,3.7808562958841803,0.07880753360425086,0.07880753360425086,0.006299999999999528,0.006299999999999528,0.016179999999999417,0.016179999999999417,0.013547470212876611,0.013547470212876611,0.09667429105134584,0.09667429105134584,0.07880753360425086,0.07880753360425086,0.07055730258662862,0.07055730258662862,0.21273000000000142,0.21273000000000142,0.07865900000000003,0.07865900000000003,0.13821853706317366,0.13821853706317366,-0.48764370411582014,0.48764370411582014
2024-09-18,2026-03-05,4.2691,4.2739,ElasticNet,4.347307533604251,4.2691,4.281219999999999,4.279693384719627,4.369331231962474,4.347307533604251,4.249047025940472,4.459134000000002,4.350644999999999,4.373580103634037,3.679741734102455,0.07340753360425101,0.07340753360425101,-0.0048000000000003595,0.0048000000000003595,0.007319999999999105,0.007319999999999105,0.0057933847196265376,0.0057933847196265376,0.09543123196247372,0.09543123196247372,0.07340753360425101,0.07340753360425101,-0.024852974059528243,0.024852974059528243,0.18523400000000212,0.18523400000000212,0.07674499999999895,0.07674499999999895,0.09968010363403668,0.09968010363403668,-0.5941582658975451,0.5941582658975451
2024-09-19,2026-03-06,4.2693,4.2782,ElasticNet,4.347307533604251,4.2693,4.27536,4.277803678406968,4.37396090193966,4.347307533604251,4.452752557583221,4.460716000000002,4.351466999999999,4.387224549233734,3.743253859990218,0.06910753360425126,0.06910753360425126,-0.008899999999999686,0.008899999999999686,-0.0028399999999999537,0.0028399999999999537,-0.0003963215930316011,0.0003963215930316011,0.09576090193966014,0.09576090193966014,0.06910753360425126,0.06910753360425126,0.17455255758322075,0.17455255758322075,0.18251600000000234,0.18251600000000234,0.07326699999999864,0.07326699999999864,0.10902454923373384,0.10902454923373384,-0.5349461400097821,0.5349461400097821
2024-09-20,2026-03-09,4.2779,4.2836,ElasticNet,4.347307533604251,4.2779,4.27328,4.277821191423882,4.377647411111183,4.347307533604251,4.408016565021478,4.468872000000001,4.356515000000001,4.397821149633742,3.784740419065635,0.06370753360425141,0.06370753360425141,-0.005700000000000038,0.005700000000000038,-0.010320000000000107,0.010320000000000107,-0.005778808576117456,0.005778808576117456,0.09404741111118309,0.09404741111118309,0.06370753360425141,0.06370753360425141,0.12441656502147858,0.12441656502147858,0.1852720000000012,0.1852720000000012,0.07291500000000095,0.07291500000000095,0.11422114963374241,0.11422114963374241,-0.498859580934365,0.498859580934365
