date,target_date,y_t,true_target,best_model,pred_best,pred_Naive,pred_SMA,pred_EMA,pred_Ridge,pred_ElasticNet,pred_MLPRegressor,pred_RandomForest,pred_ExtraTrees,pred_HistGB,pred_SARIMAX,err_pred_best,abs_err_pred_best,err_pred_Naive,abs_err_pred_Naive,err_pred_SMA,abs_err_pred_SMA,err_pred_EMA,abs_err_pred_EMA,err_pred_Ridge,abs_err_pred_Ridge,err_pred_ElasticNet,abs_err_pred_ElasticNet,err_pred_MLPRegressor,abs_err_pred_MLPRegressor,err_pred_RandomForest,abs_err_pred_RandomForest,err_pred_ExtraTrees,abs_err_pred_ExtraTrees,err_pred_HistGB,abs_err_pred_HistGB,err_pred_SARIMAX,abs_err_pred_SARIMAX
2025-05-13,2025-05-22,4.2525,4.2447,Naive,4.2525,4.2525,4.25494,4.2607471233110585,4.249752586984803,4.309929132826828,4.194923862571084,4.2637540000000005,4.263058000000001,4.263069004761561,4.27374682734638,0.007800000000000473,0.007800000000000473,0.007800000000000473,0.007800000000000473,0.010240000000000471,0.010240000000000471,0.01604712331105862,0.01604712331105862,0.0050525869848030425,0.0050525869848030425,0.06522913282682818,0.06522913282682818,-0.049776137428915845,0.049776137428915845,0.01905400000000057,0.01905400000000057,0.018358000000000985,0.018358000000000985,0.01836900476156078,0.01836900476156078,0.029046827346379978,0.029046827346379978
2025-05-14,2025-05-23,4.2455,4.2541,Naive,4.2455,4.2455,4.2489,4.257974919072684,4.243462840106305,4.309929132826828,4.2257655023731395,4.262013,4.265885,4.265444952447574,4.258563471788662,-0.008600000000000385,0.008600000000000385,-0.008600000000000385,0.008600000000000385,-0.0052000000000003155,0.0052000000000003155,0.003874919072683447,0.003874919072683447,-0.010637159893695625,0.010637159893695625,0.05582913282682789,0.05582913282682789,-0.02833449762686069,0.02833449762686069,0.007912999999999393,0.007912999999999393,0.011784999999999712,0.011784999999999712,0.011344952447573498,0.011344952447573498,0.004463471788661799,0.004463471788661799
2025-05-15,2025-05-26,4.2378,4.2514,Naive,4.2378,4.2378,4.242179999999999,4.254306751968559,4.239121250344931,4.309929132826828,4.253764056963886,4.242514000000001,4.249691999999999,4.253771150071468,4.232433150512876,-0.013600000000000279,0.013600000000000279,-0.013600000000000279,0.013600000000000279,-0.009220000000000894,0.009220000000000894,0.0029067519685588294,0.0029067519685588294,-0.012278749655068921,0.012278749655068921,0.05852913282682781,0.05852913282682781,0.0023640569638860853,0.0023640569638860853,-0.008885999999999505,0.008885999999999505,-0.0017080000000015971,0.0017080000000015971,0.002371150071467376,0.002371150071467376,-0.018966849487124016,0.018966849487124016
2025-05-16,2025-05-27,4.2392,4.2479,Naive,4.2392,4.2392,4.24174,4.251560069792458,4.238677004472261,4.309929132826828,4.156439615496594,4.245866,4.251256000000001,4.249552239356662,4.234476495559874,-0.008699999999999264,0.008699999999999264,-0.008699999999999264,0.008699999999999264,-0.006159999999999499,0.006159999999999499,0.0036600697924580317,0.0036600697924580317,-0.009222995527738753,0.009222995527738753,0.06202913282682854,0.06202913282682854,-0.09146038450340566,0.09146038450340566,-0.002033999999999203,0.002033999999999203,0.003356000000001025,0.003356000000001025,0.0016522393566624771,0.0016522393566624771,-0.013423504440125633,0.013423504440125633
2025-05-19,2025-05-28,4.2785,4.2447,Naive,4.2785,4.2785,4.2507,4.256458238921101,4.275541798136286,4.309929132826828,4.26777562007743,4.283187999999999,4.276601,4.293959163504453,4.23914238903642,0.033800000000000274,0.033800000000000274,0.033800000000000274,0.033800000000000274,0.006000000000000227,0.006000000000000227,0.01175823892110106,0.01175823892110106,0.030841798136286513,0.030841798136286513,0.06522913282682818,0.06522913282682818,0.023075620077429804,0.023075620077429804,0.03848799999999919,0.03848799999999919,0.0319010000000004,0.0319010000000004,0.04925916350445281,0.04925916350445281,-0.005557610963579762,0.005557610963579762
2025-05-20,2025-05-29,4.2497,4.2369,Naive,4.2497,4.2497,4.25014,4.2552294682081735,4.249748377565052,4.309929132826828,4.1922010884866,4.257714,4.263314000000001,4.268499993651674,4.23829938963049,0.012799999999999478,0.012799999999999478,0.012799999999999478,0.012799999999999478,0.013239999999999696,0.013239999999999696,0.01832946820817316,0.01832946820817316,0.012848377565052083,0.012848377565052083,0.07302913282682777,0.07302913282682777,-0.04469891151340022,0.04469891151340022,0.020813999999999666,0.020813999999999666,0.026414000000000826,0.026414000000000826,0.03159999365167376,0.03159999365167376,0.0013993896304898001,0.0013993896304898001
2025-05-21,2025-05-30,4.2403,4.2507,Naive,4.2403,4.2403,4.2491,4.2525150194430505,4.240056078579081,4.309929132826828,4.228205962869994,4.2501609999999985,4.251387000000001,4.26779188578378,4.235311603798147,-0.010399999999999743,0.010399999999999743,-0.010399999999999743,0.010399999999999743,-0.0015999999999998238,0.0015999999999998238,0.001815019443050403,0.001815019443050403,-0.010643921420919078,0.010643921420919078,0.05922913282682796,0.05922913282682796,-0.02249403713000575,0.02249403713000575,-0.0005390000000016215,0.0005390000000016215,0.0006870000000009924,0.0006870000000009924,0.017091885783780292,0.017091885783780292,-0.015388396201853283,0.015388396201853283
2025-05-22,2025-06-02,4.2447,4.2578,Naive,4.2447,4.2447,4.2504800000000005,4.251094106817041,4.246808911988473,4.309929132826828,4.259638737993859,4.260288999999999,4.2510129999999995,4.280867060310298,4.231977436180693,-0.013099999999999667,0.013099999999999667,-0.013099999999999667,0.013099999999999667,-0.007319999999999105,0.007319999999999105,-0.006705893182958889,0.006705893182958889,-0.010991088011526706,0.010991088011526706,0.05212913282682852,0.05212913282682852,0.0018387379938591408,0.0018387379938591408,0.0024889999999997414,0.0024889999999997414,-0.0067870000000000985,0.0067870000000000985,0.02306706031029826,0.02306706031029826,-0.025822563819306588,0.025822563819306588
2025-05-23,2025-06-03,4.2541,4.2721,Naive,4.2541,4.2541,4.2534600000000005,4.251640632850306,4.251104581992674,4.309929132826828,4.280355399620545,4.26021,4.260497,4.274223998105986,4.229886383479668,-0.017999999999999794,0.017999999999999794,-0.017999999999999794,0.017999999999999794,-0.018639999999999546,0.018639999999999546,-0.02045936714969443,0.02045936714969443,-0.02099541800732574,0.02099541800732574,0.037829132826828094,0.037829132826828094,0.008255399620544779,0.008255399620544779,-0.011890000000000178,0.011890000000000178,-0.01160300000000003,0.01160300000000003,0.002123998105986402,0.002123998105986402,-0.042213616520331954,0.042213616520331954
2025-05-26,2025-06-04,4.2514,4.2778,Naive,4.2514,4.2514,4.2480400000000005,4.251596881422977,4.255120389954805,4.309929132826828,4.21138155444798,4.2610899999999985,4.263515000000001,4.283904752627527,4.2311640946022,-0.026399999999999757,0.026399999999999757,-0.026399999999999757,0.026399999999999757,-0.029759999999999565,0.029759999999999565,-0.02620311857702262,0.02620311857702262,-0.02267961004519492,0.02267961004519492,0.032129132826828055,0.032129132826828055,-0.06641844555201981,0.06641844555201981,-0.016710000000001557,0.016710000000001557,-0.014284999999999215,0.014284999999999215,0.006104752627527077,0.006104752627527077,-0.046635905397799604,0.046635905397799604
2025-05-27,2025-06-05,4.2479,4.2791,Naive,4.2479,4.2479,4.24768,4.250924721164254,4.251258838229609,4.309929132826828,4.173642169097903,4.263045999999999,4.260989999999998,4.281701759349361,4.228645327800417,-0.031200000000000117,0.031200000000000117,-0.031200000000000117,0.031200000000000117,-0.03141999999999978,0.03141999999999978,-0.028175278835745665,0.028175278835745665,-0.02784116177039042,0.02784116177039042,0.03082913282682842,0.03082913282682842,-0.10545783090209682,0.10545783090209682,-0.016054000000000457,0.016054000000000457,-0.018110000000001847,0.018110000000001847,0.0026017593493614655,0.0026017593493614655,-0.05045467219958244,0.05045467219958244
2025-05-28,2025-06-06,4.2447,4.2881,Naive,4.2447,4.2447,4.24856,4.249792953679844,4.249873318913784,4.309929132826828,4.252437414867304,4.254391999999998,4.256882,4.276818611562417,4.2267545922451335,-0.043400000000000105,0.043400000000000105,-0.043400000000000105,0.043400000000000105,-0.039539999999999687,0.039539999999999687,-0.038307046320156246,0.038307046320156246,-0.03822668108621574,0.03822668108621574,0.02182913282682808,0.02182913282682808,-0.03566258513269638,0.03566258513269638,-0.033708000000001626,0.033708000000001626,-0.031217999999999968,0.031217999999999968,-0.011281388437582862,0.011281388437582862,-0.06134540775486652,0.06134540775486652
2025-05-29,2025-06-09,4.2369,4.2772,Naive,4.2369,4.2369,4.247,4.247448780283508,4.243401099240361,4.309929132826828,4.259579187448476,4.243894000000001,4.24667,4.266069642791174,4.227033766980927,-0.040299999999999336,0.040299999999999336,-0.040299999999999336,0.040299999999999336,-0.030199999999999783,0.030199999999999783,-0.029751219716491306,0.029751219716491306,-0.03379890075963843,0.03379890075963843,0.03272913282682843,0.03272913282682843,-0.017620812551523812,0.017620812551523812,-0.033305999999998726,0.033305999999998726,-0.030529999999999724,0.030529999999999724,-0.011130357208825714,0.011130357208825714,-0.050166233019072415,0.050166233019072415
2025-05-30,2025-06-10,4.2507,4.2611,Naive,4.2507,4.2507,4.24632,4.248039911141052,4.257386658662393,4.309929132826828,4.222820141459886,4.260139000000001,4.262771,4.276437329401309,4.229474334566131,-0.010399999999999743,0.010399999999999743,-0.010399999999999743,0.010399999999999743,-0.014780000000000015,0.014780000000000015,-0.013060088858948049,0.013060088858948049,-0.0037133413376064794,0.0037133413376064794,0.048829132826828214,0.048829132826828214,-0.03827985854011384,0.03827985854011384,-0.0009609999999993235,0.0009609999999993235,0.001670999999999978,0.001670999999999978,0.015337329401309496,0.015337329401309496,-0.03162566543386891,0.03162566543386891
2025-06-02,2025-06-11,4.2578,4.2643,Naive,4.2578,4.2578,4.2476,4.249814472751769,4.263355238956428,4.309929132826828,4.264798821977704,4.2674069999999995,4.258655999999998,4.277204211000122,4.2317594082715875,-0.0065000000000008384,0.0065000000000008384,-0.0065000000000008384,0.0065000000000008384,-0.01670000000000016,0.01670000000000016,-0.014485527248231378,0.014485527248231378,-0.0009447610435726617,0.0009447610435726617,0.04562913282682768,0.04562913282682768,0.0004988219777040115,0.0004988219777040115,0.0031069999999990827,0.0031069999999990827,-0.005644000000001981,0.005644000000001981,0.01290421100012118,0.01290421100012118,-0.03254059172841295,0.03254059172841295
2025-06-03,2025-06-12,4.2721,4.2631,Naive,4.2721,4.2721,4.25244,4.2538663867969015,4.278136036562112,4.309929132826828,4.276267897433166,4.268543000000002,4.274381000000003,4.292384378928877,4.248168618385123,0.009000000000000341,0.009000000000000341,0.009000000000000341,0.009000000000000341,-0.01065999999999967,0.01065999999999967,-0.009233613203098123,0.009233613203098123,0.01503603656211272,0.01503603656211272,0.046829132826828435,0.046829132826828435,0.013167897433166154,0.013167897433166154,0.005443000000002307,0.005443000000002307,0.011281000000002983,0.011281000000002983,0.029284378928877253,0.029284378928877253,-0.014931381614876393,0.014931381614876393
2025-06-04,2025-06-13,4.2778,4.272,Naive,4.2778,4.2778,4.25906,4.258217952833828,4.282116138979913,4.309929132826828,4.270277568335167,4.283737999999999,4.289251999999999,4.292286867813421,4.252295719536852,0.005799999999999805,0.005799999999999805,0.005799999999999805,0.005799999999999805,-0.012940000000000396,0.012940000000000396,-0.013782047166172262,0.013782047166172262,0.010116138979912925,0.010116138979912925,0.03792913282682786,0.03792913282682786,-0.0017224316648336568,0.0017224316648336568,0.011737999999998472,0.011737999999998472,0.017251999999999157,0.017251999999999157,0.020286867813420706,0.020286867813420706,-0.01970428046314865,0.01970428046314865
2025-06-05,2025-06-16,4.2791,4.2612,Naive,4.2791,4.2791,4.2675,4.262014688682223,4.278987257450159,4.309929132826828,4.305213579571566,4.2983629999999975,4.299029999999998,4.289042846153038,4.2599396859129905,0.017900000000000027,0.017900000000000027,0.017900000000000027,0.017900000000000027,0.006300000000000416,0.006300000000000416,0.0008146886822233412,0.0008146886822233412,0.01778725745015919,0.01778725745015919,0.04872913282682845,0.04872913282682845,0.044013579571566375,0.044013579571566375,0.03716299999999784,0.03716299999999784,0.0378299999999987,0.0378299999999987,0.027842846153038003,0.027842846153038003,-0.0012603140870091067,0.0012603140870091067
2025-06-06,2025-06-17,4.2881,4.275,Naive,4.2881,4.2881,4.274979999999999,4.266757472558182,4.2852066136664755,4.309929132826828,4.243950637642483,4.316712999999999,4.313193999999998,4.306965268970645,4.282139156719762,0.013099999999999667,0.013099999999999667,0.013099999999999667,0.013099999999999667,-2.0000000001019203e-05,2.0000000001019203e-05,-0.008242527441818304,0.008242527441818304,0.010206613666475128,0.010206613666475128,0.03492913282682775,0.03492913282682775,-0.03104936235751765,0.03104936235751765,0.04171299999999878,0.04171299999999878,0.03819399999999806,0.03819399999999806,0.031965268970644445,0.031965268970644445,0.007139156719762063,0.007139156719762063
2025-06-09,2025-06-18,4.2772,4.2717,Naive,4.2772,4.2772,4.27886,4.26865611391124,4.276063153877756,4.309929132826828,4.178442913854034,4.290178999999998,4.304235000000001,4.299512780839835,4.270974977583356,0.005499999999999616,0.005499999999999616,0.005499999999999616,0.005499999999999616,0.007159999999999833,0.007159999999999833,-0.0030438860887604946,0.0030438860887604946,0.004363153877755543,0.004363153877755543,0.03822913282682805,0.03822913282682805,-0.09325708614596628,0.09325708614596628,0.018478999999998358,0.018478999999998358,0.03253500000000109,0.03253500000000109,0.027812780839834517,0.027812780839834517,-0.0007250224166437391,0.0007250224166437391
2025-06-10,2025-06-20,4.2611,4.2709,Naive,4.2611,4.2611,4.27666,4.267282275018287,4.26143356683601,4.309929132826828,4.201843471123622,4.266221999999998,4.273460000000001,4.27407977732746,4.264586597233015,-0.009800000000000253,0.009800000000000253,-0.009800000000000253,0.009800000000000253,0.005759999999999543,0.005759999999999543,-0.0036177249817130885,0.0036177249817130885,-0.009466433163989763,0.009466433163989763,0.03902913282682796,0.03902913282682796,-0.06905652887637803,0.06905652887637803,-0.004678000000001958,0.004678000000001958,0.002560000000000784,0.002560000000000784,0.003179777327459554,0.003179777327459554,-0.006313402766985554,0.006313402766985554
2025-06-11,2025-06-23,4.2643,4.2727,Naive,4.2643,4.2643,4.273960000000001,4.26674004319678,4.266023014092589,4.309929132826828,4.218493314814296,4.26584,4.266668,4.292044997069164,4.2682856918824,-0.008399999999999963,0.008399999999999963,-0.008399999999999963,0.008399999999999963,0.001260000000000261,0.001260000000000261,-0.005959956803220479,0.005959956803220479,-0.006676985907411392,0.006676985907411392,0.037229132826827716,0.037229132826827716,-0.05420668518570437,0.05420668518570437,-0.006860000000000532,0.006860000000000532,-0.006032000000000259,0.006032000000000259,0.019344997069163483,0.019344997069163483,-0.004414308117600463,0.004414308117600463
2025-06-12,2025-06-24,4.2631,4.2604,Naive,4.2631,4.2631,4.27076,4.266078217161001,4.264658825218777,4.309929132826828,4.292981258238767,4.261230999999999,4.263575,4.274564855554476,4.269835596839194,0.0026999999999999247,0.0026999999999999247,0.0026999999999999247,0.0026999999999999247,0.010360000000000369,0.010360000000000369,0.005678217161001697,0.005678217161001697,0.004258825218776963,0.004258825218776963,0.04952913282682836,0.04952913282682836,0.032581258238767674,0.032581258238767674,0.0008309999999989159,0.0008309999999989159,0.003175000000000594,0.003175000000000594,0.014164855554476219,0.014164855554476219,0.009435596839193927,0.009435596839193927
2025-06-13,2025-06-25,4.272,4.2479,Naive,4.272,4.272,4.26754,4.26715490494991,4.273901731695579,4.309929132826828,4.24476742633439,4.271401000000001,4.279385999999999,4.295605971723609,4.276396220110572,0.024100000000000676,0.024100000000000676,0.024100000000000676,0.024100000000000676,0.019640000000000768,0.019640000000000768,0.019254904949910667,0.019254904949910667,0.026001731695579622,0.026001731695579622,0.06202913282682854,0.06202913282682854,-0.0031325736656091507,0.0031325736656091507,0.023501000000001326,0.023501000000001326,0.03148599999999924,0.03148599999999924,0.047705971723609686,0.047705971723609686,0.028496220110572068,0.028496220110572068
2025-06-16,2025-06-26,4.2612,4.2479,Naive,4.2612,4.2612,4.26434,4.266072194959017,4.268665833744138,4.309929132826828,4.215335447630933,4.2620569999999995,4.265009,4.27521799855863,4.2764232289575865,0.01330000000000009,0.01330000000000009,0.01330000000000009,0.01330000000000009,0.016440000000000232,0.016440000000000232,0.018172194959017673,0.018172194959017673,0.02076583374413854,0.02076583374413854,0.06202913282682854,0.06202913282682854,-0.032564552369066746,0.032564552369066746,0.014156999999999975,0.014156999999999975,0.017109000000000485,0.017109000000000485,0.027317998558630485,0.027317998558630485,0.028523228957586966,0.028523228957586966
2025-06-17,2025-06-27,4.275,4.2362,Naive,4.275,4.275,4.26712,4.267695432239195,4.284764211869448,4.309929132826828,4.2374799591773,4.276135999999999,4.278775000000001,4.286678785222795,4.282530698569285,0.03880000000000017,0.03880000000000017,0.03880000000000017,0.03880000000000017,0.03092000000000006,0.03092000000000006,0.031495432239195154,0.031495432239195154,0.04856421186944804,0.04856421186944804,0.07372913282682791,0.07372913282682791,0.0012799591772996166,0.0012799591772996166,0.03993599999999908,0.03993599999999908,0.04257500000000114,0.04257500000000114,0.05047878522279525,0.05047878522279525,0.0463306985692844,0.0463306985692844
2025-06-18,2025-06-30,4.2717,4.2419,Naive,4.2717,4.2717,4.2686,4.268423535468433,4.283204485300031,4.309929132826828,4.215880063534182,4.2755209999999995,4.276435000000001,4.284773133199586,4.283891837551164,0.029799999999999827,0.029799999999999827,0.029799999999999827,0.029799999999999827,0.026699999999999946,0.026699999999999946,0.026523535468432335,0.026523535468432335,0.04130448530003061,0.04130448530003061,0.06802913282682788,0.06802913282682788,-0.02601993646581846,0.02601993646581846,0.033620999999999235,0.033620999999999235,0.03453500000000087,0.03453500000000087,0.042873133199585745,0.042873133199585745,0.04199183755116387,0.04199183755116387
2025-06-20,2025-07-01,4.2709,4.2415,Naive,4.2709,4.2709,4.270160000000001,4.268873801746899,4.281240802186274,4.309929132826828,4.214464922292256,4.271330000000001,4.268062999999999,4.279642473238898,4.283334293952603,0.02939999999999987,0.02939999999999987,0.02939999999999987,0.02939999999999987,0.028660000000000352,0.028660000000000352,0.027373801746898963,0.027373801746898963,0.03974080218627396,0.03974080218627396,0.06842913282682783,0.06842913282682783,-0.027035077707743937,0.027035077707743937,0.029830000000000467,0.029830000000000467,0.02656299999999856,0.02656299999999856,0.03814247323889752,0.03814247323889752,0.04183429395260241,0.04183429395260241
2025-06-23,2025-07-02,4.2727,4.25,Naive,4.2727,4.2727,4.270300000000001,4.269569474156554,4.282516842287597,4.309929132826828,4.228814415415156,4.267886999999999,4.276215999999999,4.273165490579256,4.281893769348017,0.022700000000000387,0.022700000000000387,0.022700000000000387,0.022700000000000387,0.02030000000000065,0.02030000000000065,0.019569474156553746,0.019569474156553746,0.032516842287597214,0.032516842287597214,0.0599291328268281,0.0599291328268281,-0.021185584584843653,0.021185584584843653,0.017886999999999098,0.017886999999999098,0.026215999999998907,0.026215999999998907,0.023165490579255987,0.023165490579255987,0.031893769348016576,0.031893769348016576
2025-06-24,2025-07-03,4.2604,4.2634,Naive,4.2604,4.2604,4.2701400000000005,4.26790229703718,4.270240880630046,4.309929132826828,4.173957271910091,4.272473999999997,4.266009,4.264309831346951,4.2777414151440105,-0.0030000000000001137,0.0030000000000001137,-0.0030000000000001137,0.0030000000000001137,0.006740000000000634,0.006740000000000634,0.004502297037180192,0.004502297037180192,0.0068408806300457314,0.0068408806300457314,0.046529132826828246,0.046529132826828246,-0.08944272808990927,0.08944272808990927,0.009073999999997362,0.009073999999997362,0.0026090000000005276,0.0026090000000005276,0.0009098313469513286,0.0009098313469513286,0.01434141514401066,0.01434141514401066
2025-06-25,2025-07-04,4.2479,4.2515,Naive,4.2479,4.2479,4.26472,4.2642655157576925,4.260307945753109,4.309929132826828,4.222408005115252,4.270345,4.267593000000001,4.264526799116775,4.273405575940193,-0.0036000000000004917,0.0036000000000004917,-0.0036000000000004917,0.0036000000000004917,0.013219999999999565,0.013219999999999565,0.01276551575769247,0.01276551575769247,0.008807945753108726,0.008807945753108726,0.058429132826828045,0.058429132826828045,-0.029091994884748118,0.029091994884748118,0.01884499999999978,0.01884499999999978,0.01609300000000058,0.01609300000000058,0.013026799116774512,0.013026799116774512,0.021905575940192712,0.021905575940192712
2025-06-26,2025-07-07,4.2479,4.2524,Naive,4.2479,4.2479,4.25996,4.261289967438112,4.257032774473906,4.309929132826828,4.228341153152547,4.266767999999998,4.268228,4.268758638589455,4.242759788628857,-0.0045000000000001705,0.0045000000000001705,-0.0045000000000001705,0.0045000000000001705,0.007560000000000677,0.007560000000000677,0.008889967438112656,0.008889967438112656,0.004632774473906309,0.004632774473906309,0.057529132826828366,0.057529132826828366,-0.02405884684745274,0.02405884684745274,0.014367999999998382,0.014367999999998382,0.015827999999999953,0.015827999999999953,0.01635863858945541,0.01635863858945541,-0.009640211371142904,0.009640211371142904
2025-06-27,2025-07-08,4.2362,4.2455,Naive,4.2362,4.2362,4.253019999999999,4.256728155176637,4.24493820532644,4.309929132826828,4.282886799052417,4.255543000000002,4.266210999999998,4.268049022516535,4.231804452637455,-0.009299999999999642,0.009299999999999642,-0.009299999999999642,0.009299999999999642,0.007519999999999527,0.007519999999999527,0.01122815517663689,0.01122815517663689,-0.0005617946735601009,0.0005617946735601009,0.06442913282682827,0.06442913282682827,0.03738679905241682,0.03738679905241682,0.010043000000002245,0.010043000000002245,0.02071099999999859,0.02071099999999859,0.02254902251653501,0.02254902251653501,-0.013695547362544858,0.013695547362544858
2025-06-30,2025-07-09,4.2419,4.2399,Naive,4.2419,4.2419,4.24686,4.254032126962703,4.256714226232859,4.309929132826828,4.213109263354626,4.272005999999999,4.277350999999999,4.280786938130844,4.242402598121028,0.002000000000000668,0.002000000000000668,0.002000000000000668,0.002000000000000668,0.006960000000000299,0.006960000000000299,0.014132126962703495,0.014132126962703495,0.01681422623285922,0.01681422623285922,0.07002913282682854,0.07002913282682854,-0.026790736645373237,0.026790736645373237,0.032105999999999746,0.032105999999999746,0.03745099999999901,0.03745099999999901,0.04088693813084454,0.04088693813084454,0.0025025981210280435,0.0025025981210280435
2025-07-01,2025-07-10,4.2415,4.2464,Naive,4.2415,4.2415,4.243080000000001,4.25175355842403,4.257330208063528,4.309929132826828,4.196313585706659,4.271235999999998,4.274171999999998,4.269805592178561,4.240660899409457,-0.0049000000000001265,0.0049000000000001265,-0.0049000000000001265,0.0049000000000001265,-0.0033199999999995455,0.0033199999999995455,0.005353558424029181,0.005353558424029181,0.010930208063527402,0.010930208063527402,0.0635291328268277,0.0635291328268277,-0.050086414293341264,0.050086414293341264,0.02483599999999786,0.02483599999999786,0.02777199999999791,0.02777199999999791,0.023405592178560752,0.023405592178560752,-0.005739100590543167,0.005739100590543167
2025-07-02,2025-07-11,4.25,4.2563,Naive,4.25,4.25,4.2435,4.25143472961966,4.266369657275364,4.309929132826828,4.262931836003419,4.275063,4.281325,4.269257924054656,4.248257423658684,-0.006300000000000416,0.006300000000000416,-0.006300000000000416,0.006300000000000416,-0.012800000000000367,0.012800000000000367,-0.004865270380340014,0.004865270380340014,0.010069657275363575,0.010069657275363575,0.053629132826827686,0.053629132826827686,0.006631836003418989,0.006631836003418989,0.018762999999999863,0.018762999999999863,0.02502499999999941,0.02502499999999941,0.012957924054656011,0.012957924054656011,-0.008042576341316554,0.008042576341316554
2025-07-03,2025-07-14,4.2634,4.2614,Naive,4.2634,4.2634,4.246599999999999,4.253610233325176,4.278147418156038,4.309929132826828,4.175715049454157,4.279967,4.277423999999999,4.2712330026022975,4.267670799977999,0.0019999999999997797,0.0019999999999997797,0.0019999999999997797,0.0019999999999997797,-0.014800000000001035,0.014800000000001035,-0.007789766674823895,0.007789766674823895,0.016747418156038307,0.016747418156038307,0.048529132826828025,0.048529132826828025,-0.08568495054584346,0.08568495054584346,0.018567,0.018567,0.016023999999998928,0.016023999999998928,0.00983300260229747,0.00983300260229747,0.006270799977999175,0.006270799977999175
2025-07-04,2025-07-15,4.2515,4.2538,Naive,4.2515,4.2515,4.24966,4.25322655453878,4.265640984160154,4.309929132826828,4.2498952929047675,4.2754520000000005,4.274922999999999,4.261110997380907,4.253172673682842,-0.0022999999999999687,0.0022999999999999687,-0.0022999999999999687,0.0022999999999999687,-0.0041399999999995885,0.0041399999999995885,-0.0005734454612200679,0.0005734454612200679,0.011840984160153667,0.011840984160153667,0.056129132826828076,0.056129132826828076,-0.003904707095232496,0.003904707095232496,0.02165200000000045,0.02165200000000045,0.021122999999999337,0.021122999999999337,0.007310997380907125,0.007310997380907125,-0.0006273263171578947,0.0006273263171578947
2025-07-07,2025-07-16,4.2524,4.2585,Naive,4.2524,4.2524,4.25176,4.253076271895365,4.267010177689397,4.309929132826828,4.2841910890387105,4.2763740000000015,4.274946,4.263801009444627,4.255402166768584,-0.006099999999999994,0.006099999999999994,-0.006099999999999994,0.006099999999999994,-0.006739999999999746,0.006739999999999746,-0.005423728104634762,0.005423728104634762,0.008510177689397658,0.008510177689397658,0.05142913282682837,0.05142913282682837,0.025691089038710757,0.025691089038710757,0.017874000000001722,0.017874000000001722,0.016446000000000183,0.016446000000000183,0.005301009444627525,0.005301009444627525,-0.0030978332314157697,0.0030978332314157697
2025-07-08,2025-07-17,4.2455,4.2559,Naive,4.2455,4.2455,4.25256,4.251698767914389,4.258219187894863,4.309929132826828,4.204801038681359,4.272511999999997,4.271781,4.2660471772358575,4.247848371703603,-0.010399999999999743,0.010399999999999743,-0.010399999999999743,0.010399999999999743,-0.0033399999999996766,0.0033399999999996766,-0.004201232085610407,0.004201232085610407,0.002319187894863184,0.002319187894863184,0.05402913282682853,0.05402913282682853,-0.051098961318640335,0.051098961318640335,0.01661199999999763,0.01661199999999763,0.015881000000000256,0.015881000000000256,0.010147177235857896,0.010147177235857896,-0.008051628296396274,0.008051628296396274
2025-07-09,2025-07-18,4.2399,4.2509,Naive,4.2399,4.2399,4.250539999999999,4.2495535373845,4.251279440005638,4.309929132826828,4.268920722504443,4.253365000000001,4.265707000000001,4.249135327336552,4.236479290375066,-0.01100000000000012,0.01100000000000012,-0.01100000000000012,0.01100000000000012,-0.0003600000000005821,0.0003600000000005821,-0.001346462615499533,0.001346462615499533,0.0003794400056387204,0.0003794400056387204,0.05902913282682842,0.05902913282682842,0.018020722504443754,0.018020722504443754,0.002465000000001716,0.002465000000001716,0.014807000000001125,0.014807000000001125,-0.0017646726634472643,0.0017646726634472643,-0.014420709624933359,0.014420709624933359
2025-07-10,2025-07-21,4.2464,4.2445,Naive,4.2464,4.2464,4.24714,4.248980166950955,4.252902070833629,4.309929132826828,4.219997558867817,4.272803999999999,4.270660999999998,4.262507191891177,4.23193068295693,0.0019000000000000128,0.0019000000000000128,0.0019000000000000128,0.0019000000000000128,0.0026399999999995316,0.0026399999999995316,0.004480166950954434,0.004480166950954434,0.008402070833628983,0.008402070833628983,0.06542913282682772,0.06542913282682772,-0.02450244113218325,0.02450244113218325,0.028303999999998553,0.028303999999998553,0.026160999999997436,0.026160999999997436,0.01800719189117661,0.01800719189117661,-0.012569317043070072,0.012569317043070072
2025-07-11,2025-07-22,4.2563,4.2531,Naive,4.2563,4.2563,4.2481,4.250311045687145,4.263517468253942,4.309929132826828,4.283484289062498,4.274541999999998,4.274229,4.264582008386477,4.251665528215489,0.0032000000000005357,0.0032000000000005357,0.0032000000000005357,0.0032000000000005357,-0.004999999999999893,0.004999999999999893,-0.0027889543128551963,0.0027889543128551963,0.010417468253941742,0.010417468253941742,0.05682913282682822,0.05682913282682822,0.030384289062498127,0.030384289062498127,0.02144199999999774,0.02144199999999774,0.021129000000000175,0.021129000000000175,0.011482008386477283,0.011482008386477283,-0.0014344717845107269,0.0014344717845107269
2025-07-14,2025-07-23,4.2614,4.2544,Naive,4.2614,4.2614,4.2499,4.252327219198573,4.271637084132151,4.309929132826828,4.285432657892292,4.271808,4.273864000000001,4.263227668359713,4.256746155091106,0.006999999999999673,0.006999999999999673,0.006999999999999673,0.006999999999999673,-0.0045000000000001705,0.0045000000000001705,-0.002072780801427143,0.002072780801427143,0.01723708413215075,0.01723708413215075,0.0555291328268277,0.0555291328268277,0.031032657892291482,0.031032657892291482,0.017407999999999646,0.017407999999999646,0.019464000000001036,0.019464000000001036,0.008827668359712604,0.008827668359712604,0.002346155091105473,0.002346155091105473
2025-07-15,2025-07-24,4.2538,4.2514,Naive,4.2538,4.2538,4.25156,4.2525949975261055,4.268054637178369,4.309929132826828,4.232041163337049,4.272342999999999,4.2732639999999975,4.2638164730326,4.247434418451301,0.0023999999999997357,0.0023999999999997357,0.0023999999999997357,0.0023999999999997357,0.00015999999999927184,0.00015999999999927184,0.0011949975261051904,0.0011949975261051904,0.01665463717836868,0.01665463717836868,0.05852913282682781,0.05852913282682781,-0.019358836662950907,0.019358836662950907,0.020942999999999046,0.020942999999999046,0.02186399999999722,0.02186399999999722,0.01241647303259974,0.01241647303259974,-0.003965581548698971,0.003965581548698971
2025-07-16,2025-07-25,4.2585,4.2544,Naive,4.2585,4.2585,4.255280000000001,4.25366863433954,4.272943055683134,4.309929132826828,4.271247687454393,4.273365999999998,4.2702350000000004,4.266282287861852,4.250195774862091,0.004099999999999326,0.004099999999999326,0.004099999999999326,0.004099999999999326,0.000880000000000436,0.000880000000000436,-0.0007313656604601704,0.0007313656604601704,0.018543055683133858,0.018543055683133858,0.0555291328268277,0.0555291328268277,0.016847687454392357,0.016847687454392357,0.01896599999999804,0.01896599999999804,0.015835000000000043,0.015835000000000043,0.011882287861851637,0.011882287861851637,-0.004204225137909745,0.004204225137909745
2025-07-17,2025-07-28,4.2559,4.2565,Naive,4.2559,4.2559,4.25718,4.254074337186896,4.2665058519868655,4.309929132826828,4.231242147075377,4.274883000000001,4.274945999999997,4.260163629444731,4.250977822111888,-0.000600000000000378,0.000600000000000378,-0.000600000000000378,0.000600000000000378,0.0006800000000000139,0.0006800000000000139,-0.002425662813103635,0.002425662813103635,0.010005851986865544,0.010005851986865544,0.05342913282682815,0.05342913282682815,-0.025257852924623236,0.025257852924623236,0.018383000000000926,0.018383000000000926,0.018445999999997298,0.018445999999997298,0.00366362944473142,0.00366362944473142,-0.005522177888112267,0.005522177888112267
2025-07-18,2025-07-29,4.2509,4.2737,Naive,4.2509,4.2509,4.2561,4.2534971849710965,4.263542610614945,4.309929132826828,4.25511460599688,4.2766470000000005,4.276041999999998,4.260209260652516,4.247509583248574,-0.022800000000000153,0.022800000000000153,-0.022800000000000153,0.022800000000000153,-0.017599999999999838,0.017599999999999838,-0.02020281502890331,0.02020281502890331,-0.010157389385054394,0.010157389385054394,0.03622913282682827,0.03622913282682827,-0.01858539400311976,0.01858539400311976,0.002947000000000699,0.002947000000000699,0.002341999999997846,0.002341999999997846,-0.013490739347483682,0.013490739347483682,-0.02619041675142597,0.02619041675142597
2025-07-21,2025-07-30,4.2445,4.2732,Naive,4.2445,4.2445,4.252719999999999,4.251861333158169,4.25796853256745,4.309929132826828,4.266327261820169,4.271134999999998,4.277811999999998,4.263037819879259,4.239411667991483,-0.028699999999999726,0.028699999999999726,-0.028699999999999726,0.028699999999999726,-0.020480000000000942,0.020480000000000942,-0.021338666841830722,0.021338666841830722,-0.015231467432550438,0.015231467432550438,0.03672913282682799,0.03672913282682799,-0.006872738179831472,0.006872738179831472,-0.00206500000000176,0.00206500000000176,0.004611999999998062,0.004611999999998062,-0.010162180120740771,0.010162180120740771,-0.03378833200851705,0.03378833200851705
2025-07-22,2025-07-31,4.2531,4.2661,Naive,4.2531,4.2531,4.25258,4.252086545311229,4.264485535261342,4.309929132826828,4.2639562683199195,4.275079999999998,4.281991,4.263483038878631,4.2511831375899645,-0.0129999999999999,0.0129999999999999,-0.0129999999999999,0.0129999999999999,-0.013519999999999754,0.013519999999999754,-0.014013454688770466,0.014013454688770466,-0.0016144647386573396,0.0016144647386573396,0.04382913282682832,0.04382913282682832,-0.0021437316800803075,0.0021437316800803075,0.008979999999998434,0.008979999999998434,0.015890999999999877,0.015890999999999877,-0.002616961121368888,0.002616961121368888,-0.014916862410035314,0.014916862410035314
2025-07-23,2025-08-01,4.2544,4.2813,Naive,4.2544,4.2544,4.25176,4.25250717343646,4.265924536984663,4.309929132826828,4.300983884549855,4.276978999999998,4.2894299999999985,4.264400927272245,4.248956186282984,-0.02689999999999948,0.02689999999999948,-0.02689999999999948,0.02689999999999948,-0.0295399999999999,0.0295399999999999,-0.028792826563539542,0.028792826563539542,-0.015375463015336877,0.015375463015336877,0.02862913282682822,0.02862913282682822,0.019683884549855257,0.019683884549855257,-0.004321000000001796,0.004321000000001796,0.008129999999998638,0.008129999999998638,-0.016899072727754927,0.016899072727754927,-0.03234381371701556,0.03234381371701556
2025-07-24,2025-08-04,4.2514,4.2734,Naive,4.2514,4.2514,4.25086,4.252305869175285,4.259121220528366,4.309929132826828,4.2217044662968615,4.275117999999999,4.287029999999996,4.263585391698456,4.2499430451496565,-0.021999999999999353,0.021999999999999353,-0.021999999999999353,0.021999999999999353,-0.02253999999999934,0.02253999999999934,-0.02109413082471434,0.02109413082471434,-0.014278779471633918,0.014278779471633918,0.03652913282682846,0.03652913282682846,-0.051695533703138175,0.051695533703138175,0.0017179999999994422,0.0017179999999994422,0.013629999999996478,0.013629999999996478,-0.009814608301543792,0.009814608301543792,-0.02345695485034316,0.02345695485034316
2025-07-25,2025-08-05,4.2544,4.2763,Naive,4.2544,4.2544,4.25156,4.252686620234324,4.264634868570166,4.309929132826828,4.296886327746339,4.272910999999999,4.280813,4.264177664398771,4.250231559540564,-0.021899999999999586,0.021899999999999586,-0.021899999999999586,0.021899999999999586,-0.02474000000000043,0.02474000000000043,-0.0236133797656759,0.0236133797656759,-0.011665131429833941,0.011665131429833941,0.03362913282682811,0.03362913282682811,0.020586327746339173,0.020586327746339173,-0.0033890000000011966,0.0033890000000011966,0.004513000000000211,0.004513000000000211,-0.012122335601229217,0.012122335601229217,-0.02606844045943557,0.02606844045943557
2025-07-28,2025-08-06,4.2565,4.282,Naive,4.2565,4.2565,4.25396,4.253379962009901,4.2681430273764205,4.309929132826828,4.195183815465555,4.273748,4.28488,4.266044978960041,4.253909118119875,-0.025500000000000078,0.025500000000000078,-0.025500000000000078,0.025500000000000078,-0.028039999999999843,0.028039999999999843,-0.028620037990099156,0.028620037990099156,-0.013856972623579544,0.013856972623579544,0.027929132826828074,0.027929132826828074,-0.08681618453444528,0.08681618453444528,-0.008251999999999704,0.008251999999999704,0.0028800000000002157,0.0028800000000002157,-0.01595502103995905,0.01595502103995905,-0.028090881880125096,0.028090881880125096
2025-07-29,2025-08-07,4.2737,4.2618,Naive,4.2737,4.2737,4.25808,4.257074514371737,4.285793018866935,4.309929132826828,4.209785168052155,4.283066999999998,4.287899999999999,4.2786021794857465,4.2757168144886455,0.0118999999999998,0.0118999999999998,0.0118999999999998,0.0118999999999998,-0.0037200000000003897,0.0037200000000003897,-0.0047254856282634705,0.0047254856282634705,0.023993018866934612,0.023993018866934612,0.04812913282682807,0.04812913282682807,-0.05201483194784462,0.05201483194784462,0.02126699999999815,0.02126699999999815,0.02609999999999868,0.02609999999999868,0.01680217948574647,0.01680217948574647,0.013916814488645457,0.013916814488645457
2025-07-30,2025-08-08,4.2732,4.2566,Naive,4.2732,4.2732,4.261840000000001,4.260006420849603,4.285646610554993,4.309929132826828,4.284532568430773,4.2889209999999975,4.285297999999998,4.270123802349467,4.273005367866478,0.016600000000000392,0.016600000000000392,0.016600000000000392,0.016600000000000392,0.005240000000001466,0.005240000000001466,0.0034064208496031867,0.0034064208496031867,0.029046610554993357,0.029046610554993357,0.053329132826828385,0.053329132826828385,0.027932568430773408,0.027932568430773408,0.032320999999997824,0.032320999999997824,0.028697999999998558,0.028697999999998558,0.01352380234946704,0.01352380234946704,0.016405367866478393,0.016405367866478393
2025-07-31,2025-08-11,4.2661,4.2533,Naive,4.2661,4.2661,4.26478,4.261114344331493,4.27555374883872,4.309929132826828,4.21150312626164,4.282364999999999,4.280323999999998,4.266050980534329,4.26843889830236,0.012799999999999478,0.012799999999999478,0.012799999999999478,0.012799999999999478,0.011479999999999713,0.011479999999999713,0.007814344331492862,0.007814344331492862,0.02225374883872,0.02225374883872,0.0566291328268278,0.0566291328268278,-0.041796873738360496,0.041796873738360496,0.029064999999998342,0.029064999999998342,0.027023999999997272,0.027023999999997272,0.012750980534328882,0.012750980534328882,0.015138898302359927,0.015138898302359927
2025-08-01,2025-08-12,4.2813,4.2626,Naive,4.2813,4.2813,4.27016,4.264784463543949,4.290589961469699,4.309929132826828,4.3258158877667245,4.303271999999997,4.290960999999997,4.280320578503846,4.276428683897006,0.01869999999999994,0.01869999999999994,0.01869999999999994,0.01869999999999994,0.007559999999999789,0.007559999999999789,0.0021844635439487448,0.0021844635439487448,0.02798996146969923,0.02798996146969923,0.04732913282682816,0.04732913282682816,0.0632158877667246,0.0632158877667246,0.040671999999997155,0.040671999999997155,0.02836099999999675,0.02836099999999675,0.01772057850384634,0.01772057850384634,0.013828683897005867,0.013828683897005867
2025-08-04,2025-08-13,4.2734,4.2586,Naive,4.2734,4.2734,4.27354,4.266350924717776,4.28379643912842,4.309929132826828,4.276440757045819,4.289650999999997,4.2828360000000005,4.277148514152125,4.277419290375697,0.014799999999999258,0.014799999999999258,0.014799999999999258,0.014799999999999258,0.014939999999999287,0.014939999999999287,0.007750924717775831,0.007750924717775831,0.02519643912841918,0.02519643912841918,0.05132913282682772,0.05132913282682772,0.017840757045818556,0.017840757045818556,0.031050999999997053,0.031050999999997053,0.024236000000000146,0.024236000000000146,0.01854851415212444,0.01854851415212444,0.018819290375696518,0.018819290375696518
2025-08-05,2025-08-14,4.2763,4.2639,Naive,4.2763,4.2763,4.27406,4.268159847496362,4.285888161504364,4.309929132826828,4.298006922104951,4.289867999999999,4.283186,4.278151646309791,4.282468518568825,0.01240000000000041,0.01240000000000041,0.01240000000000041,0.01240000000000041,0.010160000000000835,0.010160000000000835,0.004259847496362212,0.004259847496362212,0.021988161504364,0.021988161504364,0.04602913282682852,0.04602913282682852,0.03410692210495103,0.03410692210495103,0.02596799999999977,0.02596799999999977,0.019286000000000136,0.019286000000000136,0.014251646309791255,0.014251646309791255,0.018568518568825354,0.018568518568825354
2025-08-06,2025-08-18,4.282,4.2558,Naive,4.282,4.282,4.27582,4.270676238860659,4.292244085940446,4.309929132826828,4.219204524990287,4.297618999999999,4.292305000000002,4.284615484586329,4.284527139965617,0.026200000000000223,0.026200000000000223,0.026200000000000223,0.026200000000000223,0.020020000000000593,0.020020000000000593,0.014876238860659363,0.014876238860659363,0.036444085940446236,0.036444085940446236,0.0541291328268283,0.0541291328268283,-0.03659547500971261,0.03659547500971261,0.041818999999999384,0.041818999999999384,0.036505000000001786,0.036505000000001786,0.0288154845863291,0.0288154845863291,0.02872713996561682,0.02872713996561682
2025-08-07,2025-08-19,4.2618,4.242,Naive,4.2618,4.2618,4.27496,4.26906237724963,4.270652126488642,4.309929132826828,4.248277995171806,4.274923999999999,4.269793000000001,4.260879714660764,4.273624188250216,0.01980000000000004,0.01980000000000004,0.01980000000000004,0.01980000000000004,0.0329600000000001,0.0329600000000001,0.027062377249629677,0.027062377249629677,0.028652126488641905,0.028652126488641905,0.06792913282682811,0.06792913282682811,0.006277995171806161,0.006277995171806161,0.03292399999999862,0.03292399999999862,0.027793000000000845,0.027793000000000845,0.018879714660764435,0.018879714660764435,0.03162418825021618,0.03162418825021618
2025-08-08,2025-08-20,4.2566,4.2524,Naive,4.2566,4.2566,4.27002,4.2667964904769695,4.267707936650698,4.309929132826828,4.29401355931403,4.278916999999999,4.270769000000001,4.260879714660764,4.259238300885916,0.0041999999999999815,0.0041999999999999815,0.0041999999999999815,0.0041999999999999815,0.01761999999999997,0.01761999999999997,0.014396490476969781,0.014396490476969781,0.015307936650698295,0.015307936650698295,0.057529132826828366,0.057529132826828366,0.041613559314030546,0.041613559314030546,0.026516999999999236,0.026516999999999236,0.018369000000001634,0.018369000000001634,0.008479714660764692,0.008479714660764692,0.006838300885916304,0.006838300885916304
2025-08-11,2025-08-21,4.2533,4.2521,Naive,4.2533,4.2533,4.266,4.264342583117521,4.267124569907408,4.309929132826828,4.209221989330405,4.279047999999998,4.270428000000001,4.260063494783973,4.2519317516904875,0.0011999999999998678,0.0011999999999998678,0.0011999999999998678,0.0011999999999998678,0.01389999999999958,0.01389999999999958,0.012242583117520134,0.012242583117520134,0.015024569907407859,0.015024569907407859,0.05782913282682767,0.05782913282682767,-0.042878010669595845,0.042878010669595845,0.026947999999997307,0.026947999999997307,0.018328000000000344,0.018328000000000344,0.00796349478397218,0.00796349478397218,-0.00016824830951289726,0.00016824830951289726
2025-08-12,2025-08-22,4.2626,4.267,Naive,4.2626,4.2626,4.26326,4.264025749823426,4.27776932515439,4.309929132826828,4.303614889891199,4.278427000000001,4.27368,4.264875870023147,4.272523583146316,-0.004400000000000404,0.004400000000000404,-0.004400000000000404,0.004400000000000404,-0.0037400000000005207,0.0037400000000005207,-0.0029742501765746,0.0029742501765746,0.010769325154389442,0.010769325154389442,0.042929132826827754,0.042929132826827754,0.03661488989119821,0.03661488989119821,0.011427000000000298,0.011427000000000298,0.006679999999999353,0.006679999999999353,-0.002124129976853517,0.002124129976853517,0.005523583146315403,0.005523583146315403
2025-08-13,2025-08-25,4.2586,4.2627,Naive,4.2586,4.2586,4.25858,4.26303924985553,4.2751701995035,4.309929132826828,4.268189368613274,4.279715,4.279171,4.270320527518855,4.273499992421301,-0.004099999999999326,0.004099999999999326,-0.004099999999999326,0.004099999999999326,-0.004119999999999457,0.004119999999999457,0.0003392498555303547,0.0003392498555303547,0.012470199503500368,0.012470199503500368,0.04722913282682839,0.04722913282682839,0.005489368613273982,0.005489368613273982,0.01701500000000067,0.01701500000000067,0.016471000000000124,0.016471000000000124,0.007620527518855447,0.007620527518855447,0.010799992421301141,0.010799992421301141
2025-08-14,2025-08-26,4.2639,4.2657,Naive,4.2639,4.2639,4.259,4.263195749881797,4.276922456677001,4.309929132826828,4.26757744469858,4.285138000000001,4.278730999999999,4.2719479521188495,4.273240823843489,-0.0018000000000002458,0.0018000000000002458,-0.0018000000000002458,0.0018000000000002458,-0.006699999999999484,0.006699999999999484,-0.0025042501182026555,0.0025042501182026555,0.011222456677001169,0.011222456677001169,0.04422913282682828,0.04422913282682828,0.0018774446985805326,0.0018774446985805326,0.019438000000000955,0.019438000000000955,0.013030999999998905,0.013030999999998905,0.006247952118849653,0.006247952118849653,0.007540823843489086,0.007540823843489086
2025-08-18,2025-08-27,4.2558,4.2639,Naive,4.2558,4.2558,4.25884,4.2618510680851065,4.269638939384804,4.309929132826828,4.255106991742579,4.282516999999998,4.276481,4.2699684882710205,4.261988499459153,-0.008099999999999774,0.008099999999999774,-0.008099999999999774,0.008099999999999774,-0.005059999999999398,0.005059999999999398,-0.002048931914893082,0.002048931914893082,0.005738939384804631,0.005738939384804631,0.04602913282682852,0.04602913282682852,-0.008793008257420354,0.008793008257420354,0.018616999999998107,0.018616999999998107,0.012581000000000842,0.012581000000000842,0.006068488271020911,0.006068488271020911,-0.0019115005408467667,0.0019115005408467667
2025-08-19,2025-08-28,4.242,4.2681,Naive,4.242,4.242,4.2565800000000005,4.258241782978724,4.256778132325294,4.309929132826828,4.215929176975248,4.275637000000001,4.278476,4.264441082175867,4.243554948220381,-0.026099999999999568,0.026099999999999568,-0.026099999999999568,0.026099999999999568,-0.011519999999999087,0.011519999999999087,-0.009858217021275983,0.009858217021275983,-0.011321867674705999,0.011321867674705999,0.04182913282682854,0.04182913282682854,-0.052170823024751733,0.052170823024751733,0.007537000000001015,0.007537000000001015,0.010376000000000829,0.010376000000000829,-0.003658917824132857,0.003658917824132857,-0.024545051779618632,0.024545051779618632
2025-08-20,2025-08-29,4.2524,4.2684,Naive,4.2524,4.2524,4.25454,4.257179640618956,4.264508861026259,4.309929132826828,4.300472914322715,4.2823389999999995,4.285547,4.264934690232663,4.2500560569191626,-0.016000000000000014,0.016000000000000014,-0.016000000000000014,0.016000000000000014,-0.013859999999999317,0.013859999999999317,-0.01122035938104382,0.01122035938104382,-0.0038911389737403823,0.0038911389737403823,0.04152913282682835,0.04152913282682835,0.03207291432271564,0.03207291432271564,0.013938999999999702,0.013938999999999702,0.017147000000000467,0.017147000000000467,-0.0034653097673364996,0.0034653097673364996,-0.0183439430808372,0.0183439430808372
2025-08-21,2025-09-01,4.2521,4.2574,Naive,4.2521,4.2521,4.25324,4.256256069597328,4.257441493066388,4.309929132826828,4.298175880069039,4.284273999999997,4.280868,4.261398125631848,4.2495842793427565,-0.005299999999999194,0.005299999999999194,-0.005299999999999194,0.005299999999999194,-0.0041599999999997195,0.0041599999999997195,-0.001143930402671245,0.001143930402671245,4.149306638812078e-05,4.149306638812078e-05,0.05252913282682847,0.05252913282682847,0.04077588006903898,0.04077588006903898,0.026873999999997622,0.026873999999997622,0.023468000000000266,0.023468000000000266,0.003998125631848204,0.003998125631848204,-0.00781572065724312,0.00781572065724312
2025-08-22,2025-09-02,4.267,4.2651,Naive,4.267,4.267,4.25386,4.258209511488722,4.273876390160551,4.309929132826828,4.328541977635858,4.286542999999997,4.280757999999999,4.26593864787613,4.264049286590702,0.0019000000000000128,0.0019000000000000128,0.0019000000000000128,0.0019000000000000128,-0.011239999999999917,0.011239999999999917,-0.006890488511277937,0.006890488511277937,0.008776390160551095,0.008776390160551095,0.04482913282682777,0.04482913282682777,0.06344197763585768,0.06344197763585768,0.021442999999996992,0.021442999999996992,0.015657999999998395,0.015657999999998395,0.000838647876129528,0.000838647876129528,-0.0010507134092980763,0.0010507134092980763
2025-08-25,2025-09-03,4.2627,4.2589,Naive,4.2627,4.2627,4.25524,4.259025963945318,4.271110536458004,4.309929132826828,4.270556597406687,4.281263999999998,4.276722,4.25943047949262,4.2637520674252185,0.0038000000000000256,0.0038000000000000256,0.0038000000000000256,0.0038000000000000256,-0.0036599999999999966,0.0036599999999999966,0.00012596394531794175,0.00012596394531794175,0.01221053645800474,0.01221053645800474,0.051029132826828416,0.051029132826828416,0.01165659740668712,0.01165659740668712,0.022363999999998718,0.022363999999998718,0.01782200000000067,0.01782200000000067,0.000530479492620195,0.000530479492620195,0.00485206742521882,0.00485206742521882
2025-08-26,2025-09-04,4.2657,4.2553,Naive,4.2657,4.2657,4.2599800000000005,4.260239425046169,4.273266534634337,4.309929132826828,4.361355008475808,4.281455999999998,4.275007999999999,4.269493679770967,4.267425631874954,0.010399999999999743,0.010399999999999743,0.010399999999999743,0.010399999999999743,0.004680000000000462,0.004680000000000462,0.004939425046169177,0.004939425046169177,0.017966534634337172,0.017966534634337172,0.05462913282682802,0.05462913282682802,0.10605500847580807,0.10605500847580807,0.026155999999997626,0.026155999999997626,0.019707999999998727,0.019707999999998727,0.014193679770967194,0.014193679770967194,0.012125631874954301,0.012125631874954301
2025-08-27,2025-09-05,4.2639,4.2476,Naive,4.2639,4.2639,4.26228,4.260904984128684,4.2728740778833325,4.309929132826828,4.281928081013925,4.284236000000001,4.278184999999997,4.26702559445041,4.267586248329126,0.016299999999999315,0.016299999999999315,0.016299999999999315,0.016299999999999315,0.01467999999999936,0.01467999999999936,0.013304984128684083,0.013304984128684083,0.025274077883332247,0.025274077883332247,0.06232913282682784,0.06232913282682784,0.034328081013924816,0.034328081013924816,0.03663600000000056,0.03663600000000056,0.030584999999996754,0.030584999999996754,0.01942559445040981,0.01942559445040981,0.019986248329125544,0.019986248329125544
2025-08-28,2025-09-08,4.2681,4.2484,Naive,4.2681,4.2681,4.265479999999999,4.262213168832559,4.274504263784944,4.309929132826828,4.327388820678433,4.279315999999999,4.275531999999999,4.269607614946673,4.27275716220578,0.019699999999999385,0.019699999999999385,0.019699999999999385,0.019699999999999385,0.017079999999999096,0.017079999999999096,0.013813168832558453,0.013813168832558453,0.026104263784944237,0.026104263784944237,0.061529132826827926,0.061529132826827926,0.0789888206784326,0.0789888206784326,0.03091599999999861,0.03091599999999861,0.027131999999999046,0.027131999999999046,0.02120761494667267,0.02120761494667267,0.02435716220577966,0.02435716220577966
2025-08-29,2025-09-09,4.2684,4.254,Naive,4.2684,4.2684,4.265759999999999,4.263338047226639,4.277176112417897,4.309929132826828,4.32359379052089,4.277930999999998,4.275113999999997,4.26712459873577,4.272686915984503,0.01440000000000019,0.01440000000000019,0.01440000000000019,0.01440000000000019,0.01175999999999977,0.01175999999999977,0.009338047226639112,0.009338047226639112,0.02317611241789752,0.02317611241789752,0.05592913282682854,0.05592913282682854,0.06959379052089076,0.06959379052089076,0.02393099999999837,0.02393099999999837,0.02111399999999719,0.02111399999999719,0.013124598735770654,0.013124598735770654,0.018686915984503116,0.018686915984503116
2025-09-01,2025-09-10,4.2574,4.2604,Naive,4.2574,4.2574,4.2647,4.26225840227634,4.27017670748966,4.309929132826828,4.261480145038021,4.279424999999996,4.271692000000002,4.269783979684359,4.26173894001525,-0.0030000000000001137,0.0030000000000001137,-0.0030000000000001137,0.0030000000000001137,0.004300000000000637,0.004300000000000637,0.0018584022763405983,0.0018584022763405983,0.009776707489660197,0.009776707489660197,0.04952913282682836,0.04952913282682836,0.0010801450380215627,0.0010801450380215627,0.019024999999996517,0.019024999999996517,0.011292000000001856,0.011292000000001856,0.009383979684359112,0.009383979684359112,0.0013389400152501452,0.0013389400152501452
2025-09-02,2025-09-11,4.2651,4.2626,Naive,4.2651,4.2651,4.2645800000000005,4.262775056407914,4.276618405400482,4.309929132826828,4.344652796588033,4.280637999999998,4.277583,4.268381661109168,4.266781731112203,0.002500000000000391,0.002500000000000391,0.002500000000000391,0.002500000000000391,0.001980000000000537,0.001980000000000537,0.0001750564079143757,0.0001750564079143757,0.014018405400482159,0.014018405400482159,0.04732913282682816,0.04732913282682816,0.08205279658803288,0.08205279658803288,0.018037999999998,0.018037999999998,0.014982999999999969,0.014982999999999969,0.0057816611091681125,0.0057816611091681125,0.004181731112202769,0.004181731112202769
2025-09-03,2025-09-12,4.2589,4.2593,Naive,4.2589,4.2589,4.263579999999999,4.2620705006973845,4.270627094657962,4.309929132826828,4.262625342176688,4.283585999999999,4.274511999999998,4.26042011889343,4.261996396354233,-0.00039999999999995595,0.00039999999999995595,-0.00039999999999995595,0.00039999999999995595,0.0042799999999996174,0.0042799999999996174,0.0027705006973848256,0.0027705006973848256,0.011327094657962,0.011327094657962,0.05062913282682846,0.05062913282682846,0.0033253421766881175,0.0033253421766881175,0.02428599999999914,0.02428599999999914,0.015211999999998227,0.015211999999998227,0.001120118893430444,0.001120118893430444,0.0026963963542332436,0.0026963963542332436
2025-09-04,2025-09-15,4.2553,4.2476,Naive,4.2553,4.2553,4.26102,4.260839500570588,4.265555537504308,4.309929132826828,4.333667424059487,4.269101000000002,4.2732660000000005,4.259135783032231,4.2565005611265745,0.007699999999999818,0.007699999999999818,0.007699999999999818,0.007699999999999818,0.013419999999999987,0.013419999999999987,0.013239500570588092,0.013239500570588092,0.01795553750430745,0.01795553750430745,0.06232913282682784,0.06232913282682784,0.08606742405948697,0.08606742405948697,0.021501000000001547,0.021501000000001547,0.02566600000000019,0.02566600000000019,0.011535783032230462,0.011535783032230462,0.008900561126574225,0.008900561126574225
2025-09-05,2025-09-16,4.2476,4.2504,Naive,4.2476,4.2476,4.2568600000000005,4.258432318648662,4.259891928134521,4.309929132826828,4.229596053750838,4.275048999999999,4.271776999999999,4.265580950481453,4.244696749104932,-0.0027999999999996916,0.0027999999999996916,-0.0027999999999996916,0.0027999999999996916,0.006460000000000576,0.006460000000000576,0.008032318648662162,0.008032318648662162,0.009491928134520933,0.009491928134520933,0.059529132826828146,0.059529132826828146,-0.020803946249161598,0.020803946249161598,0.024648999999999255,0.024648999999999255,0.021376999999999313,0.021376999999999313,0.015180950481452626,0.015180950481452626,-0.005703250895067846,0.005703250895067846
2025-09-08,2025-09-17,4.2484,4.2559,Naive,4.2484,4.2484,4.25506,4.256608260712541,4.26132123330657,4.309929132826828,4.27803039708155,4.277597999999997,4.2763779999999985,4.25920908867608,4.2448429116563355,-0.007499999999999396,0.007499999999999396,-0.007499999999999396,0.007499999999999396,-0.0008399999999992858,0.0008399999999992858,0.0007082607125417084,0.0007082607125417084,0.0054212333065706275,0.0054212333065706275,0.05402913282682853,0.05402913282682853,0.022130397081550512,0.022130397081550512,0.02169799999999711,0.02169799999999711,0.020477999999998886,0.020477999999998886,0.003309088676080485,0.003309088676080485,-0.011057088343664034,0.011057088343664034
2025-09-09,2025-09-18,4.254,4.2564,Naive,4.254,4.254,4.25284,4.256134031492079,4.266249789191123,4.309929132826828,4.3189348086775325,4.2775019999999975,4.2800109999999965,4.262088655257617,4.24809548061143,-0.002400000000000624,0.002400000000000624,-0.002400000000000624,0.002400000000000624,-0.0035600000000002296,0.0035600000000002296,-0.000265968507921599,0.000265968507921599,0.009849789191123115,0.009849789191123115,0.05352913282682792,0.05352913282682792,0.06253480867753236,0.06253480867753236,0.02110199999999729,0.02110199999999729,0.023610999999996274,0.023610999999996274,0.005688655257617192,0.005688655257617192,-0.008304519388570242,0.008304519388570242
2025-09-10,2025-09-19,4.2604,4.2666,Naive,4.2604,4.2604,4.25314,4.256909662129882,4.272454683504392,4.309929132826828,4.253253242542586,4.276065000000001,4.280401,4.261864465339762,4.253987722669755,-0.0062000000000006494,0.0062000000000006494,-0.0062000000000006494,0.0062000000000006494,-0.01346000000000025,0.01346000000000025,-0.009690337870118526,0.009690337870118526,0.005854683504392,0.005854683504392,0.04332913282682771,0.04332913282682771,-0.013346757457414427,0.013346757457414427,0.0094650000000005,0.0094650000000005,0.013800999999999952,0.013800999999999952,-0.004735534660238017,0.004735534660238017,-0.012612277330245725,0.012612277330245725
2025-09-11,2025-09-22,4.2626,4.2645,Naive,4.2626,4.2626,4.2546,4.257944269015358,4.27100490617883,4.309929132826828,4.314252804427628,4.2776609999999975,4.281328999999999,4.259918266187221,4.259058558612991,-0.0019000000000000128,0.0019000000000000128,-0.0019000000000000128,0.0019000000000000128,-0.00990000000000002,0.00990000000000002,-0.0065557309846422385,0.0065557309846422385,0.006504906178830261,0.006504906178830261,0.045429132826828145,0.045429132826828145,0.049752804427628305,0.049752804427628305,0.013160999999997536,0.013160999999997536,0.01682899999999865,0.01682899999999865,-0.004581733812779376,0.004581733812779376,-0.005441441387008972,0.005441441387008972
2025-09-12,2025-09-23,4.2593,4.2552,Naive,4.2593,4.2593,4.256939999999999,4.25819076555802,4.269950004354272,4.309929132826828,4.275804745054361,4.277243999999999,4.276779999999999,4.259611072207515,4.255559450677665,0.004099999999999326,0.004099999999999326,0.004099999999999326,0.004099999999999326,0.0017399999999989646,0.0017399999999989646,0.0029907655580192483,0.0029907655580192483,0.014750004354271873,0.014750004354271873,0.05472913282682779,0.05472913282682779,0.02060474505436094,0.02060474505436094,0.022043999999998398,0.022043999999998398,0.021579999999998378,0.021579999999998378,0.004411072207514799,0.004411072207514799,0.000359450677664519,0.000359450677664519
2025-09-15,2025-09-24,4.2476,4.2676,Naive,4.2476,4.2476,4.25678,4.256265171820198,4.259469040342509,4.309929132826828,4.24345503636735,4.276833,4.270822000000001,4.2593784842233235,4.240231668187087,-0.019999999999999574,0.019999999999999574,-0.019999999999999574,0.019999999999999574,-0.01081999999999983,0.01081999999999983,-0.011334828179801804,0.011334828179801804,-0.008130959657490777,0.008130959657490777,0.042329132826828264,0.042329132826828264,-0.02414496363264984,0.02414496363264984,0.009233000000000047,0.009233000000000047,0.0032220000000009463,0.0032220000000009463,-0.008221515776676291,0.008221515776676291,-0.027368331812913205,0.027368331812913205
2025-09-16,2025-09-25,4.2504,4.2619,Naive,4.2504,4.2504,4.25606,4.255198776943798,4.260340339871744,4.309929132826828,4.323894936384982,4.272083,4.276046000000001,4.263505641463534,4.246146100227238,-0.011499999999999844,0.011499999999999844,-0.011499999999999844,0.011499999999999844,-0.005840000000000067,0.005840000000000067,-0.006701223056201577,0.006701223056201577,-0.00155966012825548,0.00155966012825548,0.0480291328268283,0.0480291328268283,0.061994936384982324,0.061994936384982324,0.010183000000000497,0.010183000000000497,0.014146000000001102,0.014146000000001102,0.0016056414635343685,0.0016056414635343685,-0.015753899772762203,0.015753899772762203
2025-09-17,2025-09-26,4.2559,4.2668,Naive,4.2559,4.2559,4.25516,4.255326272044925,4.265929123595672,4.309929132826828,4.263216072951618,4.272166,4.279225999999998,4.260462357160246,4.25623784874862,-0.010900000000000354,0.010900000000000354,-0.010900000000000354,0.010900000000000354,-0.011639999999999873,0.011639999999999873,-0.011473727955074509,0.011473727955074509,-0.0008708764043277029,0.0008708764043277029,0.043129132826828176,0.043129132826828176,-0.003583927048381952,0.003583927048381952,0.005366000000000426,0.005366000000000426,0.012425999999997828,0.012425999999997828,-0.006337642839754132,0.006337642839754132,-0.010562151251379603,0.010562151251379603
2025-09-18,2025-09-29,4.2564,4.2688,Naive,4.2564,4.2564,4.25392,4.255521495309484,4.2641405328260795,4.309929132826828,4.31639078943009,4.275079999999998,4.280159999999999,4.260056221931864,4.256418006276199,-0.012399999999999523,0.012399999999999523,-0.012399999999999523,0.012399999999999523,-0.014879999999999782,0.014879999999999782,-0.013278504690515724,0.013278504690515724,-0.004659467173920184,0.004659467173920184,0.041129132826828396,0.041129132826828396,0.04759078943009065,0.04759078943009065,0.006279999999998509,0.006279999999998509,0.011359999999998927,0.011359999999998927,-0.008743778068136088,0.008743778068136088,-0.012381993723800555,0.012381993723800555
2025-09-19,2025-09-30,4.2666,4.2692,Naive,4.2666,4.2666,4.255380000000001,4.257535768889578,4.276518615328434,4.309929132826828,4.332685430235533,4.279183999999997,4.283519999999999,4.266377334068633,4.266702121310712,-0.0025999999999992696,0.0025999999999992696,-0.0025999999999992696,0.0025999999999992696,-0.013819999999999055,0.013819999999999055,-0.01166423111042203,0.01166423111042203,0.0073186153284341415,0.0073186153284341415,0.04072913282682844,0.04072913282682844,0.06348543023553344,0.06348543023553344,0.00998399999999755,0.00998399999999755,0.014319999999999666,0.014319999999999666,-0.002822665931367041,0.002822665931367041,-0.002497878689287525,0.002497878689287525
2025-09-22,2025-10-01,4.2645,4.2586,Naive,4.2645,4.2645,4.25876,4.258801992727836,4.2697310329462965,4.309929132826828,4.231954397035069,4.275505999999999,4.284034999999998,4.271558972502472,4.266345955461556,0.005899999999999572,0.005899999999999572,0.005899999999999572,0.005899999999999572,0.00015999999999927184,0.00015999999999927184,0.0002019927278356093,0.0002019927278356093,0.011131032946296138,0.011131032946296138,0.05132913282682772,0.05132913282682772,-0.02664560296493157,0.02664560296493157,0.016905999999998755,0.016905999999998755,0.02543499999999721,0.02543499999999721,0.012958972502471688,0.012958972502471688,0.007745955461555987,0.007745955461555987
2025-09-23,2025-10-02,4.2552,4.256,Naive,4.2552,4.2552,4.25972,4.2581470849591385,4.262761610708077,4.309929132826828,4.340023077936708,4.269176999999998,4.273058999999999,4.263014989818805,4.256901011696922,-0.0007999999999999119,0.0007999999999999119,-0.0007999999999999119,0.0007999999999999119,0.0037199999999995015,0.0037199999999995015,0.00214708495913829,0.00214708495913829,0.006761610708077015,0.006761610708077015,0.053929132826827875,0.053929132826827875,0.08402307793670794,0.08402307793670794,0.013176999999997996,0.013176999999997996,0.017058999999998825,0.017058999999998825,0.007014989818804551,0.007014989818804551,0.0009010116969214721,0.0009010116969214721
2025-09-24,2025-10-03,4.2676,4.2559,Naive,4.2676,4.2676,4.26206,4.25986579678475,4.273527803703658,4.309929132826828,4.260535823631887,4.279658000000001,4.282903999999999,4.273427558672594,4.265164009419722,0.011700000000000266,0.011700000000000266,0.011700000000000266,0.011700000000000266,0.006160000000000387,0.006160000000000387,0.003965796784750175,0.003965796784750175,0.01762780370365835,0.01762780370365835,0.05402913282682853,0.05402913282682853,0.004635823631887526,0.004635823631887526,0.023758000000001722,0.023758000000001722,0.027003999999999806,0.027003999999999806,0.0175275586725947,0.0175275586725947,0.009264009419722719,0.009264009419722719
2025-09-25,2025-10-06,4.2619,4.2521,Naive,4.2619,4.2619,4.26316,4.260235651914795,4.265555282678358,4.309929132826828,4.267195741383538,4.275795999999996,4.281572999999998,4.266257831596107,4.2677529566993915,0.009799999999999365,0.009799999999999365,0.009799999999999365,0.009799999999999365,0.011059999999999626,0.011059999999999626,0.008135651914794373,0.008135651914794373,0.013455282678357605,0.013455282678357605,0.05782913282682767,0.05782913282682767,0.015095741383537309,0.015095741383537309,0.02369599999999572,0.02369599999999572,0.02947299999999764,0.02947299999999764,0.014157831596106618,0.014157831596106618,0.01565295669939104,0.01565295669939104
2025-09-26,2025-10-07,4.2668,4.2559,Naive,4.2668,4.2668,4.263199999999999,4.261429169748468,4.271030462222803,4.309929132826828,4.277152272513417,4.2771099999999995,4.287932999999999,4.2745631788027225,4.270241945410442,0.010900000000000354,0.010900000000000354,0.010900000000000354,0.010900000000000354,0.007299999999999862,0.007299999999999862,0.005529169748468732,0.005529169748468732,0.015130462222803231,0.015130462222803231,0.05402913282682853,0.05402913282682853,0.021252272513417658,0.021252272513417658,0.02120999999999995,0.02120999999999995,0.03203299999999931,0.03203299999999931,0.018663178802722946,0.018663178802722946,0.014341945410442314,0.014341945410442314
2025-09-29,2025-10-08,4.2688,4.2533,Naive,4.2688,4.2688,4.264059999999999,4.262769320703292,4.274043714209705,4.309929132826828,4.229563474592579,4.2770069999999984,4.286701999999998,4.282878934235567,4.2609763668115415,0.015499999999999403,0.015499999999999403,0.015499999999999403,0.015499999999999403,0.010759999999998549,0.010759999999998549,0.00946932070329165,0.00946932070329165,0.02074371420970511,0.02074371420970511,0.0566291328268278,0.0566291328268278,-0.023736525407421105,0.023736525407421105,0.023706999999998146,0.023706999999998146,0.03340199999999793,0.03340199999999793,0.02957893423556701,0.02957893423556701,0.007676366811541158,0.007676366811541158
2025-09-30,2025-10-09,4.2692,4.2569,Naive,4.2692,4.2692,4.266859999999999,4.263938535120875,4.2724823759564865,4.309929132826828,4.310862039360671,4.278698999999999,4.288055999999999,4.273843937221197,4.270195798814375,0.012299999999999756,0.012299999999999756,0.012299999999999756,0.012299999999999756,0.009959999999999525,0.009959999999999525,0.007038535120875267,0.007038535120875267,0.015582375956486594,0.015582375956486594,0.053029132826828196,0.053029132826828196,0.053962039360671454,0.053962039360671454,0.02179899999999879,0.02179899999999879,0.031155999999999295,0.031155999999999295,0.016943937221197025,0.016943937221197025,0.013295798814374926,0.013295798814374926
2025-10-01,2025-10-10,4.2586,4.2583,Naive,4.2586,4.2586,4.26506,4.262967892371625,4.2679300669375335,4.309929132826828,4.305162674763446,4.2695359999999996,4.272847999999999,4.2648931984905465,4.261623300073683,0.000300000000000189,0.000300000000000189,0.000300000000000189,0.000300000000000189,0.006759999999999877,0.006759999999999877,0.004667892371625015,0.004667892371625015,0.009630066937533321,0.009630066937533321,0.051629132826827906,0.051629132826827906,0.046862674763445966,0.046862674763445966,0.011235999999999358,0.011235999999999358,0.014547999999998673,0.014547999999998673,0.006593198490546293,0.006593198490546293,0.0033233000736831997,0.0033233000736831997
2025-10-02,2025-10-13,4.256,4.2592,Naive,4.256,4.256,4.26388,4.261701002849511,4.264114454128434,4.309929132826828,4.245296075577549,4.270642999999998,4.272112,4.262302769498241,4.25924430125676,-0.0031999999999996476,0.0031999999999996476,-0.0031999999999996476,0.0031999999999996476,0.004680000000000462,0.004680000000000462,0.00250100284951138,0.00250100284951138,0.004914454128433832,0.004914454128433832,0.05072913282682823,0.05072913282682823,-0.013903924422450586,0.013903924422450586,0.011442999999998094,0.011442999999998094,0.012912000000000035,0.012912000000000035,0.0031027694982412868,0.0031027694982412868,4.4301256759915475e-05,4.4301256759915475e-05
2025-10-03,2025-10-14,4.2559,4.2645,Naive,4.2559,4.2559,4.2617,4.260646275058691,4.263902917425572,4.309929132826828,4.277013240844799,4.272969999999997,4.270899999999998,4.265924850932837,4.259651021849671,-0.008600000000000385,0.008600000000000385,-0.008600000000000385,0.008600000000000385,-0.0027999999999996916,0.0027999999999996916,-0.003853724941309089,0.003853724941309089,-0.0005970825744281427,0.0005970825744281427,0.045429132826828145,0.045429132826828145,0.012513240844799434,0.012513240844799434,0.008469999999997313,0.008469999999997313,0.006399999999998407,0.006399999999998407,0.001424850932837174,0.001424850932837174,-0.004848978150328698,0.004848978150328698
2025-10-06,2025-10-15,4.2521,4.2556,Naive,4.2521,4.2521,4.258360000000001,4.259092406866201,4.263764961147042,4.309929132826828,4.180711572770744,4.273293999999998,4.273107999999999,4.273582170999861,4.254399414140353,-0.0034999999999998366,0.0034999999999998366,-0.0034999999999998366,0.0034999999999998366,0.0027600000000003178,0.0027600000000003178,0.0034924068662007812,0.0034924068662007812,0.008164961147041794,0.008164961147041794,0.05432913282682783,0.05432913282682783,-0.07488842722925604,0.07488842722925604,0.017693999999997878,0.017693999999997878,0.017507999999998525,0.017507999999998525,0.017982170999860436,0.017982170999860436,-0.0012005858596468855,0.0012005858596468855
2025-10-07,2025-10-16,4.2559,4.2517,Naive,4.2559,4.2559,4.2557,4.258511969254164,4.266782645537269,4.309929132826828,4.2811826695781985,4.268211,4.271647999999998,4.270119952297525,4.2525053313998855,0.0041999999999999815,0.0041999999999999815,0.0041999999999999815,0.0041999999999999815,0.004000000000000448,0.004000000000000448,0.006811969254164829,0.006811969254164829,0.015082645537269457,0.015082645537269457,0.05822913282682851,0.05822913282682851,0.029482669578198895,0.029482669578198895,0.016511000000000386,0.016511000000000386,0.019947999999998522,0.019947999999998522,0.018419952297525022,0.018419952297525022,0.0008053313998859224,0.0008053313998859224
2025-10-08,2025-10-17,4.2533,4.2565,Naive,4.2533,4.2533,4.25464,4.257564338480679,4.263846801799238,4.309929132826828,4.310178887779131,4.270795,4.2706519999999975,4.275473149688549,4.2593071748309,-0.0031999999999996476,0.0031999999999996476,-0.0031999999999996476,0.0031999999999996476,-0.0018599999999997507,0.0018599999999997507,0.0010643384806794387,0.0010643384806794387,0.0073468017992377455,0.0073468017992377455,0.05342913282682815,0.05342913282682815,0.05367888777913077,0.05367888777913077,0.014294999999999725,0.014294999999999725,0.0141519999999975,0.0141519999999975,0.018973149688549462,0.018973149688549462,0.0028071748308997613,0.0028071748308997613
2025-10-09,2025-10-20,4.2569,4.2396,Naive,4.2569,4.2569,4.25482,4.25744354966601,4.267509438581492,4.309929132826828,4.271361659771268,4.269063999999999,4.273179999999999,4.268999549641799,4.260813922574503,0.01729999999999965,0.01729999999999965,0.01729999999999965,0.01729999999999965,0.015219999999999345,0.015219999999999345,0.01784354966600965,0.01784354966600965,0.027909438581491308,0.027909438581491308,0.07032913282682784,0.07032913282682784,0.031761659771267325,0.031761659771267325,0.029463999999999047,0.029463999999999047,0.03357999999999883,0.03357999999999883,0.029399549641798473,0.029399549641798473,0.021213922574502497,0.021213922574502497
2025-10-10,2025-10-21,4.2583,4.2392,Naive,4.2583,4.2583,4.2553,4.257599267908553,4.267641954222292,4.309929132826828,4.268786562544987,4.267923999999999,4.272346999999998,4.269522382097438,4.260014759374778,0.019099999999999895,0.019099999999999895,0.019099999999999895,0.019099999999999895,0.01609999999999978,0.01609999999999978,0.01839926790855273,0.01839926790855273,0.028441954222291344,0.028441954222291344,0.0707291328268278,0.0707291328268278,0.029586562544986705,0.029586562544986705,0.02872399999999864,0.02872399999999864,0.03314699999999782,0.03314699999999782,0.030322382097438094,0.030322382097438094,0.020814759374777836,0.020814759374777836
2025-10-13,2025-10-22,4.2592,4.2438,Naive,4.2592,4.2592,4.25672,4.257890310106998,4.270177288246878,4.309929132826828,4.214806698392163,4.264520999999998,4.275386,4.271932627016194,4.261718413475058,0.015399999999999636,0.015399999999999636,0.015399999999999636,0.015399999999999636,0.012919999999999376,0.012919999999999376,0.01409031010699735,0.01409031010699735,0.026377288246878017,0.026377288246878017,0.06612913282682786,0.06612913282682786,-0.028993301607837196,0.028993301607837196,0.020720999999997325,0.020720999999997325,0.03158599999999989,0.03158599999999989,0.0281326270161939,0.0281326270161939,0.017918413475057626,0.017918413475057626
2025-10-14,2025-10-23,4.2645,4.2347,Naive,4.2645,4.2645,4.25844,4.259092071905725,4.2747370531537054,4.309929132826828,4.302831691882433,4.272081999999997,4.281183999999999,4.275584458008975,4.265270621273591,0.029799999999999827,0.029799999999999827,0.029799999999999827,0.029799999999999827,0.023740000000000094,0.023740000000000094,0.024392071905724677,0.024392071905724677,0.040037053153705315,0.040037053153705315,0.07522913282682797,0.07522913282682797,0.06813169188243329,0.06813169188243329,0.037381999999996474,0.037381999999996474,0.04648399999999864,0.04648399999999864,0.04088445800897489,0.04088445800897489,0.03057062127359078,0.03057062127359078
2025-10-15,2025-10-24,4.2556,4.2353,Naive,4.2556,4.2556,4.2589,4.258457149741048,4.265198661311224,4.309929132826828,4.312213358180275,4.266207999999999,4.268715999999999,4.266378654125922,4.260350383780441,0.02030000000000065,0.02030000000000065,0.02030000000000065,0.02030000000000065,0.023600000000000065,0.023600000000000065,0.023157149741048322,0.023157149741048322,0.02989866131122465,0.02989866131122465,0.07462913282682848,0.07462913282682848,0.076913358180275,0.076913358180275,0.03090799999999927,0.03090799999999927,0.033415999999999,0.033415999999999,0.031078654125922256,0.031078654125922256,0.025050383780441443,0.025050383780441443
2025-10-16,2025-10-27,4.2517,4.2353,Naive,4.2517,4.2517,4.257859999999999,4.257228577060857,4.259074510310969,4.309929132826828,4.25177525065612,4.267113999999998,4.270456999999998,4.267172608433346,4.256237027766641,0.01639999999999997,0.01639999999999997,0.01639999999999997,0.01639999999999997,0.02255999999999947,0.02255999999999947,0.021928577060857712,0.021928577060857712,0.023774510310969,0.023774510310969,0.07462913282682848,0.07462913282682848,0.016475250656120544,0.016475250656120544,0.03181399999999801,0.03181399999999801,0.035156999999998106,0.035156999999998106,0.03187260843334627,0.03187260843334627,0.020937027766641414,0.020937027766641414
2025-10-17,2025-10-28,4.2565,4.2345,Naive,4.2565,4.2565,4.2575,4.257096108504338,4.264650719646164,4.309929132826828,4.294588656056348,4.265372999999999,4.271647,4.267863221118393,4.255303403198308,0.02200000000000024,0.02200000000000024,0.02200000000000024,0.02200000000000024,0.023000000000000576,0.023000000000000576,0.02259610850433802,0.02259610850433802,0.030150719646163893,0.030150719646163893,0.0754291328268284,0.0754291328268284,0.06008865605634828,0.06008865605634828,0.030872999999999706,0.030872999999999706,0.03714700000000004,0.03714700000000004,0.033363221118393405,0.033363221118393405,0.020803403198308423,0.020803403198308423
2025-10-20,2025-10-29,4.2396,4.2374,Naive,4.2396,4.2396,4.25358,4.253914997867185,4.250943916276938,4.309929132826828,4.195651673362477,4.256067000000001,4.266974000000002,4.262224554497164,4.240111769974314,0.002200000000000202,0.002200000000000202,0.002200000000000202,0.002200000000000202,0.016180000000000305,0.016180000000000305,0.016514997867185244,0.016514997867185244,0.013543916276938184,0.013543916276938184,0.07252913282682805,0.07252913282682805,-0.04174832663752337,0.04174832663752337,0.018667000000000655,0.018667000000000655,0.029574000000001988,0.029574000000001988,0.024824554497164364,0.024824554497164364,0.0027117699743142154,0.0027117699743142154
2025-10-21,2025-10-30,4.2392,4.2425,Naive,4.2392,4.2392,4.24852,4.251239543709515,4.2522092808034655,4.309929132826828,4.273192847802723,4.257141000000001,4.267377000000001,4.267651089689831,4.233620199113012,-0.0032999999999994145,0.0032999999999994145,-0.0032999999999994145,0.0032999999999994145,0.006020000000000358,0.006020000000000358,0.008739543709515019,0.008739543709515019,0.00970928080346578,0.00970928080346578,0.06742913282682839,0.06742913282682839,0.0306928478027233,0.0306928478027233,0.014641000000001014,0.014641000000001014,0.024877000000000926,0.024877000000000926,0.025151089689831707,0.025151089689831707,-0.008879800886988143,0.008879800886988143
2025-10-22,2025-10-31,4.2438,4.2543,Naive,4.2438,4.2438,4.246160000000001,4.249886899398693,4.256349179759114,4.309929132826828,4.276918724810426,4.271149,4.26781,4.2778945664210575,4.240392110586103,-0.01049999999999951,0.01049999999999951,-0.01049999999999951,0.01049999999999951,-0.008139999999999148,0.008139999999999148,-0.004413100601306397,0.004413100601306397,0.002049179759114672,0.002049179759114672,0.055629132826828354,0.055629132826828354,0.02261872481042637,0.02261872481042637,0.016849000000000558,0.016849000000000558,0.013510000000000133,0.013510000000000133,0.023594566421057728,0.023594566421057728,-0.013907889413896868,0.013907889413896868
2025-10-23,2025-11-03,4.2347,4.2527,Naive,4.2347,4.2347,4.2427600000000005,4.247125644962567,4.237371631517293,4.309929132826828,4.2314925158866945,4.246616999999999,4.255585,4.251547445787568,4.233509878507698,-0.017999999999999794,0.017999999999999794,-0.017999999999999794,0.017999999999999794,-0.009939999999999394,0.009939999999999394,-0.005574355037432532,0.005574355037432532,-0.0153283684827068,0.0153283684827068,0.05722913282682818,0.05722913282682818,-0.02120748411330542,0.02120748411330542,-0.006083000000001171,0.006083000000001171,0.0028850000000000264,0.0028850000000000264,-0.0011525542124317667,0.0011525542124317667,-0.019190121492301593,0.019190121492301593
2025-10-24,2025-11-04,4.2353,4.2575,Naive,4.2353,4.2353,4.23852,4.244975527696646,4.239552550250026,4.309929132826828,4.266788649248024,4.252565000000001,4.251348000000001,4.242708372013334,4.230332425520464,-0.022200000000000664,0.022200000000000664,-0.022200000000000664,0.022200000000000664,-0.018979999999999997,0.018979999999999997,-0.012524472303354628,0.012524472303354628,-0.01794744974997453,0.01794744974997453,0.05242913282682782,0.05242913282682782,0.009288649248023972,0.009288649248023972,-0.00493499999999969,0.00493499999999969,-0.006151999999999269,0.006151999999999269,-0.014791627986666,0.014791627986666,-0.027167574479536327,0.027167574479536327
2025-10-27,2025-11-05,4.2353,4.2597,Naive,4.2353,4.2353,4.23766,4.24321634084271,4.240218775208913,4.309929132826828,4.251011108213673,4.2475700000000005,4.251048000000001,4.2431581394630715,4.229451743020362,-0.024399999999999977,0.024399999999999977,-0.024399999999999977,0.024399999999999977,-0.022039999999999615,0.022039999999999615,-0.016483659157289665,0.016483659157289665,-0.019481224791086937,0.019481224791086937,0.050229132826828504,0.050229132826828504,-0.008688891786326813,0.008688891786326813,-0.012129999999999086,0.012129999999999086,-0.008651999999998772,0.008651999999998772,-0.016541860536928077,0.016541860536928077,-0.030248256979637844,0.030248256979637844
2025-10-28,2025-11-06,4.2345,4.2566,Naive,4.2345,4.2345,4.23672,4.241631551598581,4.2397189011253165,4.309929132826828,4.244206088060882,4.245775000000002,4.245035,4.240752989427265,4.22691694802642,-0.02210000000000001,0.02210000000000001,-0.02210000000000001,0.02210000000000001,-0.019879999999999676,0.019879999999999676,-0.014968448401418755,0.014968448401418755,-0.016881098874683254,0.016881098874683254,0.053329132826828385,0.053329132826828385,-0.01239391193911743,0.01239391193911743,-0.010824999999997864,0.010824999999997864,-0.011565000000000047,0.011565000000000047,-0.015847010572734632,0.015847010572734632,-0.029683051973579566,0.029683051973579566
2025-10-29,2025-11-07,4.2374,4.2483,Naive,4.2374,4.2374,4.23544,4.240862178580657,4.241768716778422,4.309929132826828,4.2640922348244,4.254944,4.243698999999999,4.250114801937497,4.228594530449111,-0.010900000000000354,0.010900000000000354,-0.010900000000000354,0.010900000000000354,-0.01286000000000076,0.01286000000000076,-0.007437821419343571,0.007437821419343571,-0.006531283221578477,0.006531283221578477,0.06162913282682769,0.06162913282682769,0.015792234824399287,0.015792234824399287,0.00664399999999965,0.00664399999999965,-0.004601000000000965,0.004601000000000965,0.0018148019374963908,0.0018148019374963908,-0.01970546955088981,0.01970546955088981
2025-10-30,2025-11-10,4.2425,4.2351,Naive,4.2425,4.2425,4.237,4.2411599642932645,4.2421055352251,4.309929132826828,4.2697073767300715,4.266403,4.247102999999999,4.259321511257989,4.236175488146191,0.007399999999999629,0.007399999999999629,0.007399999999999629,0.007399999999999629,0.0019000000000000128,0.0019000000000000128,0.006059964293264386,0.006059964293264386,0.007005535225100168,0.007005535225100168,0.07482913282682802,0.07482913282682802,0.034607376730071415,0.034607376730071415,0.0313030000000003,0.0313030000000003,0.012002999999999098,0.012002999999999098,0.02422151125798866,0.02422151125798866,0.0010754881461911836,0.0010754881461911836
2025-10-31,2025-11-12,4.2543,4.2312,Naive,4.2543,4.2543,4.2408,4.243549061694489,4.2522820615409715,4.309929132826828,4.247033514578461,4.274030999999999,4.254061999999999,4.261179228285622,4.248908201282462,0.023099999999999454,0.023099999999999454,0.023099999999999454,0.023099999999999454,0.009599999999999831,0.009599999999999831,0.012349061694489016,0.012349061694489016,0.021082061540971253,0.021082061540971253,0.07872913282682781,0.07872913282682781,0.015833514578460495,0.015833514578460495,0.04283099999999873,0.04283099999999873,0.02286199999999905,0.02286199999999905,0.029979228285621495,0.029979228285621495,0.017708201282461644,0.017708201282461644
2025-11-03,2025-11-13,4.2527,4.2304,Naive,4.2527,4.2527,4.24428,4.245212868659127,4.259119019809689,4.309929132826828,4.350243408185279,4.270000999999999,4.259921999999998,4.2642948019662885,4.247682989043261,0.022299999999999542,0.022299999999999542,0.022299999999999542,0.022299999999999542,0.013879999999999448,0.013879999999999448,0.014812868659126899,0.014812868659126899,0.028719019809688717,0.028719019809688717,0.07952913282682772,0.07952913282682772,0.11984340818527883,0.11984340818527883,0.03960099999999844,0.03960099999999844,0.029521999999997384,0.029521999999997384,0.033894801966288135,0.033894801966288135,0.01728298904326042,0.01728298904326042
2025-11-04,2025-11-14,4.2575,4.2274,Naive,4.2575,4.2575,4.24888,4.247446892539286,4.265131689476376,4.309929132826828,4.254207331595193,4.266152999999999,4.260455,4.26949092480414,4.254551044769747,0.030100000000000016,0.030100000000000016,0.030100000000000016,0.030100000000000016,0.0214799999999995,0.0214799999999995,0.02004689253928582,0.02004689253928582,0.03773168947637551,0.03773168947637551,0.08252913282682783,0.08252913282682783,0.026807331595192885,0.026807331595192885,0.03875299999999893,0.03875299999999893,0.03305500000000006,0.03305500000000006,0.042090924804139895,0.042090924804139895,0.027151044769746946,0.027151044769746946
2025-11-05,2025-11-17,4.2597,4.2231,Naive,4.2597,4.2597,4.25334,4.249674730259415,4.265755096067545,4.309929132826828,4.3590437810373075,4.270593999999999,4.2651720000000015,4.26906410307435,4.25658328543074,0.036599999999999966,0.036599999999999966,0.036599999999999966,0.036599999999999966,0.030240000000000045,0.030240000000000045,0.026574730259415702,0.026574730259415702,0.042655096067545806,0.042655096067545806,0.08682913282682847,0.08682913282682847,0.13594378103730786,0.13594378103730786,0.04749399999999948,0.04749399999999948,0.042072000000001886,0.042072000000001886,0.045964103074350504,0.045964103074350504,0.03348328543074075,0.03348328543074075
2025-11-06,2025-11-18,4.2566,4.2331,Naive,4.2566,4.2566,4.25616,4.250933870212249,4.262316258455579,4.309929132826828,4.336794637555489,4.271246,4.264531000000001,4.268914021416342,4.254078910608423,0.02349999999999941,0.02349999999999941,0.02349999999999941,0.02349999999999941,0.02306000000000008,0.02306000000000008,0.01783387021224847,0.01783387021224847,0.029216258455578625,0.029216258455578625,0.0768291328268278,0.0768291328268278,0.10369463755548836,0.10369463755548836,0.03814599999999935,0.03814599999999935,0.03143100000000043,0.03143100000000043,0.035814021416341824,0.035814021416341824,0.02097891060842283,0.02097891060842283
2025-11-07,2025-11-19,4.2483,4.2424,Naive,4.2483,4.2483,4.25496,4.250454984719113,4.252843775543878,4.309929132826828,4.359944681778592,4.270751000000001,4.264703000000001,4.271033786011502,4.2461846045075315,0.00590000000000046,0.00590000000000046,0.00590000000000046,0.00590000000000046,0.012559999999999683,0.012559999999999683,0.008054984719112923,0.008054984719112923,0.01044377554387843,0.01044377554387843,0.06752913282682815,0.06752913282682815,0.11754468177859234,0.11754468177859234,0.02835100000000068,0.02835100000000068,0.02230300000000085,0.02230300000000085,0.028633786011502238,0.028633786011502238,0.003784604507531597,0.003784604507531597
2025-11-10,2025-11-20,4.2351,4.2289,Naive,4.2351,4.2351,4.2514400000000006,4.247663169315637,4.244514430426499,4.309929132826828,4.358503880340296,4.246754000000002,4.253455,4.2468163685039855,4.2294351315505745,0.006199999999999761,0.006199999999999761,0.006199999999999761,0.006199999999999761,0.022540000000000227,0.022540000000000227,0.01876316931563693,0.01876316931563693,0.015614430426498238,0.015614430426498238,0.08102913282682778,0.08102913282682778,0.12960388034029524,0.12960388034029524,0.01785400000000159,0.01785400000000159,0.02455499999999944,0.02455499999999944,0.017916368503985147,0.017916368503985147,0.0005351315505741638,0.0005351315505741638
2025-11-12,2025-11-21,4.2312,4.2489,Naive,4.2312,4.2312,4.246180000000001,4.244669865803703,4.242237278557082,4.309929132826828,4.266130134790117,4.242999,4.247964,4.246689580218659,4.224020547279735,-0.017699999999999605,0.017699999999999605,-0.017699999999999605,0.017699999999999605,-0.0027199999999991675,0.0027199999999991675,-0.004230134196296476,0.004230134196296476,-0.00666272144291824,0.00666272144291824,0.0610291328268282,0.0610291328268282,0.01723013479011737,0.01723013479011737,-0.005900999999999712,0.005900999999999712,-0.00093600000000027,0.00093600000000027,-0.0022104197813410664,0.0022104197813410664,-0.02487945272026515,0.02487945272026515
2025-11-13,2025-11-24,4.2304,4.2345,Naive,4.2304,4.2304,4.2403200000000005,4.242075344748485,4.239175895063297,4.309929132826828,4.259018901765582,4.239633000000001,4.2420729999999995,4.235256315356579,4.224432217228368,-0.004099999999999326,0.004099999999999326,-0.004099999999999326,0.004099999999999326,0.0058200000000008245,0.0058200000000008245,0.00757534474848498,0.00757534474848498,0.00467589506329702,0.00467589506329702,0.0754291328268284,0.0754291328268284,0.02451890176558269,0.02451890176558269,0.0051330000000016085,0.0051330000000016085,0.00757299999999983,0.00757299999999983,0.0007563153565790515,0.0007563153565790515,-0.010067782771631784,0.010067782771631784
2025-11-14,2025-11-25,4.2274,4.2301,Naive,4.2274,4.2274,4.23448,4.23940710024876,4.238035134700284,4.309929132826828,4.296385083067854,4.233933000000002,4.233575000000001,4.232310332938408,4.219263401258774,-0.0026999999999999247,0.0026999999999999247,-0.0026999999999999247,0.0026999999999999247,0.004379999999999384,0.004379999999999384,0.009307100248760136,0.009307100248760136,0.00793513470028362,0.00793513470028362,0.07982913282682791,0.07982913282682791,0.06628508306785363,0.06628508306785363,0.0038330000000019737,0.0038330000000019737,0.003475000000000783,0.003475000000000783,0.0022103329384082215,0.0022103329384082215,-0.010836598741225778,0.010836598741225778
2025-11-17,2025-11-26,4.2231,4.233,Naive,4.2231,4.2231,4.229439999999999,4.236442172930803,4.2355316404408905,4.309929132826828,4.239789964797134,4.227448000000002,4.222670000000002,4.231358462352516,4.212946743874827,-0.00990000000000002,0.00990000000000002,-0.00990000000000002,0.00990000000000002,-0.0035600000000002296,0.0035600000000002296,0.003442172930803622,0.003442172930803622,0.0025316404408908255,0.0025316404408908255,0.07692913282682845,0.07692913282682845,0.006789964797134118,0.006789964797134118,-0.005551999999998003,0.005551999999998003,-0.010329999999997952,0.010329999999997952,-0.0016415376474840926,0.0016415376474840926,-0.020053256125172503,0.020053256125172503
2025-11-18,2025-11-27,4.2331,4.227,Naive,4.2331,4.2331,4.22904,4.235834505125203,4.245193285601259,4.309929132826828,4.224844007618011,4.233717000000001,4.229927,4.2376552427110346,4.227817449734318,0.006099999999999994,0.006099999999999994,0.006099999999999994,0.006099999999999994,0.0020400000000000418,0.0020400000000000418,0.008834505125202341,0.008834505125202341,0.018193285601258324,0.018193285601258324,0.08292913282682779,0.08292913282682779,-0.002155992381989158,0.002155992381989158,0.006717000000000972,0.006717000000000972,0.00292699999999968,0.00292699999999968,0.01065524271103424,0.01065524271103424,0.0008174497343178544,0.0008174497343178544
2025-11-19,2025-11-28,4.2424,4.2369,Naive,4.2424,4.2424,4.23128,4.237028231466074,4.2529052465161925,4.309929132826828,4.244272970801514,4.254167,4.235700000000001,4.257595401232689,4.2383586168881315,0.005499999999999616,0.005499999999999616,0.005499999999999616,0.005499999999999616,-0.0056200000000004025,0.0056200000000004025,0.00012823146607399138,0.00012823146607399138,0.016005246516192173,0.016005246516192173,0.07302913282682777,0.07302913282682777,0.0073729708015140005,0.0073729708015140005,0.017266999999999477,0.017266999999999477,-0.0011999999999989797,0.0011999999999989797,0.02069540123268876,0.02069540123268876,0.0014586168881312034,0.0014586168881312034
2025-11-20,2025-12-01,4.2289,4.2286,Naive,4.2289,4.2289,4.230980000000001,4.235550371199516,4.228346203239666,4.309929132826828,4.170581269956093,4.227973000000002,4.223322,4.233093987077319,4.219410807060601,0.000300000000000189,0.000300000000000189,0.000300000000000189,0.000300000000000189,0.002380000000000493,0.002380000000000493,0.006950371199516248,0.006950371199516248,-0.0002537967603339908,0.0002537967603339908,0.08132913282682797,0.08132913282682797,-0.058018730043906785,0.058018730043906785,-0.0006269999999979348,0.0006269999999979348,-0.00527800000000056,0.00527800000000056,0.0044939870773186286,0.0044939870773186286,-0.009189192939398794,0.009189192939398794
2025-11-21,2025-12-02,4.2489,4.239,Naive,4.2489,4.2489,4.23528,4.237977576435967,4.246626388948764,4.309929132826828,4.265687161497052,4.265767,4.240082,4.2489865364257104,4.240899152678908,0.00990000000000002,0.00990000000000002,0.00990000000000002,0.00990000000000002,-0.0037199999999995015,0.0037199999999995015,-0.001022423564032593,0.001022423564032593,0.007626388948763996,0.007626388948763996,0.07092913282682822,0.07092913282682822,0.02668716149705208,0.02668716149705208,0.02676700000000043,0.02676700000000043,0.0010820000000002494,0.0010820000000002494,0.009986536425710568,0.009986536425710568,0.0018991526789085,0.0018991526789085
2025-11-24,2025-12-03,4.2345,4.2312,Naive,4.2345,4.2345,4.23756,4.237345289811246,4.2328010690679,4.309929132826828,4.258290116028194,4.2299169999999995,4.2369569999999985,4.222867055268844,4.232567959218132,0.0032999999999994145,0.0032999999999994145,0.0032999999999994145,0.0032999999999994145,0.006359999999999921,0.006359999999999921,0.006145289811245291,0.006145289811245291,0.0016010690678998074,0.0016010690678998074,0.07872913282682781,0.07872913282682781,0.027090116028193556,0.027090116028193556,-0.0012830000000008113,0.0012830000000008113,0.005756999999998236,0.005756999999998236,-0.008332944731156644,0.008332944731156644,0.001367959218131709,0.001367959218131709
2025-11-25,2025-12-04,4.2301,4.2299,Naive,4.2301,4.2301,4.236960000000001,4.236027964391019,4.228658055062817,4.309929132826828,4.304617783586645,4.234838999999999,4.230872,4.213209331839015,4.225261720035637,0.00020000000000042206,0.00020000000000042206,0.00020000000000042206,0.00020000000000042206,0.007060000000000954,0.007060000000000954,0.006127964391018814,0.006127964391018814,-0.0012419449371829927,0.0012419449371829927,0.08002913282682833,0.08002913282682833,0.07471778358664505,0.07471778358664505,0.004938999999999361,0.004938999999999361,0.0009719999999999729,0.0009719999999999729,-0.016690668160984856,0.016690668160984856,-0.004638279964362724,0.004638279964362724
2025-11-26,2025-12-05,4.233,4.2321,Naive,4.233,4.233,4.235079999999999,4.235477425410833,4.231701037122442,4.309929132826828,4.243910513167701,4.2306550000000005,4.234984000000001,4.221053252728954,4.22623222877859,0.0008999999999996788,0.0008999999999996788,0.0008999999999996788,0.0008999999999996788,0.0029799999999990945,0.0029799999999990945,0.0033774254108331903,0.0033774254108331903,-0.0003989628775578069,0.0003989628775578069,0.07782913282682813,0.07782913282682813,0.011810513167700876,0.011810513167700876,-0.0014449999999994745,0.0014449999999994745,0.002884000000000775,0.002884000000000775,-0.011046747271046264,0.011046747271046264,-0.00586777122140969,0.00586777122140969
2025-11-27,2025-12-08,4.227,4.2289,Naive,4.227,4.227,4.234699999999999,4.233936075336136,4.22205908678742,4.309929132826828,4.155825006657025,4.2270720000000015,4.229334999999998,4.218966875808891,4.224152053407948,-0.0019000000000000128,0.0019000000000000128,-0.0019000000000000128,0.0019000000000000128,0.005799999999998917,0.005799999999998917,0.005036075336136037,0.005036075336136037,-0.006840913212580624,0.006840913212580624,0.08102913282682778,0.08102913282682778,-0.07307499334297507,0.07307499334297507,-0.0018279999999988306,0.0018279999999988306,0.00043499999999774275,0.00043499999999774275,-0.009933124191109144,0.009933124191109144,-0.00474794659205191,0.00474794659205191
2025-11-28,2025-12-09,4.2369,4.234,Naive,4.2369,4.2369,4.2323,4.234474970729566,4.236366364962173,4.309929132826828,4.286562263439476,4.239382000000002,4.239765000000001,4.242132718676356,4.233564948917087,0.0029000000000003467,0.0029000000000003467,0.0029000000000003467,0.0029000000000003467,-0.0016999999999995907,0.0016999999999995907,0.00047497072956570463,0.00047497072956570463,0.0023663649621727956,0.0023663649621727956,0.07592913282682812,0.07592913282682812,0.05256226343947645,0.05256226343947645,0.005382000000001774,0.005382000000001774,0.00576500000000113,0.00576500000000113,0.008132718676356454,0.008132718676356454,-0.000435051082913418,0.000435051082913418
2025-12-01,2025-12-10,4.2286,4.2274,Naive,4.2286,4.2286,4.23112,4.2334067942332805,4.237847816553724,4.309929132826828,4.259352394965404,4.224403000000001,4.229622,4.225352170104638,4.227307392740084,0.0011999999999998678,0.0011999999999998678,0.0011999999999998678,0.0011999999999998678,0.0037199999999995015,0.0037199999999995015,0.0060067942332802104,0.0060067942332802104,0.010447816553723399,0.010447816553723399,0.08252913282682783,0.08252913282682783,0.03195239496540392,0.03195239496540392,-0.0029969999999996944,0.0029969999999996944,0.002221999999999724,0.002221999999999724,-0.002047829895362341,0.002047829895362341,-9.260725991655505e-05,9.260725991655505e-05
2025-12-02,2025-12-11,4.239,4.2284,Naive,4.239,4.239,4.2329,4.23442374073632,4.248141536564728,4.309929132826828,4.275254679405212,4.245838000000001,4.24076,4.243599536924715,4.2363739041635915,0.010600000000000165,0.010600000000000165,0.010600000000000165,0.010600000000000165,0.0045000000000001705,0.0045000000000001705,0.006023740736320171,0.006023740736320171,0.019741536564728435,0.019741536564728435,0.08152913282682839,0.08152913282682839,0.04685467940521271,0.04685467940521271,0.017438000000001175,0.017438000000001175,0.012360000000000149,0.012360000000000149,0.015199536924715318,0.015199536924715318,0.007973904163591783,0.007973904163591783
2025-12-03,2025-12-12,4.2312,4.2271,Naive,4.2312,4.2312,4.23254,4.233837606056989,4.243392557153156,4.309929132826828,4.271028937541482,4.230652000000001,4.231897,4.235308777197196,4.233080832163508,0.004100000000000215,0.004100000000000215,0.004100000000000215,0.004100000000000215,0.005440000000000111,0.005440000000000111,0.00673760605698881,0.00673760605698881,0.016292557153155585,0.016292557153155585,0.08282913282682802,0.08282913282682802,0.04392893754148197,0.04392893754148197,0.0035520000000008878,0.0035520000000008878,0.00479699999999994,0.00479699999999994,0.008208777197196149,0.008208777197196149,0.005980832163507976,0.005980832163507976
2025-12-04,2025-12-15,4.2299,4.2192,Naive,4.2299,4.2299,4.23312,4.23312167768299,4.237887408684326,4.309929132826828,4.220297156570245,4.231908,4.229193,4.220382780742715,4.228496644388738,0.010699999999999932,0.010699999999999932,0.010699999999999932,0.010699999999999932,0.013920000000000599,0.013920000000000599,0.013921677682990463,0.013921677682990463,0.01868740868432628,0.01868740868432628,0.09072913282682826,0.09072913282682826,0.001097156570245339,0.001097156570245339,0.012707999999999942,0.012707999999999942,0.009993000000000585,0.009993000000000585,0.0011827807427149395,0.0011827807427149395,0.009296644388737896,0.009296644388737896
2025-12-05,2025-12-16,4.2321,4.2239,Naive,4.2321,4.2321,4.23216,4.232935918104264,4.23877804380511,4.309929132826828,4.2532597162108186,4.231619,4.232197000000001,4.211056347794478,4.230710680106217,0.008199999999999541,0.008199999999999541,0.008199999999999541,0.008199999999999541,0.008259999999999934,0.008259999999999934,0.00903591810426363,0.00903591810426363,0.014878043805109264,0.014878043805109264,0.08602913282682767,0.08602913282682767,0.02935971621081812,0.02935971621081812,0.007718999999999809,0.007718999999999809,0.008297000000000665,0.008297000000000665,-0.012843652205522638,0.012843652205522638,0.006810680106216438,0.006810680106216438
2025-12-08,2025-12-17,4.2289,4.2149,Naive,4.2289,4.2289,4.23222,4.23220211481258,4.2371942362488015,4.309929132826828,4.227421975450881,4.2190850000000015,4.225789000000002,4.20532301325022,4.2277937067264935,0.014000000000000234,0.014000000000000234,0.014000000000000234,0.014000000000000234,0.01731999999999978,0.01731999999999978,0.017302114812579816,0.017302114812579816,0.022294236248801447,0.022294236248801447,0.09502913282682801,0.09502913282682801,0.012521975450880518,0.012521975450880518,0.004185000000001438,0.004185000000001438,0.01088900000000148,0.01088900000000148,-0.009576986749779692,0.009576986749779692,0.01289370672649337,0.01289370672649337
2025-12-09,2025-12-18,4.234,4.2076,Naive,4.234,4.234,4.23122,4.232529003028475,4.239789252172523,4.309929132826828,4.2666552396801904,4.227717999999999,4.228701000000001,4.220892690818974,4.230272688772233,0.026399999999999757,0.026399999999999757,0.026399999999999757,0.026399999999999757,0.023620000000000196,0.023620000000000196,0.02492900302847456,0.02492900302847456,0.032189252172522664,0.032189252172522664,0.10232913282682787,0.10232913282682787,0.05905523968019022,0.05905523968019022,0.020117999999999192,0.020117999999999192,0.021101000000000703,0.021101000000000703,0.01329269081897344,0.01329269081897344,0.02267268877223305,0.02267268877223305
2025-12-10,2025-12-19,4.2274,4.2094,Naive,4.2274,4.2274,4.230460000000001,4.231596457023297,4.232349720090089,4.309929132826828,4.206311704094148,4.219699,4.226110000000001,4.211922701528094,4.223414270706343,0.018000000000000682,0.018000000000000682,0.018000000000000682,0.018000000000000682,0.02106000000000119,0.02106000000000119,0.022196457023297533,0.022196457023297533,0.022949720090089443,0.022949720090089443,0.10052913282682852,0.10052913282682852,-0.003088295905851801,0.003088295905851801,0.010299000000000724,0.010299000000000724,0.016710000000001557,0.016710000000001557,0.0025227015280941956,0.0025227015280941956,0.01401427070634309,0.01401427070634309
2025-12-11,2025-12-22,4.2284,4.2115,Naive,4.2284,4.2284,4.23016,4.231015283019061,4.230434897406235,4.309929132826828,4.201604617894553,4.222290000000001,4.2167210000000015,4.2181588429873536,4.221080878547095,0.016899999999999693,0.016899999999999693,0.016899999999999693,0.016899999999999693,0.018659999999999677,0.018659999999999677,0.019515283019060803,0.019515283019060803,0.01893489740623533,0.01893489740623533,0.09842913282682808,0.09842913282682808,-0.009895382105447048,0.009895382105447048,0.010790000000000965,0.010790000000000965,0.0052210000000014745,0.0052210000000014745,0.00665884298735353,0.00665884298735353,0.009580878547095217,0.009580878547095217
2025-12-12,2025-12-23,4.2271,4.2274,Naive,4.2271,4.2271,4.22916,4.230303413379231,4.230301023905133,4.309929132826828,4.238867455600721,4.221928,4.216944999999999,4.216570291264803,4.2197504893689946,-0.000300000000000189,0.000300000000000189,-0.000300000000000189,0.000300000000000189,0.0017599999999999838,0.0017599999999999838,0.002903413379231168,0.002903413379231168,0.0029010239051325826,0.0029010239051325826,0.08252913282682783,0.08252913282682783,0.011467455600720378,0.011467455600720378,-0.005472000000000143,0.005472000000000143,-0.010455000000001213,0.010455000000001213,-0.010829708735196952,0.010829708735196952,-0.007649510631005718,0.007649510631005718
2025-12-15,2025-12-29,4.2192,4.2274,Naive,4.2192,4.2192,4.22722,4.228284610946644,4.226179301378525,4.309929132826828,4.281087179411094,4.208075000000001,4.203742,4.2064278291156745,4.211798534948185,-0.00820000000000043,0.00820000000000043,-0.00820000000000043,0.00820000000000043,-0.00018000000000029104,0.00018000000000029104,0.0008846109466436047,0.0008846109466436047,-0.0012206986214753357,0.0012206986214753357,0.08252913282682783,0.08252913282682783,0.05368717941109402,0.05368717941109402,-0.01932499999999937,0.01932499999999937,-0.02365800000000018,0.02365800000000018,-0.02097217088432579,0.02097217088432579,-0.015601465051815033,0.015601465051815033
2025-12-16,2025-12-30,4.2239,4.2293,Naive,4.2239,4.2239,4.2252,4.227487408956345,4.23296482475535,4.309929132826828,4.264939945207896,4.207349000000001,4.203051000000001,4.201086485140142,4.212805670747158,-0.005399999999999849,0.005399999999999849,-0.005399999999999849,0.005399999999999849,-0.004100000000000215,0.004100000000000215,-0.001812591043655054,0.001812591043655054,0.0036648247553499047,0.0036648247553499047,0.08062913282682782,0.08062913282682782,0.03563994520789571,0.03563994520789571,-0.02195099999999961,0.02195099999999961,-0.02624899999999908,0.02624899999999908,-0.028213514859857902,0.028213514859857902,-0.016494329252842554,0.016494329252842554
2025-12-17,2025-12-31,4.2149,4.2267,Naive,4.2149,4.2149,4.222700000000001,4.2251987891461,4.222728179903907,4.309929132826828,4.226682023809239,4.195611,4.196817000000001,4.199578007119582,4.20889731515492,-0.011800000000000033,0.011800000000000033,-0.011800000000000033,0.011800000000000033,-0.0039999999999995595,0.0039999999999995595,-0.0015012108538998703,0.0015012108538998703,-0.003971820096093204,0.003971820096093204,0.08322913282682798,0.08322913282682798,-1.7976190760826682e-05,1.7976190760826682e-05,-0.0310889999999997,0.0310889999999997,-0.029882999999998994,0.029882999999998994,-0.027121992880418055,0.027121992880418055,-0.017802684845079852,0.017802684845079852
2025-12-18,2026-01-02,4.2076,4.2156,Naive,4.2076,4.2076,4.21854,4.221999009301355,4.223068835019258,4.309929132826828,4.206676166614282,4.187558,4.181529,4.201161781086672,4.202349988346356,-0.008000000000000007,0.008000000000000007,-0.008000000000000007,0.008000000000000007,0.0029399999999997206,0.0029399999999997206,0.006399009301354397,0.006399009301354397,0.007468835019257547,0.007468835019257547,0.09432913282682787,0.09432913282682787,-0.008923833385718005,0.008923833385718005,-0.028042000000000122,0.028042000000000122,-0.03407099999999996,0.03407099999999996,-0.014438218913328527,0.014438218913328527,-0.013250011653644478,0.013250011653644478
2025-12-19,2026-01-05,4.2094,4.211,Naive,4.2094,4.2094,4.215000000000001,4.219708280337471,4.223835998294613,4.309929132826828,4.245046244759289,4.194507,4.181454,4.203251602330828,4.202437608822655,-0.001600000000000712,0.001600000000000712,-0.001600000000000712,0.001600000000000712,0.004000000000000448,0.004000000000000448,0.008708280337470953,0.008708280337470953,0.012835998294613127,0.012835998294613127,0.0989291328268278,0.0989291328268278,0.03404624475928841,0.03404624475928841,-0.016493000000000535,0.016493000000000535,-0.02954600000000074,0.02954600000000074,-0.007748397669172569,0.007748397669172569,-0.008562391177345141,0.008562391177345141
2025-12-22,2026-01-07,4.2115,4.2105,Naive,4.2115,4.2115,4.21346,4.218215865730658,4.22740996009279,4.309929132826828,4.35551528068099,4.195076000000001,4.186342,4.1997530329190615,4.204781508565084,0.001000000000000334,0.001000000000000334,0.001000000000000334,0.001000000000000334,0.00296000000000074,0.00296000000000074,0.007715865730657967,0.007715865730657967,0.01690996009279022,0.01690996009279022,0.09942913282682841,0.09942913282682841,0.14501528068099034,0.14501528068099034,-0.01542399999999855,0.01542399999999855,-0.024157999999999902,0.024157999999999902,-0.010746967080938141,0.010746967080938141,-0.005718491434915762,0.005718491434915762
2025-12-23,2026-01-08,4.2274,4.2119,Naive,4.2274,4.2274,4.21416,4.219885708325084,4.243303626429729,4.309929132826828,4.260178320086582,4.201670999999999,4.202702,4.207417173801884,4.217645671748508,0.015500000000000291,0.015500000000000291,0.015500000000000291,0.015500000000000291,0.0022599999999997067,0.0022599999999997067,0.007985708325083607,0.007985708325083607,0.031403626429728604,0.031403626429728604,0.09802913282682812,0.09802913282682812,0.04827832008658195,0.04827832008658195,-0.01022900000000071,0.01022900000000071,-0.009197999999999595,0.009197999999999595,-0.004482826198115575,0.004482826198115575,0.005745671748507597,0.005745671748507597
2025-12-29,2026-01-09,4.2274,4.2127,Naive,4.2274,4.2274,4.21666,4.221251943175068,4.2430290897292355,4.309929132826828,4.229182128284284,4.202598000000001,4.202613999999999,4.204208802685398,4.227827424373162,0.01470000000000038,0.01470000000000038,0.01470000000000038,0.01470000000000038,0.003960000000000186,0.003960000000000186,0.008551943175068466,0.008551943175068466,0.030329089729235648,0.030329089729235648,0.09722913282682821,0.09722913282682821,0.016482128284284414,0.016482128284284414,-0.010101999999998945,0.010101999999998945,-0.01008600000000115,0.01008600000000115,-0.008491197314602239,0.008491197314602239,0.015127424373162057,0.015127424373162057
2025-12-30,2026-01-12,4.2293,4.2097,Naive,4.2293,4.2293,4.221,4.222715226234147,4.245120216732027,4.309929132826828,4.287550834824105,4.2073240000000025,4.203996000000001,4.205307570439598,4.228333919724425,0.019600000000000506,0.019600000000000506,0.019600000000000506,0.019600000000000506,0.01130000000000031,0.01130000000000031,0.013015226234147192,0.013015226234147192,0.03542021673202722,0.03542021673202722,0.10022913282682833,0.10022913282682833,0.0778508348241056,0.0778508348241056,-0.002375999999997269,0.002375999999997269,-0.005703999999998821,0.005703999999998821,-0.004392429560401645,0.004392429560401645,0.018633919724424963,0.018633919724424963
2025-12-31,2026-01-13,4.2267,4.2116,Naive,4.2267,4.2267,4.2244600000000005,4.223439730555211,4.240929115674761,4.309929132826828,4.1010320970095435,4.206401000000001,4.206105,4.206696346029114,4.224498757808836,0.015100000000000335,0.015100000000000335,0.015100000000000335,0.015100000000000335,0.01286000000000076,0.01286000000000076,0.011839730555211148,0.011839730555211148,0.02932911567476104,0.02932911567476104,0.09832913282682831,0.09832913282682831,-0.11056790299045627,0.11056790299045627,-0.005198999999998399,0.005198999999998399,-0.005494999999999806,0.005494999999999806,-0.0049036539708859905,0.0049036539708859905,0.012898757808835981,0.012898757808835981
2026-01-02,2026-01-14,4.2156,4.211,Naive,4.2156,4.2156,4.225280000000001,4.2220143249997175,4.217201990937824,4.309929132826828,4.1469397976986535,4.201986000000001,4.195668000000001,4.196480697442095,4.2146796434873774,0.0045999999999999375,0.0045999999999999375,0.0045999999999999375,0.0045999999999999375,0.014280000000000292,0.014280000000000292,0.011014324999717218,0.011014324999717218,0.006201990937824142,0.006201990937824142,0.0989291328268278,0.0989291328268278,-0.06406020230134679,0.06406020230134679,-0.009013999999999633,0.009013999999999633,-0.015331999999999013,0.015331999999999013,-0.0145193025579049,0.0145193025579049,0.003679643487377149,0.003679643487377149
2026-01-05,2026-01-15,4.211,4.2068,Naive,4.211,4.211,4.222,4.220011720454314,4.216517847037353,4.309929132826828,4.26418540362941,4.192757000000002,4.186328000000003,4.1958611481687695,4.20291217226983,0.0041999999999999815,0.0041999999999999815,0.0041999999999999815,0.0041999999999999815,0.015200000000000102,0.015200000000000102,0.013211720454314069,0.013211720454314069,0.009717847037352456,0.009717847037352456,0.10312913282682779,0.10312913282682779,0.057385403629409915,0.057385403629409915,-0.014042999999998251,0.014042999999998251,-0.02047199999999716,0.02047199999999716,-0.010938851831230778,0.010938851831230778,-0.003887827730170379,0.003887827730170379
2026-01-07,2026-01-16,4.2105,4.2192,Naive,4.2105,4.2105,4.21862,4.218282316735348,4.215178502048524,4.309929132826828,4.226076676602307,4.194042000000001,4.187387000000002,4.195341932901487,4.203520465253233,-0.008700000000000152,0.008700000000000152,-0.008700000000000152,0.008700000000000152,-0.000580000000000247,0.000580000000000247,-0.000917683264652247,0.000917683264652247,-0.004021497951475439,0.004021497951475439,0.09072913282682826,0.09072913282682826,0.0068766766023067305,0.0068766766023067305,-0.02515799999999846,0.02515799999999846,-0.03181299999999787,0.03181299999999787,-0.023858067098513125,0.023858067098513125,-0.01567953474676642,0.01567953474676642
2026-01-08,2026-01-19,4.2119,4.2231,Naive,4.2119,4.2119,4.21514,4.217121895510738,4.215864124780419,4.309929132826828,4.2360643517706915,4.19331,4.186465000000002,4.196526787105284,4.206667316873483,-0.011199999999999655,0.011199999999999655,-0.011199999999999655,0.011199999999999655,-0.007959999999999745,0.007959999999999745,-0.005978104489261504,0.005978104489261504,-0.007235875219580912,0.007235875219580912,0.08682913282682847,0.08682913282682847,0.012964351770691884,0.012964351770691884,-0.029789999999999317,0.029789999999999317,-0.03663499999999775,0.03663499999999775,-0.026573212894716036,0.026573212894716036,-0.016432683126516245,0.016432683126516245
2026-01-09,2026-01-20,4.2127,4.2279,Naive,4.2127,4.2127,4.21234,4.216317914508785,4.21700166382923,4.309929132826828,4.167499619087186,4.1931210000000005,4.187658000000002,4.19594560216212,4.2089675447528325,-0.015200000000000102,0.015200000000000102,-0.015200000000000102,0.015200000000000102,-0.015559999999999796,0.015559999999999796,-0.011582085491214755,0.011582085491214755,-0.010898336170770406,0.010898336170770406,0.08202913282682811,0.08202913282682811,-0.060400380912813745,0.060400380912813745,-0.03477899999999945,0.03477899999999945,-0.040241999999998335,0.040241999999998335,-0.03195439783787979,0.03195439783787979,-0.018932455247167468,0.018932455247167468
2026-01-12,2026-01-21,4.2097,4.2271,Naive,4.2097,4.2097,4.21116,4.215114657325369,4.217336579626701,4.309929132826828,4.201373240375302,4.193317000000002,4.1840860000000015,4.197921327937929,4.203624446782417,-0.017400000000000304,0.017400000000000304,-0.017400000000000304,0.017400000000000304,-0.01594000000000051,0.01594000000000051,-0.011985342674631028,0.011985342674631028,-0.009763420373299248,0.009763420373299248,0.08282913282682802,0.08282913282682802,-0.025726759624697948,0.025726759624697948,-0.0337829999999979,0.0337829999999979,-0.04301399999999855,0.04301399999999855,-0.02917867206207081,0.02917867206207081,-0.02347555321758321,0.02347555321758321
2026-01-13,2026-01-22,4.2116,4.2128,Naive,4.2116,4.2116,4.21128,4.214475628720756,4.220026769427963,4.309929132826828,4.264555748940417,4.192955000000001,4.182102000000002,4.196479937398599,4.206484724554221,-0.0011999999999998678,0.0011999999999998678,-0.0011999999999998678,0.0011999999999998678,-0.0015199999999992997,0.0015199999999992997,0.001675628720755995,0.001675628720755995,0.007226769427963298,0.007226769427963298,0.09712913282682845,0.09712913282682845,0.051755748940417234,0.051755748940417234,-0.019844999999998336,0.019844999999998336,-0.03069799999999745,0.03069799999999745,-0.016320062601400842,0.016320062601400842,-0.006315275445778923,0.006315275445778923
2026-01-14,2026-01-23,4.211,4.205,Naive,4.211,4.211,4.21138,4.213843696226073,4.219845459049513,4.309929132826828,4.270427471871265,4.192948000000001,4.180650000000001,4.194061910193149,4.205266294378279,0.006000000000000227,0.006000000000000227,0.006000000000000227,0.006000000000000227,0.006380000000000052,0.006380000000000052,0.00884369622607295,0.00884369622607295,0.014845459049513288,0.014845459049513288,0.10492913282682803,0.10492913282682803,0.0654274718712653,0.0654274718712653,-0.012051999999998841,0.012051999999998841,-0.024349999999999206,0.024349999999999206,-0.010938089806851181,0.010938089806851181,0.00026629437827896396,0.00026629437827896396
2026-01-15,2026-01-26,4.2068,4.2118,Naive,4.2068,4.2068,4.21036,4.212563024184968,4.213631534867927,4.309929132826828,4.207542528885882,4.184202000000001,4.171633000000001,4.18875748914708,4.1988174087443415,-0.004999999999999893,0.004999999999999893,-0.004999999999999893,0.004999999999999893,-0.001440000000000552,0.001440000000000552,0.0007630241849678754,0.0007630241849678754,0.001831534867926976,0.001831534867926976,0.09812913282682789,0.09812913282682789,-0.0042574711141183386,0.0042574711141183386,-0.027597999999999345,0.027597999999999345,-0.0401669999999994,0.0401669999999994,-0.023042510852920195,0.023042510852920195,-0.012982591255658704,0.012982591255658704
2026-01-16,2026-01-27,4.2192,4.2032,Naive,4.2192,4.2192,4.21166,4.213769747060429,4.222743612682007,4.309929132826828,4.164438109580452,4.19584,4.186874000000001,4.195544914626534,4.2153244097008695,0.016000000000000014,0.016000000000000014,0.016000000000000014,0.016000000000000014,0.008460000000000356,0.008460000000000356,0.010569747060428902,0.010569747060428902,0.019543612682006994,0.019543612682006994,0.10672913282682828,0.10672913282682828,-0.03876189041954792,0.03876189041954792,-0.007360000000000255,0.007360000000000255,-0.01632599999999851,0.01632599999999851,-0.007655085373466264,0.007655085373466264,0.012124409700869698,0.012124409700869698
2026-01-19,2026-01-28,4.2231,4.2009,Naive,4.2231,4.2231,4.21434,4.215466156685805,4.228068933886755,4.309929132826828,4.239482766464875,4.194459000000001,4.1867490000000025,4.1939039451518205,4.221261594031063,0.022199999999999775,0.022199999999999775,0.022199999999999775,0.022199999999999775,0.013440000000000119,0.013440000000000119,0.014566156685805076,0.014566156685805076,0.02716893388675512,0.02716893388675512,0.10902913282682825,0.10902913282682825,0.03858276646487546,0.03858276646487546,-0.006440999999998809,0.006440999999998809,-0.01415099999999736,0.01415099999999736,-0.006996054848179334,0.006996054848179334,0.020361594031062857,0.020361594031062857
2026-01-20,2026-01-29,4.2279,4.2072,Naive,4.2279,4.2279,4.2176,4.217726855470204,4.231356011378197,4.309929132826828,4.236992434762213,4.200890000000001,4.196851000000002,4.198744642658036,4.227319276388706,0.02069999999999972,0.02069999999999972,0.02069999999999972,0.02069999999999972,0.010399999999999743,0.010399999999999743,0.0105268554702036,0.0105268554702036,0.024156011378196673,0.024156011378196673,0.10272913282682783,0.10272913282682783,0.029792434762212494,0.029792434762212494,-0.00630999999999915,0.00630999999999915,-0.010348999999997943,0.010348999999997943,-0.008455357341964564,0.008455357341964564,0.02011927638870592,0.02011927638870592
2026-01-21,2026-01-30,4.2271,4.2131,Naive,4.2271,4.2271,4.220820000000001,4.21943106356653,4.230459198155354,4.309929132826828,4.247418373200577,4.199388000000002,4.201474999999999,4.198315427173611,4.2260290512876235,0.014000000000000234,0.014000000000000234,0.014000000000000234,0.014000000000000234,0.007720000000000837,0.007720000000000837,0.006331063566530126,0.006331063566530126,0.01735919815535425,0.01735919815535425,0.09682913282682826,0.09682913282682826,0.03431837320057696,0.03431837320057696,-0.01371199999999817,0.01371199999999817,-0.01162500000000044,0.01162500000000044,-0.014784572826388676,0.014784572826388676,0.012929051287623672,0.012929051287623672
2026-01-22,2026-02-02,4.2128,4.2106,Naive,4.2128,4.2128,4.22202,4.218225415645343,4.212266918653054,4.309929132826828,4.225654227476336,4.190276000000001,4.186449000000001,4.196650149223341,4.206396012799582,0.0021999999999993136,0.0021999999999993136,0.0021999999999993136,0.0021999999999993136,0.01141999999999932,0.01141999999999932,0.0076254156453430255,0.0076254156453430255,0.0016669186530533509,0.0016669186530533509,0.09932913282682776,0.09932913282682776,0.015054227476335669,0.015054227476335669,-0.020323999999999565,0.020323999999999565,-0.024150999999998923,0.024150999999998923,-0.013949850776659112,0.013949850776659112,-0.004203987200418702,0.004203987200418702
2026-01-23,2026-02-03,4.205,4.2198,Naive,4.205,4.205,4.21918,4.215820794618916,4.20505436944957,4.309929132826828,4.217078498185007,4.184243,4.1733340000000005,4.194730917088182,4.198041499651224,-0.014800000000000146,0.014800000000000146,-0.014800000000000146,0.014800000000000146,-0.000620000000000509,0.000620000000000509,-0.003979205381083872,0.003979205381083872,-0.0147456305504301,0.0147456305504301,0.09012913282682788,0.09012913282682788,-0.00272150181499331,0.00272150181499331,-0.03555699999999984,0.03555699999999984,-0.046465999999999674,0.046465999999999674,-0.025069082911818086,0.025069082911818086,-0.02175850034877591,0.02175850034877591
2026-01-26,2026-02-04,4.2118,4.2241,Naive,4.2118,4.2118,4.21692,4.21508974105184,4.2144531118578294,4.309929132826828,4.314631328412731,4.188512,4.181764,4.201975655921692,4.209181579406542,-0.012299999999999756,0.012299999999999756,-0.012299999999999756,0.012299999999999756,-0.007179999999999964,0.007179999999999964,-0.009010258948159766,0.009010258948159766,-0.009646888142170518,0.009646888142170518,0.08582913282682814,0.08582913282682814,0.09053132841273115,0.09053132841273115,-0.03558799999999973,0.03558799999999973,-0.04233599999999971,0.04233599999999971,-0.022124344078307878,0.022124344078307878,-0.014918420593457604,0.014918420593457604
2026-01-27,2026-02-05,4.2032,4.2175,Naive,4.2032,4.2032,4.2119800000000005,4.212927969951505,4.207550687493543,4.309929132826828,4.17994767232813,4.180055000000002,4.171620000000001,4.195584947144154,4.1960406430323705,-0.014300000000000423,0.014300000000000423,-0.014300000000000423,0.014300000000000423,-0.005519999999999747,0.005519999999999747,-0.004572030048494824,0.004572030048494824,-0.00994931250645692,0.00994931250645692,0.09242913282682785,0.09242913282682785,-0.03755232767186989,0.03755232767186989,-0.037444999999998174,0.037444999999998174,-0.04587999999999948,0.04587999999999948,-0.02191505285584583,0.02191505285584583,-0.021459356967629795,0.021459356967629795
2026-01-28,2026-02-06,4.2009,4.2155,Naive,4.2009,4.2009,4.206739999999999,4.210741066323958,4.207542784086853,4.309929132826828,4.2002768533756,4.179748,4.170266999999999,4.190975156090711,4.1962399063083256,-0.014599999999999724,0.014599999999999724,-0.014599999999999724,0.014599999999999724,-0.008760000000000545,0.008760000000000545,-0.004758933676041188,0.004758933676041188,-0.007957215913146243,0.007957215913146243,0.09442913282682852,0.09442913282682852,-0.015223146624399497,0.015223146624399497,-0.03575199999999956,0.03575199999999956,-0.04523300000000052,0.04523300000000052,-0.024524843909288663,0.024524843909288663,-0.01926009369167403,0.01926009369167403
2026-01-29,2026-02-09,4.2072,4.2142,Naive,4.2072,4.2072,4.205620000000001,4.210097236083239,4.212086921011026,4.309929132826828,4.196757408492694,4.1832210000000005,4.171298999999999,4.19409724374249,4.203699095866892,-0.006999999999999673,0.006999999999999673,-0.006999999999999673,0.006999999999999673,-0.008579999999999366,0.008579999999999366,-0.004102763916760566,0.004102763916760566,-0.0021130789889740598,0.0021130789889740598,0.09572913282682816,0.09572913282682816,-0.017442591507306204,0.017442591507306204,-0.030978999999999424,0.030978999999999424,-0.04290100000000052,0.04290100000000052,-0.02010275625750957,0.02010275625750957,-0.010500904133108335,0.010500904133108335
2026-01-30,2026-02-10,4.2131,4.2148,Naive,4.2131,4.2131,4.2072400000000005,4.210643193159013,4.215964293704254,4.309929132826828,4.16793461795751,4.189865,4.179623000000002,4.19853975476636,4.214545389877668,-0.001700000000000479,0.001700000000000479,-0.001700000000000479,0.001700000000000479,-0.007559999999999789,0.007559999999999789,-0.00415680684098696,0.00415680684098696,0.0011642937042539714,0.0011642937042539714,0.09512913282682778,0.09512913282682778,-0.04686538204249047,0.04686538204249047,-0.02493500000000015,0.02493500000000015,-0.03517699999999824,0.03517699999999824,-0.016260245233640447,0.016260245233640447,-0.0002546101223321884,0.0002546101223321884
2026-02-02,2026-02-11,4.2106,4.2174,Naive,4.2106,4.2106,4.206999999999999,4.210635339857374,4.219749918248118,4.309929132826828,4.223767387996854,4.187905000000001,4.175904000000003,4.196756660044837,4.210845875165356,-0.006799999999999251,0.006799999999999251,-0.006799999999999251,0.006799999999999251,-0.010400000000000631,0.010400000000000631,-0.006764660142625445,0.006764660142625445,0.0023499182481181435,0.0023499182481181435,0.09252913282682851,0.09252913282682851,0.006367387996854212,0.006367387996854212,-0.02949499999999894,0.02949499999999894,-0.04149599999999687,0.04149599999999687,-0.020643339955162432,0.020643339955162432,-0.00655412483464346,0.00655412483464346
2026-02-03,2026-02-12,4.2198,4.2131,Naive,4.2198,4.2198,4.21032,4.212301641701488,4.226462390078798,4.309929132826828,4.207443928398332,4.190816000000002,4.1798740000000025,4.199574711926417,4.225134186017143,0.006700000000000372,0.006700000000000372,0.006700000000000372,0.006700000000000372,-0.0027799999999995606,0.0027799999999995606,-0.0007983582985122695,0.0007983582985122695,0.01336239007879847,0.01336239007879847,0.09682913282682826,0.09682913282682826,-0.005656071601667811,0.005656071601667811,-0.022283999999998194,0.022283999999998194,-0.03322599999999731,0.03322599999999731,-0.01352528807358322,0.01352528807358322,0.0120341860171429,0.0120341860171429
2026-02-04,2026-02-13,4.2241,4.214,Naive,4.2241,4.2241,4.2149600000000005,4.2144467977557625,4.228897254140715,4.309929132826828,4.231533399027523,4.190363000000002,4.182893000000002,4.1992714849037815,4.225485654757448,0.010099999999999554,0.010099999999999554,0.010099999999999554,0.010099999999999554,0.0009600000000000719,0.0009600000000000719,0.0004467977557620628,0.0004467977557620628,0.014897254140714189,0.014897254140714189,0.09592913282682769,0.09592913282682769,0.01753339902752238,0.01753339902752238,-0.02363699999999813,0.02363699999999813,-0.031106999999998663,0.031106999999998663,-0.014728515096218864,0.014728515096218864,0.011485654757447783,0.011485654757447783
2026-02-05,2026-02-16,4.2175,4.208,Naive,4.2175,4.2175,4.217020000000001,4.215001925436533,4.220072838220735,4.309929132826828,4.21120206710704,4.191118000000002,4.184260000000001,4.196007192958924,4.214029980952844,0.009500000000000064,0.009500000000000064,0.009500000000000064,0.009500000000000064,0.009020000000000472,0.009020000000000472,0.007001925436532552,0.007001925436532552,0.012072838220734461,0.012072838220734461,0.10192913282682792,0.10192913282682792,0.003202067107039852,0.003202067107039852,-0.016881999999998065,0.016881999999998065,-0.023739999999999206,0.023739999999999206,-0.01199280704107597,0.01199280704107597,0.006029980952844127,0.006029980952844127
2026-02-06,2026-02-17,4.2155,4.2182,Naive,4.2155,4.2155,4.2175,4.215092484448072,4.216336752275214,4.309929132826828,4.2720785397171035,4.190081000000002,4.1809790000000016,4.199815129338653,4.212396964213306,-0.002700000000000813,0.002700000000000813,-0.002700000000000813,0.002700000000000813,-0.000700000000000145,0.000700000000000145,-0.0031075155519282305,0.0031075155519282305,-0.001863247724786632,0.001863247724786632,0.09172913282682771,0.09172913282682771,0.0538785397171031,0.0538785397171031,-0.02811899999999845,0.02811899999999845,-0.03722099999999884,0.03722099999999884,-0.01838487066134764,0.01838487066134764,-0.005803035786694721,0.005803035786694721
2026-02-09,2026-02-18,4.2142,4.2148,Naive,4.2142,4.2142,4.21822,4.214930214548422,4.216861668984505,4.309929132826828,4.274874840357029,4.188905000000002,4.179620000000002,4.199883886105577,4.209702713228477,-0.000600000000000378,0.000600000000000378,-0.000600000000000378,0.000600000000000378,0.0034199999999993125,0.0034199999999993125,0.0001302145484221029,0.0001302145484221029,0.00206166898450455,0.00206166898450455,0.09512913282682778,0.09512913282682778,0.06007484035702859,0.06007484035702859,-0.025894999999998447,0.025894999999998447,-0.03517999999999866,0.03517999999999866,-0.014916113894423155,0.014916113894423155,-0.005097286771523102,0.005097286771523102
2026-02-10,2026-02-19,4.2148,4.222,Naive,4.2148,4.2148,4.217219999999999,4.214906539175982,4.219314442168725,4.309929132826828,4.213871493923813,4.188659000000001,4.178786000000001,4.198972045462371,4.2126032690491275,-0.007200000000000095,0.007200000000000095,-0.007200000000000095,0.007200000000000095,-0.004780000000001117,0.004780000000001117,-0.007093460824018294,0.007093460824018294,-0.0026855578312749984,0.0026855578312749984,0.08792913282682768,0.08792913282682768,-0.008128506076187314,0.008128506076187314,-0.03334099999999918,0.03334099999999918,-0.043213999999998975,0.043213999999998975,-0.02302795453762929,0.02302795453762929,-0.0093967309508729,0.0093967309508729
2026-02-11,2026-02-20,4.2174,4.2241,Naive,4.2174,4.2174,4.21588,4.21535989568944,4.222210565934364,4.309929132826828,4.24808728747476,4.190009000000001,4.180741,4.1997215958240455,4.218410766419563,-0.006700000000000372,0.006700000000000372,-0.006700000000000372,0.006700000000000372,-0.008219999999999672,0.008219999999999672,-0.008740104310559715,0.008740104310559715,-0.0018894340656361308,0.0018894340656361308,0.08582913282682814,0.08582913282682814,0.02398728747476042,0.02398728747476042,-0.034090999999999205,0.034090999999999205,-0.0433589999999997,0.0433589999999997,-0.024378404175954493,0.024378404175954493,-0.0056892335804370475,0.0056892335804370475
2026-02-12,2026-02-23,4.2131,4.2173,Naive,4.2131,4.2131,4.214999999999999,4.214949005564088,4.217615207654465,4.309929132826828,4.190545490287745,4.184978000000001,4.175636000000003,4.200338477759852,4.212924146455223,-0.0041999999999999815,0.0041999999999999815,-0.0041999999999999815,0.0041999999999999815,-0.002300000000000857,0.002300000000000857,-0.002350994435912135,0.002350994435912135,0.0003152076544647997,0.0003152076544647997,0.09262913282682828,0.09262913282682828,-0.026754509712255015,0.026754509712255015,-0.03232199999999885,0.03232199999999885,-0.04166399999999726,0.04166399999999726,-0.01696152224014824,0.01696152224014824,-0.004375853544776653,0.004375853544776653
2026-02-13,2026-02-24,4.214,4.2193,Naive,4.214,4.214,4.2147,4.21477645909789,4.219958965852813,4.309929132826828,4.27426873202205,4.1890170000000015,4.177138000000001,4.199313898745931,4.215690614325416,-0.005299999999999194,0.005299999999999194,-0.005299999999999194,0.005299999999999194,-0.0045999999999999375,0.0045999999999999375,-0.004523540902109602,0.004523540902109602,0.0006589658528133313,0.0006589658528133313,0.0906291328268285,0.0906291328268285,0.05496873202205066,0.05496873202205066,-0.03028299999999806,0.03028299999999806,-0.04216199999999848,0.04216199999999848,-0.019986101254068522,0.019986101254068522,-0.0036093856745837982,0.0036093856745837982
2026-02-16,2026-02-25,4.208,4.2183,Naive,4.208,4.208,4.21346,4.213544375625546,4.216957723719117,4.309929132826828,4.27045794276729,4.180087000000001,4.168263000000001,4.191245894936321,4.20563819085722,-0.010299999999999976,0.010299999999999976,-0.010299999999999976,0.010299999999999976,-0.004839999999999733,0.004839999999999733,-0.00475562437445376,0.00475562437445376,-0.0013422762808827926,0.0013422762808827926,0.09162913282682794,0.09162913282682794,0.052157942767290244,0.052157942767290244,-0.03821299999999894,0.03821299999999894,-0.05003699999999878,0.05003699999999878,-0.027054105063679224,0.027054105063679224,-0.012661809142779923,0.012661809142779923
2026-02-17,2026-02-26,4.2182,4.2224,Naive,4.2182,4.2182,4.21414,4.214390852784538,4.226572937128472,4.309929132826828,4.226993427873468,4.189776999999999,4.176402000000002,4.201779978770679,4.2195818742912,-0.0041999999999999815,0.0041999999999999815,-0.0041999999999999815,0.0041999999999999815,-0.008259999999999934,0.008259999999999934,-0.00800914721546242,0.00800914721546242,0.004172937128471332,0.004172937128471332,0.08752913282682773,0.08752913282682773,0.004593427873468059,0.004593427873468059,-0.03262300000000096,0.03262300000000096,-0.04599799999999821,0.04599799999999821,-0.020620021229321495,0.020620021229321495,-0.0028181257088002454,0.0028181257088002454
2026-02-18,2026-02-27,4.2148,4.2233,Naive,4.2148,4.2148,4.213620000000001,4.214465243187349,4.223957114824801,4.309929132826828,4.23245469428592,4.187963000000001,4.176736000000003,4.198369835233134,4.216280538976991,-0.00849999999999973,0.00849999999999973,-0.00849999999999973,0.00849999999999973,-0.009679999999999467,0.009679999999999467,-0.008834756812651001,0.008834756812651001,0.0006571148248006864,0.0006571148248006864,0.08662913282682805,0.08662913282682805,0.009154694285919973,0.009154694285919973,-0.035336999999999286,0.035336999999999286,-0.046563999999997385,0.046563999999997385,-0.02493016476686627,0.02493016476686627,-0.007019461023008766,0.007019461023008766
2026-02-19,2026-03-02,4.222,4.2304,Naive,4.222,4.222,4.215400000000001,4.215835198971467,4.22806371765747,4.309929132826828,4.2453412932872165,4.197941000000001,4.187668,4.1889736799470345,4.218053524564455,-0.008399999999999963,0.008399999999999963,-0.008399999999999963,0.008399999999999963,-0.01499999999999968,0.01499999999999968,-0.014564801028533303,0.014564801028533303,-0.0023362823425303603,0.0023362823425303603,0.07952913282682772,0.07952913282682772,0.014941293287216162,0.014941293287216162,-0.03245899999999935,0.03245899999999935,-0.04273199999999999,0.04273199999999999,-0.04142632005296587,0.04142632005296587,-0.012346475435545123,0.012346475435545123
2026-02-20,2026-03-03,4.2241,4.2732,Naive,4.2241,4.2241,4.21742,4.217337890067563,4.228431871918509,4.309929132826828,4.253465302307149,4.1979250000000015,4.1900910000000025,4.187091129528565,4.218948540195154,-0.049100000000000144,0.049100000000000144,-0.049100000000000144,0.049100000000000144,-0.055780000000000385,0.055780000000000385,-0.05586210993243679,0.05586210993243679,-0.044768128081490666,0.044768128081490666,0.03672913282682799,0.03672913282682799,-0.019734697692850744,0.019734697692850744,-0.07527499999999865,0.07527499999999865,-0.08310899999999766,0.08310899999999766,-0.08610887047143478,0.08610887047143478,-0.05425145980484647,0.05425145980484647
2026-02-23,2026-03-04,4.2173,4.2685,Naive,4.2173,4.2173,4.21928,4.21733100096437,4.222043647985968,4.309929132826828,4.305343283940509,4.197105000000002,4.185668000000003,4.186996019232889,4.2172868861166215,-0.05120000000000058,0.05120000000000058,-0.05120000000000058,0.05120000000000058,-0.04922000000000004,0.04922000000000004,-0.05116899903563077,0.05116899903563077,-0.0464563520140322,0.0464563520140322,0.0414291328268277,0.0414291328268277,0.03684328394050862,0.03684328394050862,-0.0713949999999981,0.0713949999999981,-0.08283199999999713,0.08283199999999713,-0.08150398076711163,0.08150398076711163,-0.0512131138833789,0.0512131138833789
2026-02-24,2026-03-05,4.2193,4.2739,Naive,4.2193,4.2193,4.2195,4.217689000789029,4.224655686244658,4.309929132826828,4.248233153421204,4.196563000000001,4.187919000000001,4.187584512381067,4.219474424489204,-0.05460000000000065,0.05460000000000065,-0.05460000000000065,0.05460000000000065,-0.054400000000000226,0.054400000000000226,-0.05621099921097095,0.05621099921097095,-0.04924431375534244,0.04924431375534244,0.03602913282682785,0.03602913282682785,-0.025666846578796587,0.025666846578796587,-0.0773369999999991,0.0773369999999991,-0.08598099999999942,0.08598099999999942,-0.0863154876189336,0.0863154876189336,-0.05442557551079652,0.05442557551079652
2026-02-25,2026-03-06,4.2183,4.2782,Naive,4.2183,4.2183,4.2202,4.21780009155466,4.223106133234829,4.309929132826828,4.240037164746282,4.196267000000001,4.184562000000001,4.1915769951017,4.216403891404051,-0.05989999999999984,0.05989999999999984,-0.05989999999999984,0.05989999999999984,-0.05799999999999983,0.05799999999999983,-0.06039990844533971,0.06039990844533971,-0.05509386676517103,0.05509386676517103,0.0317291328268281,0.0317291328268281,-0.03816283525371844,0.03816283525371844,-0.08193299999999937,0.08193299999999937,-0.09363799999999944,0.09363799999999944,-0.08662300489829988,0.08662300489829988,-0.061796108595949306,0.061796108595949306
2026-02-26,2026-03-09,4.2224,4.2836,Naive,4.2224,4.2224,4.22028,4.218636438544722,4.225707978972135,4.309929132826828,4.216520623186498,4.197925000000001,4.189982000000001,4.192324974351843,4.220455372467628,-0.06119999999999948,0.06119999999999948,-0.06119999999999948,0.06119999999999948,-0.06332000000000004,0.06332000000000004,-0.06496356145527749,0.06496356145527749,-0.057892021027864615,0.057892021027864615,0.02632913282682825,0.02632913282682825,-0.06707937681350185,0.06707937681350185,-0.08567499999999928,0.08567499999999928,-0.09361799999999842,0.09361799999999842,-0.09127502564815693,0.09127502564815693,-0.06314462753237216,0.06314462753237216
2026-02-27,2026-03-10,4.2233,4.2555,Naive,4.2233,4.2233,4.22012,4.219484358809318,4.227540665145846,4.309929132826828,4.230730061771305,4.195634000000001,4.188530000000001,4.189369730756213,4.222176281790751,-0.03219999999999956,0.03219999999999956,-0.03219999999999956,0.03219999999999956,-0.03537999999999997,0.03537999999999997,-0.03601564119068179,0.03601564119068179,-0.02795933485415336,0.02795933485415336,0.054429132826828486,0.054429132826828486,-0.024769938228694777,0.024769938228694777,-0.05986599999999864,0.05986599999999864,-0.06696999999999864,0.06696999999999864,-0.06613026924378662,0.06613026924378662,-0.03332371820924873,0.03332371820924873
2026-03-02,2026-03-11,4.2304,4.274,Naive,4.2304,4.2304,4.22274,4.221469020843987,4.236380949330961,4.309929132826828,4.311162101181406,4.202755000000001,4.194349,4.198678452353816,4.23332430568659,-0.04359999999999964,0.04359999999999964,-0.04359999999999964,0.04359999999999964,-0.05126000000000008,0.05126000000000008,-0.052530979156013125,0.052530979156013125,-0.037619050669039034,0.037619050669039034,0.03592913282682808,0.03592913282682808,0.03716210118140584,0.03716210118140584,-0.07124499999999934,0.07124499999999934,-0.07965100000000014,0.07965100000000014,-0.07532154764618415,0.07532154764618415,-0.04067569431340967,0.04067569431340967
2026-03-03,2026-03-12,4.2732,4.2629,Naive,4.2732,4.2732,4.23352,4.230874653417807,4.278417705570014,4.309929132826828,4.404538433905228,4.271412000000001,4.257616000000001,4.259073233536387,4.296794237701147,0.010299999999999976,0.010299999999999976,0.010299999999999976,0.010299999999999976,-0.02937999999999974,0.02937999999999974,-0.03202534658219314,0.03202534658219314,0.015517705570013973,0.015517705570013973,0.04702913282682797,0.04702913282682797,0.14163843390522768,0.14163843390522768,0.00851200000000052,0.00851200000000052,-0.005283999999998734,0.005283999999998734,-0.0038267664636135734,0.0038267664636135734,0.033894237701146857,0.033894237701146857
2026-03-04,2026-03-13,4.2685,4.2693,Naive,4.2685,4.2685,4.24356,4.23771562552366,4.274665848315708,4.309929132826828,4.235247725123839,4.273439,4.263654000000001,4.262962179019366,4.281276896735894,-0.0007999999999999119,0.0007999999999999119,-0.0007999999999999119,0.0007999999999999119,-0.025739999999999874,0.025739999999999874,-0.031584374476340216,0.031584374476340216,0.005365848315707744,0.005365848315707744,0.040629132826827785,0.040629132826827785,-0.034052274876160915,0.034052274876160915,0.004138999999999449,0.004138999999999449,-0.005645999999999596,0.005645999999999596,-0.006337820980633957,0.006337820980633957,0.011976896735893305,0.011976896735893305
2026-03-05,2026-03-16,4.2739,4.2694,Naive,4.2739,4.2739,4.25386,4.244294602701176,4.276150782991241,4.309929132826828,4.277141932941737,4.275651,4.271764000000001,4.266026666486461,4.290284016575993,0.0045000000000001705,0.0045000000000001705,0.0045000000000001705,0.0045000000000001705,-0.015539999999999665,0.015539999999999665,-0.025105397298823995,0.025105397298823995,0.006750782991240989,0.006750782991240989,0.04052913282682802,0.04052913282682802,0.007741932941736529,0.007741932941736529,0.0062509999999997845,0.0062509999999997845,0.002364000000000921,0.002364000000000921,-0.0033733335135393006,0.0033733335135393006,0.020884016575992703,0.020884016575992703
2026-03-06,2026-03-17,4.2782,4.2666,Naive,4.2782,4.2782,4.26484,4.250459220391871,4.279289478973004,4.309929132826828,4.227413952764827,4.284670999999999,4.274483999999999,4.267531054154581,4.297946274151491,0.01159999999999961,0.01159999999999961,0.01159999999999961,0.01159999999999961,-0.0017599999999999838,0.0017599999999999838,-0.016140779608129208,0.016140779608129208,0.012689478973003432,0.012689478973003432,0.04332913282682771,0.04332913282682771,-0.03918604723517305,0.03918604723517305,0.018070999999998172,0.018070999999998172,0.007883999999998892,0.007883999999998892,0.0009310541545808348,0.0009310541545808348,0.03134627415149094,0.03134627415149094
2026-03-09,2026-03-18,4.2836,4.2613,Naive,4.2836,4.2836,4.27548,4.2564848166842575,4.282253401333165,4.309929132826828,4.295516605272619,4.298354999999997,4.283110999999998,4.273700096322793,4.303132757280136,0.022299999999999542,0.022299999999999542,0.022299999999999542,0.022299999999999542,0.014179999999999637,0.014179999999999637,-0.0048151833157428214,0.0048151833157428214,0.02095340133316448,0.02095340133316448,0.04862913282682779,0.04862913282682779,0.034216605272618494,0.034216605272618494,0.03705499999999695,0.03705499999999695,0.021810999999997804,0.021810999999997804,0.01240009632279282,0.01240009632279282,0.0418327572801358,0.0418327572801358
2026-03-10,2026-03-19,4.2555,4.2782,Naive,4.2555,4.2555,4.27194,4.2563057591053015,4.256178064795197,4.309929132826828,4.333111387098546,4.262052999999998,4.276803,4.2417660764568925,4.271312789540819,-0.022700000000000387,0.022700000000000387,-0.022700000000000387,0.022700000000000387,-0.006260000000000154,0.006260000000000154,-0.02189424089469849,0.02189424089469849,-0.022021935204803,0.022021935204803,0.0317291328268281,0.0317291328268281,0.054911387098545816,0.054911387098545816,-0.01614700000000191,0.01614700000000191,-0.0013969999999998706,0.0013969999999998706,-0.03643392354310748,0.03643392354310748,-0.006887210459180615,0.006887210459180615
2026-03-11,2026-03-20,4.274,4.2768,Naive,4.274,4.274,4.27304,4.259522893813428,4.273050954305846,4.309929132826828,4.2729271992400655,4.286297,4.276737000000001,4.2601867776635745,4.286144028865635,-0.0027999999999996916,0.0027999999999996916,-0.0027999999999996916,0.0027999999999996916,-0.0037599999999997635,0.0037599999999997635,-0.017277106186571523,0.017277106186571523,-0.0037490456941533523,0.0037490456941533523,0.03312913282682839,0.03312913282682839,-0.0038728007599342362,0.0038728007599342362,0.009497000000000533,0.009497000000000533,-6.299999999903605e-05,6.299999999903605e-05,-0.01661322233642526,0.01661322233642526,0.009344028865635678,0.009344028865635678
2026-03-12,2026-03-23,4.2629,4.2867,Naive,4.2629,4.2629,4.27084,4.2601369131200775,4.261701823509149,4.309929132826828,4.239232340632947,4.2692890000000006,4.270196000000002,4.250127571359441,4.278890020643492,-0.0237999999999996,0.0237999999999996,-0.0237999999999996,0.0237999999999996,-0.015859999999999985,0.015859999999999985,-0.02656308687992226,0.02656308687992226,-0.024998176490850454,0.024998176490850454,0.02322913282682837,0.02322913282682837,-0.04746765936705266,0.04746765936705266,-0.017410999999999177,0.017410999999999177,-0.01650399999999763,0.01650399999999763,-0.036572428640559096,0.036572428640559096,-0.007809979356507846,0.007809979356507846
2026-03-13,2026-03-24,4.2693,4.2728,Naive,4.2693,4.2693,4.2690600000000005,4.261802928916427,4.269710898181016,4.309929132826828,4.261691820579879,4.286228,4.277211999999997,4.262761624076223,4.263701355828122,-0.0034999999999998366,0.0034999999999998366,-0.0034999999999998366,0.0034999999999998366,-0.0037399999999996325,0.0037399999999996325,-0.010997071083573395,0.010997071083573395,-0.0030891018189844743,0.0030891018189844743,0.03712913282682795,0.03712913282682795,-0.011108179420121544,0.011108179420121544,0.013428000000000218,0.013428000000000218,0.004411999999996752,0.004411999999996752,-0.01003837592377721,0.01003837592377721,-0.009098644171878334,0.009098644171878334
2026-03-16,2026-03-25,4.2694,4.2692,Naive,4.2694,4.2694,4.266220000000001,4.2631842145679855,4.273864912077076,4.309929132826828,4.288797915447354,4.288887999999998,4.2808059999999974,4.268133977807456,4.283433315297501,0.00020000000000042206,0.00020000000000042206,0.00020000000000042206,0.00020000000000042206,-0.0029799999999990945,0.0029799999999990945,-0.006015785432014198,0.006015785432014198,0.004664912077076089,0.004664912077076089,0.04072913282682844,0.04072913282682844,0.019597915447354453,0.019597915447354453,0.019687999999998596,0.019687999999998596,0.011605999999997785,0.011605999999997785,-0.001066022192543592,0.001066022192543592,0.014233315297500937,0.014233315297500937
2026-03-17,2026-03-26,4.2666,4.271,Naive,4.2666,4.2666,4.26844,4.263805266464715,4.27020878791148,4.309929132826828,4.3556681510454425,4.28433,4.275713999999999,4.268250167436944,4.280626171279057,-0.004399999999999515,0.004399999999999515,-0.004399999999999515,0.004399999999999515,-0.0025599999999998957,0.0025599999999998957,-0.007194733535285103,0.007194733535285103,-0.0007912120885196217,0.0007912120885196217,0.038929132826828194,0.038929132826828194,0.08466815104544256,0.08466815104544256,0.013329999999999842,0.013329999999999842,0.004713999999998997,0.004713999999998997,-0.0027498325630554987,0.0027498325630554987,0.009626171279057516,0.009626171279057516
2026-03-18,2026-03-27,4.2613,4.2858,Naive,4.2613,4.2613,4.2659,4.26334976347113,4.269215346071527,4.309929132826828,4.304741715045657,4.2708819999999985,4.275860000000001,4.268570786975282,4.27525281760229,-0.024499999999999744,0.024499999999999744,-0.024499999999999744,0.024499999999999744,-0.019899999999999807,0.019899999999999807,-0.02245023652887035,0.02245023652887035,-0.01658465392847308,0.01658465392847308,0.024129132826828048,0.024129132826828048,0.018941715045657226,0.018941715045657226,-0.014918000000001541,0.014918000000001541,-0.009939999999999394,0.009939999999999394,-0.01722921302471825,0.01722921302471825,-0.010547182397710131,0.010547182397710131
2026-03-19,2026-03-30,4.2782,4.2832,Naive,4.2782,4.2782,4.268960000000001,4.266049806476379,4.280000410131848,4.309929132826828,4.271329186523083,4.279870999999997,4.284654999999998,4.289145946162769,4.290356884795319,-0.004999999999999893,0.004999999999999893,-0.004999999999999893,0.004999999999999893,-0.014239999999999142,0.014239999999999142,-0.017150193523621127,0.017150193523621127,-0.003199589868152053,0.003199589868152053,0.026729132826828206,0.026729132826828206,-0.011870813476916986,0.011870813476916986,-0.00332900000000258,0.00332900000000258,0.0014549999999982077,0.0014549999999982077,0.005945946162769111,0.005945946162769111,0.007156884795318952,0.007156884795318952
2026-03-20,2026-03-31,4.2768,4.2894,Naive,4.2768,4.2768,4.27046,4.268004387117037,4.276884478763703,4.309929132826828,4.269977257381947,4.2755069999999975,4.285083999999998,4.286714433036504,4.293919037748738,-0.012599999999999945,0.012599999999999945,-0.012599999999999945,0.012599999999999945,-0.018939999999999735,0.018939999999999735,-0.0213956128829631,0.0213956128829631,-0.0125155212362964,0.0125155212362964,0.020529132826828445,0.020529132826828445,-0.01942274261805288,0.01942274261805288,-0.013893000000002154,0.013893000000002154,-0.004316000000001985,0.004316000000001985,-0.0026855669634953117,0.0026855669634953117,0.004519037748738519,0.004519037748738519
2026-03-23,2026-04-01,4.2867,4.2874,Naive,4.2867,4.2867,4.27392,4.271403589459394,4.2914902078183825,4.309929132826828,4.312004378017011,4.282686999999997,4.283283999999999,4.281045635262543,4.303080453799758,-0.000700000000000145,0.000700000000000145,-0.000700000000000145,0.000700000000000145,-0.013479999999999492,0.013479999999999492,-0.0159964105406063,0.0159964105406063,0.004090207818382652,0.004090207818382652,0.022529132826828224,0.022529132826828224,0.02460437801701154,0.02460437801701154,-0.004713000000003298,0.004713000000003298,-0.004116000000000675,0.004116000000000675,-0.006354364737457097,0.006354364737457097,0.015680453799758354,0.015680453799758354
2026-03-24,2026-04-02,4.2728,4.2869,Naive,4.2728,4.2728,4.27516,4.271657482284958,4.276206102669036,4.309929132826828,4.299497515438712,4.272123999999999,4.278188,4.264183485835716,4.299529964967964,-0.014100000000000001,0.014100000000000001,-0.014100000000000001,0.014100000000000001,-0.011740000000000528,0.011740000000000528,-0.015242517715042148,0.015242517715042148,-0.010693897330964042,0.010693897330964042,0.023029132826827947,0.023029132826827947,0.012597515438711682,0.012597515438711682,-0.014776000000001233,0.014776000000001233,-0.008712000000000053,0.008712000000000053,-0.02271651416428444,0.02271651416428444,0.012629964967963758,0.012629964967963758
2026-03-25,2026-04-03,4.2692,4.2776,Naive,4.2692,4.2692,4.27674,4.271210667324056,4.268983632247911,4.309929132826828,4.245682795175057,4.272487999999998,4.270067999999999,4.257394444097287,4.28480541515663,-0.008399999999999963,0.008399999999999963,-0.008399999999999963,0.008399999999999963,-0.0008599999999994168,0.0008599999999994168,-0.006389332675943216,0.006389332675943216,-0.008616367752088294,0.008616367752088294,0.03232913282682848,0.03232913282682848,-0.03191720482494276,0.03191720482494276,-0.005112000000001338,0.005112000000001338,-0.007532000000000316,0.007532000000000316,-0.020205555902713,0.020205555902713,0.007205415156630757,0.007205415156630757
2026-03-26,2026-04-07,4.271,4.2694,Naive,4.271,4.271,4.2753,4.271172364174228,4.272746449566775,4.309929132826828,4.248572828699468,4.272535999999999,4.275098999999998,4.259096456792751,4.29164153398837,0.0015999999999998238,0.0015999999999998238,0.0015999999999998238,0.0015999999999998238,0.005899999999999572,0.005899999999999572,0.0017723641742275476,0.0017723641742275476,0.0033464495667745453,0.0033464495667745453,0.04052913282682802,0.04052913282682802,-0.02082717130053169,0.02082717130053169,0.0031359999999986954,0.0031359999999986954,0.005698999999998122,0.005698999999998122,-0.010303543207249355,0.010303543207249355,0.022241533988370144,0.022241533988370144
2026-03-27,2026-04-08,4.2858,4.2623,Naive,4.2858,4.2858,4.2771,4.273831934324368,4.282325199511795,4.309929132826828,4.247630165436018,4.280802999999998,4.278512999999998,4.268937626087727,4.295921256440978,0.0235000000000003,0.0235000000000003,0.0235000000000003,0.0235000000000003,0.014800000000000146,0.014800000000000146,0.011531934324367832,0.011531934324367832,0.020025199511795044,0.020025199511795044,0.047629132826828346,0.047629132826828346,-0.014669834563981965,0.014669834563981965,0.01850299999999816,0.01850299999999816,0.016212999999997812,0.016212999999997812,0.006637626087727,0.006637626087727,0.03362125644097791,0.03362125644097791
2026-03-30,2026-04-09,4.2832,4.261,Naive,4.2832,4.2832,4.276400000000001,4.2755352189926645,4.2862989446241,4.309929132826828,4.395727625598752,4.280627999999997,4.275999999999998,4.265560157317827,4.307228207606278,0.022199999999999775,0.022199999999999775,0.022199999999999775,0.022199999999999775,0.015400000000000524,0.015400000000000524,0.014535218992664412,0.014535218992664412,0.025298944624100095,0.025298944624100095,0.04892913282682798,0.04892913282682798,0.13472762559875218,0.13472762559875218,0.019627999999997314,0.019627999999997314,0.014999999999997904,0.014999999999997904,0.004560157317826885,0.004560157317826885,0.046228207606278104,0.046228207606278104
2026-03-31,2026-04-10,4.2894,4.2534,Naive,4.2894,4.2894,4.27972,4.278056088266725,4.295308893649265,4.309929132826828,4.2594828824045345,4.288593999999998,4.285257999999998,4.270993666417244,4.298486835451592,0.03599999999999959,0.03599999999999959,0.03599999999999959,0.03599999999999959,0.02632000000000012,0.02632000000000012,0.02465608826672483,0.02465608826672483,0.04190889364926509,0.04190889364926509,0.05652913282682803,0.05652913282682803,0.006082882404534473,0.006082882404534473,0.03519399999999795,0.03519399999999795,0.031857999999997944,0.031857999999997944,0.017593666417243803,0.017593666417243803,0.04508683545159187,0.04508683545159187
2026-04-01,2026-04-13,4.2874,4.2507,Naive,4.2874,4.2874,4.28336,4.2797549813091385,4.289828699766506,4.309929132826828,4.3360080123389935,4.283578,4.291291,4.271576078080869,4.3099219708377525,0.03669999999999973,0.03669999999999973,0.03669999999999973,0.03669999999999973,0.03265999999999991,0.03265999999999991,0.029054981309138306,0.029054981309138306,0.0391286997665059,0.0391286997665059,0.05922913282682796,0.05922913282682796,0.08530801233899332,0.08530801233899332,0.032878000000000185,0.032878000000000185,0.040591000000000044,0.040591000000000044,0.02087607808086922,0.02087607808086922,0.05922197083775238,0.05922197083775238
2026-04-02,2026-04-14,4.2869,4.2436,Naive,4.2869,4.2869,4.2865400000000005,4.281054075616568,4.288557157889134,4.309929132826828,4.233252854257314,4.28902,4.290086,4.283524988652945,4.3023487601270265,0.04330000000000034,0.04330000000000034,0.04330000000000034,0.04330000000000034,0.042940000000000644,0.042940000000000644,0.03745407561656844,0.03745407561656844,0.0449571578891339,0.0449571578891339,0.06632913282682829,0.06632913282682829,-0.010347145742685804,0.010347145742685804,0.045420000000000016,0.045420000000000016,0.046485999999999805,0.046485999999999805,0.03992498865294536,0.03992498865294536,0.05874876012702668,0.05874876012702668
2026-04-03,2026-04-15,4.2776,4.237,Naive,4.2776,4.2776,4.2849,4.280426061868101,4.278553984447599,4.309929132826828,4.239026562028014,4.282061,4.288959000000002,4.272523989529321,4.299486998832695,0.040599999999999525,0.040599999999999525,0.040599999999999525,0.040599999999999525,0.047900000000000276,0.047900000000000276,0.04342606186810105,0.04342606186810105,0.0415539844475985,0.0415539844475985,0.072929132826828,0.072929132826828,0.0020265620280142116,0.0020265620280142116,0.045060999999999574,0.045060999999999574,0.051959000000001865,0.051959000000001865,0.03552398952932112,0.03552398952932112,0.062486998832694596,0.062486998832694596
2026-04-07,2026-04-16,4.2694,4.2411,Naive,4.2694,4.2694,4.28214,4.278421323346628,4.271151361622835,4.309929132826828,4.227898614968628,4.275116999999998,4.286725000000001,4.2710337462669345,4.276690477378686,0.02829999999999977,0.02829999999999977,0.02829999999999977,0.02829999999999977,0.04103999999999974,0.04103999999999974,0.03732132334662808,0.03732132334662808,0.03005136162283506,0.03005136162283506,0.06882913282682779,0.06882913282682779,-0.013201385031372581,0.013201385031372581,0.034016999999997743,0.034016999999997743,0.04562500000000025,0.04562500000000025,0.029933746266934236,0.029933746266934236,0.035590477378685925,0.035590477378685925
2026-04-08,2026-04-17,4.2623,4.2355,Naive,4.2623,4.2623,4.276719999999999,4.275490173647241,4.264742854677834,4.309929132826828,4.266179570163535,4.2678460000000005,4.281673999999999,4.252440802354304,4.277156757924538,0.026799999999999713,0.026799999999999713,0.026799999999999713,0.026799999999999713,0.041219999999999146,0.041219999999999146,0.039990173647241,0.039990173647241,0.029242854677834274,0.029242854677834274,0.07442913282682806,0.07442913282682806,0.030679570163535175,0.030679570163535175,0.03234600000000043,0.03234600000000043,0.04617399999999883,0.04617399999999883,0.01694080235430384,0.01694080235430384,0.041656757924537935,0.041656757924537935
2026-04-09,2026-04-20,4.261,4.2346,Naive,4.261,4.261,4.27144,4.27285559662047,4.2593730848346825,4.309929132826828,4.32150612313186,4.271133,4.279601,4.258710778045105,4.2648363335397255,0.026399999999999757,0.026399999999999757,0.026399999999999757,0.026399999999999757,0.03683999999999976,0.03683999999999976,0.038255596620469845,0.038255596620469845,0.024773084834682102,0.024773084834682102,0.07532913282682774,0.07532913282682774,0.0869061231318593,0.0869061231318593,0.03653299999999948,0.03653299999999948,0.04500100000000007,0.04500100000000007,0.024110778045104198,0.024110778045104198,0.030236333539725102,0.030236333539725102
2026-04-10,2026-04-21,4.2534,4.232,Naive,4.2534,4.2534,4.264740000000001,4.269318215416748,4.252449647522229,4.309929132826828,4.265372203304075,4.2701459999999996,4.2733289999999995,4.2608243019868475,4.251666180947288,0.021399999999999864,0.021399999999999864,0.021399999999999864,0.021399999999999864,0.032740000000000435,0.032740000000000435,0.03731821541674751,0.03731821541674751,0.020449647522228886,0.020449647522228886,0.0779291328268279,0.0779291328268279,0.033372203304074866,0.033372203304074866,0.03814599999999935,0.03814599999999935,0.04132899999999928,0.04132899999999928,0.028824301986847267,0.028824301986847267,0.019666180947288225,0.019666180947288225
2026-04-13,2026-04-22,4.2507,4.2408,Naive,4.2507,4.2507,4.25936,4.265933085340976,4.251720375386565,4.309929132826828,4.176682816536709,4.273630000000001,4.275157000000001,4.2696410617404705,4.2445241472531565,0.00990000000000002,0.00990000000000002,0.00990000000000002,0.00990000000000002,0.01855999999999991,0.01855999999999991,0.02513308534097547,0.02513308534097547,0.010920375386564984,0.010920375386564984,0.06912913282682798,0.06912913282682798,-0.0641171834632912,0.0641171834632912,0.03283000000000058,0.03283000000000058,0.03435700000000086,0.03435700000000086,0.02884106174047041,0.02884106174047041,0.0037241472531563957,0.0037241472531563957
2026-04-14,2026-04-23,4.2436,4.2501,Naive,4.2436,4.2436,4.2542,4.261872524369889,4.248304612087725,4.309929132826828,4.207523867438596,4.27492,4.268533,4.268126642447504,4.239288122589487,-0.00649999999999995,0.00649999999999995,-0.00649999999999995,0.00649999999999995,0.004100000000000215,0.004100000000000215,0.011772524369889403,0.011772524369889403,-0.0017953879122751815,0.0017953879122751815,0.059829132826828335,0.059829132826828335,-0.04257613256140402,0.04257613256140402,0.024820000000000064,0.024820000000000064,0.01843299999999992,0.01843299999999992,0.01802664244750396,0.01802664244750396,-0.010811877410512594,0.010811877410512594
2026-04-15,2026-04-24,4.237,4.2428,Naive,4.237,4.237,4.24914,4.257350247211727,4.242451662649877,4.309929132826828,4.298539489197443,4.251762000000001,4.256335999999999,4.264737912742225,4.223171499228565,-0.005799999999999805,0.005799999999999805,-0.005799999999999805,0.005799999999999805,0.00633999999999979,0.00633999999999979,0.014550247211727374,0.014550247211727374,-0.0003483373501227405,0.0003483373501227405,0.0671291328268282,0.0671291328268282,0.055739489197443426,0.055739489197443426,0.008962000000001247,0.008962000000001247,0.013535999999999326,0.013535999999999326,0.02193791274222523,0.02193791274222523,-0.019628500771434965,0.019628500771434965
2026-04-16,2026-04-27,4.2411,4.2445,Naive,4.2411,4.2411,4.24516,4.254395656809595,4.243825927953988,4.309929132826828,4.297703382521755,4.27116,4.263563,4.277668650540347,4.23296416951401,-0.0034000000000000696,0.0034000000000000696,-0.0034000000000000696,0.0034000000000000696,0.0006599999999998829,0.0006599999999998829,0.009895656809594477,0.009895656809594477,-0.0006740720460127747,0.0006740720460127747,0.06542913282682772,0.06542913282682772,0.053203382521754605,0.053203382521754605,0.026659999999999684,0.026659999999999684,0.019063000000000052,0.019063000000000052,0.03316865054034679,0.03316865054034679,-0.011535830485990495,0.011535830485990495
2026-04-17,2026-04-28,4.2355,4.247,Naive,4.2355,4.2355,4.241580000000001,4.250960082844214,4.236537232821712,4.309929132826828,4.262980255235854,4.244808,4.252832000000001,4.247761223969763,4.227800923217907,-0.011499999999999844,0.011499999999999844,-0.011499999999999844,0.011499999999999844,-0.005419999999999092,0.005419999999999092,0.003960082844214341,0.003960082844214341,-0.010462767178287535,0.010462767178287535,0.06292913282682822,0.06292913282682822,0.015980255235854557,0.015980255235854557,-0.0021919999999999717,0.0021919999999999717,0.0058320000000007255,0.0058320000000007255,0.0007612239697634138,0.0007612239697634138,-0.019199076782093094,0.019199076782093094
2026-04-20,2026-04-29,4.2346,4.2537,Naive,4.2346,4.2346,4.23836,4.247985522327085,4.24001732464213,4.309929132826828,4.244246762605794,4.249209,4.2477469999999995,4.240106464122062,4.225774248919641,-0.019099999999999895,0.019099999999999895,-0.019099999999999895,0.019099999999999895,-0.015340000000000131,0.015340000000000131,-0.005714477672915663,0.005714477672915663,-0.013682675357870266,0.013682675357870266,0.05622913282682784,0.05622913282682784,-0.009453237394206226,0.009453237394206226,-0.004491000000000689,0.004491000000000689,-0.005953000000000763,0.005953000000000763,-0.013593535877938656,0.013593535877938656,-0.02792575108035944,0.02792575108035944
2026-04-21,2026-04-30,4.232,4.2589,Naive,4.232,4.232,4.23604,4.24507906372216,4.235979374205323,4.309929132826828,4.206088541767552,4.241924,4.244645000000002,4.2386398062087975,4.221878449309211,-0.02689999999999948,0.02689999999999948,-0.02689999999999948,0.02689999999999948,-0.02285999999999966,0.02285999999999966,-0.01382093627784009,0.01382093627784009,-0.022920625794676575,0.022920625794676575,0.051029132826828416,0.051029132826828416,-0.052811458232447706,0.052811458232447706,-0.016975999999999658,0.016975999999999658,-0.014254999999997686,0.014254999999997686,-0.02026019379120214,0.02026019379120214,-0.037021550690788274,0.037021550690788274
2026-04-22,2026-05-04,4.2408,4.2544,Naive,4.2408,4.2408,4.236800000000001,4.244301052136312,4.250277057882478,4.309929132826828,4.261918048279291,4.247662,4.248212000000001,4.262643743727517,4.232334436025806,-0.013600000000000279,0.013600000000000279,-0.013600000000000279,0.013600000000000279,-0.017599999999999838,0.017599999999999838,-0.010098947863688146,0.010098947863688146,-0.004122942117522399,0.004122942117522399,0.0555291328268277,0.0555291328268277,0.007518048279290923,0.007518048279290923,-0.006738000000000355,0.006738000000000355,-0.006187999999998972,0.006187999999998972,0.00824374372751624,0.00824374372751624,-0.022065563974194013,0.022065563974194013
2026-04-23,2026-05-05,4.2501,4.2551,Naive,4.2501,4.2501,4.2386,4.245355406293346,4.257670499403625,4.309929132826828,4.274179246083621,4.260975,4.251750999999999,4.260681900136983,4.2432836683959065,-0.004999999999999893,0.004999999999999893,-0.004999999999999893,0.004999999999999893,-0.016499999999999737,0.016499999999999737,-0.009744593706654037,0.009744593706654037,0.0025704994036255258,0.0025704994036255258,0.05482913282682844,0.05482913282682844,0.01907924608362155,0.01907924608362155,0.005875000000000519,0.005875000000000519,-0.0033490000000009346,0.0033490000000009346,0.005581900136983009,0.005581900136983009,-0.011816331604093122,0.011816331604093122
2026-04-24,2026-05-06,4.2428,4.2351,Naive,4.2428,4.2428,4.24006,4.244890786967282,4.249007186308618,4.309929132826828,4.336956533782162,4.252458000000001,4.244724000000002,4.2645678789513,4.238017549682732,0.007699999999999818,0.007699999999999818,0.007699999999999818,0.007699999999999818,0.004959999999999631,0.004959999999999631,0.009790786967282195,0.009790786967282195,0.01390718630861798,0.01390718630861798,0.07482913282682802,0.07482913282682802,0.1018565337821622,0.1018565337821622,0.01735800000000065,0.01735800000000065,0.009624000000002297,0.009624000000002297,0.029467878951299653,0.029467878951299653,0.002917549682732279,0.002917549682732279
2026-04-27,2026-05-07,4.2445,4.2286,Naive,4.2445,4.2445,4.24204,4.244819734791412,4.253424409779296,4.309929132826828,4.244124128291403,4.257434999999997,4.249483000000001,4.2656614659265895,4.238548608133753,0.015900000000000247,0.015900000000000247,0.015900000000000247,0.015900000000000247,0.013440000000000119,0.013440000000000119,0.016219734791412144,0.016219734791412144,0.024824409779295564,0.024824409779295564,0.08132913282682797,0.08132913282682797,0.015524128291402484,0.015524128291402484,0.02883499999999728,0.02883499999999728,0.02088300000000043,0.02088300000000043,0.03706146592658932,0.03706146592658932,0.009948608133752757,0.009948608133752757
2026-04-28,2026-05-08,4.247,4.2284,Naive,4.247,4.247,4.24504,4.245216146647519,4.259232550001458,4.309929132826828,4.26669002396752,4.257238999999999,4.254095,4.263303799402307,4.240148721899925,0.018600000000000172,0.018600000000000172,0.018600000000000172,0.018600000000000172,0.016640000000000654,0.016640000000000654,0.016816146647519403,0.016816146647519403,0.030832550001457903,0.030832550001457903,0.08152913282682839,0.08152913282682839,0.03829002396752035,0.03829002396752035,0.028838999999999615,0.028838999999999615,0.02569500000000069,0.02569500000000069,0.03490379940230692,0.03490379940230692,0.011748721899925485,0.011748721899925485
2026-04-29,2026-05-11,4.2537,4.2386,Naive,4.2537,4.2537,4.24762,4.246758665438879,4.263278290339739,4.309929132826828,4.3179936487908,4.257696999999999,4.255759,4.273197630127758,4.247186387922874,0.015100000000000335,0.015100000000000335,0.015100000000000335,0.015100000000000335,0.009020000000000472,0.009020000000000472,0.008158665438878998,0.008158665438878998,0.024678290339738673,0.024678290339738673,0.07132913282682818,0.07132913282682818,0.07939364879080024,0.07939364879080024,0.019096999999999476,0.019096999999999476,0.01715900000000037,0.01715900000000037,0.03459763012775774,0.03459763012775774,0.008586387922874472,0.008586387922874472
2026-04-30,2026-05-12,4.2589,4.2478,Naive,4.2589,4.2589,4.24938,4.248966180813628,4.268071030957385,4.309929132826828,4.258250808276628,4.25936,4.2535430000000005,4.268746977453822,4.252536613884975,0.011099999999999888,0.011099999999999888,0.011099999999999888,0.011099999999999888,0.001580000000000581,0.001580000000000581,0.0011661808136285146,0.0011661808136285146,0.02027103095738525,0.02027103095738525,0.062129132826828304,0.062129132826828304,0.010450808276628365,0.010450808276628365,0.011560000000000237,0.011560000000000237,0.00574300000000072,0.00574300000000072,0.020946977453822235,0.020946977453822235,0.004736613884975149,0.004736613884975149
2026-05-04,2026-05-13,4.2544,4.2524,Naive,4.2544,4.2544,4.2517000000000005,4.249954147938423,4.260513733264394,4.309929132826828,4.2183932379580975,4.261703999999998,4.261369,4.263264101220643,4.249373935693941,0.002000000000000668,0.002000000000000668,0.002000000000000668,0.002000000000000668,-0.0006999999999992568,0.0006999999999992568,-0.002445852061576659,0.002445852061576659,0.008113733264393908,0.008113733264393908,0.057529132826828366,0.057529132826828366,-0.03400676204190223,0.03400676204190223,0.009303999999998425,0.009303999999998425,0.008969000000000449,0.008969000000000449,0.010864101220643185,0.010864101220643185,-0.0030260643060584513,0.0030260643060584513
2026-05-05,2026-05-14,4.2551,4.2401,Naive,4.2551,4.2551,4.25382,4.250889757404164,4.261618985671204,4.309929132826828,4.281870268215632,4.267662999999999,4.264516000000001,4.273748694627514,4.251905376870005,0.01499999999999968,0.01499999999999968,0.01499999999999968,0.01499999999999968,0.013720000000000176,0.013720000000000176,0.010789757404164213,0.010789757404164213,0.021518985671203694,0.021518985671203694,0.06982913282682812,0.06982913282682812,0.041770268215632456,0.041770268215632456,0.027562999999998894,0.027562999999998894,0.024416000000001326,0.024416000000001326,0.033648694627514075,0.033648694627514075,0.011805376870005269,0.011805376870005269
2026-05-06,2026-05-15,4.2351,4.2489,Naive,4.2351,4.2351,4.2514400000000006,4.248018892421589,4.242886075356961,4.309929132826828,4.297421182011737,4.236762,4.247509,4.258998356320462,4.2159973226514325,-0.013799999999999812,0.013799999999999812,-0.013799999999999812,0.013799999999999812,0.002540000000000653,0.002540000000000653,-0.0008811075784107558,0.0008811075784107558,-0.006013924643038848,0.006013924643038848,0.0610291328268282,0.0610291328268282,0.048521182011737274,0.048521182011737274,-0.012138000000000204,0.012138000000000204,-0.00139099999999992,0.00139099999999992,0.010098356320462187,0.010098356320462187,-0.032902677348567444,0.032902677348567444
2026-05-07,2026-05-18,4.2286,4.2434,Naive,4.2286,4.2286,4.2464200000000005,4.2444881847085725,4.2338359923036615,4.309929132826828,4.271056828470547,4.235491000000001,4.237538,4.259018708890289,4.210605485427489,-0.014800000000000146,0.014800000000000146,-0.014800000000000146,0.014800000000000146,0.0030200000000002447,0.0030200000000002447,0.001088184708572193,0.001088184708572193,-0.009564007696338805,0.009564007696338805,0.06652913282682782,0.06652913282682782,0.027656828470546735,0.027656828470546735,-0.007908999999999722,0.007908999999999722,-0.005862000000000478,0.005862000000000478,0.015618708890288602,0.015618708890288602,-0.0327945145725117,0.0327945145725117
2026-05-08,2026-05-19,4.2284,4.2389,Naive,4.2284,4.2284,4.24032,4.241563060216104,4.23371524674216,4.309929132826828,4.236723066989996,4.233404000000003,4.236528000000002,4.248854085808088,4.211024331595498,-0.010500000000000398,0.010500000000000398,-0.010500000000000398,0.010500000000000398,0.0014199999999995327,0.0014199999999995327,0.002663060216104185,0.002663060216104185,-0.005184753257839958,0.005184753257839958,0.07102913282682799,0.07102913282682799,-0.0021769330100038786,0.0021769330100038786,-0.005495999999997281,0.005495999999997281,-0.0023719999999984864,0.0023719999999984864,0.009954085808088209,0.009954085808088209,-0.027875668404502285,0.027875668404502285
2026-05-11,2026-05-20,4.2386,4.2546,Naive,4.2386,4.2386,4.23716,4.241024321994994,4.246680014028715,4.309929132826828,4.272271659077858,4.246072000000001,4.244030000000001,4.261012449459647,4.228601371280651,-0.016000000000000014,0.016000000000000014,-0.016000000000000014,0.016000000000000014,-0.017439999999999678,0.017439999999999678,-0.013575678005006253,0.013575678005006253,-0.007919985971285293,0.007919985971285293,0.055329132826828165,0.055329132826828165,0.01767165907785806,0.01767165907785806,-0.008527999999999203,0.008527999999999203,-0.010569999999998636,0.010569999999998636,0.0064124494596473625,0.0064124494596473625,-0.025998628719348993,0.025998628719348993
2026-05-12,2026-05-21,4.2478,4.246,Naive,4.2478,4.2478,4.2357,4.242256263450449,4.25632479923827,4.309929132826828,4.279192159513393,4.2719059999999995,4.254893000000002,4.273544935255615,4.241297679708483,0.0017999999999993577,0.0017999999999993577,0.0017999999999993577,0.0017999999999993577,-0.010300000000000864,0.010300000000000864,-0.00374373654955118,0.00374373654955118,0.010324799238269122,0.010324799238269122,0.06392913282682766,0.06392913282682766,0.03319215951339238,0.03319215951339238,0.025905999999999096,0.025905999999999096,0.008893000000001372,0.008893000000001372,0.027544935255614966,0.027544935255614966,-0.0047023202915177365,0.0047023202915177365
2026-05-13,2026-05-22,4.2524,4.2453,Naive,4.2524,4.2524,4.23916,4.244100579186731,4.260818521216517,4.309929132826828,4.267132397328266,4.274778,4.254311,4.27263033391987,4.246424711322031,0.00709999999999944,0.00709999999999944,0.00709999999999944,0.00709999999999944,-0.006140000000000256,0.006140000000000256,-0.0011994208132692918,0.0011994208132692918,0.015518521216516312,0.015518521216516312,0.0646291328268278,0.0646291328268278,0.02183239732826614,0.02183239732826614,0.029478000000000115,0.029478000000000115,0.009011000000000102,0.009011000000000102,0.02733033391986961,0.02733033391986961,0.0011247113220305138,0.0011247113220305138
2026-05-14,2026-05-25,4.2401,4.2352,Naive,4.2401,4.2401,4.241459999999999,4.24337320115278,4.246299490753614,4.309929132826828,4.239315376637071,4.256529,4.2482039999999985,4.260608014876862,4.226140328329215,0.0049000000000001265,0.0049000000000001265,0.0049000000000001265,0.0049000000000001265,0.006259999999999266,0.006259999999999266,0.008173201152779974,0.008173201152779974,0.011099490753614383,0.011099490753614383,0.07472913282682825,0.07472913282682825,0.0041153766370713996,0.0041153766370713996,0.02132899999999971,0.02132899999999971,0.013003999999998683,0.013003999999998683,0.02540801487686206,0.02540801487686206,-0.009059671670784475,0.009059671670784475
2026-05-15,2026-05-26,4.2489,4.2352,Naive,4.2489,4.2489,4.245559999999999,4.244378073670456,4.253954999095944,4.309929132826828,4.234017729014284,4.278471000000001,4.266266000000001,4.276002543838653,4.24520106222091,0.013700000000000045,0.013700000000000045,0.013700000000000045,0.013700000000000045,0.01035999999999948,0.01035999999999948,0.009178073670455866,0.009178073670455866,0.018754999095944136,0.018754999095944136,0.07472913282682825,0.07472913282682825,-0.001182270985715661,0.001182270985715661,0.043271000000000726,0.043271000000000726,0.031066000000000926,0.031066000000000926,0.04080254383865345,0.04080254383865345,0.010001062220910129,0.010001062220910129
2026-05-18,2026-05-27,4.2434,4.2393,Naive,4.2434,4.2434,4.246519999999999,4.244200242094009,4.250491849488154,4.309929132826828,4.2576601217120205,4.2749419999999985,4.266321,4.259530321794296,4.237733244598225,0.004100000000000215,0.004100000000000215,0.004100000000000215,0.004100000000000215,0.007219999999999338,0.007219999999999338,0.004900242094008966,0.004900242094008966,0.011191849488153771,0.011191849488153771,0.07062913282682803,0.07062913282682803,0.018360121712020394,0.018360121712020394,0.0356419999999984,0.0356419999999984,0.027020999999999518,0.027020999999999518,0.020230321794295847,0.020230321794295847,-0.0015667554017753105,0.0015667554017753105
2026-05-19,2026-05-28,4.2389,4.2355,Naive,4.2389,4.2389,4.24474,4.24323656171328,4.246048461077498,4.309929132826828,4.250409805644338,4.252719999999998,4.259861999999999,4.242754165370126,4.233302115578206,0.0034000000000000696,0.0034000000000000696,0.0034000000000000696,0.0034000000000000696,0.009240000000000137,0.009240000000000137,0.007736561713279855,0.007736561713279855,0.010548461077497961,0.010548461077497961,0.07442913282682806,0.07442913282682806,0.014909805644338192,0.014909805644338192,0.017219999999998237,0.017219999999998237,0.024361999999999107,0.024361999999999107,0.007254165370126131,0.007254165370126131,-0.0021978844217942495,0.0021978844217942495
2026-05-20,2026-05-29,4.2546,4.2322,Naive,4.2546,4.2546,4.24518,4.245302641401774,4.2609936259630885,4.309929132826828,4.26458600665423,4.274626000000002,4.273060999999999,4.2665121714371566,4.249423041712033,0.022400000000000198,0.022400000000000198,0.022400000000000198,0.022400000000000198,0.012980000000000658,0.012980000000000658,0.013102641401774306,0.013102641401774306,0.028793625963088765,0.028793625963088765,0.07772913282682836,0.07772913282682836,0.03238600665422986,0.03238600665422986,0.04242600000000252,0.04242600000000252,0.04086099999999959,0.04086099999999959,0.03431217143715681,0.03431217143715681,0.01722304171203337,0.01722304171203337
2026-05-21,2026-06-01,4.246,4.2341,Naive,4.246,4.246,4.24636,4.245429433874179,4.2556154749719575,4.309929132826828,4.268135186285905,4.273298000000002,4.271316,4.2658870998772045,4.247572282248061,0.011900000000000688,0.011900000000000688,0.011900000000000688,0.011900000000000688,0.012260000000000382,0.012260000000000382,0.011329433874179173,0.011329433874179173,0.021515474971957715,0.021515474971957715,0.07582913282682835,0.07582913282682835,0.03403518628590518,0.03403518628590518,0.03919800000000251,0.03919800000000251,0.037215999999999916,0.037215999999999916,0.03178709987720474,0.03178709987720474,0.013472282248061518,0.013472282248061518
2026-05-22,2026-06-02,4.2453,4.2334,Naive,4.2453,4.2453,4.24564,4.24540590044251,4.2574042834669985,4.309929132826828,4.256034600211213,4.275422000000002,4.2699549999999995,4.264312288499614,4.2479745186061475,0.011900000000000688,0.011900000000000688,0.011900000000000688,0.011900000000000688,0.01224000000000025,0.01224000000000025,0.012005900442510153,0.012005900442510153,0.0240042834669989,0.0240042834669989,0.0765291328268285,0.0765291328268285,0.02263460021121322,0.02263460021121322,0.042022000000002,0.042022000000002,0.03655499999999989,0.03655499999999989,0.03091228849961425,0.03091228849961425,0.01457451860614789,0.01457451860614789
2026-05-25,2026-06-03,4.2352,4.2433,Naive,4.2352,4.2352,4.244,4.243550282180235,4.252377008683072,4.309929132826828,4.231696051078722,4.242396,4.258314999999998,4.245983453105327,4.245101462582019,-0.008099999999999774,0.008099999999999774,-0.008099999999999774,0.008099999999999774,0.000700000000000145,0.000700000000000145,0.0002502821802350397,0.0002502821802350397,0.009077008683072485,0.009077008683072485,0.06662913282682847,0.06662913282682847,-0.011603948921277585,0.011603948921277585,-0.0009039999999993498,0.0009039999999993498,0.015014999999998224,0.015014999999998224,0.0026834531053276933,0.0026834531053276933,0.0018014625820192975,0.0018014625820192975
