date,target_date,y_t,true_target,best_model,pred_best,pred_Naive,pred_SMA,pred_EMA,pred_Ridge,pred_ElasticNet,pred_MLPRegressor,pred_RandomForest,pred_ExtraTrees,pred_HistGB,pred_SARIMAX,err_pred_best,abs_err_pred_best,err_pred_Naive,abs_err_pred_Naive,err_pred_SMA,abs_err_pred_SMA,err_pred_EMA,abs_err_pred_EMA,err_pred_Ridge,abs_err_pred_Ridge,err_pred_ElasticNet,abs_err_pred_ElasticNet,err_pred_MLPRegressor,abs_err_pred_MLPRegressor,err_pred_RandomForest,abs_err_pred_RandomForest,err_pred_ExtraTrees,abs_err_pred_ExtraTrees,err_pred_HistGB,abs_err_pred_HistGB,err_pred_SARIMAX,abs_err_pred_SARIMAX
2024-09-02,2025-05-22,4.2812,4.2447,ExtraTrees,4.262054999999998,4.2812,4.2842400000000005,4.283981985291011,4.297496300155974,4.337234307604994,4.304717100482771,4.251327999999998,4.262054999999998,4.24609945630149,4.234067928841697,0.017354999999998455,0.017354999999998455,0.0365000000000002,0.0365000000000002,0.039540000000000575,0.039540000000000575,0.039281985291011345,0.039281985291011345,0.0527963001559737,0.0527963001559737,0.09253430760499448,0.09253430760499448,0.06001710048277076,0.06001710048277076,0.006627999999998302,0.006627999999998302,0.017354999999998455,0.017354999999998455,0.0013994563014900763,0.0013994563014900763,-0.010632071158302558,0.010632071158302558
2024-09-03,2025-05-23,4.2757,4.2541,ExtraTrees,4.269241000000001,4.2757,4.28334,4.282476169783554,4.293139492179459,4.337234307604994,4.469297207991783,4.2532859999999975,4.269241000000001,4.251737106151649,4.216781597321544,0.015141000000000737,0.015141000000000737,0.021599999999999397,0.021599999999999397,0.02923999999999971,0.02923999999999971,0.02837616978355406,0.02837616978355406,0.03903949217945879,0.03903949217945879,0.08313430760499418,0.08313430760499418,0.21519720799178277,0.21519720799178277,-0.000814000000002757,0.000814000000002757,0.015141000000000737,0.015141000000000737,-0.0023628938483515327,0.0023628938483515327,-0.037318402678455875,0.037318402678455875
2024-09-04,2025-05-26,4.2815,4.2514,ExtraTrees,4.270983000000002,4.2815,4.28088,4.282298684368362,4.301705219097252,4.337234307604994,4.519528581106367,4.261349999999998,4.270983000000002,4.246668710989483,4.226858058586173,0.019583000000001682,0.019583000000001682,0.030100000000000016,0.030100000000000016,0.029479999999999507,0.029479999999999507,0.03089868436836163,0.03089868436836163,0.050305219097251275,0.050305219097251275,0.08583430760499411,0.08583430760499411,0.2681285811063665,0.2681285811063665,0.009949999999998127,0.009949999999998127,0.019583000000001682,0.019583000000001682,-0.004731289010517337,0.004731289010517337,-0.02454194141382704,0.02454194141382704
2024-09-05,2025-05-27,4.2717,4.2479,ExtraTrees,4.267594,4.2717,4.27798,4.280371650846841,4.298650405888889,4.337234307604994,4.369542753599708,4.265803999999999,4.267594,4.237505752143127,4.202259065153232,0.019694000000000322,0.019694000000000322,0.023800000000000487,0.023800000000000487,0.030080000000000773,0.030080000000000773,0.03247165084684145,0.03247165084684145,0.05075040588888946,0.05075040588888946,0.08933430760499483,0.08933430760499483,0.12164275359970844,0.12164275359970844,0.017903999999999698,0.017903999999999698,0.019694000000000322,0.019694000000000322,-0.010394247856872596,0.010394247856872596,-0.04564093484676768,0.04564093484676768
2024-09-06,2025-05-28,4.279,4.2447,ExtraTrees,4.283505999999999,4.279,4.27782,4.280122259783779,4.307952664527054,4.337234307604994,4.26238394170485,4.267670999999999,4.283505999999999,4.242658215079794,4.2280150343427945,0.03880599999999923,0.03880599999999923,0.0343,0.0343,0.03312000000000026,0.03312000000000026,0.035422259783779,0.035422259783779,0.06325266452705414,0.06325266452705414,0.09253430760499448,0.09253430760499448,0.017683941704849993,0.017683941704849993,0.022970999999999187,0.022970999999999187,0.03880599999999923,0.03880599999999923,-0.0020417849202063465,0.0020417849202063465,-0.016684965657205453,0.016684965657205453
2024-09-09,2025-05-29,4.2818,4.2369,ExtraTrees,4.275987,4.2818,4.277939999999999,4.280427303459455,4.314607040484174,4.337234307604994,4.348541917727517,4.27041,4.275987,4.241269231880837,4.229992379049204,0.03908699999999943,0.03908699999999943,0.044899999999999274,0.044899999999999274,0.041039999999998855,0.041039999999998855,0.04352730345945499,0.04352730345945499,0.07770704048417354,0.07770704048417354,0.10033430760499407,0.10033430760499407,0.11164191772751675,0.11164191772751675,0.03350999999999971,0.03350999999999971,0.03908699999999943,0.03908699999999943,0.004369231880836821,0.004369231880836821,-0.006907620950796556,0.006907620950796556
2024-09-10,2025-05-30,4.2827,4.2507,ExtraTrees,4.270911000000001,4.2827,4.27934,4.280840521012282,4.314933994876986,4.337234307604994,4.534533768227035,4.284708999999999,4.270911000000001,4.239808196516991,4.2238884116131,0.020211000000000645,0.020211000000000645,0.03200000000000003,0.03200000000000003,0.02864000000000022,0.02864000000000022,0.030140521012281596,0.030140521012281596,0.06423399487698589,0.06423399487698589,0.08653430760499425,0.08653430760499425,0.28383376822703443,0.28383376822703443,0.03400899999999929,0.03400899999999929,0.020211000000000645,0.020211000000000645,-0.010891803483009,0.010891803483009,-0.026811588386900453,0.026811588386900453
2024-09-11,2025-06-02,4.2864,4.2578,ExtraTrees,4.280374,4.2864,4.280320000000001,4.281851335373685,4.322796528352625,4.337234307604994,4.481368351188312,4.280741,4.280374,4.263554279921371,4.222406526800335,0.022574000000000538,0.022574000000000538,0.028600000000000847,0.028600000000000847,0.022520000000000984,0.022520000000000984,0.024051335373685312,0.024051335373685312,0.06499652835262548,0.06499652835262548,0.07943430760499481,0.07943430760499481,0.22356835118831242,0.22356835118831242,0.022941000000000322,0.022941000000000322,0.022574000000000538,0.022574000000000538,0.005754279921371008,0.005754279921371008,-0.03539347319966435,0.03539347319966435
2024-09-12,2025-06-03,4.2986,4.2721,ExtraTrees,4.295297,4.2986,4.2857,4.284896547123924,4.325400151175961,4.337234307604994,4.471421191852438,4.283950000000001,4.295297,4.289575129657831,4.252568446772455,0.02319699999999969,0.02319699999999969,0.026500000000000412,0.026500000000000412,0.013600000000000279,0.013600000000000279,0.012796547123923752,0.012796547123923752,0.053300151175960764,0.053300151175960764,0.06513430760499439,0.06513430760499439,0.19932119185243824,0.19932119185243824,0.011850000000000804,0.011850000000000804,0.02319699999999969,0.02319699999999969,0.017475129657831268,0.017475129657831268,-0.019531553227545295,0.019531553227545295
2024-09-13,2025-06-04,4.2883,4.2778,ExtraTrees,4.294706999999999,4.2883,4.287560000000001,4.285515356737755,4.323699486361006,4.337234307604994,4.447883945368108,4.279883000000001,4.294706999999999,4.274539828301009,4.209921560771388,0.016906999999998895,0.016906999999998895,0.01049999999999951,0.01049999999999951,0.009760000000000879,0.009760000000000879,0.00771535673775503,0.00771535673775503,0.04589948636100605,0.04589948636100605,0.05943430760499435,0.05943430760499435,0.17008394536810822,0.17008394536810822,0.002083000000000723,0.002083000000000723,0.016906999999998895,0.016906999999998895,-0.0032601716989910656,0.0032601716989910656,-0.06787843922861203,0.06787843922861203
2024-09-16,2025-06-05,4.2753,4.2791,ExtraTrees,4.305346000000001,4.2753,4.28626,4.283658019149072,4.312639673952564,4.337234307604994,4.358031460470008,4.283189000000002,4.305346000000001,4.251033490875193,4.194903782950398,0.026246000000001324,0.026246000000001324,-0.0038000000000000256,0.0038000000000000256,0.007160000000000721,0.007160000000000721,0.004558019149071946,0.004558019149071946,0.033539673952564186,0.033539673952564186,0.05813430760499472,0.05813430760499472,0.07893146047000865,0.07893146047000865,0.00408900000000223,0.00408900000000223,0.026246000000001324,0.026246000000001324,-0.028066509124806238,0.028066509124806238,-0.08419621704960178,0.08419621704960178
2024-09-17,2025-06-06,4.2748,4.2881,ExtraTrees,4.292815999999999,4.2748,4.28468,4.282047470212877,4.30654888148922,4.337234307604994,4.450876927306931,4.291450999999999,4.292815999999999,4.249081747952363,4.199158761089316,0.004715999999999276,0.004715999999999276,-0.01330000000000009,0.01330000000000009,-0.0034200000000002007,0.0034200000000002007,-0.006052529787123007,0.006052529787123007,0.018448881489219637,0.018448881489219637,0.049134307604994376,0.049134307604994376,0.16277692730693083,0.16277692730693083,0.0033509999999985496,0.0033509999999985496,0.004715999999999276,0.004715999999999276,-0.039018252047637425,0.039018252047637425,-0.08894123891068428,0.08894123891068428
2024-09-18,2025-06-09,4.2691,4.2772,ExtraTrees,4.295165,4.2691,4.281219999999999,4.279693384719627,4.2990348058923775,4.337234307604994,4.474138631010168,4.306476999999998,4.295165,4.2675471913975,4.1808215793063495,0.01796500000000023,0.01796500000000023,-0.008099999999999774,0.008099999999999774,0.0040199999999996905,0.0040199999999996905,0.002493384719627123,0.002493384719627123,0.02183480589237785,0.02183480589237785,0.06003430760499473,0.06003430760499473,0.19693863101016795,0.19693863101016795,0.029276999999998665,0.029276999999998665,0.01796500000000023,0.01796500000000023,-0.009652808602499618,0.009652808602499618,-0.09637842069365021,0.09637842069365021
2024-09-19,2025-06-10,4.2693,4.2611,ExtraTrees,4.303210000000001,4.2693,4.27536,4.277803678406968,4.296696312202473,4.337234307604994,4.597558585512828,4.311644999999998,4.303210000000001,4.259179540106165,4.203277790312173,0.04211000000000098,0.04211000000000098,0.00820000000000043,0.00820000000000043,0.014260000000000161,0.014260000000000161,0.016703678406968514,0.016703678406968514,0.035596312202472724,0.035596312202472724,0.07613430760499451,0.07613430760499451,0.3364585855128279,0.3364585855128279,0.05054499999999784,0.05054499999999784,0.04211000000000098,0.04211000000000098,-0.001920459893835158,0.001920459893835158,-0.05782220968782692,0.05782220968782692
2024-09-20,2025-06-11,4.2779,4.2643,ExtraTrees,4.305059,4.2779,4.27328,4.277821191423882,4.3046550091050975,4.337234307604994,4.525134586048208,4.322939999999997,4.305059,4.2961603864800075,4.213565460273378,0.040758999999999546,0.040758999999999546,0.01359999999999939,0.01359999999999939,0.008979999999999322,0.008979999999999322,0.013521191423881973,0.013521191423881973,0.04035500910509704,0.04035500910509704,0.07293430760499398,0.07293430760499398,0.2608345860482073,0.2608345860482073,0.05863999999999692,0.05863999999999692,0.040758999999999546,0.040758999999999546,0.03186038648000711,0.03186038648000711,-0.050734539726622785,0.050734539726622785
2024-09-23,2025-06-12,4.2785,4.2631,ExtraTrees,4.2980599999999995,4.2785,4.27392,4.277944611164995,4.308033061545772,4.337234307604994,4.312163850740654,4.324525999999999,4.2980599999999995,4.29913491613277,4.204010557214337,0.03495999999999988,0.03495999999999988,0.015400000000000524,0.015400000000000524,0.010820000000000718,0.010820000000000718,0.014844611164995136,0.014844611164995136,0.04493306154577237,0.04493306154577237,0.07413430760499473,0.07413430760499473,0.049063850740654225,0.049063850740654225,0.06142599999999909,0.06142599999999909,0.03495999999999988,0.03495999999999988,0.036034916132770434,0.036034916132770434,-0.05908944278566253,0.05908944278566253
2024-09-24,2025-06-13,4.2668,4.272,ExtraTrees,4.305807,4.2668,4.27232,4.275918318225905,4.299124597869006,4.337234307604994,4.406225951215332,4.326075999999998,4.305807,4.283558165015821,4.173217790269131,0.033806999999999476,0.033806999999999476,-0.0052000000000003155,0.0052000000000003155,0.00031999999999943185,0.00031999999999943185,0.003918318225904827,0.003918318225904827,0.027124597869005562,0.027124597869005562,0.06523430760499416,0.06523430760499416,0.1342259512153321,0.1342259512153321,0.05407599999999757,0.05407599999999757,0.033806999999999476,0.033806999999999476,0.01155816501582052,0.01155816501582052,-0.09878220973086904,0.09878220973086904
2024-09-25,2025-06-16,4.2634,4.2612,ExtraTrees,4.301083999999999,4.2634,4.271179999999999,4.273642260366649,4.296488997787223,4.337234307604994,4.5157080188822025,4.326112999999999,4.301083999999999,4.2591898559698205,4.14751163324504,0.03988399999999892,0.03988399999999892,0.002200000000000202,0.002200000000000202,0.009979999999999656,0.009979999999999656,0.012442260366649194,0.012442260366649194,0.03528899778722305,0.03528899778722305,0.07603430760499474,0.07603430760499474,0.25450801888220287,0.25450801888220287,0.06491299999999978,0.06491299999999978,0.03988399999999892,0.03988399999999892,-0.002010144030179184,0.002010144030179184,-0.11368836675495952,0.11368836675495952
2024-09-26,2025-06-17,4.2665,4.275,ExtraTrees,4.299945,4.2665,4.270619999999999,4.272343667572713,4.295533755450415,4.337234307604994,4.48315012202,4.323019999999998,4.299945,4.270800737571284,4.133392040306061,0.024944999999999773,0.024944999999999773,-0.008500000000000618,0.008500000000000618,-0.004380000000001161,0.004380000000001161,-0.0026563324272874667,0.0026563324272874667,0.02053375545041458,0.02053375545041458,0.062234307604994044,0.062234307604994044,0.20815012201999927,0.20815012201999927,0.04801999999999751,0.04801999999999751,0.024944999999999773,0.024944999999999773,-0.004199262428715933,0.004199262428715933,-0.14160795969393902,0.14160795969393902
2024-09-27,2025-06-18,4.2761,4.2717,ExtraTrees,4.311969000000001,4.2761,4.27026,4.273026637104946,4.30471539583897,4.337234307604994,4.314020486652827,4.333569000000001,4.311969000000001,4.275005220542906,4.206332596715889,0.04026900000000122,0.04026900000000122,0.004399999999999515,0.004399999999999515,-0.0014399999999996638,0.0014399999999996638,0.0013266371049462933,0.0013266371049462933,0.033015395838970285,0.033015395838970285,0.06553430760499435,0.06553430760499435,0.04232048665282662,0.04232048665282662,0.06186900000000062,0.06186900000000062,0.04026900000000122,0.04026900000000122,0.003305220542905829,0.003305220542905829,-0.06536740328411117,0.06536740328411117
2024-09-30,2025-06-20,4.2791,4.2709,ExtraTrees,4.316794000000001,4.2791,4.270379999999999,4.274130884904047,4.30460458366797,4.337234307604994,4.514722262437496,4.3157429999999986,4.316794000000001,4.276260068428115,4.220617803862639,0.045894000000000545,0.045894000000000545,0.008199999999999541,0.008199999999999541,-0.0005200000000007421,0.0005200000000007421,0.0032308849040472154,0.0032308849040472154,0.033704583667970134,0.033704583667970134,0.06633430760499426,0.06633430760499426,0.2438222624374955,0.2438222624374955,0.04484299999999841,0.04484299999999841,0.045894000000000545,0.045894000000000545,0.0053600684281152056,0.0053600684281152056,-0.050282196137360735,0.050282196137360735
2024-10-01,2025-06-23,4.2846,4.2727,ExtraTrees,4.306143,4.2846,4.27394,4.276034360376038,4.29893598719386,4.337234307604994,4.375548021594462,4.322121999999999,4.306143,4.271772615616893,4.22135440616389,0.03344299999999922,0.03344299999999922,0.0118999999999998,0.0118999999999998,0.0012399999999992417,0.0012399999999992417,0.003334360376037182,0.003334360376037182,0.026235987193859778,0.026235987193859778,0.06453430760499401,0.06453430760499401,0.10284802159446205,0.10284802159446205,0.04942199999999897,0.04942199999999897,0.03344299999999922,0.03344299999999922,-0.0009273843831074657,0.0009273843831074657,-0.05134559383611048,0.05134559383611048
2024-10-02,2025-06-24,4.2952,4.2604,ExtraTrees,4.318321999999998,4.2952,4.2803,4.279519022125848,4.2992363502765905,4.337234307604994,4.301844389717568,4.321681999999999,4.318321999999998,4.305594356440628,4.233485022037235,0.0579219999999987,0.0579219999999987,0.03480000000000061,0.03480000000000061,0.019900000000000695,0.019900000000000695,0.019119022125848595,0.019119022125848595,0.038836350276590714,0.038836350276590714,0.07683430760499466,0.07683430760499466,0.0414443897175687,0.0414443897175687,0.06128199999999939,0.06128199999999939,0.0579219999999987,0.0579219999999987,0.045194356440628525,0.045194356440628525,-0.026914977962764652,0.026914977962764652
2024-10-03,2025-06-25,4.299,4.2479,ExtraTrees,4.3151589999999995,4.299,4.2868,4.283061018102966,4.298348164158667,4.337234307604994,4.477291737055949,4.319993999999998,4.3151589999999995,4.299073944782277,4.229931504027299,0.06725899999999996,0.06725899999999996,0.05110000000000081,0.05110000000000081,0.03890000000000082,0.03890000000000082,0.03516101810296668,0.03516101810296668,0.050448164158667375,0.050448164158667375,0.08933430760499483,0.08933430760499483,0.22939173705594929,0.22939173705594929,0.0720939999999981,0.0720939999999981,0.06725899999999996,0.06725899999999996,0.05117394478227766,0.05117394478227766,-0.017968495972700893,0.017968495972700893
2024-10-04,2025-06-26,4.313,4.2479,ExtraTrees,4.300339999999999,4.313,4.29418,4.2885044693569725,4.307958172561943,4.337234307604994,4.309847847098681,4.322924000000001,4.300339999999999,4.2803037611318455,4.25017158955045,0.05243999999999982,0.05243999999999982,0.06510000000000016,0.06510000000000016,0.04628000000000032,0.04628000000000032,0.04060446935697293,0.04060446935697293,0.060058172561943124,0.060058172561943124,0.08933430760499483,0.08933430760499483,0.06194784709868184,0.06194784709868184,0.07502400000000176,0.07502400000000176,0.05243999999999982,0.05243999999999982,0.032403761131845954,0.032403761131845954,0.0022715895504505923,0.0022715895504505923
2024-10-07,2025-06-27,4.3185,4.2362,ExtraTrees,4.315192,4.3185,4.30206,4.293958202201159,4.308413232571901,4.337234307604994,4.462096951487415,4.322824000000001,4.315192,4.286115501661042,4.2564963953969945,0.07899199999999951,0.07899199999999951,0.08230000000000004,0.08230000000000004,0.06585999999999981,0.06585999999999981,0.05775820220115868,0.05775820220115868,0.07221323257190093,0.07221323257190093,0.10103430760499421,0.10103430760499421,0.22589695148741473,0.22589695148741473,0.08662400000000048,0.08662400000000048,0.07899199999999951,0.07899199999999951,0.04991550166104197,0.04991550166104197,0.02029639539699435,0.02029639539699435
2024-10-08,2025-06-30,4.3203,4.2419,ExtraTrees,4.3149619999999995,4.3203,4.3092,4.298747619982766,4.316723152570601,4.337234307604994,4.452259264337221,4.321761000000001,4.3149619999999995,4.292602334872143,4.258320793039761,0.0730619999999993,0.0730619999999993,0.07839999999999936,0.07839999999999936,0.06729999999999947,0.06729999999999947,0.056847619982765885,0.056847619982765885,0.0748231525706009,0.0748231525706009,0.09533430760499417,0.09533430760499417,0.21035926433722096,0.21035926433722096,0.07986100000000107,0.07986100000000107,0.0730619999999993,0.0730619999999993,0.05070233487214271,0.05070233487214271,0.016420793039761072,0.016420793039761072
2024-10-09,2025-07-01,4.3026,4.2415,ExtraTrees,4.327049000000002,4.3026,4.31068,4.299448052713172,4.3181334233844675,4.337234307604994,4.4211534919389495,4.316427000000001,4.327049000000002,4.3059849963823345,4.237176498171013,0.0855490000000021,0.0855490000000021,0.06109999999999971,0.06109999999999971,0.06917999999999935,0.06917999999999935,0.05794805271317216,0.05794805271317216,0.07663342338446721,0.07663342338446721,0.09573430760499413,0.09573430760499413,0.1796534919389492,0.1796534919389492,0.07492700000000063,0.07492700000000063,0.0855490000000021,0.0855490000000021,0.06448499638233418,0.06448499638233418,-0.004323501828987553,0.004323501828987553
2024-10-10,2025-07-02,4.3029,4.25,ExtraTrees,4.325478000000001,4.3029,4.311459999999999,4.300075679492595,4.321702447051699,4.337234307604994,4.670864985192098,4.338211,4.325478000000001,4.304718509905909,4.242637346250971,0.07547800000000127,0.07547800000000127,0.05290000000000017,0.05290000000000017,0.061459999999999404,0.061459999999999404,0.05007567949259517,0.05007567949259517,0.07170244705169893,0.07170244705169893,0.0872343076049944,0.0872343076049944,0.4208649851920976,0.4208649851920976,0.08821100000000026,0.08821100000000026,0.07547800000000127,0.07547800000000127,0.054718509905908874,0.054718509905908874,-0.00736265374902878,0.00736265374902878
2024-10-11,2025-07-03,4.2926,4.2634,ExtraTrees,4.330574,4.2926,4.30738,4.298716465039396,4.318730392657199,4.337234307604994,4.571305463768378,4.3410720000000005,4.330574,4.326732792820791,4.244049065495014,0.06717400000000051,0.06717400000000051,0.029200000000000337,0.029200000000000337,0.04398000000000035,0.04398000000000035,0.03531646503939623,0.03531646503939623,0.05533039265719886,0.05533039265719886,0.07383430760499454,0.07383430760499454,0.30790546376837824,0.30790546376837824,0.07767200000000063,0.07767200000000063,0.06717400000000051,0.06717400000000051,0.06333279282079118,0.06333279282079118,-0.019350934504985595,0.019350934504985595
2024-10-14,2025-07-04,4.2928,4.2515,ExtraTrees,4.3402509999999985,4.2928,4.30224,4.297640744123142,4.317149112347388,4.337234307604994,4.590948549878613,4.341300000000001,4.3402509999999985,4.321740844079369,4.269756350248104,0.08875099999999847,0.08875099999999847,0.04129999999999967,0.04129999999999967,0.05074000000000023,0.05074000000000023,0.04614074412314206,0.04614074412314206,0.0656491123473879,0.0656491123473879,0.08573430760499434,0.08573430760499434,0.33944854987861284,0.33944854987861284,0.08980000000000121,0.08980000000000121,0.08875099999999847,0.08875099999999847,0.07024084407936915,0.07024084407936915,0.018256350248104347,0.018256350248104347
2024-10-15,2025-07-07,4.2913,4.2524,ExtraTrees,4.342104000000001,4.2913,4.29644,4.296487881555298,4.31252561054366,4.337234307604994,4.4017036732445405,4.353726999999999,4.342104000000001,4.318223984085208,4.263553643216858,0.08970400000000112,0.08970400000000112,0.038899999999999935,0.038899999999999935,0.04403999999999986,0.04403999999999986,0.0440878815552983,0.0440878815552983,0.06012561054366028,0.06012561054366028,0.08483430760499466,0.08483430760499466,0.14930367324454075,0.14930367324454075,0.1013269999999995,0.1013269999999995,0.08970400000000112,0.08970400000000112,0.06582398408520795,0.06582398408520795,0.011153643216858633,0.011153643216858633
2024-10-16,2025-07-08,4.2955,4.2455,ExtraTrees,4.35242,4.2955,4.295019999999999,4.296308266727062,4.3147676034315445,4.337234307604994,4.573838126970933,4.360016,4.35242,4.327711530320396,4.253786036438775,0.10692000000000057,0.10692000000000057,0.04999999999999982,0.04999999999999982,0.04951999999999934,0.04951999999999934,0.050808266727061735,0.050808266727061735,0.0692676034315447,0.0692676034315447,0.09173430760499457,0.09173430760499457,0.3283381269709329,0.3283381269709329,0.11451600000000006,0.11451600000000006,0.10692000000000057,0.10692000000000057,0.08221153032039652,0.08221153032039652,0.008286036438775568,0.008286036438775568
2024-10-17,2025-07-09,4.3174,4.2399,ExtraTrees,4.359243000000001,4.3174,4.29792,4.300143127322141,4.326249036887032,4.337234307604994,4.7186953700890095,4.337525,4.359243000000001,4.324749453682413,4.2844678237278675,0.11934300000000153,0.11934300000000153,0.07750000000000057,0.07750000000000057,0.05802000000000085,0.05802000000000085,0.0602431273221411,0.0602431273221411,0.08634903688703233,0.08634903688703233,0.09733430760499484,0.09733430760499484,0.47879537008900996,0.47879537008900996,0.09762500000000074,0.09762500000000074,0.11934300000000153,0.11934300000000153,0.08484945368241359,0.08484945368241359,0.04456782372786794,0.04456782372786794
2024-10-18,2025-07-10,4.3048,4.2464,ExtraTrees,4.345589,4.3048,4.30036,4.300989831445388,4.323505714603228,4.337234307604994,4.510698774087989,4.3541750000000015,4.345589,4.320537975642671,4.260599743737146,0.09918899999999997,0.09918899999999997,0.058399999999999785,0.058399999999999785,0.05396000000000001,0.05396000000000001,0.054589831445387205,0.054589831445387205,0.07710571460322768,0.07710571460322768,0.090834307604994,0.090834307604994,0.2642987740879885,0.2642987740879885,0.10777500000000106,0.10777500000000106,0.09918899999999997,0.09918899999999997,0.074137975642671,0.074137975642671,0.014199743737145276,0.014199743737145276
2024-10-21,2025-07-11,4.3178,4.2563,ExtraTrees,4.348066000000001,4.3178,4.305359999999999,4.304046225728044,4.330177359688783,4.337234307604994,4.5164021110391595,4.365381000000002,4.348066000000001,4.332580374730312,4.295187965032346,0.09176600000000068,0.09176600000000068,0.061499999999999666,0.061499999999999666,0.04905999999999899,0.04905999999999899,0.047746225728043434,0.047746225728043434,0.07387735968878228,0.07387735968878228,0.08093430760499398,0.08093430760499398,0.26010211103915903,0.26010211103915903,0.10908100000000154,0.10908100000000154,0.09176600000000068,0.09176600000000068,0.07628037473031135,0.07628037473031135,0.038887965032345484,0.038887965032345484
2024-10-22,2025-07-14,4.3159,4.2614,ExtraTrees,4.3557950000000005,4.3159,4.3102800000000006,4.306201457413854,4.331727951503592,4.337234307604994,4.454747936912917,4.372383000000001,4.3557950000000005,4.344932887432998,4.309834013446526,0.09439500000000045,0.09439500000000045,0.05449999999999999,0.05449999999999999,0.04888000000000048,0.04888000000000048,0.044801457413853996,0.044801457413853996,0.07032795150359217,0.07032795150359217,0.07583430760499432,0.07583430760499432,0.19334793691291718,0.19334793691291718,0.11098300000000094,0.11098300000000094,0.09439500000000045,0.09439500000000045,0.08353288743299814,0.08353288743299814,0.04843401344652598,0.04843401344652598
2024-10-23,2025-07-15,4.3344,4.2538,ExtraTrees,4.350784000000002,4.3344,4.31806,4.311328465156789,4.338724104379771,4.337234307604994,4.621932969206062,4.355658,4.350784000000002,4.336163900573121,4.345645816945454,0.09698400000000174,0.09698400000000174,0.08059999999999956,0.08059999999999956,0.06425999999999998,0.06425999999999998,0.05752846515678911,0.05752846515678911,0.0849241043797706,0.0849241043797706,0.08343430760499437,0.08343430760499437,0.3681329692060622,0.3681329692060622,0.101858,0.101858,0.09698400000000174,0.09698400000000174,0.08236390057312093,0.08236390057312093,0.09184581694545368,0.09184581694545368
2024-10-24,2025-07-16,4.3396,4.2585,ExtraTrees,4.364532000000002,4.3396,4.3225,4.316468744219191,4.339243662868761,4.337234307604994,4.716842211685068,4.360121000000001,4.364532000000002,4.355929016393873,4.354700163976256,0.10603200000000257,0.10603200000000257,0.08110000000000017,0.08110000000000017,0.06400000000000006,0.06400000000000006,0.05796874421919096,0.05796874421919096,0.08074366286876167,0.08074366286876167,0.07873430760499467,0.07873430760499467,0.4583422116850686,0.4583422116850686,0.10162100000000152,0.10162100000000152,0.10603200000000257,0.10603200000000257,0.09742901639387291,0.09742901639387291,0.09620016397625619,0.09620016397625619
2024-10-25,2025-07-17,4.3533,4.2559,ExtraTrees,4.376012000000002,4.3533,4.332199999999999,4.323165336179338,4.348813983309857,4.337234307604994,4.577839645733973,4.344028,4.376012000000002,4.412932532125902,4.362406815491094,0.12011200000000244,0.12011200000000244,0.09740000000000038,0.09740000000000038,0.07629999999999981,0.07629999999999981,0.0672653361793385,0.0672653361793385,0.09291398330985778,0.09291398330985778,0.08133430760499483,0.08133430760499483,0.3219396457339734,0.3219396457339734,0.0881280000000002,0.0881280000000002,0.12011200000000244,0.12011200000000244,0.1570325321259025,0.1570325321259025,0.10650681549109464,0.10650681549109464
2024-10-28,2025-07-18,4.3478,4.2509,ExtraTrees,4.388474000000001,4.3478,4.3382,4.327644365964913,4.340037439837589,4.337234307604994,4.508210831856787,4.332504,4.388474000000001,4.4032059858011445,4.348052248764029,0.13757400000000164,0.13757400000000164,0.09690000000000065,0.09690000000000065,0.08729999999999993,0.08729999999999993,0.07674436596491319,0.07674436596491319,0.08913743983758948,0.08913743983758948,0.08633430760499472,0.08633430760499472,0.2573108318567874,0.2573108318567874,0.08160400000000045,0.08160400000000045,0.13757400000000164,0.13757400000000164,0.15230598580114485,0.15230598580114485,0.09715224876402928,0.09715224876402928
2024-10-29,2025-07-21,4.3542,4.2445,ExtraTrees,4.372379000000001,4.3542,4.34586,4.332472663062201,4.347515147533997,4.337234307604994,4.53954020426406,4.34188,4.372379000000001,4.382030841548561,4.3670694100427365,0.12787900000000096,0.12787900000000096,0.10969999999999924,0.10969999999999924,0.10135999999999967,0.10135999999999967,0.08797266306220042,0.08797266306220042,0.10301514753399665,0.10301514753399665,0.09273430760499402,0.09273430760499402,0.2950402042640592,0.2950402042640592,0.09737999999999936,0.09737999999999936,0.12787900000000096,0.12787900000000096,0.13753084154856055,0.13753084154856055,0.12256941004273614,0.12256941004273614
2024-10-30,2025-07-22,4.335,4.2531,ExtraTrees,4.372883000000002,4.335,4.345979999999999,4.332932178869073,4.33699144801917,4.337234307604994,4.508767066881895,4.348711999999999,4.372883000000002,4.380070080546584,4.335769216615904,0.11978300000000175,0.11978300000000175,0.08190000000000008,0.08190000000000008,0.09287999999999919,0.09287999999999919,0.07983217886907301,0.07983217886907301,0.0838914480191697,0.0838914480191697,0.08413430760499452,0.08413430760499452,0.25566706688189544,0.25566706688189544,0.09561199999999914,0.09561199999999914,0.11978300000000175,0.11978300000000175,0.12697008054658454,0.12697008054658454,0.08266921661590398,0.08266921661590398
2024-10-31,2025-07-23,4.353,4.2544,ExtraTrees,4.387633000000001,4.353,4.348660000000001,4.33658087362015,4.346938127619427,4.337234307604994,4.70666874811412,4.336405,4.387633000000001,4.372960169776914,4.382837938909839,0.1332330000000006,0.1332330000000006,0.09859999999999935,0.09859999999999935,0.09426000000000023,0.09426000000000023,0.0821808736201497,0.0821808736201497,0.09253812761942637,0.09253812761942637,0.082834307604994,0.082834307604994,0.4522687481141192,0.4522687481141192,0.08200499999999966,0.08200499999999966,0.1332330000000006,0.1332330000000006,0.11856016977691386,0.11856016977691386,0.12843793890983868,0.12843793890983868
2024-11-04,2025-07-24,4.3443,4.2514,ExtraTrees,4.391389,4.3443,4.34686,4.337984351143759,4.339096816117457,4.337234307604994,4.475500542847296,4.343843,4.391389,4.3613157670239,4.378246695965439,0.13998899999999992,0.13998899999999992,0.09289999999999932,0.09289999999999932,0.0954600000000001,0.0954600000000001,0.08658435114375873,0.08658435114375873,0.0876968161174565,0.0876968161174565,0.08583430760499411,0.08583430760499411,0.22410054284729597,0.22410054284729597,0.09244299999999939,0.09244299999999939,0.13998899999999992,0.13998899999999992,0.10991576702389949,0.10991576702389949,0.12684669596543863,0.12684669596543863
2024-11-05,2025-07-25,4.3607,4.2544,ExtraTrees,4.396361,4.3607,4.34944,4.342114469117621,4.344698923887054,4.337234307604994,4.538153648423514,4.338928999999999,4.396361,4.40291171385432,4.395809817818932,0.14196099999999934,0.14196099999999934,0.10629999999999917,0.10629999999999917,0.09504000000000001,0.09504000000000001,0.08771446911762038,0.08771446911762038,0.09029892388705374,0.09029892388705374,0.082834307604994,0.082834307604994,0.2837536484235139,0.2837536484235139,0.08452899999999897,0.08452899999999897,0.14196099999999934,0.14196099999999934,0.14851171385431972,0.14851171385431972,0.14140981781893203,0.14140981781893203
2024-11-06,2025-07-28,4.3662,4.2565,ExtraTrees,4.387861,4.3662,4.35184,4.346493656550781,4.34338105847751,4.337234307604994,4.315637696262299,4.33282,4.387861,4.379034283082529,4.404821013760487,0.13136100000000006,0.13136100000000006,0.10970000000000013,0.10970000000000013,0.0953400000000002,0.0953400000000002,0.08999365655078062,0.08999365655078062,0.08688105847750993,0.08688105847750993,0.08073430760499445,0.08073430760499445,0.059137696262299144,0.059137696262299144,0.07631999999999994,0.07631999999999994,0.13136100000000006,0.13136100000000006,0.1225342830825289,0.1225342830825289,0.14832101376048712,0.14832101376048712
2024-11-07,2025-07-29,4.3431,4.2737,ExtraTrees,4.384401999999999,4.3431,4.35346,4.345876628087002,4.331722580504658,4.337234307604994,4.269088027515763,4.332016999999999,4.384401999999999,4.403448336719386,4.374762044733406,0.11070199999999897,0.11070199999999897,0.0693999999999999,0.0693999999999999,0.07976000000000028,0.07976000000000028,0.07217662808700176,0.07217662808700176,0.05802258050465792,0.05802258050465792,0.06353430760499457,0.06353430760499457,-0.004611972484236837,0.004611972484236837,0.05831699999999884,0.05831699999999884,0.11070199999999897,0.11070199999999897,0.1297483367193859,0.1297483367193859,0.10106204473340608,0.10106204473340608
2024-11-08,2025-07-30,4.3244,4.2732,ExtraTrees,4.389009999999998,4.3244,4.34774,4.341971786616638,4.326730318376314,4.337234307604994,4.307409195037365,4.341413999999999,4.389009999999998,4.374226515499387,4.345055079989194,0.11580999999999797,0.11580999999999797,0.05119999999999969,0.05119999999999969,0.07453999999999983,0.07453999999999983,0.06877178661663752,0.06877178661663752,0.05353031837631406,0.05353031837631406,0.06403430760499429,0.06403430760499429,0.03420919503736464,0.03420919503736464,0.06821399999999933,0.06821399999999933,0.11580999999999797,0.11580999999999797,0.10102651549938724,0.10102651549938724,0.07185507998919416,0.07185507998919416
2024-11-12,2025-07-31,4.357,4.2661,ExtraTrees,4.381671,4.357,4.35028,4.344704189049976,4.343372442001502,4.337234307604994,4.2981999945074465,4.342622,4.381671,4.372480672980977,4.400562000471448,0.11557100000000009,0.11557100000000009,0.09090000000000042,0.09090000000000042,0.08417999999999992,0.08417999999999992,0.07860418904997601,0.07860418904997601,0.07727244200150185,0.07727244200150185,0.07113430760499462,0.07113430760499462,0.032099994507446716,0.032099994507446716,0.07652200000000065,0.07652200000000065,0.11557100000000009,0.11557100000000009,0.10638067298097731,0.10638067298097731,0.13446200047144785,0.13446200047144785
2024-11-13,2025-08-01,4.3416,4.2813,ExtraTrees,4.3834019999999985,4.3416,4.34646,4.344139791040889,4.333612369084879,4.337234307604994,4.422681568638214,4.333189,4.3834019999999985,4.365758584516849,4.366501796806916,0.10210199999999858,0.10210199999999858,0.0602999999999998,0.0602999999999998,0.06516000000000055,0.06516000000000055,0.0628397910408891,0.0628397910408891,0.052312369084878796,0.052312369084878796,0.055934307604994515,0.055934307604994515,0.14138156863821383,0.14138156863821383,0.051889000000000074,0.051889000000000074,0.10210199999999858,0.10210199999999858,0.08445858451684884,0.08445858451684884,0.08520179680691609,0.08520179680691609
2024-11-14,2025-08-04,4.3365,4.2734,ExtraTrees,4.390587999999999,4.3365,4.34052,4.342750738124363,4.33150317046008,4.337234307604994,4.1901459584733125,4.342677000000002,4.390587999999999,4.360454148393874,4.354952229793279,0.11718799999999963,0.11718799999999963,0.06310000000000038,0.06310000000000038,0.06712000000000007,0.06712000000000007,0.06935073812436343,0.06935073812436343,0.05810317046008073,0.05810317046008073,0.06383430760499476,0.06383430760499476,-0.08325404152668714,0.08325404152668714,0.06927700000000225,0.06927700000000225,0.11718799999999963,0.11718799999999963,0.08705414839387426,0.08705414839387426,0.08155222979327892,0.08155222979327892
2024-11-15,2025-08-05,4.3198,4.2763,ExtraTrees,4.385754000000002,4.3198,4.33586,4.338577876647205,4.327785263177766,4.337234307604994,4.2356979568834285,4.328586,4.385754000000002,4.360387869156388,4.319033001745148,0.10945400000000216,0.10945400000000216,0.04349999999999987,0.04349999999999987,0.05956000000000028,0.05956000000000028,0.06227787664720541,0.06227787664720541,0.05148526317776625,0.05148526317776625,0.06093430760499441,0.06093430760499441,-0.04060204311657145,0.04060204311657145,0.05228599999999961,0.05228599999999961,0.10945400000000216,0.10945400000000216,0.084087869156388,0.084087869156388,0.04273300174514816,0.04273300174514816
2024-11-18,2025-08-06,4.332,4.282,ExtraTrees,4.3855509999999995,4.332,4.3373800000000005,4.337381899074986,4.334804416702007,4.337234307604994,4.376970503213982,4.345344999999999,4.3855509999999995,4.365414474588084,4.339776982062103,0.1035509999999995,0.1035509999999995,0.04999999999999982,0.04999999999999982,0.05538000000000043,0.05538000000000043,0.055381899074985697,0.055381899074985697,0.052804416702007195,0.052804416702007195,0.05523430760499437,0.05523430760499437,0.0949705032139816,0.0949705032139816,0.0633449999999991,0.0633449999999991,0.1035509999999995,0.1035509999999995,0.08341447458808382,0.08341447458808382,0.057776982062103244,0.057776982062103244
2024-11-19,2025-08-07,4.3308,4.2618,ExtraTrees,4.376176999999999,4.3308,4.33214,4.336185190152261,4.335165432686959,4.337234307604994,4.412801328439222,4.344556,4.376176999999999,4.377480747562206,4.3532276725655095,0.11437699999999928,0.11437699999999928,0.06899999999999995,0.06899999999999995,0.07033999999999985,0.07033999999999985,0.07438519015226053,0.07438519015226053,0.07336543268695905,0.07336543268695905,0.07543430760499437,0.07543430760499437,0.15100132843922154,0.15100132843922154,0.08275599999999983,0.08275599999999983,0.11437699999999928,0.11437699999999928,0.11568074756220614,0.11568074756220614,0.09142767256550943,0.09142767256550943
2024-11-20,2025-08-08,4.3404,4.2566,ExtraTrees,4.378676,4.3404,4.3319,4.336951519215486,4.337945997370542,4.337234307604994,4.455192803195076,4.345200999999999,4.378676,4.370914096140197,4.373462778685318,0.12207599999999985,0.12207599999999985,0.0838000000000001,0.0838000000000001,0.07530000000000037,0.07530000000000037,0.080351519215486,0.080351519215486,0.08134599737054238,0.08134599737054238,0.08063430760499468,0.08063430760499468,0.19859280319507633,0.19859280319507633,0.08860099999999971,0.08860099999999971,0.12207599999999985,0.12207599999999985,0.11431409614019739,0.11431409614019739,0.11686277868531825,0.11686277868531825
2024-11-21,2025-08-11,4.3469,4.2533,ExtraTrees,4.379960999999999,4.3469,4.33398,4.338760333903579,4.339600569533248,4.337234307604994,4.468686849333939,4.343767999999998,4.379960999999999,4.3805618838263145,4.389005946672476,0.12666099999999858,0.12666099999999858,0.09359999999999946,0.09359999999999946,0.08068000000000008,0.08068000000000008,0.08546033390357888,0.08546033390357888,0.08630056953324772,0.08630056953324772,0.0839343076049941,0.0839343076049941,0.2153868493339388,0.2153868493339388,0.09046799999999777,0.09046799999999777,0.12666099999999858,0.12666099999999858,0.1272618838263142,0.1272618838263142,0.13570594667247526,0.13570594667247526
2024-11-22,2025-08-12,4.343,4.2626,ExtraTrees,4.375014,4.343,4.33862,4.339531182284746,4.3459939507967125,4.337234307604994,4.421313300330601,4.338807,4.375014,4.379617455858678,4.393798905087474,0.11241400000000024,0.11241400000000024,0.08040000000000003,0.08040000000000003,0.07601999999999975,0.07601999999999975,0.07693118228474649,0.07693118228474649,0.08339395079671252,0.08339395079671252,0.07463430760499445,0.07463430760499445,0.15871330033060094,0.15871330033060094,0.07620700000000014,0.07620700000000014,0.11241400000000024,0.11241400000000024,0.11701745585867762,0.11701745585867762,0.13119890508747378,0.13119890508747378
2024-11-25,2025-08-13,4.3319,4.2586,ExtraTrees,4.377352,4.3319,4.3386000000000005,4.33814369459661,4.34376804755654,4.337234307604994,4.482238955682332,4.339040000000001,4.377352,4.390208724638739,4.383865447363549,0.11875199999999975,0.11875199999999975,0.0732999999999997,0.0732999999999997,0.08000000000000007,0.08000000000000007,0.0795436945966097,0.0795436945966097,0.0851680475565395,0.0851680475565395,0.07863430760499401,0.07863430760499401,0.22363895568233172,0.22363895568233172,0.08044000000000029,0.08044000000000029,0.11875199999999975,0.11875199999999975,0.1316087246387383,0.1316087246387383,0.1252654473635486,0.1252654473635486
2024-11-26,2025-08-14,4.3157,4.2639,ExtraTrees,4.363977000000001,4.3157,4.33558,4.334063022851772,4.333115648729843,4.337234307604994,4.4180665279296365,4.3334280000000005,4.363977000000001,4.386276175282415,4.344977798875015,0.10007700000000153,0.10007700000000153,0.05180000000000007,0.05180000000000007,0.07168000000000063,0.07168000000000063,0.070163022851772,0.070163022851772,0.06921564872984298,0.06921564872984298,0.07333430760499482,0.07333430760499482,0.15416652792963692,0.15416652792963692,0.06952800000000092,0.06952800000000092,0.10007700000000153,0.10007700000000153,0.12237617528241529,0.12237617528241529,0.08107779887501554,0.08107779887501554
2024-11-27,2025-08-18,4.309,4.2558,ExtraTrees,4.359897000000001,4.309,4.3293,4.329506109605995,4.317671016685395,4.337234307604994,4.463217282218301,4.339316999999999,4.359897000000001,4.375619207595538,4.331803375748844,0.10409700000000122,0.10409700000000122,0.05320000000000036,0.05320000000000036,0.07350000000000012,0.07350000000000012,0.073706109605995,0.073706109605995,0.0618710166853953,0.0618710166853953,0.0814343076049946,0.0814343076049946,0.20741728221830158,0.20741728221830158,0.08351699999999962,0.08351699999999962,0.10409700000000122,0.10409700000000122,0.11981920759553777,0.11981920759553777,0.07600337574884453,0.07600337574884453
2024-11-28,2025-08-19,4.3085,4.242,ExtraTrees,4.364968000000002,4.3085,4.32162,4.325686816950359,4.315711835535277,4.337234307604994,4.34099101180838,4.34947,4.364968000000002,4.37084191479041,4.320547000619581,0.12296800000000196,0.12296800000000196,0.06650000000000045,0.06650000000000045,0.07962000000000025,0.07962000000000025,0.08368681695035907,0.08368681695035907,0.07371183553527683,0.07371183553527683,0.0952343076049944,0.0952343076049944,0.09899101180837988,0.09899101180837988,0.10747000000000018,0.10747000000000018,0.12296800000000196,0.12296800000000196,0.12884191479041007,0.12884191479041007,0.0785470006195812,0.0785470006195812
2024-11-29,2025-08-20,4.3043,4.2524,ExtraTrees,4.355530000000001,4.3043,4.31388,4.321798304777566,4.312876774627539,4.337234307604994,4.346083315600729,4.337177000000001,4.355530000000001,4.372943094647777,4.3031669913348605,0.10313000000000105,0.10313000000000105,0.051899999999999835,0.051899999999999835,0.06148000000000042,0.06148000000000042,0.06939830477756637,0.06939830477756637,0.06047677462753942,0.06047677462753942,0.08483430760499466,0.08483430760499466,0.09368331560072907,0.09368331560072907,0.08477700000000166,0.08477700000000166,0.10313000000000105,0.10313000000000105,0.12054309464777724,0.12054309464777724,0.050766991334860734,0.050766991334860734
2024-12-02,2025-08-21,4.2923,4.2521,ExtraTrees,4.354692000000001,4.2923,4.305960000000001,4.31643497663619,4.308100078474928,4.337234307604994,4.444549391158738,4.332336000000001,4.354692000000001,4.3751149657858734,4.259008715104588,0.10259200000000046,0.10259200000000046,0.04019999999999957,0.04019999999999957,0.05386000000000024,0.05386000000000024,0.06433497663618937,0.06433497663618937,0.05600007847492794,0.05600007847492794,0.08513430760499396,0.08513430760499396,0.19244939115873727,0.19244939115873727,0.0802360000000002,0.0802360000000002,0.10259200000000046,0.10259200000000046,0.12301496578587301,0.12301496578587301,0.0069087151045872375,0.0069087151045872375
2024-12-03,2025-08-22,4.2927,4.267,ExtraTrees,4.374972999999999,4.2927,4.30136,4.312119526338701,4.311226445389839,4.337234307604994,4.500423949979007,4.320957000000002,4.374972999999999,4.396519495836639,4.264081976102255,0.10797299999999854,0.10797299999999854,0.025699999999999612,0.025699999999999612,0.0343599999999995,0.0343599999999995,0.04511952633870031,0.04511952633870031,0.044226445389838887,0.044226445389838887,0.07023430760499405,0.07023430760499405,0.23342394997900673,0.23342394997900673,0.053957000000001365,0.053957000000001365,0.10797299999999854,0.10797299999999854,0.12951949583663858,0.12951949583663858,-0.0029180238977453143,0.0029180238977453143
2024-12-04,2025-08-25,4.2899,4.2627,ExtraTrees,4.359452999999999,4.2899,4.29754,4.308079612458937,4.310353812238291,4.337234307604994,4.539496956660578,4.318986000000001,4.359452999999999,4.36969376747342,4.271167225966142,0.09675299999999964,0.09675299999999964,0.027200000000000557,0.027200000000000557,0.03483999999999998,0.03483999999999998,0.0453796124589374,0.0453796124589374,0.04765381223829124,0.04765381223829124,0.07453430760499469,0.07453430760499469,0.27679695666057835,0.27679695666057835,0.056286000000000946,0.056286000000000946,0.09675299999999964,0.09675299999999964,0.10699376747342004,0.10699376747342004,0.008467225966142244,0.008467225966142244
2024-12-05,2025-08-26,4.2695,4.2657,ExtraTrees,4.342401000000001,4.2695,4.28974,4.301065137466403,4.300032161321813,4.337234307604994,4.110912988668936,4.313423000000001,4.342401000000001,4.378756832680091,4.225153105526587,0.0767010000000008,0.0767010000000008,0.0038000000000000256,0.0038000000000000256,0.024040000000000283,0.024040000000000283,0.03536513746640324,0.03536513746640324,0.034332161321812826,0.034332161321812826,0.07153430760499457,0.07153430760499457,-0.15478701133106387,0.15478701133106387,0.04772300000000129,0.04772300000000129,0.0767010000000008,0.0767010000000008,0.11305683268009137,0.11305683268009137,-0.04054689447341264,0.04054689447341264
2024-12-06,2025-08-27,4.2669,4.2639,ExtraTrees,4.359606999999998,4.2669,4.282259999999999,4.294853294290693,4.303479985493793,4.337234307604994,4.1124283767152034,4.336692000000001,4.359606999999998,4.367744602943306,4.220142443698019,0.09570699999999821,0.09570699999999821,0.0030000000000001137,0.0030000000000001137,0.018359999999999488,0.018359999999999488,0.03095329429069338,0.03095329429069338,0.039579985493793046,0.039579985493793046,0.07333430760499482,0.07333430760499482,-0.15147162328479613,0.15147162328479613,0.07279200000000152,0.07279200000000152,0.09570699999999821,0.09570699999999821,0.10384460294330644,0.10384460294330644,-0.04375755630198075,0.04375755630198075
2024-12-09,2025-08-28,4.2581,4.2681,ExtraTrees,4.346184000000001,4.2581,4.27542,4.28817087714693,4.30175363370006,4.337234307604994,4.4098421537211605,4.3393239999999995,4.346184000000001,4.3840875182522145,4.207783642840904,0.07808400000000137,0.07808400000000137,-0.009999999999999787,0.009999999999999787,0.007320000000000881,0.007320000000000881,0.020070877146930677,0.020070877146930677,0.03365363370006058,0.03365363370006058,0.06913430760499484,0.06913430760499484,0.14174215372116095,0.14174215372116095,0.07122399999999995,0.07122399999999995,0.07808400000000137,0.07808400000000137,0.11598751825221498,0.11598751825221498,-0.060316357159095446,0.060316357159095446
2024-12-10,2025-08-29,4.2672,4.2684,ExtraTrees,4.353324,4.2672,4.27032,4.284357990392943,4.3007234206984215,4.337234307604994,4.451279193044447,4.339604,4.353324,4.385342691362822,4.214873735382974,0.084924,0.084924,-0.0011999999999998678,0.0011999999999998678,0.0019200000000001438,0.0019200000000001438,0.01595799039294299,0.01595799039294299,0.032323420698421756,0.032323420698421756,0.06883430760499465,0.06883430760499465,0.18287919304444689,0.18287919304444689,0.07120399999999982,0.07120399999999982,0.084924,0.084924,0.11694269136282198,0.11694269136282198,-0.05352626461702581,0.05352626461702581
2024-12-11,2025-09-01,4.2661,4.2574,ExtraTrees,4.368472999999998,4.2661,4.265559999999999,4.281038355776044,4.306592746173584,4.337234307604994,4.458359994350807,4.363155,4.368472999999998,4.401479899196453,4.214575054627996,0.11107299999999842,0.11107299999999842,0.008700000000000152,0.008700000000000152,0.008159999999999279,0.008159999999999279,0.02363835577604423,0.02363835577604423,0.049192746173583934,0.049192746173583934,0.07983430760499477,0.07983430760499477,0.20095999435080714,0.20095999435080714,0.10575500000000027,0.10575500000000027,0.11107299999999842,0.11107299999999842,0.1440798991964538,0.1440798991964538,-0.04282494537200332,0.04282494537200332
2024-12-12,2025-09-02,4.2818,4.2651,ExtraTrees,4.3702419999999975,4.2818,4.268019999999999,4.281176836544035,4.311283035221499,4.337234307604994,4.053526208662016,4.365174,4.3702419999999975,4.379880896321553,4.258746179772657,0.10514199999999718,0.10514199999999718,0.01669999999999927,0.01669999999999927,0.0029199999999987014,0.0029199999999987014,0.01607683654403491,0.01607683654403491,0.04618303522149869,0.04618303522149869,0.07213430760499406,0.07213430760499406,-0.21157379133798404,0.21157379133798404,0.10007399999999933,0.10007399999999933,0.10514199999999718,0.10514199999999718,0.11478089632155264,0.11478089632155264,-0.006353820227343654,0.006353820227343654
2024-12-13,2025-09-03,4.2722,4.2589,ExtraTrees,4.385174999999997,4.2722,4.269080000000001,4.279544684445119,4.3120238392103145,4.337234307604994,4.050776733773928,4.366925999999999,4.385174999999997,4.39188416815532,4.254355514055921,0.12627499999999703,0.12627499999999703,0.01330000000000009,0.01330000000000009,0.010180000000000966,0.010180000000000966,0.020644684445119132,0.020644684445119132,0.05312383921031483,0.05312383921031483,0.07833430760499471,0.07833430760499471,-0.2081232662260719,0.2081232662260719,0.10802599999999973,0.10802599999999973,0.12627499999999703,0.12627499999999703,0.13298416815532033,0.13298416815532033,-0.004544485944078858,0.004544485944078858
2024-12-16,2025-09-04,4.2622,4.2553,ExtraTrees,4.3947069999999995,4.2622,4.2699,4.276391105455097,4.308255351340218,4.337234307604994,4.458013837939698,4.37177,4.3947069999999995,4.397159399935968,4.229838035742207,0.1394069999999994,0.1394069999999994,0.006899999999999906,0.006899999999999906,0.014599999999999724,0.014599999999999724,0.021091105455097292,0.021091105455097292,0.052955351340218115,0.052955351340218115,0.08193430760499432,0.08193430760499432,0.20271383793969822,0.20271383793969822,0.11646999999999963,0.11646999999999963,0.1394069999999994,0.1394069999999994,0.14185939993596808,0.14185939993596808,-0.02546196425779268,0.02546196425779268
2024-12-17,2025-09-05,4.2599,4.2476,ExtraTrees,4.38392,4.2599,4.26844,4.273392722645079,4.29991499871445,4.337234307604994,4.405780387214855,4.377467,4.38392,4.395868071203912,4.229158461176526,0.13631999999999955,0.13631999999999955,0.012299999999999756,0.012299999999999756,0.020839999999999748,0.020839999999999748,0.025792722645078925,0.025792722645078925,0.05231499871444978,0.05231499871444978,0.08963430760499413,0.08963430760499413,0.1581803872148546,0.1581803872148546,0.12986699999999995,0.12986699999999995,0.13631999999999955,0.13631999999999955,0.14826807120391194,0.14826807120391194,-0.01844153882347399,0.01844153882347399
2024-12-18,2025-09-08,4.2628,4.2484,ExtraTrees,4.396207,4.2628,4.26778,4.271466773073247,4.298453899069043,4.337234307604994,4.252841946163815,4.371968999999999,4.396207,4.446820665365122,4.234083046111345,0.14780700000000024,0.14780700000000024,0.01440000000000019,0.01440000000000019,0.019379999999999953,0.019379999999999953,0.023066773073247226,0.023066773073247226,0.05005389906904245,0.05005389906904245,0.08883430760499422,0.08883430760499422,0.0044419461638147695,0.0044419461638147695,0.12356899999999893,0.12356899999999893,0.14780700000000024,0.14780700000000024,0.1984206653651217,0.1984206653651217,-0.01431695388865517,0.01431695388865517
2024-12-19,2025-09-09,4.2633,4.254,ExtraTrees,4.394877999999999,4.2633,4.26408,4.269981905241747,4.302155458212571,4.337234307604994,4.2127431386687055,4.384064999999999,4.394877999999999,4.438708392720349,4.248347508395904,0.14087799999999984,0.14087799999999984,0.00930000000000053,0.00930000000000053,0.010080000000000311,0.010080000000000311,0.015981905241747363,0.015981905241747363,0.04815545821257139,0.04815545821257139,0.08323430760499484,0.08323430760499484,-0.041256861331294026,0.041256861331294026,0.1300649999999992,0.1300649999999992,0.14087799999999984,0.14087799999999984,0.18470839272034922,0.18470839272034922,-0.005652491604095644,0.005652491604095644
2024-12-20,2025-09-10,4.2572,4.2604,ExtraTrees,4.412901999999999,4.2572,4.26108,4.26765792247052,4.299971966847945,4.337234307604994,4.372535388121199,4.392741,4.412901999999999,4.439936339074183,4.254646053688874,0.15250199999999925,0.15250199999999925,-0.0031999999999996476,0.0031999999999996476,0.0006800000000000139,0.0006800000000000139,0.007257922470520484,0.007257922470520484,0.039571966847945284,0.039571966847945284,0.07683430760499466,0.07683430760499466,0.1121353881211995,0.1121353881211995,0.13234100000000026,0.13234100000000026,0.15250199999999925,0.15250199999999925,0.17953633907418354,0.17953633907418354,-0.005753946311125802,0.005753946311125802
2024-12-23,2025-09-11,4.2621,4.2626,ExtraTrees,4.419761000000001,4.2621,4.26106,4.266647391112244,4.305706010101262,4.337234307604994,4.324907431722129,4.393092000000001,4.419761000000001,4.458792857209139,4.265165713518964,0.15716100000000122,0.15716100000000122,-0.0004999999999997229,0.0004999999999997229,-0.001540000000000319,0.001540000000000319,0.004047391112243837,0.004047391112243837,0.043106010101261916,0.043106010101261916,0.07463430760499445,0.07463430760499445,0.062307431722128825,0.062307431722128825,0.13049200000000116,0.13049200000000116,0.15716100000000122,0.15716100000000122,0.19619285720913915,0.19619285720913915,0.0025657135189636193,0.0025657135189636193
2024-12-24,2025-09-12,4.2739,4.2593,ExtraTrees,4.40549,4.2739,4.26386,4.267966047273654,4.30506459132751,4.337234307604994,4.424835749805154,4.387282000000002,4.40549,4.468570442407451,4.282108394586276,0.1461900000000007,0.1461900000000007,0.014600000000000612,0.014600000000000612,0.004560000000000564,0.004560000000000564,0.008666047273654165,0.008666047273654165,0.04576459132751065,0.04576459132751065,0.07793430760499476,0.07793430760499476,0.16553574980515418,0.16553574980515418,0.12798200000000204,0.12798200000000204,0.1461900000000007,0.1461900000000007,0.20927044240745118,0.20927044240745118,0.022808394586276037,0.022808394586276037
2024-12-27,2025-09-15,4.2747,4.2476,ExtraTrees,4.410689,4.2747,4.26624,4.269190402314807,4.3093727836501765,4.337234307604994,4.205067974059165,4.38185,4.410689,4.472927827581232,4.281600933832913,0.16308899999999937,0.16308899999999937,0.027099999999999902,0.027099999999999902,0.018639999999999546,0.018639999999999546,0.021590402314807022,0.021590402314807022,0.061772783650176244,0.061772783650176244,0.08963430760499413,0.08963430760499413,-0.04253202594083483,0.04253202594083483,0.13424999999999976,0.13424999999999976,0.16308899999999937,0.16308899999999937,0.22532782758123204,0.22532782758123204,0.03400093383291303,0.03400093383291303
2024-12-30,2025-09-16,4.2738,4.2504,ExtraTrees,4.409538999999999,4.2738,4.26834,4.270028510984842,4.303667652630397,4.337234307604994,4.173820853547778,4.370686,4.409538999999999,4.454156586554274,4.261534401923573,0.1591389999999988,0.1591389999999988,0.023399999999999643,0.023399999999999643,0.01794000000000029,0.01794000000000029,0.019628510984841974,0.019628510984841974,0.05326765263039679,0.05326765263039679,0.08683430760499444,0.08683430760499444,-0.07657914645222164,0.07657914645222164,0.12028600000000012,0.12028600000000012,0.1591389999999988,0.1591389999999988,0.20375658655427387,0.20375658655427387,0.011134401923572845,0.011134401923572845
2024-12-31,2025-09-17,4.273,4.2559,ExtraTrees,4.392820000000001,4.273,4.2715000000000005,4.270568781714871,4.304854728119742,4.337234307604994,4.088751201716698,4.361654000000001,4.392820000000001,4.460037842890703,4.224285434065959,0.1369200000000017,0.1369200000000017,0.017100000000000115,0.017100000000000115,0.015600000000000946,0.015600000000000946,0.014668781714871848,0.014668781714871848,0.04895472811974244,0.04895472811974244,0.08133430760499483,0.08133430760499483,-0.16714879828330176,0.16714879828330176,0.10575400000000101,0.10575400000000101,0.1369200000000017,0.1369200000000017,0.20413784289070325,0.20413784289070325,-0.03161456593404033,0.03161456593404033
2025-01-02,2025-09-18,4.2668,4.2564,ExtraTrees,4.3985829999999995,4.2668,4.2724400000000005,4.269883548675803,4.336064342239937,4.337234307604994,4.019333893685153,4.366735000000001,4.3985829999999995,4.4498002151275795,4.196475412087683,0.14218299999999928,0.14218299999999928,0.010399999999999743,0.010399999999999743,0.016040000000000276,0.016040000000000276,0.013483548675802481,0.013483548675802481,0.07966434223993701,0.07966434223993701,0.08083430760499422,0.08083430760499422,-0.23706610631484715,0.23706610631484715,0.11033500000000096,0.11033500000000096,0.14218299999999928,0.14218299999999928,0.19340021512757932,0.19340021512757932,-0.059924587912317584,0.059924587912317584
2025-01-03,2025-09-19,4.2718,4.2666,ExtraTrees,4.387330999999999,4.2718,4.27202,4.270231994371111,4.34180577366477,4.337234307604994,4.027532394434406,4.359888000000001,4.387330999999999,4.446216633577582,4.208308587808539,0.12073099999999837,0.12073099999999837,0.005199999999999427,0.005199999999999427,0.00541999999999998,0.00541999999999998,0.003631994371110281,0.003631994371110281,0.07520577366476999,0.07520577366476999,0.070634307604994,0.070634307604994,-0.23906760556559448,0.23906760556559448,0.09328800000000026,0.09328800000000026,0.12073099999999837,0.12073099999999837,0.17961663357758173,0.17961663357758173,-0.058291412191461056,0.058291412191461056
2025-01-07,2025-09-22,4.2515,4.2645,ExtraTrees,4.391608999999999,4.2515,4.26738,4.266826177212726,4.327274282903033,4.337234307604994,4.337240647930392,4.356705000000001,4.391608999999999,4.413770006073486,4.174276368601111,0.12710899999999903,0.12710899999999903,-0.0129999999999999,0.0129999999999999,0.0028800000000002157,0.0028800000000002157,0.0023261772127263214,0.0023261772127263214,0.06277428290303266,0.06277428290303266,0.07273430760499444,0.07273430760499444,0.07274064793039248,0.07274064793039248,0.09220500000000076,0.09220500000000076,0.12710899999999903,0.12710899999999903,0.14927000607348617,0.14927000607348617,-0.09022363139888867,0.09022363139888867
2025-01-08,2025-09-23,4.2656,4.2552,ExtraTrees,4.389901999999999,4.2656,4.265739999999999,4.2666032359013215,4.325106311622969,4.337234307604994,4.059186193228575,4.342334000000002,4.389901999999999,4.4189644871458285,4.2048108807751134,0.134701999999999,0.134701999999999,0.010399999999999743,0.010399999999999743,0.010539999999998884,0.010539999999998884,0.011403235901321196,0.011403235901321196,0.06990631162296879,0.06990631162296879,0.08203430760499408,0.08203430760499408,-0.19601380677142544,0.19601380677142544,0.0871340000000016,0.0871340000000016,0.134701999999999,0.134701999999999,0.16376448714582814,0.16376448714582814,-0.05038911922488687,0.05038911922488687
2025-01-09,2025-09-24,4.2794,4.2676,ExtraTrees,4.384872000000002,4.2794,4.26702,4.268929920282899,4.334479251766286,4.337234307604994,4.01415939035978,4.340923,4.384872000000002,4.41173827391847,4.228822639006384,0.11727200000000249,0.11727200000000249,0.011800000000000033,0.011800000000000033,-0.000580000000000247,0.000580000000000247,0.001329920282898911,0.001329920282898911,0.06687925176628617,0.06687925176628617,0.06963430760499456,0.06963430760499456,-0.2534406096402195,0.2534406096402195,0.07332300000000025,0.07332300000000025,0.11727200000000249,0.11727200000000249,0.14413827391847,0.14413827391847,-0.03877736099361595,0.03877736099361595
2025-01-10,2025-09-25,4.2657,4.2619,ExtraTrees,4.400729,4.2657,4.2668,4.268342662049644,4.333266600951781,4.337234307604994,4.099114547623954,4.353854000000001,4.400729,4.414336644387838,4.2131609075886365,0.1388290000000003,0.1388290000000003,0.0038000000000000256,0.0038000000000000256,0.0049000000000001265,0.0049000000000001265,0.006442662049644277,0.006442662049644277,0.07136660095178105,0.07136660095178105,0.0753343076049946,0.0753343076049946,-0.16278545237604547,0.16278545237604547,0.0919540000000012,0.0919540000000012,0.1388290000000003,0.1388290000000003,0.152436644387838,0.152436644387838,-0.048739092411363316,0.048739092411363316
2025-01-13,2025-09-26,4.2715,4.2668,ExtraTrees,4.394307999999999,4.2715,4.26674,4.268916723495163,4.337633715778507,4.337234307604994,4.186817266007254,4.350536999999999,4.394307999999999,4.396308305600324,4.220762872992525,0.12750799999999884,0.12750799999999884,0.004699999999999704,0.004699999999999704,-5.9999999999504894e-05,5.9999999999504894e-05,0.002116723495163342,0.002116723495163342,0.07083371577850706,0.07083371577850706,0.07043430760499447,0.07043430760499447,-0.07998273399274591,0.07998273399274591,0.08373699999999928,0.08373699999999928,0.12750799999999884,0.12750799999999884,0.12950830560032411,0.12950830560032411,-0.046037127007474865,0.046037127007474865
2025-01-14,2025-09-29,4.2737,4.2688,ExtraTrees,4.403037999999999,4.2737,4.271179999999999,4.269786410132406,4.336535065039528,4.337234307604994,4.209644788327253,4.358916999999999,4.403037999999999,4.3920374230159185,4.224058504553108,0.13423799999999897,0.13423799999999897,0.0049000000000001265,0.0049000000000001265,0.0023799999999996047,0.0023799999999996047,0.0009864101324064123,0.0009864101324064123,0.06773506503952831,0.06773506503952831,0.06843430760499469,0.06843430760499469,-0.05915521167274651,0.05915521167274651,0.09011699999999934,0.09011699999999934,0.13423799999999897,0.13423799999999897,0.12323742301591878,0.12323742301591878,-0.044741495446891655,0.044741495446891655
2025-01-15,2025-09-30,4.2611,4.2692,ExtraTrees,4.393839999999998,4.2611,4.27028,4.268207062835605,4.3272567929850965,4.337234307604994,4.113692381675903,4.347044999999998,4.393839999999998,4.399420503063792,4.203240857851076,0.12463999999999853,0.12463999999999853,-0.008099999999999774,0.008099999999999774,0.0010799999999999699,0.0010799999999999699,-0.0009929371643950802,0.0009929371643950802,0.058056792985096806,0.058056792985096806,0.06803430760499474,0.06803430760499474,-0.15550761832409687,0.15550761832409687,0.07784499999999817,0.07784499999999817,0.12463999999999853,0.12463999999999853,0.13022050306379196,0.13022050306379196,-0.06595914214892407,0.06595914214892407
2025-01-16,2025-10-01,4.262,4.2586,ExtraTrees,4.380027,4.262,4.266799999999999,4.267078505956404,4.338331988371051,4.337234307604994,4.312499370045394,4.336347000000002,4.380027,4.38499937155832,4.200936418558044,0.12142699999999973,0.12142699999999973,0.0033999999999991815,0.0033999999999991815,0.008199999999998653,0.008199999999998653,0.008478505956403204,0.008478505956403204,0.07973198837105056,0.07973198837105056,0.07863430760499401,0.07863430760499401,0.0538993700453938,0.0538993700453938,0.07774700000000134,0.07774700000000134,0.12142699999999973,0.12142699999999973,0.12639937155831937,0.12639937155831937,-0.0576635814419566,0.0576635814419566
2025-01-17,2025-10-02,4.2691,4.256,ExtraTrees,4.389048,4.2691,4.26748,4.267446050327966,4.341922372556136,4.337234307604994,4.459709238474928,4.335019000000001,4.389048,4.368318479665214,4.203588657146537,0.1330479999999996,0.1330479999999996,0.013099999999999667,0.013099999999999667,0.011479999999999713,0.011479999999999713,0.011446050327966084,0.011446050327966084,0.08592237255613533,0.08592237255613533,0.08123430760499417,0.08123430760499417,0.20370923847492772,0.20370923847492772,0.07901900000000062,0.07901900000000062,0.1330479999999996,0.1330479999999996,0.11231847966521347,0.11231847966521347,-0.05241134285346316,0.05241134285346316
2025-01-20,2025-10-03,4.2587,4.2559,ExtraTrees,4.367946000000001,4.2587,4.264919999999999,4.265855859359245,4.3323722176058235,4.337234307604994,4.418789042566289,4.339077000000002,4.367946000000001,4.370530629592479,4.1875148198184835,0.1120460000000012,0.1120460000000012,0.00280000000000058,0.00280000000000058,0.009019999999999584,0.009019999999999584,0.0099558593592457,0.0099558593592457,0.0764722176058239,0.0764722176058239,0.08133430760499483,0.08133430760499483,0.162889042566289,0.162889042566289,0.08317700000000272,0.08317700000000272,0.1120460000000012,0.1120460000000012,0.1146306295924795,0.1146306295924795,-0.06838518018151607,0.06838518018151607
2025-01-21,2025-10-06,4.2554,4.2521,ExtraTrees,4.364258,4.2554,4.26126,4.263954794021201,4.3373329593417065,4.337234307604994,4.2710127167516285,4.347568000000001,4.364258,4.367625635664539,4.196942958169077,0.11215799999999998,0.11215799999999998,0.0032999999999994145,0.0032999999999994145,0.009159999999999613,0.009159999999999613,0.011854794021200377,0.011854794021200377,0.08523295934170605,0.08523295934170605,0.08513430760499396,0.08513430760499396,0.01891271675162809,0.01891271675162809,0.09546800000000033,0.09546800000000033,0.11215799999999998,0.11215799999999998,0.11552563566453866,0.11552563566453866,-0.05515704183092307,0.05515704183092307
2025-01-22,2025-10-07,4.2461,4.2559,ExtraTrees,4.380790000000002,4.2461,4.25826,4.260708467835528,4.32933901159831,4.337234307604994,4.310397291207026,4.348109999999999,4.380790000000002,4.389137529733794,4.1730672941677,0.12489000000000239,0.12489000000000239,-0.009799999999999365,0.009799999999999365,0.002360000000000362,0.002360000000000362,0.004808467835528241,0.004808467835528241,0.07343901159831034,0.07343901159831034,0.08133430760499483,0.08133430760499483,0.054497291207026066,0.054497291207026066,0.09220999999999968,0.09220999999999968,0.12489000000000239,0.12489000000000239,0.133237529733794,0.133237529733794,-0.08283270583229996,0.08283270583229996
2025-01-23,2025-10-08,4.2182,4.2533,ExtraTrees,4.360154,4.2182,4.2495,4.252979655501795,4.310686960152911,4.337234307604994,4.304524603417498,4.3304360000000015,4.360154,4.327859809592706,4.137857252715543,0.10685399999999934,0.10685399999999934,-0.03509999999999991,0.03509999999999991,-0.0038000000000000256,0.0038000000000000256,-0.0003203444982053938,0.0003203444982053938,0.057386960152911115,0.057386960152911115,0.0839343076049941,0.0839343076049941,0.05122460341749768,0.05122460341749768,0.0771360000000012,0.0771360000000012,0.10685399999999934,0.10685399999999934,0.07455980959270558,0.07455980959270558,-0.11544274728445725,0.11544274728445725
2025-01-24,2025-10-09,4.21,4.2569,ExtraTrees,4.344701999999997,4.21,4.23768,4.245165172683286,4.307446305150863,4.337234307604994,4.3371490835830295,4.274029000000001,4.344701999999997,4.30807244201673,4.12056586922669,0.08780199999999727,0.08780199999999727,-0.04689999999999994,0.04689999999999994,-0.019219999999999793,0.019219999999999793,-0.011734827316713492,0.011734827316713492,0.050546305150863446,0.050546305150863446,0.08033430760499449,0.08033430760499449,0.08024908358302962,0.08024908358302962,0.017129000000001504,0.017129000000001504,0.08780199999999727,0.08780199999999727,0.0511724420167301,0.0511724420167301,-0.13633413077331014,0.13633413077331014
2025-01-27,2025-10-10,4.2176,4.2583,ExtraTrees,4.3369800000000005,4.2176,4.22946,4.240153323104507,4.307697375854811,4.337234307604994,4.27513601849169,4.252018,4.3369800000000005,4.29145801471229,4.135101779119239,0.0786800000000003,0.0786800000000003,-0.04070000000000018,0.04070000000000018,-0.028839999999999755,0.028839999999999755,-0.018146676895493208,0.018146676895493208,0.04939737585481119,0.04939737585481119,0.0789343076049942,0.0789343076049942,0.016836018491689586,0.016836018491689586,-0.006282000000000565,0.006282000000000565,0.0786800000000003,0.0786800000000003,0.03315801471228941,0.03315801471228941,-0.12319822088076116,0.12319822088076116
2025-01-28,2025-10-13,4.2092,4.2592,ExtraTrees,4.322609999999998,4.2092,4.22022,4.234525446176415,4.3021929631659175,4.337234307604994,4.406415670723262,4.2403900000000005,4.322609999999998,4.269674458027765,4.135631433904267,0.06340999999999841,0.06340999999999841,-0.04999999999999982,0.04999999999999982,-0.03897999999999957,0.03897999999999957,-0.0246745538235853,0.0246745538235853,0.04299296316591761,0.04299296316591761,0.07803430760499452,0.07803430760499452,0.14721567072326192,0.14721567072326192,-0.018809999999999327,0.018809999999999327,0.06340999999999841,0.06340999999999841,0.010474458027765365,0.010474458027765365,-0.12356856609573263,0.12356856609573263
2025-01-29,2025-10-14,4.2077,4.2645,ExtraTrees,4.3071389999999985,4.2077,4.212540000000001,4.2296480923261575,4.304257055145173,4.337234307604994,4.2320412510772725,4.244677000000001,4.3071389999999985,4.245625943430367,4.149764184917975,0.04263899999999854,0.04263899999999854,-0.05679999999999996,0.05679999999999996,-0.05195999999999934,0.05195999999999934,-0.0348519076738425,0.0348519076738425,0.03975705514517269,0.03975705514517269,0.07273430760499444,0.07273430760499444,-0.03245874892272749,0.03245874892272749,-0.019822999999998814,0.019822999999998814,0.04263899999999854,0.04263899999999854,-0.018874056569632813,0.018874056569632813,-0.11473581508202457,0.11473581508202457
2025-01-30,2025-10-15,4.2039,4.2556,ExtraTrees,4.3100249999999996,4.2039,4.2096800000000005,4.224966620994128,4.302575933185121,4.337234307604994,4.295854795850302,4.239059000000001,4.3100249999999996,4.250537301265138,4.144641449349093,0.05442499999999928,0.05442499999999928,-0.0517000000000003,0.0517000000000003,-0.04591999999999974,0.04591999999999974,-0.03063337900587193,0.03063337900587193,0.046975933185120944,0.046975933185120944,0.08163430760499413,0.08163430760499413,0.040254795850302116,0.040254795850302116,-0.01654099999999925,0.01654099999999925,0.05442499999999928,0.05442499999999928,-0.005062698734862536,0.005062698734862536,-0.1109585506509072,0.1109585506509072
2025-01-31,2025-10-16,4.213,4.2517,ExtraTrees,4.290287,4.213,4.210279999999999,4.222790871722468,4.312671586471351,4.337234307604994,4.306790305268211,4.235931,4.290287,4.229947831427929,4.154839966038311,0.03858700000000059,0.03858700000000059,-0.03869999999999951,0.03869999999999951,-0.041420000000000456,0.041420000000000456,-0.028909128277531337,0.028909128277531337,0.06097158647135181,0.06097158647135181,0.08553430760499481,0.08553430760499481,0.05509030526821146,0.05509030526821146,-0.0157689999999997,0.0157689999999997,0.03858700000000059,0.03858700000000059,-0.021752168572070296,0.021752168572070296,-0.09686003396168896,0.09686003396168896
2025-02-03,2025-10-17,4.2305,4.2565,ExtraTrees,4.311275999999999,4.2305,4.212860000000001,4.224192531409292,4.3166171046886,4.337234307604994,4.3312978910334685,4.239235000000001,4.311275999999999,4.255265657455052,4.1989087906615525,0.05477599999999949,0.05477599999999949,-0.0259999999999998,0.0259999999999998,-0.04363999999999901,0.04363999999999901,-0.03230746859070788,0.03230746859070788,0.06011710468859999,0.06011710468859999,0.08073430760499445,0.08073430760499445,0.07479789103346857,0.07479789103346857,-0.017264999999999198,0.017264999999999198,0.05477599999999949,0.05477599999999949,-0.0012343425449481416,0.0012343425449481416,-0.05759120933844741,0.05759120933844741
2025-02-04,2025-10-20,4.2249,4.2396,ExtraTrees,4.3046690000000005,4.2249,4.215999999999999,4.224321162062148,4.312264873435771,4.337234307604994,4.434953422364324,4.235472000000001,4.3046690000000005,4.2311553184999395,4.191568353926868,0.06506900000000027,0.06506900000000027,-0.01470000000000038,0.01470000000000038,-0.023600000000000954,0.023600000000000954,-0.015278837937851897,0.015278837937851897,0.07266487343577044,0.07266487343577044,0.09763430760499414,0.09763430760499414,0.19535342236432385,0.19535342236432385,-0.0041279999999996875,0.0041279999999996875,0.06506900000000027,0.06506900000000027,-0.008444681500060724,0.008444681500060724,-0.04803164607313182,0.04803164607313182
2025-02-05,2025-10-21,4.2059,4.2392,ExtraTrees,4.303577,4.2059,4.21564,4.220971859869031,4.302366873232629,4.337234307604994,4.5149490720425245,4.233503,4.303577,4.2350736840771575,4.153778035797071,0.06437699999999946,0.06437699999999946,-0.03330000000000055,0.03330000000000055,-0.02356000000000069,0.02356000000000069,-0.018228140130969628,0.018228140130969628,0.06316687323262826,0.06316687323262826,0.0980343076049941,0.0980343076049941,0.2757490720425242,0.2757490720425242,-0.005697000000000507,0.005697000000000507,0.06437699999999946,0.06437699999999946,-0.004126315922842849,0.004126315922842849,-0.08542196420292925,0.08542196420292925
2025-02-06,2025-10-22,4.2073,4.2438,ExtraTrees,4.288323,4.2073,4.21632,4.21848606716557,4.307599637574074,4.337234307604994,4.461257762212051,4.233157000000001,4.288323,4.25050798087652,4.145791985581608,0.04452299999999987,0.04452299999999987,-0.0365000000000002,0.0365000000000002,-0.027480000000000615,0.027480000000000615,-0.025313932834429842,0.025313932834429842,0.06379963757407392,0.06379963757407392,0.09343430760499416,0.09343430760499416,0.21745776221205038,0.21745776221205038,-0.01064299999999907,0.01064299999999907,0.04452299999999987,0.04452299999999987,0.0067079808765200255,0.0067079808765200255,-0.09800801441839191,0.09800801441839191
2025-02-07,2025-10-23,4.1898,4.2347,ExtraTrees,4.292441,4.1898,4.211679999999999,4.213270418590012,4.295116063331429,4.337234307604994,4.562996851125605,4.234241,4.292441,4.230537926419577,4.118243137556085,0.05774100000000004,0.05774100000000004,-0.04490000000000016,0.04490000000000016,-0.023020000000000707,0.023020000000000707,-0.021429581409988074,0.021429581409988074,0.060416063331429015,0.060416063331429015,0.10253430760499427,0.10253430760499427,0.3282968511256046,0.3282968511256046,-0.00045900000000020924,0.00045900000000020924,0.05774100000000004,0.05774100000000004,-0.004162073580423531,0.004162073580423531,-0.11645686244391484,0.11645686244391484
2025-02-10,2025-10-24,4.1872,4.2353,ExtraTrees,4.293494000000001,4.1872,4.20302,4.208530342482737,4.2892964291283135,4.337234307604994,4.566199791360396,4.231012,4.293494000000001,4.247822086514018,4.119364788464859,0.05819400000000119,0.05819400000000119,-0.04809999999999981,0.04809999999999981,-0.0322799999999992,0.0322799999999992,-0.02676965751726268,0.02676965751726268,0.05399642912831393,0.05399642912831393,0.10193430760499478,0.10193430760499478,0.3308997913603964,0.3308997913603964,-0.0042879999999998475,0.0042879999999998475,0.05819400000000119,0.05819400000000119,0.01252208651401876,0.01252208651401876,-0.11593521153514086,0.11593521153514086
2025-02-11,2025-10-27,4.1783,4.2353,ExtraTrees,4.275165,4.1783,4.1937,4.203033916576785,4.283985532243552,4.337234307604994,4.630682709647641,4.228350999999998,4.275165,4.2287295309430455,4.09672481132049,0.039865000000000705,0.039865000000000705,-0.056999999999999496,0.056999999999999496,-0.04159999999999986,0.04159999999999986,-0.03226608342321491,0.03226608342321491,0.04868553224355221,0.04868553224355221,0.10193430760499478,0.10193430760499478,0.39538270964764166,0.39538270964764166,-0.006949000000001426,0.006949000000001426,0.039865000000000705,0.039865000000000705,-0.006570469056954131,0.006570469056954131,-0.1385751886795097,0.1385751886795097
2025-02-12,2025-10-28,4.1721,4.2345,ExtraTrees,4.264220000000001,4.1721,4.18694,4.197409568108278,4.279291656877972,4.337234307604994,4.373425511031969,4.230381999999999,4.264220000000001,4.234304625771369,4.090490319965495,0.02972000000000108,0.02972000000000108,-0.062399999999999345,0.062399999999999345,-0.047559999999999825,0.047559999999999825,-0.037090431891721565,0.037090431891721565,0.044791656877972486,0.044791656877972486,0.10273430760499469,0.10273430760499469,0.13892551103196915,0.13892551103196915,-0.004118000000000954,0.004118000000000954,0.02972000000000108,0.02972000000000108,-0.0001953742286309179,0.0001953742286309179,-0.14400968003450476,0.14400968003450476
2025-02-13,2025-10-29,4.1652,4.2374,ExtraTrees,4.275156000000001,4.1652,4.178520000000001,4.191553282997682,4.276247327080654,4.337234307604994,4.420624713090511,4.231896,4.275156000000001,4.217495829192951,4.061369483860459,0.03775600000000079,0.03775600000000079,-0.07220000000000049,0.07220000000000049,-0.05887999999999938,0.05887999999999938,-0.045846717002318016,0.045846717002318016,0.03884732708065375,0.03884732708065375,0.09983430760499434,0.09983430760499434,0.18322471309051114,0.18322471309051114,-0.005504000000000175,0.005504000000000175,0.03775600000000079,0.03775600000000079,-0.01990417080704887,0.01990417080704887,-0.1760305161395408,0.1760305161395408
2025-02-14,2025-10-30,4.1632,4.2425,ExtraTrees,4.267578000000002,4.1632,4.1732,4.186398140634466,4.27728861824535,4.337234307604994,4.404995660460773,4.234082999999997,4.267578000000002,4.238837454995855,4.043674869286591,0.025078000000002376,0.025078000000002376,-0.07929999999999993,0.07929999999999993,-0.06930000000000014,0.06930000000000014,-0.05610185936553336,0.05610185936553336,0.034788618245349845,0.034788618245349845,0.09473430760499468,0.09473430760499468,0.16249566046077302,0.16249566046077302,-0.00841700000000234,0.00841700000000234,0.025078000000002376,0.025078000000002376,-0.003662545004144313,0.003662545004144313,-0.19882513071340835,0.19882513071340835
2025-02-17,2025-10-31,4.1635,4.2543,ExtraTrees,4.2695250000000025,4.1635,4.1684600000000005,4.18223484233729,4.2800715098165805,4.337234307604994,4.467150192503651,4.234978999999999,4.2695250000000025,4.22684245626008,4.0315407058199515,0.015225000000002709,0.015225000000002709,-0.09079999999999977,0.09079999999999977,-0.08583999999999925,0.08583999999999925,-0.07206515766270982,0.07206515766270982,0.025771509816580718,0.025771509816580718,0.08293430760499465,0.08293430760499465,0.21285019250365167,0.21285019250365167,-0.019321000000000588,0.019321000000000588,0.015225000000002709,0.015225000000002709,-0.02745754373991982,0.02745754373991982,-0.22275929418004825,0.22275929418004825
2025-02-18,2025-11-03,4.1574,4.2527,ExtraTrees,4.260343000000001,4.1574,4.16428,4.177719416457783,4.28006036387355,4.337234307604994,4.339347025244088,4.226141999999999,4.260343000000001,4.231287167054237,4.005646309377611,0.0076430000000007325,0.0076430000000007325,-0.09529999999999994,0.09529999999999994,-0.08842000000000017,0.08842000000000017,-0.07498058354221726,0.07498058354221726,0.027360363873549787,0.027360363873549787,0.08453430760499447,0.08453430760499447,0.08664702524408785,0.08664702524408785,-0.026558000000000526,0.026558000000000526,0.0076430000000007325,0.0076430000000007325,-0.021412832945762794,0.021412832945762794,-0.2470536906223888,0.2470536906223888
2025-02-19,2025-11-04,4.1582,4.2575,ExtraTrees,4.259894,4.1582,4.1615,4.174170431647276,4.2789563467733,4.337234307604994,4.375271088528504,4.232616999999999,4.259894,4.238259683401784,4.0127332964393805,0.002393999999999785,0.002393999999999785,-0.09930000000000039,0.09930000000000039,-0.09600000000000009,0.09600000000000009,-0.08332956835272398,0.08332956835272398,0.02145634677329955,0.02145634677329955,0.07973430760499411,0.07973430760499411,0.11777108852850393,0.11777108852850393,-0.024883000000000877,0.024883000000000877,0.002393999999999785,0.002393999999999785,-0.019240316598216012,0.019240316598216012,-0.2447667035606198,0.2447667035606198
2025-02-20,2025-11-05,4.1723,4.2597,ExtraTrees,4.270709999999999,4.1723,4.16292,4.173830353165953,4.2828489385703294,4.337234307604994,4.419972191317831,4.231556,4.270709999999999,4.236156549361267,4.05012666900688,0.011009999999999742,0.011009999999999742,-0.0873999999999997,0.0873999999999997,-0.09677999999999987,0.09677999999999987,-0.08586964683404652,0.08586964683404652,0.023148938570329847,0.023148938570329847,0.0775343076049948,0.0775343076049948,0.16027219131783177,0.16027219131783177,-0.02814399999999928,0.02814399999999928,0.011009999999999742,0.011009999999999742,-0.023543450638732644,0.023543450638732644,-0.2095733309931198,0.2095733309931198
2025-02-21,2025-11-06,4.1705,4.2566,ExtraTrees,4.267003,4.1705,4.16438,4.173224834408506,4.284618358457739,4.337234307604994,4.5352989905397045,4.232119,4.267003,4.2499288308503,4.020192684400686,0.010403000000000162,0.010403000000000162,-0.08610000000000007,0.08610000000000007,-0.0922199999999993,0.0922199999999993,-0.0833751655914936,0.0833751655914936,0.028018358457739367,0.028018358457739367,0.08063430760499468,0.08063430760499468,0.2786989905397048,0.2786989905397048,-0.024480999999999753,0.024480999999999753,0.010403000000000162,0.010403000000000162,-0.006671169149699452,0.006671169149699452,-0.2364073155993136,0.2364073155993136
2025-02-24,2025-11-07,4.1609,4.2483,ExtraTrees,4.264934,4.1609,4.16386,4.170983955425141,4.273096331703898,4.337234307604994,4.450046501056279,4.224690000000001,4.264934,4.2339837611870115,3.9748540530218572,0.016633999999999816,0.016633999999999816,-0.08740000000000059,0.08740000000000059,-0.08444000000000074,0.08444000000000074,-0.07731604457485908,0.07731604457485908,0.0247963317038975,0.0247963317038975,0.08893430760499399,0.08893430760499399,0.20174650105627823,0.20174650105627823,-0.023609999999999687,0.023609999999999687,0.016633999999999816,0.016633999999999816,-0.014316238812988935,0.014316238812988935,-0.2734459469781432,0.2734459469781432
2025-02-25,2025-11-10,4.1339,4.2351,ExtraTrees,4.248008000000001,4.1339,4.15916,4.164241418075116,4.258757676915592,4.337234307604994,4.400495601703996,4.240877,4.248008000000001,4.232803296294217,3.928507079995178,0.012908000000001252,0.012908000000001252,-0.1012000000000004,0.1012000000000004,-0.07594000000000012,0.07594000000000012,-0.0708585819248837,0.0708585819248837,0.023657676915592063,0.023657676915592063,0.10213430760499431,0.10213430760499431,0.16539560170399614,0.16539560170399614,0.005777000000000143,0.005777000000000143,0.012908000000001252,0.012908000000001252,-0.002296703705782832,0.002296703705782832,-0.3065929200048223,0.3065929200048223
2025-02-26,2025-11-12,4.1394,4.2312,ExtraTrees,4.2580160000000005,4.1394,4.155399999999999,4.159724796606913,4.260909703734005,4.337234307604994,4.322961019164564,4.248454,4.2580160000000005,4.232125915975998,3.936231318092662,0.026816000000000173,0.026816000000000173,-0.0918000000000001,0.0918000000000001,-0.07580000000000098,0.07580000000000098,-0.07147520339308766,0.07147520339308766,0.029709703734004833,0.029709703734004833,0.1060343076049941,0.1060343076049941,0.09176101916456414,0.09176101916456414,0.017253999999999436,0.017253999999999436,0.026816000000000173,0.026816000000000173,0.000925915975997782,0.000925915975997782,-0.2949686819073385,0.2949686819073385
2025-02-27,2025-11-13,4.1371,4.2304,ExtraTrees,4.260049000000001,4.1371,4.148359999999999,4.155611197223838,4.255075491916476,4.337234307604994,4.434181200747651,4.249677999999999,4.260049000000001,4.242328061983775,3.914191033864359,0.029649000000000925,0.029649000000000925,-0.09330000000000016,0.09330000000000016,-0.082040000000001,0.082040000000001,-0.07478880277616273,0.07478880277616273,0.024675491916475778,0.024675491916475778,0.10683430760499402,0.10683430760499402,0.20378120074765071,0.20378120074765071,0.019277999999999018,0.019277999999999018,0.029649000000000925,0.029649000000000925,0.011928061983774718,0.011928061983774718,-0.3162089661356413,0.3162089661356413
2025-02-28,2025-11-14,4.1575,4.2274,ExtraTrees,4.251941,4.1575,4.14576,4.155954615910412,4.264917509676212,4.337234307604994,4.357086703965478,4.2477089999999995,4.251941,4.252509042667893,3.9451982621486708,0.024541000000000146,0.024541000000000146,-0.06990000000000052,0.06990000000000052,-0.08164000000000016,0.08164000000000016,-0.07144538408958834,0.07144538408958834,0.0375175096762117,0.0375175096762117,0.10983430760499413,0.10983430760499413,0.12968670396547743,0.12968670396547743,0.020308999999999244,0.020308999999999244,0.024541000000000146,0.024541000000000146,0.025109042667892822,0.025109042667892822,-0.2822017378513295,0.2822017378513295
2025-03-03,2025-11-17,4.1827,4.2231,ExtraTrees,4.265877,4.1827,4.150119999999999,4.160817413017609,4.271527742280318,4.337234307604994,4.375538608847808,4.247052999999999,4.265877,4.247279618572749,4.013651532265011,0.042777000000000065,0.042777000000000065,-0.04039999999999999,0.04039999999999999,-0.07298000000000027,0.07298000000000027,-0.06228258698239042,0.06228258698239042,0.04842774228031832,0.04842774228031832,0.11413430760499477,0.11413430760499477,0.1524386088478087,0.1524386088478087,0.02395299999999967,0.02395299999999967,0.042777000000000065,0.042777000000000065,0.02417961857274964,0.02417961857274964,-0.2094484677349886,0.2094484677349886
2025-03-04,2025-11-18,4.1568,4.2331,ExtraTrees,4.267546999999999,4.1568,4.1547,4.160086974287134,4.262036610934132,4.337234307604994,4.38065175115898,4.246156999999999,4.267546999999999,4.2512977284752935,3.9779576766322515,0.03444699999999834,0.03444699999999834,-0.0763000000000007,0.0763000000000007,-0.07840000000000025,0.07840000000000025,-0.07301302571286605,0.07301302571286605,0.02893661093413158,0.02893661093413158,0.10413430760499409,0.10413430760499409,0.14755175115897945,0.14755175115897945,0.013056999999998986,0.013056999999998986,0.03444699999999834,0.03444699999999834,0.018197728475293218,0.018197728475293218,-0.2551423233677488,0.2551423233677488
2025-03-05,2025-11-19,4.1545,4.2424,ExtraTrees,4.259558000000001,4.1545,4.157719999999999,4.159071160780382,4.2632283513382365,4.337234307604994,4.406193176579401,4.248253999999998,4.259558000000001,4.255521271075937,3.980236364815737,0.017158000000001117,0.017158000000001117,-0.08790000000000031,0.08790000000000031,-0.08468000000000053,0.08468000000000053,-0.08332883921961809,0.08332883921961809,0.020828351338236573,0.020828351338236573,0.09483430760499445,0.09483430760499445,0.16379317657940096,0.16379317657940096,0.0058539999999984715,0.0058539999999984715,0.017158000000001117,0.017158000000001117,0.013121271075936747,0.013121271075936747,-0.2621636351842631,0.2621636351842631
2025-03-06,2025-11-20,4.1766,4.2289,ExtraTrees,4.262721999999999,4.1766,4.16562,4.162258222456676,4.2769940170868335,4.337234307604994,4.289000935890326,4.250162999999998,4.262721999999999,4.258909030478914,4.013453081410818,0.03382199999999891,0.03382199999999891,-0.05230000000000068,0.05230000000000068,-0.06328000000000067,0.06328000000000067,-0.06664177754332457,0.06664177754332457,0.04809401708683314,0.04809401708683314,0.10833430760499407,0.10833430760499407,0.0601009358903255,0.0601009358903255,0.02126299999999759,0.02126299999999759,0.03382199999999891,0.03382199999999891,0.030009030478913346,0.030009030478913346,-0.21544691858918252,0.21544691858918252
2025-03-07,2025-11-21,4.176,4.2489,ExtraTrees,4.259531999999998,4.176,4.169320000000001,4.164756727464552,4.271075100551285,4.337234307604994,4.3016756688616224,4.241792999999999,4.259531999999998,4.2784908630520615,4.027865865834564,0.01063199999999842,0.01063199999999842,-0.07289999999999974,0.07289999999999974,-0.0795799999999991,0.0795799999999991,-0.08414327253544762,0.08414327253544762,0.022175100551285354,0.022175100551285354,0.0883343076049945,0.0883343076049945,0.05277566886162255,0.05277566886162255,-0.007107000000001307,0.007107000000001307,0.01063199999999842,0.01063199999999842,0.0295908630520616,0.0295908630520616,-0.2210341341654356,0.2210341341654356
2025-03-10,2025-11-24,4.1857,4.2345,ExtraTrees,4.251235999999999,4.1857,4.169919999999999,4.16856459519827,4.273343100215596,4.337234307604994,4.289484546568715,4.239313999999999,4.251235999999999,4.269286714901259,4.07378115759676,0.016735999999998974,0.016735999999998974,-0.048799999999999955,0.048799999999999955,-0.0645800000000003,0.0645800000000003,-0.06593540480172955,0.06593540480172955,0.03884310021559667,0.03884310021559667,0.10273430760499469,0.10273430760499469,0.054984546568714876,0.054984546568714876,0.004813999999999652,0.004813999999999652,0.016735999999998974,0.016735999999998974,0.03478671490125951,0.03478671490125951,-0.16071884240323975,0.16071884240323975
2025-03-11,2025-11-25,4.1977,4.2301,ExtraTrees,4.253630999999999,4.1977,4.1781,4.173861941525857,4.2813420310792605,4.337234307604994,4.387643377950885,4.247198999999999,4.253630999999999,4.282000624679091,4.092717809723794,0.023530999999998414,0.023530999999998414,-0.032399999999999984,0.032399999999999984,-0.05200000000000049,0.05200000000000049,-0.056238058474143315,0.056238058474143315,0.051242031079260286,0.051242031079260286,0.1071343076049942,0.1071343076049942,0.15754337795088524,0.15754337795088524,0.017098999999999087,0.017098999999999087,0.023530999999998414,0.023530999999998414,0.05190062467909051,0.05190062467909051,-0.13738219027620602,0.13738219027620602
2025-03-12,2025-11-26,4.2017,4.233,ExtraTrees,4.247682999999999,4.2017,4.18754,4.178923406702974,4.281681088787435,4.337234307604994,4.434000264803903,4.250483999999999,4.247682999999999,4.26509043664471,4.08535655456461,0.01468299999999978,0.01468299999999978,-0.031299999999999883,0.031299999999999883,-0.04545999999999939,0.04545999999999939,-0.054076593297025966,0.054076593297025966,0.04868108878743538,0.04868108878743538,0.10423430760499475,0.10423430760499475,0.20100026480390376,0.20100026480390376,0.01748399999999961,0.01748399999999961,0.01468299999999978,0.01468299999999978,0.032090436644710785,0.032090436644710785,-0.14764344543538943,0.14764344543538943
2025-03-13,2025-11-27,4.196,4.227,ExtraTrees,4.264111999999999,4.196,4.19142,4.182028241847887,4.280942004591897,4.337234307604994,4.40286826143486,4.2549969999999995,4.264111999999999,4.280121790688091,4.083444950002133,0.0371119999999987,0.0371119999999987,-0.031000000000000583,0.031000000000000583,-0.03558000000000039,0.03558000000000039,-0.04497175815211296,0.04497175815211296,0.0539420045918968,0.0539420045918968,0.11023430760499409,0.11023430760499409,0.1758682614348599,0.1758682614348599,0.02799699999999916,0.02799699999999916,0.0371119999999987,0.0371119999999987,0.053121790688090975,0.053121790688090975,-0.14355504999786728,0.14355504999786728
2025-03-14,2025-11-28,4.179,4.2369,ExtraTrees,4.268106999999999,4.179,4.19202,4.181477652420998,4.268310512989318,4.337234307604994,4.215676332223493,4.251111999999999,4.268106999999999,4.280980109709793,4.050019940289884,0.03120699999999843,0.03120699999999843,-0.05790000000000006,0.05790000000000006,-0.04488000000000003,0.04488000000000003,-0.05542234757900211,0.05542234757900211,0.03141051298931785,0.03141051298931785,0.10033430760499407,0.10033430760499407,-0.02122366777650697,0.02122366777650697,0.014211999999998781,0.014211999999998781,0.03120699999999843,0.03120699999999843,0.04408010970979248,0.04408010970979248,-0.18688005971011634,0.18688005971011634
2025-03-17,2025-12-01,4.1777,4.2286,ExtraTrees,4.268035999999999,4.1777,4.1904200000000005,4.180790806526272,4.268237883841825,4.337234307604994,4.324125824717924,4.257576999999999,4.268035999999999,4.271989743471774,4.0265447281749225,0.03943599999999847,0.03943599999999847,-0.05090000000000039,0.05090000000000039,-0.03817999999999966,0.03817999999999966,-0.047809193473727696,0.047809193473727696,0.03963788384182454,0.03963788384182454,0.10863430760499426,0.10863430760499426,0.09552582471792359,0.09552582471792359,0.028976999999998476,0.028976999999998476,0.03943599999999847,0.03943599999999847,0.04338974347177427,0.04338974347177427,-0.20205527182507765,0.20205527182507765
2025-03-18,2025-12-02,4.1776,4.239,ExtraTrees,4.278407000000001,4.1776,4.1864,4.180210659885131,4.268720125387466,4.337234307604994,4.378988267210901,4.256860999999998,4.278407000000001,4.282196782916828,4.048425755828539,0.039407000000001524,0.039407000000001524,-0.0613999999999999,0.0613999999999999,-0.05259999999999998,0.05259999999999998,-0.05878934011486869,0.05878934011486869,0.029720125387465934,0.029720125387465934,0.09823430760499452,0.09823430760499452,0.13998826721090118,0.13998826721090118,0.01786099999999813,0.01786099999999813,0.039407000000001524,0.039407000000001524,0.04319678291682827,0.04319678291682827,-0.19057424417146063,0.19057424417146063
2025-03-19,2025-12-03,4.1945,4.2312,ExtraTrees,4.279880999999999,4.1945,4.18496,4.182808721724198,4.28352660696801,4.337234307604994,4.268851055697045,4.259291999999999,4.279880999999999,4.289690446414841,4.089459267011929,0.04868099999999842,0.04868099999999842,-0.03670000000000062,0.03670000000000062,-0.04624000000000006,0.04624000000000006,-0.04839127827580203,0.04839127827580203,0.05232660696800995,0.05232660696800995,0.1060343076049941,0.1060343076049941,0.03765105569704463,0.03765105569704463,0.028091999999999118,0.028091999999999118,0.04868099999999842,0.04868099999999842,0.058490446414841024,0.058490446414841024,-0.14174073298807155,0.14174073298807155
2025-03-20,2025-12-04,4.1972,4.2299,ExtraTrees,4.279371999999999,4.1972,4.1852,4.185425317774344,4.283790370801227,4.337234307604994,4.227015508415101,4.262290999999999,4.279371999999999,4.283101621194196,4.120446915599117,0.04947199999999885,0.04947199999999885,-0.03270000000000017,0.03270000000000017,-0.04469999999999974,0.04469999999999974,-0.04447468222565565,0.04447468222565565,0.05389037080122705,0.05389037080122705,0.10733430760499463,0.10733430760499463,-0.002884491584898896,0.002884491584898896,0.032390999999999615,0.032390999999999615,0.04947199999999885,0.04947199999999885,0.053201621194196136,0.053201621194196136,-0.10945308440088297,0.10945308440088297
2025-03-21,2025-12-05,4.1979,4.2321,ExtraTrees,4.274803,4.1979,4.18898,4.187693441815372,4.284385563252503,4.337234307604994,4.222553084344203,4.26809,4.274803,4.292815065001498,4.130254940506649,0.04270300000000038,0.04270300000000038,-0.03420000000000023,0.03420000000000023,-0.04312000000000005,0.04312000000000005,-0.0444065581846278,0.0444065581846278,0.052285563252502776,0.052285563252502776,0.10513430760499443,0.10513430760499443,-0.009546915655796795,0.009546915655796795,0.035989999999999966,0.035989999999999966,0.04270300000000038,0.04270300000000038,0.06071506500149759,0.06071506500149759,-0.10184505949335065,0.10184505949335065
2025-03-24,2025-12-08,4.1832,4.2289,ExtraTrees,4.282968999999999,4.1832,4.19008,4.186876452394396,4.276506093100743,4.337234307604994,4.14412344678965,4.256422999999999,4.282968999999999,4.277645051724316,4.1092485039181925,0.05406899999999837,0.05406899999999837,-0.045700000000000074,0.045700000000000074,-0.0388200000000003,0.0388200000000003,-0.042023547605603895,0.042023547605603895,0.047606093100742264,0.047606093100742264,0.10833430760499407,0.10833430760499407,-0.08477655321035016,0.08477655321035016,0.027522999999998632,0.027522999999998632,0.05406899999999837,0.05406899999999837,0.04874505172431576,0.04874505172431576,-0.1196514960818078,0.1196514960818078
2025-03-25,2025-12-09,4.1664,4.234,ExtraTrees,4.284309,4.1664,4.18784,4.18315346104996,4.272072876172913,4.337234307604994,4.341290734469372,4.256362,4.284309,4.283872975364497,4.082906231714943,0.05030900000000038,0.05030900000000038,-0.06759999999999966,0.06759999999999966,-0.04616000000000042,0.04616000000000042,-0.0508465389500401,0.0508465389500401,0.03807287617291344,0.03807287617291344,0.10323430760499441,0.10323430760499441,0.10729073446937232,0.10729073446937232,0.022362000000000215,0.022362000000000215,0.05030900000000038,0.05030900000000038,0.04987297536449731,0.04987297536449731,-0.15109376828505727,0.15109376828505727
2025-03-26,2025-12-10,4.1686,4.2274,ExtraTrees,4.284089,4.1686,4.18266,4.180507377222694,4.271525101475627,4.337234307604994,4.2733300547319075,4.244496000000001,4.284089,4.273359279538067,4.0783226543053885,0.056688999999999545,0.056688999999999545,-0.05880000000000063,0.05880000000000063,-0.04474,0.04474,-0.04689262277730588,0.04689262277730588,0.044125101475626316,0.044125101475626316,0.10983430760499413,0.10983430760499413,0.045930054731907255,0.045930054731907255,0.017096000000000444,0.017096000000000444,0.056688999999999545,0.056688999999999545,0.04595927953806633,0.04595927953806633,-0.14907734569461173,0.14907734569461173
2025-03-27,2025-12-11,4.1913,4.2284,ExtraTrees,4.281203999999999,4.1913,4.18148,4.182469672273113,4.2804592666229455,4.337234307604994,4.264725441494787,4.246365999999999,4.281203999999999,4.268201641944105,4.118257646843434,0.052803999999999185,0.052803999999999185,-0.03709999999999969,0.03709999999999969,-0.04692000000000007,0.04692000000000007,-0.045930327726886766,0.045930327726886766,0.0520592666229458,0.0520592666229458,0.10883430760499468,0.10883430760499468,0.036325441494787114,0.036325441494787114,0.017965999999999482,0.017965999999999482,0.052803999999999185,0.052803999999999185,0.039801641944105626,0.039801641944105626,-0.11014235315656595,0.11014235315656595
2025-03-28,2025-12-12,4.1819,4.2271,ExtraTrees,4.277060999999999,4.1819,4.178279999999999,4.182366095496183,4.272872936489967,4.337234307604994,4.231344593323286,4.251584999999999,4.277060999999999,4.266405030357672,4.102669625963564,0.04996099999999881,0.04996099999999881,-0.04520000000000035,0.04520000000000035,-0.048820000000000974,0.048820000000000974,-0.044733904503816646,0.044733904503816646,0.04577293648996683,0.04577293648996683,0.11013430760499432,0.11013430760499432,0.004244593323285528,0.004244593323285528,0.024484999999998536,0.024484999999998536,0.04996099999999881,0.04996099999999881,0.03930503035767163,0.03930503035767163,-0.12443037403643586,0.12443037403643586
2025-03-31,2025-12-15,4.1839,4.2192,ExtraTrees,4.287355,4.1839,4.17842,4.182644987224149,4.279369463021283,4.337234307604994,4.104781903060892,4.264581999999998,4.287355,4.271664269417645,4.070344404994783,0.06815499999999997,0.06815499999999997,-0.03529999999999944,0.03529999999999944,-0.040779999999999816,0.040779999999999816,-0.03655501277585049,0.03655501277585049,0.06016946302128279,0.06016946302128279,0.11803430760499456,0.11803430760499456,-0.11441809693910798,0.11441809693910798,0.04538199999999826,0.04538199999999826,0.06815499999999997,0.06815499999999997,0.05246426941764515,0.05246426941764515,-0.14885559500521683,0.14885559500521683
2025-04-01,2025-12-16,4.1818,4.2239,ExtraTrees,4.29851,4.1818,4.1815,4.182491353183394,4.279304724676915,4.337234307604994,4.135301001187231,4.265413999999999,4.29851,4.277712334017989,4.067416949214483,0.07460999999999984,0.07460999999999984,-0.04210000000000047,0.04210000000000047,-0.04240000000000066,0.04240000000000066,-0.041408646816606165,0.041408646816606165,0.05540472467691426,0.05540472467691426,0.11333430760499397,0.11333430760499397,-0.08859899881276956,0.08859899881276956,0.0415139999999985,0.0415139999999985,0.07460999999999984,0.07460999999999984,0.05381233401798813,0.05381233401798813,-0.15648305078551772,0.15648305078551772
2025-04-02,2025-12-17,4.1794,4.2149,ExtraTrees,4.293419999999999,4.1794,4.18366,4.181929288968231,4.285315046027649,4.337234307604994,4.130467661023358,4.2666819999999985,4.293419999999999,4.296561730484038,4.038082039343531,0.07851999999999926,0.07851999999999926,-0.035499999999999865,0.035499999999999865,-0.03124000000000038,0.03124000000000038,-0.032970711031769184,0.032970711031769184,0.07041504602764892,0.07041504602764892,0.12233430760499431,0.12233430760499431,-0.08443233897664193,0.08443233897664193,0.05178199999999844,0.05178199999999844,0.07851999999999926,0.07851999999999926,0.08166173048403813,0.08166173048403813,-0.17681796065646882,0.17681796065646882
2025-04-03,2025-12-18,4.1791,4.2076,ExtraTrees,4.292682000000002,4.1791,4.181220000000001,4.181414872792189,4.282599449194664,4.337234307604994,4.076286623094215,4.263235000000001,4.292682000000002,4.296914575040506,4.0134429802365785,0.08508200000000166,0.08508200000000166,-0.028500000000000192,0.028500000000000192,-0.026379999999999626,0.026379999999999626,-0.0261851272078113,0.0261851272078113,0.07499944919466373,0.07499944919466373,0.12963430760499417,0.12963430760499417,-0.13131337690578526,0.13131337690578526,0.055635000000000545,0.055635000000000545,0.08508200000000166,0.08508200000000166,0.08931457504050577,0.08931457504050577,-0.1941570197634217,0.1941570197634217
2025-04-04,2025-12-19,4.2403,4.2094,ExtraTrees,4.290249,4.2403,4.1929,4.192121259557245,4.3005697119525195,4.337234307604994,4.066638620337909,4.35382,4.290249,4.351465407122169,4.144180721480678,0.08084900000000061,0.08084900000000061,0.030900000000000816,0.030900000000000816,-0.016499999999999737,0.016499999999999737,-0.017278740442754348,0.017278740442754348,0.09116971195251988,0.09116971195251988,0.1278343076049948,0.1278343076049948,-0.14276137966209035,0.14276137966209035,0.14442000000000021,0.14442000000000021,0.08084900000000061,0.08084900000000061,0.14206540712216942,0.14206540712216942,-0.0652192785193213,0.0652192785193213
2025-04-07,2025-12-22,4.2975,4.2115,ExtraTrees,4.310345999999999,4.2975,4.21562,4.211281030546837,4.317080206601808,4.337234307604994,3.9915562086978387,4.383604,4.310345999999999,4.331624579164961,4.326486909595563,0.0988459999999991,0.0988459999999991,0.0860000000000003,0.0860000000000003,0.004120000000000346,0.004120000000000346,-0.00021896945316335348,0.00021896945316335348,0.10558020660180834,0.10558020660180834,0.12573430760499438,0.12573430760499438,-0.21994379130216135,0.21994379130216135,0.17210400000000003,0.17210400000000003,0.0988459999999991,0.0988459999999991,0.120124579164961,0.120124579164961,0.11498690959556335,0.11498690959556335
2025-04-08,2025-12-23,4.2946,4.2274,ExtraTrees,4.326428000000001,4.2946,4.238180000000001,4.226429934083775,4.31623065025828,4.337234307604994,4.193956234387516,4.4674070000000015,4.326428000000001,4.45614912040592,4.307718038166519,0.09902800000000056,0.09902800000000056,0.0671999999999997,0.0671999999999997,0.010780000000000456,0.010780000000000456,-0.0009700659162250602,0.0009700659162250602,0.08883065025827985,0.08883065025827985,0.10983430760499413,0.10983430760499413,-0.03344376561248463,0.03344376561248463,0.2400070000000012,0.2400070000000012,0.09902800000000056,0.09902800000000056,0.22874912040591955,0.22874912040591955,0.08031803816651895,0.08031803816651895
2025-04-09,2025-12-29,4.2818,4.2274,ExtraTrees,4.326327,4.2818,4.258660000000001,4.236497218795816,4.313415457823004,4.337234307604994,3.9585703035154225,4.469593000000001,4.326327,4.449164013480835,4.2609022487585015,0.09892699999999977,0.09892699999999977,0.05439999999999934,0.05439999999999934,0.03126000000000051,0.03126000000000051,0.00909721879581582,0.00909721879581582,0.08601545782300413,0.08601545782300413,0.10983430760499413,0.10983430760499413,-0.2688296964845778,0.2688296964845778,0.24219300000000032,0.24219300000000032,0.09892699999999977,0.09892699999999977,0.22176401348083452,0.22176401348083452,0.033502248758501274,0.033502248758501274
2025-04-10,2025-12-30,4.2644,4.2293,ExtraTrees,4.3350670000000004,4.2644,4.27572,4.241570451742031,4.316360267707903,4.337234307604994,3.9692452492408234,4.468176000000002,4.3350670000000004,4.4589966821722005,4.248467454442309,0.10576700000000017,0.10576700000000017,0.03509999999999991,0.03509999999999991,0.04641999999999946,0.04641999999999946,0.012270451742030453,0.012270451742030453,0.0870602677079031,0.0870602677079031,0.10793430760499412,0.10793430760499412,-0.26005475075917683,0.26005475075917683,0.2388760000000021,0.2388760000000021,0.10576700000000017,0.10576700000000017,0.22969668217220018,0.22969668217220018,0.01916745444230905,0.01916745444230905
2025-04-11,2025-12-31,4.2972,4.2267,ExtraTrees,4.335574999999999,4.2972,4.287100000000001,4.251684915061661,4.33645289106979,4.337234307604994,4.056111271618142,4.450967000000001,4.335574999999999,4.459499542026184,4.313937531336844,0.1088749999999985,0.1088749999999985,0.07050000000000001,0.07050000000000001,0.06040000000000045,0.06040000000000045,0.024984915061661006,0.024984915061661006,0.1097528910697898,0.1097528910697898,0.11053430760499428,0.11053430760499428,-0.17058872838185835,0.17058872838185835,0.2242670000000011,0.2242670000000011,0.1088749999999985,0.1088749999999985,0.23279954202618391,0.23279954202618391,0.08723753133684387,0.08723753133684387
2025-04-14,2026-01-02,4.2776,4.2156,ExtraTrees,4.332758000000002,4.2776,4.283119999999999,4.2563967486868135,4.313963024196422,4.337234307604994,4.309972125069208,4.444592000000002,4.332758000000002,4.449251247791888,4.263847573441017,0.11715800000000165,0.11715800000000165,0.06199999999999939,0.06199999999999939,0.06751999999999914,0.06751999999999914,0.04079674868681327,0.04079674868681327,0.09836302419642173,0.09836302419642173,0.12163430760499416,0.12163430760499416,0.09437212506920734,0.09437212506920734,0.22899200000000164,0.22899200000000164,0.11715800000000165,0.11715800000000165,0.2336512477918875,0.2336512477918875,0.04824757344101638,0.04824757344101638
2025-04-15,2026-01-05,4.2767,4.211,ExtraTrees,4.330450999999999,4.2767,4.27954,4.260088248925574,4.3147649999694995,4.337234307604994,4.299603697333021,4.447121000000002,4.330450999999999,4.453170647312587,4.2572300024660255,0.11945099999999886,0.11945099999999886,0.06569999999999965,0.06569999999999965,0.0685399999999996,0.0685399999999996,0.04908824892557373,0.04908824892557373,0.10376499996949917,0.10376499996949917,0.1262343076049941,0.1262343076049941,0.08860369733302065,0.08860369733302065,0.23612100000000158,0.23612100000000158,0.11945099999999886,0.11945099999999886,0.24217064731258642,0.24217064731258642,0.046230002466025155,0.046230002466025155
2025-04-16,2026-01-07,4.3033,4.2105,ExtraTrees,4.336275,4.3033,4.28384,4.267944930939106,4.332819642124831,4.337234307604994,4.369644615173256,4.434685999999999,4.336275,4.46661880449049,4.316816921004959,0.12577499999999997,0.12577499999999997,0.09280000000000044,0.09280000000000044,0.07333999999999996,0.07333999999999996,0.05744493093910652,0.05744493093910652,0.1223196421248316,0.1223196421248316,0.1267343076049947,0.1267343076049947,0.15914461517325673,0.15914461517325673,0.22418599999999955,0.22418599999999955,0.12577499999999997,0.12577499999999997,0.25611880449049007,0.25611880449049007,0.10631692100495904,0.10631692100495904
2025-04-17,2026-01-08,4.2879,4.2119,ExtraTrees,4.347308999999999,4.2879,4.28854,4.271573125313814,4.327257021659376,4.337234307604994,4.27443848091268,4.425502,4.347308999999999,4.446874128071598,4.282258370534886,0.13540899999999922,0.13540899999999922,0.07599999999999962,0.07599999999999962,0.07664000000000026,0.07664000000000026,0.059673125313813635,0.059673125313813635,0.115357021659376,0.115357021659376,0.12533430760499442,0.12533430760499442,0.06253848091268033,0.06253848091268033,0.21360199999999985,0.21360199999999985,0.13540899999999922,0.13540899999999922,0.234974128071598,0.234974128071598,0.07035837053488603,0.07035837053488603
2025-04-18,2026-01-09,4.2823,4.2127,ExtraTrees,4.354947,4.2823,4.28556,4.273523466165847,4.328887567118997,4.337234307604994,4.265090900145711,4.425475,4.354947,4.453850747774761,4.254186427302978,0.14224700000000023,0.14224700000000023,0.06960000000000033,0.06960000000000033,0.07286000000000037,0.07286000000000037,0.06082346616584733,0.06082346616584733,0.11618756711899714,0.11618756711899714,0.12453430760499451,0.12453430760499451,0.052390900145710795,0.052390900145710795,0.21277499999999971,0.21277499999999971,0.14224700000000023,0.14224700000000023,0.24115074777476142,0.24115074777476142,0.0414864273029778,0.0414864273029778
2025-04-22,2026-01-12,4.2801,4.2097,ExtraTrees,4.3601350000000005,4.2801,4.286060000000001,4.274719199590239,4.3283910110446575,4.337234307604994,4.1548046845247955,4.427102,4.3601350000000005,4.45102572740333,4.24359629193469,0.15043500000000076,0.15043500000000076,0.07040000000000024,0.07040000000000024,0.0763600000000011,0.0763600000000011,0.06501919959023894,0.06501919959023894,0.11869101104465773,0.11869101104465773,0.12753430760499462,0.12753430760499462,-0.05489531547520432,0.05489531547520432,0.21740199999999987,0.21740199999999987,0.15043500000000076,0.15043500000000076,0.24132572740333025,0.24132572740333025,0.033896291934690126,0.033896291934690126
2025-04-23,2026-01-13,4.2893,4.2116,ExtraTrees,4.366074999999999,4.2893,4.28858,4.277370254210196,4.33399032720827,4.337234307604994,4.315549017706374,4.426213999999998,4.366074999999999,4.442628002954085,4.259465741021172,0.1544749999999988,0.1544749999999988,0.0777000000000001,0.0777000000000001,0.07697999999999983,0.07697999999999983,0.06577025421019655,0.06577025421019655,0.12239032720827048,0.12239032720827048,0.1256343076049946,0.1256343076049946,0.10394901770637421,0.10394901770637421,0.2146139999999983,0.2146139999999983,0.1544749999999988,0.1544749999999988,0.2310280029540852,0.2310280029540852,0.04786574102117225,0.04786574102117225
2025-04-24,2026-01-14,4.2789,4.211,ExtraTrees,4.374143999999998,4.2789,4.2837,4.277648389808341,4.335237397980007,4.337234307604994,4.397996225451654,4.427227999999999,4.374143999999998,4.464650819598448,4.233271693416187,0.1631439999999973,0.1631439999999973,0.06789999999999985,0.06789999999999985,0.07269999999999932,0.07269999999999932,0.06664838980834098,0.06664838980834098,0.1242373979800071,0.1242373979800071,0.1262343076049941,0.1262343076049941,0.1869962254516535,0.1869962254516535,0.2162279999999983,0.2162279999999983,0.1631439999999973,0.1631439999999973,0.25365081959844726,0.25365081959844726,0.022271693416186622,0.022271693416186622
2025-04-25,2026-01-15,4.2688,4.2068,ExtraTrees,4.379925999999999,4.2688,4.27988,4.27603959166137,4.330581340536798,4.337234307604994,4.423180590082688,4.407494999999998,4.379925999999999,4.450476268237025,4.211611397576326,0.173125999999999,0.173125999999999,0.06199999999999939,0.06199999999999939,0.07308000000000003,0.07308000000000003,0.06923959166136928,0.06923959166136928,0.12378134053679801,0.12378134053679801,0.13043430760499408,0.13043430760499408,0.21638059008268762,0.21638059008268762,0.20069499999999785,0.20069499999999785,0.173125999999999,0.173125999999999,0.24367626823702437,0.24367626823702437,0.00481139757632576,0.00481139757632576
2025-04-28,2026-01-16,4.2766,4.2192,ExtraTrees,4.378950000000001,4.2766,4.27874,4.276141484086575,4.325901151811086,4.337234307604994,4.142759771474779,4.419827999999999,4.378950000000001,4.4499735991993035,4.242559719158915,0.15975000000000072,0.15975000000000072,0.05740000000000034,0.05740000000000034,0.05954000000000015,0.05954000000000015,0.0569414840865754,0.0569414840865754,0.10670115181108653,0.10670115181108653,0.11803430760499456,0.11803430760499456,-0.07644022852522081,0.07644022852522081,0.20062799999999914,0.20062799999999914,0.15975000000000072,0.15975000000000072,0.23077359919930363,0.23077359919930363,0.02335971915891477,0.02335971915891477
2025-04-29,2026-01-19,4.2646,4.2231,ExtraTrees,4.380430999999999,4.2646,4.27564,4.27404303243447,4.317809984980705,4.337234307604994,4.223141842237393,4.4109719999999975,4.380430999999999,4.45059167830568,4.2525817073724514,0.15733099999999922,0.15733099999999922,0.04150000000000009,0.04150000000000009,0.052540000000000475,0.052540000000000475,0.0509430324344704,0.0509430324344704,0.09470998498070493,0.09470998498070493,0.11413430760499477,0.11413430760499477,4.184223739311932e-05,4.184223739311932e-05,0.18787199999999782,0.18787199999999782,0.15733099999999922,0.15733099999999922,0.22749167830568062,0.22749167830568062,0.029481707372451815,0.029481707372451815
2025-04-30,2026-01-20,4.2778,4.2279,ExtraTrees,4.363340999999997,4.2778,4.27334,4.274726117446384,4.321049025955222,4.337234307604994,4.389913331796813,4.407269,4.363340999999997,4.436888548418675,4.278334614174858,0.1354409999999966,0.1354409999999966,0.049900000000000055,0.049900000000000055,0.04544000000000015,0.04544000000000015,0.04682611744638443,0.04682611744638443,0.09314902595522234,0.09314902595522234,0.10933430760499441,0.10933430760499441,0.1620133317968131,0.1620133317968131,0.17936900000000033,0.17936900000000033,0.1354409999999966,0.1354409999999966,0.20898854841867465,0.20898854841867465,0.05043461417485773,0.05043461417485773
2025-05-02,2026-01-21,4.275,4.2271,ExtraTrees,4.362042999999997,4.275,4.27256,4.274775914274315,4.321067922732963,4.337234307604994,4.456192269401401,4.39389,4.362042999999997,4.403058861325716,4.278561471984633,0.13494299999999715,0.13494299999999715,0.047900000000000276,0.047900000000000276,0.04546000000000028,0.04546000000000028,0.047675914274314835,0.047675914274314835,0.09396792273296306,0.09396792273296306,0.11013430760499432,0.11013430760499432,0.22909226940140126,0.22909226940140126,0.16678999999999977,0.16678999999999977,0.13494299999999715,0.13494299999999715,0.17595886132571614,0.17595886132571614,0.051461471984633356,0.051461471984633356
2025-05-05,2026-01-22,4.276,4.2128,ExtraTrees,4.362909999999997,4.276,4.274,4.274998475315348,4.317057887121093,4.337234307604994,4.306585287831802,4.389704,4.362909999999997,4.3909125678678675,4.286500108161954,0.15010999999999708,0.15010999999999708,0.06320000000000014,0.06320000000000014,0.061200000000000365,0.061200000000000365,0.06219847531534839,0.06219847531534839,0.10425788712109352,0.10425788712109352,0.12443430760499474,0.12443430760499474,0.0937852878318024,0.0937852878318024,0.1769040000000004,0.1769040000000004,0.15010999999999708,0.15010999999999708,0.1781125678678679,0.1781125678678679,0.0737001081619546,0.0737001081619546
2025-05-06,2026-01-23,4.2806,4.205,ExtraTrees,4.344905,4.2806,4.2748,4.276016934348921,4.31417584397417,4.337234307604994,4.4338671011999145,4.378732,4.344905,4.386237663055306,4.286996410613675,0.13990499999999972,0.13990499999999972,0.07559999999999967,0.07559999999999967,0.06979999999999986,0.06979999999999986,0.07101693434892109,0.07101693434892109,0.10917584397417013,0.10917584397417013,0.13223430760499433,0.13223430760499433,0.22886710119991438,0.22886710119991438,0.17373200000000022,0.17373200000000022,0.13990499999999972,0.13990499999999972,0.1812376630553061,0.1812376630553061,0.0819964106136748,0.0819964106136748
2025-05-07,2026-01-26,4.2757,4.2118,ExtraTrees,4.346650999999999,4.2757,4.27702,4.275959309921844,4.31404631060285,4.337234307604994,4.624146443000208,4.378869,4.346650999999999,4.369264899947281,4.2625035368124555,0.1348509999999985,0.1348509999999985,0.0638999999999994,0.0638999999999994,0.06522000000000006,0.06522000000000006,0.06415930992184382,0.06415930992184382,0.10224631060285017,0.10224631060285017,0.1254343076049942,0.1254343076049942,0.4123464430002075,0.4123464430002075,0.1670689999999997,0.1670689999999997,0.1348509999999985,0.1348509999999985,0.1574648999472812,0.1574648999472812,0.05070353681245532,0.05070353681245532
2025-05-08,2026-01-27,4.2714,4.2032,ExtraTrees,4.349447,4.2714,4.27574,4.275130344481508,4.3118780532536265,4.337234307604994,4.5490179723116535,4.377528000000001,4.349447,4.386369483732284,4.25313630477388,0.1462469999999998,0.1462469999999998,0.06820000000000004,0.06820000000000004,0.07254000000000005,0.07254000000000005,0.07193034448150826,0.07193034448150826,0.10867805325362667,0.10867805325362667,0.13403430760499457,0.13403430760499457,0.3458179723116537,0.3458179723116537,0.17432800000000093,0.17432800000000093,0.1462469999999998,0.1462469999999998,0.18316948373228392,0.18316948373228392,0.04993630477388056,0.04993630477388056
2025-05-09,2026-01-28,4.2414,4.2009,ExtraTrees,4.345783999999998,4.2414,4.269019999999999,4.268997554575779,4.299023984900337,4.337234307604994,4.2553434543945565,4.366638,4.345783999999998,4.375494293446664,4.206343801373815,0.14488399999999846,0.14488399999999846,0.04049999999999976,0.04049999999999976,0.06811999999999951,0.06811999999999951,0.06809755457577893,0.06809755457577893,0.09812398490033747,0.09812398490033747,0.13633430760499454,0.13633430760499454,0.05444345439455667,0.05444345439455667,0.16573800000000016,0.16573800000000016,0.14488399999999846,0.14488399999999846,0.17459429344666422,0.17459429344666422,0.005443801373814949,0.005443801373814949
2025-05-12,2026-01-29,4.2337,4.2072,ExtraTrees,4.340708999999998,4.2337,4.26056,4.262579817380183,4.290948094669405,4.337234307604994,4.346067421548695,4.365050000000001,4.340708999999998,4.365163563957374,4.185545581699922,0.13350899999999744,0.13350899999999744,0.026499999999999524,0.026499999999999524,0.05335999999999963,0.05335999999999963,0.055379817380182494,0.055379817380182494,0.0837480946694047,0.0837480946694047,0.13003430760499413,0.13003430760499413,0.1388674215486949,0.1388674215486949,0.1578500000000007,0.1578500000000007,0.13350899999999744,0.13350899999999744,0.15796356395737376,0.15796356395737376,-0.02165441830007797,0.02165441830007797
2025-05-13,2026-01-30,4.2525,4.2131,ExtraTrees,4.333646999999997,4.2525,4.25494,4.2607471233110585,4.292111931595415,4.337234307604994,4.159234635495742,4.352862000000001,4.333646999999997,4.3530770585856144,4.22034657976991,0.12054699999999752,0.12054699999999752,0.039400000000000546,0.039400000000000546,0.04184000000000054,0.04184000000000054,0.04764712331105869,0.04764712331105869,0.07901193159541542,0.07901193159541542,0.12413430760499455,0.12413430760499455,-0.05386536450425794,0.05386536450425794,0.13976200000000105,0.13976200000000105,0.12054699999999752,0.12054699999999752,0.1399770585856146,0.1399770585856146,0.007246579769909722,0.007246579769909722
2025-05-14,2026-02-02,4.2455,4.2106,ExtraTrees,4.352306999999997,4.2455,4.2489,4.257974919072684,4.27937308712894,4.337234307604994,4.23007227324423,4.339884,4.352306999999997,4.370769317297536,4.19625206078149,0.1417069999999967,0.1417069999999967,0.03489999999999949,0.03489999999999949,0.03829999999999956,0.03829999999999956,0.04737491907268332,0.04737491907268332,0.06877308712893981,0.06877308712893981,0.12663430760499406,0.12663430760499406,0.0194722732442294,0.0194722732442294,0.1292839999999993,0.1292839999999993,0.1417069999999967,0.1417069999999967,0.16016931729753558,0.16016931729753558,-0.014347939218509964,0.014347939218509964
2025-05-15,2026-02-03,4.2378,4.2198,ExtraTrees,4.346611,4.2378,4.242179999999999,4.254306751968559,4.282783258471585,4.337234307604994,4.2382174156042485,4.333062,4.346611,4.361399231801987,4.187485611206093,0.126811,0.126811,0.017999999999999794,0.017999999999999794,0.02237999999999918,0.02237999999999918,0.0345067519685589,0.0345067519685589,0.06298325847158459,0.06298325847158459,0.11743430760499418,0.11743430760499418,0.018417415604248255,0.018417415604248255,0.11326199999999975,0.11326199999999975,0.126811,0.126811,0.14159923180198675,0.14159923180198675,-0.0323143887939068,0.0323143887939068
2025-05-16,2026-02-04,4.2392,4.2241,ExtraTrees,4.339931,4.2392,4.24174,4.251560069792458,4.293324491196416,4.337234307604994,4.288385141836562,4.3377799999999995,4.339931,4.357938257976207,4.197463646109455,0.11583100000000002,0.11583100000000002,0.015100000000000335,0.015100000000000335,0.0176400000000001,0.0176400000000001,0.02746006979245763,0.02746006979245763,0.06922449119641616,0.06922449119641616,0.11313430760499443,0.11313430760499443,0.06428514183656198,0.06428514183656198,0.11367999999999956,0.11367999999999956,0.11583100000000002,0.11583100000000002,0.1338382579762074,0.1338382579762074,-0.026636353890545195,0.026636353890545195
2025-05-19,2026-02-05,4.2785,4.2175,ExtraTrees,4.335996000000001,4.2785,4.2507,4.256458238921101,4.308059950239827,4.337234307604994,4.1002026175408215,4.312704,4.335996000000001,4.353241428816251,4.27462335752013,0.11849600000000038,0.11849600000000038,0.06099999999999994,0.06099999999999994,0.033199999999999896,0.033199999999999896,0.03895823892110073,0.03895823892110073,0.0905599502398271,0.0905599502398271,0.11973430760499415,0.11973430760499415,-0.11729738245917876,0.11729738245917876,0.09520399999999984,0.09520399999999984,0.11849600000000038,0.11849600000000038,0.1357414288162504,0.1357414288162504,0.05712335752012976,0.05712335752012976
2025-05-20,2026-02-06,4.2497,4.2155,ExtraTrees,4.328070999999999,4.2497,4.25014,4.2552294682081735,4.291997907531375,4.337234307604994,4.3246926069816976,4.309703,4.328070999999999,4.349084693875344,4.221218626089911,0.11257099999999909,0.11257099999999909,0.03420000000000023,0.03420000000000023,0.03464000000000045,0.03464000000000045,0.03972946820817391,0.03972946820817391,0.0764979075313752,0.0764979075313752,0.12173430760499482,0.12173430760499482,0.10919260698169797,0.10919260698169797,0.09420300000000026,0.09420300000000026,0.11257099999999909,0.11257099999999909,0.13358469387534466,0.13358469387534466,0.0057186260899113606,0.0057186260899113606
2025-05-21,2026-02-09,4.2403,4.2142,ExtraTrees,4.334400999999998,4.2403,4.2491,4.2525150194430505,4.287348559602355,4.337234307604994,4.249612292647244,4.304856999999999,4.334400999999998,4.36821585867108,4.202351198182872,0.120200999999998,0.120200999999998,0.026100000000000456,0.026100000000000456,0.034900000000000375,0.034900000000000375,0.0383150194430506,0.0383150194430506,0.07314855960235533,0.07314855960235533,0.12303430760499445,0.12303430760499445,0.035412292647244215,0.035412292647244215,0.09065699999999932,0.09065699999999932,0.120200999999998,0.120200999999998,0.15401585867108025,0.15401585867108025,-0.011848801817127885,0.011848801817127885
2025-05-22,2026-02-10,4.2447,4.2148,ExtraTrees,4.337776,4.2447,4.2504800000000005,4.251094106817041,4.290230383079537,4.337234307604994,4.384238054040005,4.302624,4.337776,4.341993600250431,4.212551726013722,0.12297599999999953,0.12297599999999953,0.029899999999999594,0.029899999999999594,0.035680000000000156,0.035680000000000156,0.03629410681704037,0.03629410681704037,0.07543038307953687,0.07543038307953687,0.12243430760499407,0.12243430760499407,0.1694380540400049,0.1694380540400049,0.08782399999999946,0.08782399999999946,0.12297599999999953,0.12297599999999953,0.1271936002504308,0.1271936002504308,-0.0022482739862779155,0.0022482739862779155
2025-05-23,2026-02-11,4.2541,4.2174,ExtraTrees,4.329695999999999,4.2541,4.2534600000000005,4.251640632850306,4.297954242456014,4.337234307604994,4.332090291297539,4.309080999999999,4.329695999999999,4.352368971247177,4.224024340292412,0.11229599999999973,0.11229599999999973,0.03670000000000062,0.03670000000000062,0.03606000000000087,0.03606000000000087,0.034240632850305985,0.034240632850305985,0.08055424245601461,0.08055424245601461,0.1198343076049948,0.1198343076049948,0.11469029129753938,0.11469029129753938,0.09168099999999946,0.09168099999999946,0.11229599999999973,0.11229599999999973,0.13496897124717755,0.13496897124717755,0.006624340292412434,0.006624340292412434
2025-05-26,2026-02-12,4.2514,4.2131,ExtraTrees,4.323775999999999,4.2514,4.2480400000000005,4.251596881422977,4.298220038347207,4.337234307604994,4.526476579802271,4.296769,4.323775999999999,4.337722775806591,4.212871579238216,0.11067599999999889,0.11067599999999889,0.038300000000000445,0.038300000000000445,0.03494000000000064,0.03494000000000064,0.03849688142297758,0.03849688142297758,0.08512003834720705,0.08512003834720705,0.12413430760499455,0.12413430760499455,0.31337657980227096,0.31337657980227096,0.08366900000000044,0.08366900000000044,0.11067599999999889,0.11067599999999889,0.12462277580659098,0.12462277580659098,-0.0002284207617835321,0.0002284207617835321
2025-05-27,2026-02-13,4.2479,4.214,ExtraTrees,4.3194420000000004,4.2479,4.24768,4.250924721164254,4.297013567365671,4.337234307604994,4.4667761585147,4.295775,4.3194420000000004,4.355008932467251,4.208791639629647,0.10544200000000004,0.10544200000000004,0.03389999999999915,0.03389999999999915,0.03367999999999949,0.03367999999999949,0.036924721164253604,0.036924721164253604,0.08301356736567023,0.08301356736567023,0.12323430760499399,0.12323430760499399,0.2527761585146999,0.2527761585146999,0.08177499999999949,0.08177499999999949,0.10544200000000004,0.10544200000000004,0.14100893246725033,0.14100893246725033,-0.00520836037035366,0.00520836037035366
2025-05-28,2026-02-16,4.2447,4.208,ExtraTrees,4.308914,4.2447,4.24856,4.249792953679844,4.294908104131842,4.337234307604994,4.409585792166398,4.294283999999999,4.308914,4.362183359961436,4.199598506966625,0.1009139999999995,0.1009139999999995,0.03669999999999973,0.03669999999999973,0.04056000000000015,0.04056000000000015,0.04179295367984359,0.04179295367984359,0.08690810413184202,0.08690810413184202,0.12923430760499421,0.12923430760499421,0.20158579216639794,0.20158579216639794,0.08628399999999914,0.08628399999999914,0.1009139999999995,0.1009139999999995,0.1541833599614355,0.1541833599614355,-0.008401493033375118,0.008401493033375118
2025-05-29,2026-02-17,4.2369,4.2182,ExtraTrees,4.3095550000000005,4.2369,4.247,4.247448780283508,4.288077205426418,4.337234307604994,4.447285195312392,4.294517999999999,4.3095550000000005,4.342368027453051,4.178259963241799,0.09135500000000008,0.09135500000000008,0.01869999999999994,0.01869999999999994,0.028799999999999493,0.028799999999999493,0.02924878028350797,0.02924878028350797,0.06987720542641718,0.06987720542641718,0.119034307604994,0.119034307604994,0.22908519531239158,0.22908519531239158,0.07631799999999878,0.07631799999999878,0.09135500000000008,0.09135500000000008,0.12416802745305056,0.12416802745305056,-0.03994003675820146,0.03994003675820146
2025-05-30,2026-02-18,4.2507,4.2148,ExtraTrees,4.3152170000000005,4.2507,4.24632,4.248039911141052,4.301063383961469,4.337234307604994,4.373171994447982,4.297139000000001,4.3152170000000005,4.389628138107429,4.214909045219229,0.1004170000000002,0.1004170000000002,0.03589999999999982,0.03589999999999982,0.03151999999999955,0.03151999999999955,0.033239911141051515,0.033239911141051515,0.0862633839614686,0.0862633839614686,0.12243430760499407,0.12243430760499407,0.15837199444798156,0.15837199444798156,0.08233900000000105,0.08233900000000105,0.1004170000000002,0.1004170000000002,0.17482813810742837,0.17482813810742837,0.00010904521922849852,0.00010904521922849852
2025-06-02,2026-02-19,4.2578,4.222,ExtraTrees,4.319197999999999,4.2578,4.2476,4.249814472751769,4.309421350908543,4.337234307604994,4.583960255208715,4.285583000000001,4.319197999999999,4.3778925001189455,4.241407687089328,0.09719799999999879,0.09719799999999879,0.035799999999999166,0.035799999999999166,0.025599999999999845,0.025599999999999845,0.027814472751768626,0.027814472751768626,0.0874213509085422,0.0874213509085422,0.11523430760499398,0.11523430760499398,0.36196025520871444,0.36196025520871444,0.06358300000000039,0.06358300000000039,0.09719799999999879,0.09719799999999879,0.15589250011894507,0.15589250011894507,0.01940768708932783,0.01940768708932783
2025-06-03,2026-02-20,4.2721,4.2241,ExtraTrees,4.303808999999999,4.2721,4.25244,4.2538663867969015,4.31292992266378,4.337234307604994,4.607820116099596,4.287075999999999,4.303808999999999,4.337063193227241,4.268842871881144,0.07970899999999936,0.07970899999999936,0.04800000000000004,0.04800000000000004,0.028340000000000032,0.028340000000000032,0.02976638679690158,0.02976638679690158,0.08882992266377965,0.08882992266377965,0.11313430760499443,0.11313430760499443,0.383720116099596,0.383720116099596,0.06297599999999903,0.06297599999999903,0.07970899999999936,0.07970899999999936,0.11296319322724102,0.11296319322724102,0.04474287188114445,0.04474287188114445
2025-06-04,2026-02-23,4.2778,4.2173,ExtraTrees,4.294306999999999,4.2778,4.25906,4.258217952833828,4.309650828220032,4.337234307604994,4.461826367532059,4.289271000000001,4.294306999999999,4.326111078955587,4.279763050323704,0.07700699999999916,0.07700699999999916,0.06050000000000022,0.06050000000000022,0.04176000000000002,0.04176000000000002,0.04091795283382815,0.04091795283382815,0.09235082822003182,0.09235082822003182,0.11993430760499457,0.11993430760499457,0.24452636753205947,0.24452636753205947,0.07197100000000134,0.07197100000000134,0.07700699999999916,0.07700699999999916,0.10881107895558717,0.10881107895558717,0.06246305032370447,0.06246305032370447
2025-06-05,2026-02-24,4.2791,4.2193,ExtraTrees,4.297878999999999,4.2791,4.2675,4.262014688682223,4.313991721520751,4.337234307604994,4.503239246807007,4.2864840000000015,4.297878999999999,4.33519549083035,4.285348148453284,0.07857899999999951,0.07857899999999951,0.059800000000000075,0.059800000000000075,0.048200000000000465,0.048200000000000465,0.04271468868222339,0.04271468868222339,0.09469172152075167,0.09469172152075167,0.11793430760499479,0.11793430760499479,0.283939246807007,0.283939246807007,0.06718400000000191,0.06718400000000191,0.07857899999999951,0.07857899999999951,0.11589549083035067,0.11589549083035067,0.06604814845328466,0.06604814845328466
2025-06-06,2026-02-25,4.2881,4.2183,ExtraTrees,4.282321999999999,4.2881,4.274979999999999,4.266757472558182,4.32387293190142,4.337234307604994,4.452731332504799,4.286517000000001,4.282321999999999,4.316299329729553,4.296006428219616,0.06402199999999869,0.06402199999999869,0.06979999999999986,0.06979999999999986,0.056679999999999175,0.056679999999999175,0.04845747255818189,0.04845747255818189,0.10557293190141959,0.10557293190141959,0.11893430760499424,0.11893430760499424,0.23443133250479864,0.23443133250479864,0.06821700000000064,0.06821700000000064,0.06402199999999869,0.06402199999999869,0.09799932972955272,0.09799932972955272,0.07770642821961626,0.07770642821961626
2025-06-09,2026-02-26,4.2772,4.2224,ExtraTrees,4.2836159999999985,4.2772,4.27886,4.26865611391124,4.314500076803531,4.337234307604994,4.640668109955587,4.286033,4.2836159999999985,4.30770327151779,4.275757999904834,0.06121599999999816,0.06121599999999816,0.054799999999999294,0.054799999999999294,0.05645999999999951,0.05645999999999951,0.04625611391123918,0.04625611391123918,0.09210007680353094,0.09210007680353094,0.11483430760499402,0.11483430760499402,0.4182681099555863,0.4182681099555863,0.06363299999999938,0.06363299999999938,0.06121599999999816,0.06121599999999816,0.08530327151778927,0.08530327151778927,0.0533579999048337,0.0533579999048337
2025-06-10,2026-02-27,4.2611,4.2233,ExtraTrees,4.281043999999997,4.2611,4.27666,4.267282275018287,4.297048220251742,4.337234307604994,4.691316959425893,4.277518999999999,4.281043999999997,4.30795197762875,4.25684168767912,0.05774399999999691,0.05774399999999691,0.037799999999999834,0.037799999999999834,0.05335999999999963,0.05335999999999963,0.043982275018287,0.043982275018287,0.07374822025174232,0.07374822025174232,0.11393430760499434,0.11393430760499434,0.46801695942589294,0.46801695942589294,0.05421899999999891,0.05421899999999891,0.05774399999999691,0.05774399999999691,0.08465197762874954,0.08465197762874954,0.03354168767912036,0.03354168767912036
2025-06-11,2026-03-02,4.2643,4.2304,ExtraTrees,4.279073999999999,4.2643,4.273960000000001,4.26674004319678,4.2894796198535685,4.337234307604994,4.3937528089360365,4.279662999999999,4.279073999999999,4.289453687522285,4.264397439138693,0.04867399999999833,0.04867399999999833,0.03390000000000004,0.03390000000000004,0.043560000000000265,0.043560000000000265,0.036340043196779526,0.036340043196779526,0.05907961985356813,0.05907961985356813,0.10683430760499402,0.10683430760499402,0.1633528089360361,0.1633528089360361,0.049262999999998947,0.049262999999998947,0.04867399999999833,0.04867399999999833,0.0590536875222849,0.0590536875222849,0.0339974391386928,0.0339974391386928
2025-06-12,2026-03-03,4.2631,4.2732,ExtraTrees,4.280148999999999,4.2631,4.27076,4.266078217161001,4.284771751149174,4.337234307604994,4.449532582125303,4.276220999999998,4.280148999999999,4.284240875229975,4.235695173163729,0.006948999999998762,0.006948999999998762,-0.010100000000000442,0.010100000000000442,-0.0024399999999999977,0.0024399999999999977,-0.007121782838998669,0.007121782838998669,0.01157175114917397,0.01157175114917397,0.06403430760499429,0.06403430760499429,0.176332582125303,0.176332582125303,0.00302099999999772,0.00302099999999772,0.006948999999998762,0.006948999999998762,0.0110408752299751,0.0110408752299751,-0.037504826836270766,0.037504826836270766
2025-06-13,2026-03-04,4.272,4.2685,ExtraTrees,4.278750999999999,4.272,4.26754,4.26715490494991,4.296736485442219,4.337234307604994,4.4479362438079315,4.2698440000000035,4.278750999999999,4.281446604517017,4.2407517710008635,0.010250999999998456,0.010250999999998456,0.0034999999999998366,0.0034999999999998366,-0.0009600000000000719,0.0009600000000000719,-0.0013450950500901726,0.0013450950500901726,0.028236485442218573,0.028236485442218573,0.068734307604994,0.068734307604994,0.1794362438079311,0.1794362438079311,0.0013440000000031205,0.0013440000000031205,0.010250999999998456,0.010250999999998456,0.012946604517016347,0.012946604517016347,-0.02774822899913687,0.02774822899913687
2025-06-16,2026-03-05,4.2612,4.2739,ExtraTrees,4.281390999999998,4.2612,4.26434,4.266072194959017,4.295963641181629,4.337234307604994,4.523467870496486,4.2611180000000015,4.281390999999998,4.277865510940298,4.218587996592833,0.007490999999998138,0.007490999999998138,-0.0127000000000006,0.0127000000000006,-0.009560000000000457,0.009560000000000457,-0.007827805040983016,0.007827805040983016,0.022063641181628846,0.022063641181628846,0.06333430760499414,0.06333430760499414,0.24956787049648543,0.24956787049648543,-0.012781999999998739,0.012781999999998739,0.007490999999998138,0.007490999999998138,0.003965510940298067,0.003965510940298067,-0.05531200340716769,0.05531200340716769
2025-06-17,2026-03-06,4.275,4.2782,ExtraTrees,4.275151,4.275,4.26712,4.267695432239195,4.297702832043408,4.337234307604994,4.685225662497008,4.257301000000003,4.275151,4.256063147607192,4.246980528746368,-0.0030489999999998574,0.0030489999999998574,-0.0031999999999996476,0.0031999999999996476,-0.011079999999999757,0.011079999999999757,-0.010504567760804662,0.010504567760804662,0.019502832043407636,0.019502832043407636,0.059034307604994396,0.059034307604994396,0.40702566249700833,0.40702566249700833,-0.020898999999997336,0.020898999999997336,-0.0030489999999998574,0.0030489999999998574,-0.022136852392807604,0.022136852392807604,-0.03121947125363178,0.03121947125363178
2025-06-18,2026-03-09,4.2717,4.2836,ExtraTrees,4.2955939999999995,4.2717,4.2686,4.268423535468433,4.302493547285961,4.337234307604994,4.514773007090482,4.255378,4.2955939999999995,4.272649114958143,4.2291085191753135,0.011993999999999616,0.011993999999999616,-0.0118999999999998,0.0118999999999998,-0.01499999999999968,0.01499999999999968,-0.01517646453156729,0.01517646453156729,0.01889354728596082,0.01889354728596082,0.05363430760499455,0.05363430760499455,0.23117300709048205,0.23117300709048205,-0.028221999999999525,0.028221999999999525,0.011993999999999616,0.011993999999999616,-0.010950885041856928,0.010950885041856928,-0.054491480824686356,0.054491480824686356
2025-06-20,2026-03-10,4.2709,4.2555,ExtraTrees,4.285862,4.2709,4.270160000000001,4.268873801746899,4.307648498945947,4.337234307604994,4.499176527016339,4.2546240000000015,4.285862,4.23977970106465,4.222257785369819,0.030362000000000222,0.030362000000000222,0.015400000000000524,0.015400000000000524,0.014660000000001006,0.014660000000001006,0.013373801746899616,0.013373801746899616,0.05214849894594753,0.05214849894594753,0.08173430760499478,0.08173430760499478,0.24367652701633968,0.24367652701633968,-0.0008759999999981005,0.0008759999999981005,0.030362000000000222,0.030362000000000222,-0.01572029893534932,0.01572029893534932,-0.03324221463018073,0.03324221463018073
2025-06-23,2026-03-11,4.2727,4.274,ExtraTrees,4.290247,4.2727,4.270300000000001,4.269569474156554,4.3136869343122894,4.337234307604994,4.428854396962259,4.2536570000000005,4.290247,4.281797342860786,4.22610349738865,0.0162469999999999,0.0162469999999999,-0.0012999999999996348,0.0012999999999996348,-0.0036999999999993705,0.0036999999999993705,-0.004430525843446276,0.004430525843446276,0.039686934312289424,0.039686934312289424,0.06323430760499438,0.06323430760499438,0.1548543969622589,0.1548543969622589,-0.020342999999999556,0.020342999999999556,0.0162469999999999,0.0162469999999999,0.0077973428607860384,0.0077973428607860384,-0.04789650261134959,0.04789650261134959
2025-06-24,2026-03-12,4.2604,4.2629,ExtraTrees,4.284488999999999,4.2604,4.2701400000000005,4.26790229703718,4.306873715453056,4.337234307604994,4.501949626334409,4.259592000000002,4.284488999999999,4.255091679826103,4.201937239176062,0.021588999999998748,0.021588999999998748,-0.002500000000000391,0.002500000000000391,0.007240000000000357,0.007240000000000357,0.005002297037179915,0.005002297037179915,0.04397371545305617,0.04397371545305617,0.07433430760499427,0.07433430760499427,0.23904962633440885,0.23904962633440885,-0.003307999999997868,0.003307999999997868,0.021588999999998748,0.021588999999998748,-0.007808320173896988,0.007808320173896988,-0.060962760823938034,0.060962760823938034
2025-06-25,2026-03-13,4.2479,4.2693,ExtraTrees,4.290395000000001,4.2479,4.26472,4.2642655157576925,4.293884083528053,4.337234307604994,4.602580311157797,4.257859000000001,4.290395000000001,4.275641296146263,4.186364551915808,0.021095000000000752,0.021095000000000752,-0.021400000000000752,0.021400000000000752,-0.004580000000000695,0.004580000000000695,-0.005034484242307791,0.005034484242307791,0.024584083528052858,0.024584083528052858,0.06793430760499408,0.06793430760499408,0.33328031115779666,0.33328031115779666,-0.01144099999999959,0.01144099999999959,0.021095000000000752,0.021095000000000752,0.006341296146262998,0.006341296146262998,-0.08293544808419195,0.08293544808419195
2025-06-26,2026-03-16,4.2479,4.2694,ExtraTrees,4.292895000000001,4.2479,4.25996,4.261289967438112,4.291147657005567,4.337234307604994,4.484586116130875,4.260907,4.292895000000001,4.2715997274129816,4.19751206663365,0.023495000000000488,0.023495000000000488,-0.02150000000000052,0.02150000000000052,-0.009439999999999671,0.009439999999999671,-0.008110032561887692,0.008110032561887692,0.0217476570055668,0.0217476570055668,0.06783430760499431,0.06783430760499431,0.2151861161308748,0.2151861161308748,-0.008493000000000528,0.008493000000000528,0.023495000000000488,0.023495000000000488,0.002199727412981467,0.002199727412981467,-0.0718879333663498,0.0718879333663498
2025-06-27,2026-03-17,4.2362,4.2666,ExtraTrees,4.294322000000001,4.2362,4.253019999999999,4.256728155176637,4.290511497700409,4.337234307604994,4.379825442711999,4.270710000000001,4.294322000000001,4.271303519077584,4.180402142792416,0.02772200000000069,0.02772200000000069,-0.030400000000000205,0.030400000000000205,-0.013580000000001036,0.013580000000001036,-0.009871844823363674,0.009871844823363674,0.0239114977004089,0.0239114977004089,0.070634307604994,0.070634307604994,0.11322544271199853,0.11322544271199853,0.004110000000000724,0.004110000000000724,0.02772200000000069,0.02772200000000069,0.004703519077583707,0.004703519077583707,-0.08619785720758433,0.08619785720758433
2025-06-30,2026-03-18,4.2419,4.2613,ExtraTrees,4.285733000000002,4.2419,4.24686,4.254032126962703,4.2956404244407445,4.337234307604994,4.567572038535219,4.2753000000000005,4.285733000000002,4.288718888544296,4.18744944823741,0.024433000000001925,0.024433000000001925,-0.019400000000000084,0.019400000000000084,-0.014440000000000452,0.014440000000000452,-0.007267873037297257,0.007267873037297257,0.034340424440744144,0.034340424440744144,0.07593430760499409,0.07593430760499409,0.30627203853521845,0.30627203853521845,0.014000000000000234,0.014000000000000234,0.024433000000001925,0.024433000000001925,0.02741888854429586,0.02741888854429586,-0.07385055176259048,0.07385055176259048
2025-07-01,2026-03-19,4.2415,4.2782,ExtraTrees,4.302390000000001,4.2415,4.243080000000001,4.25175355842403,4.2978620347954255,4.337234307604994,4.65800933548826,4.293933000000001,4.302390000000001,4.294910132816797,4.185609694015957,0.024190000000000822,0.024190000000000822,-0.03669999999999973,0.03669999999999973,-0.03511999999999915,0.03511999999999915,-0.026446441575970425,0.026446441575970425,0.019662034795425498,0.019662034795425498,0.059034307604994396,0.059034307604994396,0.3798093354882601,0.3798093354882601,0.015733000000000885,0.015733000000000885,0.024190000000000822,0.024190000000000822,0.01671013281679734,0.01671013281679734,-0.09259030598404294,0.09259030598404294
2025-07-02,2026-03-20,4.25,4.2768,ExtraTrees,4.304250000000002,4.25,4.2435,4.25143472961966,4.3006856132171105,4.337234307604994,4.762778318637452,4.294693,4.304250000000002,4.283960563905437,4.19161663320141,0.02745000000000264,0.02745000000000264,-0.026799999999999713,0.026799999999999713,-0.03329999999999966,0.03329999999999966,-0.02536527038033931,0.02536527038033931,0.0238856132171108,0.0238856132171108,0.060434307604994686,0.060434307604994686,0.48597831863745267,0.48597831863745267,0.017892999999999937,0.017892999999999937,0.02745000000000264,0.02745000000000264,0.007160563905436845,0.007160563905436845,-0.08518336679858951,0.08518336679858951
2025-07-03,2026-03-23,4.2634,4.2867,ExtraTrees,4.299381000000002,4.2634,4.246599999999999,4.253610233325176,4.313280015744168,4.337234307604994,4.6573873382827475,4.298226,4.299381000000002,4.301463226619845,4.183402524621506,0.012681000000002385,0.012681000000002385,-0.023299999999999876,0.023299999999999876,-0.04010000000000069,0.04010000000000069,-0.03308976667482355,0.03308976667482355,0.026580015744168684,0.026580015744168684,0.050534307604994666,0.050534307604994666,0.3706873382827478,0.3706873382827478,0.011525999999999925,0.011525999999999925,0.012681000000002385,0.012681000000002385,0.014763226619844971,0.014763226619844971,-0.10329747537849343,0.10329747537849343
2025-07-04,2026-03-24,4.2515,4.2728,ExtraTrees,4.299205,4.2515,4.24966,4.25322655453878,4.305857457622402,4.337234307604994,4.6381726082413435,4.297991000000001,4.299205,4.276638969520816,4.174909405547441,0.026404999999999568,0.026404999999999568,-0.021300000000000097,0.021300000000000097,-0.023139999999999716,0.023139999999999716,-0.019573445461220196,0.019573445461220196,0.03305745762240164,0.03305745762240164,0.06443430760499425,0.06443430760499425,0.3653726082413433,0.3653726082413433,0.025191000000000408,0.025191000000000408,0.026404999999999568,0.026404999999999568,0.0038389695208156382,0.0038389695208156382,-0.09789059445255877,0.09789059445255877
2025-07-07,2026-03-25,4.2524,4.2692,ExtraTrees,4.316740999999999,4.2524,4.25176,4.253076271895365,4.313608359392903,4.337234307604994,4.748621697853748,4.312758000000001,4.316740999999999,4.279207343294218,4.1787318667098585,0.047540999999998945,0.047540999999998945,-0.016799999999999926,0.016799999999999926,-0.017439999999999678,0.017439999999999678,-0.016123728104634694,0.016123728104634694,0.04440835939290366,0.04440835939290366,0.06803430760499474,0.06803430760499474,0.47942169785374844,0.47942169785374844,0.04355800000000176,0.04355800000000176,0.047540999999998945,0.047540999999998945,0.010007343294218707,0.010007343294218707,-0.09046813329014114,0.09046813329014114
2025-07-08,2026-03-26,4.2455,4.271,ExtraTrees,4.314902,4.2455,4.25256,4.251698767914389,4.311275998115086,4.337234307604994,4.852082695851108,4.301193000000001,4.314902,4.285072320227947,4.153391042397862,0.04390200000000011,0.04390200000000011,-0.025500000000000078,0.025500000000000078,-0.018440000000000012,0.018440000000000012,-0.019301232085610742,0.019301232085610742,0.040275998115085976,0.040275998115085976,0.06623430760499449,0.06623430760499449,0.5810826958511077,0.5810826958511077,0.03019300000000147,0.03019300000000147,0.04390200000000011,0.04390200000000011,0.01407232022794691,0.01407232022794691,-0.11760895760213774,0.11760895760213774
2025-07-09,2026-03-27,4.2399,4.2858,ExtraTrees,4.316017999999999,4.2399,4.250539999999999,4.2495535373845,4.300363121446583,4.337234307604994,4.72521870479149,4.305495000000001,4.316017999999999,4.300017452140072,4.131313361681901,0.030217999999998746,0.030217999999998746,-0.045900000000000496,0.045900000000000496,-0.03526000000000096,0.03526000000000096,-0.03624646261549991,0.03624646261549991,0.014563121446583338,0.014563121446583338,0.051434307604994345,0.051434307604994345,0.4394187047914899,0.4394187047914899,0.01969500000000135,0.01969500000000135,0.030217999999998746,0.030217999999998746,0.01421745214007153,0.01421745214007153,-0.15448663831809917,0.15448663831809917
2025-07-10,2026-03-30,4.2464,4.2832,ExtraTrees,4.317506999999998,4.2464,4.24714,4.248980166950955,4.305006032994947,4.337234307604994,4.714208672810635,4.298839999999999,4.317506999999998,4.308591784977693,4.139104775555947,0.03430699999999831,0.03430699999999831,-0.0367999999999995,0.0367999999999995,-0.03605999999999998,0.03605999999999998,-0.03421983304904508,0.03421983304904508,0.02180603299494699,0.02180603299494699,0.0540343076049945,0.0540343076049945,0.43100867281063504,0.43100867281063504,0.015639999999999432,0.015639999999999432,0.03430699999999831,0.03430699999999831,0.025391784977693455,0.025391784977693455,-0.14409522444405276,0.14409522444405276
2025-07-11,2026-03-31,4.2563,4.2894,ExtraTrees,4.317213999999999,4.2563,4.2481,4.250311045687145,4.316230837679502,4.337234307604994,4.72054421309105,4.312019,4.317213999999999,4.306403408276691,4.149919132132858,0.02781399999999934,0.02781399999999934,-0.03309999999999924,0.03309999999999924,-0.04129999999999967,0.04129999999999967,-0.03908895431285497,0.03908895431285497,0.026830837679502118,0.026830837679502118,0.04783430760499474,0.04783430760499474,0.43114421309105033,0.43114421309105033,0.02261900000000061,0.02261900000000061,0.02781399999999934,0.02781399999999934,0.017003408276691445,0.017003408276691445,-0.13948086786714153,0.13948086786714153
2025-07-14,2026-04-01,4.2614,4.2874,ExtraTrees,4.306506,4.2614,4.2499,4.252327219198573,4.30843942074856,4.337234307604994,4.69088339249278,4.307815000000001,4.306506,4.282446882475587,4.164972097331884,0.019105999999999845,0.019105999999999845,-0.0259999999999998,0.0259999999999998,-0.037499999999999645,0.037499999999999645,-0.03507278080142662,0.03507278080142662,0.021039420748560467,0.021039420748560467,0.04983430760499452,0.04983430760499452,0.4034833924927801,0.4034833924927801,0.020415000000000738,0.020415000000000738,0.019105999999999845,0.019105999999999845,-0.004953117524412853,0.004953117524412853,-0.12242790266811632,0.12242790266811632
2025-07-15,2026-04-02,4.2538,4.2869,ExtraTrees,4.3046289999999985,4.2538,4.25156,4.2525949975261055,4.307497395460461,4.337234307604994,4.756324394523174,4.306545000000001,4.3046289999999985,4.292037631086556,4.149495637456004,0.01772899999999833,0.01772899999999833,-0.03310000000000013,0.03310000000000013,-0.03534000000000059,0.03534000000000059,-0.034305002473894675,0.034305002473894675,0.020597395460461243,0.020597395460461243,0.050334307604994244,0.050334307604994244,0.4694243945231742,0.4694243945231742,0.01964500000000058,0.01964500000000058,0.01772899999999833,0.01772899999999833,0.0051376310865558494,0.0051376310865558494,-0.1374043625439958,0.1374043625439958
2025-07-16,2026-04-03,4.2585,4.2776,ExtraTrees,4.309760999999999,4.2585,4.255280000000001,4.25366863433954,4.313300184502925,4.337234307604994,4.757289733172518,4.314472000000001,4.309760999999999,4.293297686308743,4.163640137895079,0.03216099999999944,0.03216099999999944,-0.019099999999999895,0.019099999999999895,-0.022319999999998785,0.022319999999998785,-0.02393136566045939,0.02393136566045939,0.035700184502925225,0.035700184502925225,0.059634307604994774,0.059634307604994774,0.47968973317251873,0.47968973317251873,0.03687200000000157,0.03687200000000157,0.03216099999999944,0.03216099999999944,0.015697686308743464,0.015697686308743464,-0.11395986210492026,0.11395986210492026
2025-07-17,2026-04-07,4.2559,4.2694,ExtraTrees,4.309847999999997,4.2559,4.25718,4.254074337186896,4.314442691268574,4.337234307604994,4.594708155562903,4.321954999999998,4.309847999999997,4.317603855723701,4.162859660064659,0.04044799999999693,0.04044799999999693,-0.013500000000000512,0.013500000000000512,-0.01222000000000012,0.01222000000000012,-0.015325662813103769,0.015325662813103769,0.04504269126857352,0.04504269126857352,0.06783430760499431,0.06783430760499431,0.3253081555629027,0.3253081555629027,0.05255499999999813,0.05255499999999813,0.04044799999999693,0.04044799999999693,0.048203855723700784,0.048203855723700784,-0.10654033993534107,0.10654033993534107
2025-07-18,2026-04-08,4.2509,4.2623,ExtraTrees,4.315438999999999,4.2509,4.2561,4.2534971849710965,4.312979879845731,4.337234307604994,4.516565616032464,4.333088,4.315438999999999,4.31904008542014,4.146008823947153,0.05313899999999894,0.05313899999999894,-0.011400000000000077,0.011400000000000077,-0.006199999999999761,0.006199999999999761,-0.008802815028903233,0.008802815028903233,0.05067987984573108,0.05067987984573108,0.07493430760499464,0.07493430760499464,0.25426561603246434,0.25426561603246434,0.0707880000000003,0.0707880000000003,0.05313899999999894,0.05313899999999894,0.05674008542013986,0.05674008542013986,-0.11629117605284645,0.11629117605284645
2025-07-21,2026-04-09,4.2445,4.261,ExtraTrees,4.319138,4.2445,4.252719999999999,4.251861333158169,4.312480451642987,4.337234307604994,4.636058220491125,4.329788000000001,4.319138,4.304119043335018,4.142359211325882,0.05813799999999958,0.05813799999999958,-0.016499999999999737,0.016499999999999737,-0.008280000000000953,0.008280000000000953,-0.009138666841830734,0.009138666841830734,0.05148045164298676,0.05148045164298676,0.07623430760499428,0.07623430760499428,0.375058220491125,0.375058220491125,0.06878800000000052,0.06878800000000052,0.05813799999999958,0.05813799999999958,0.04311904333501815,0.04311904333501815,-0.11864078867411809,0.11864078867411809
2025-07-22,2026-04-10,4.2531,4.2534,ExtraTrees,4.314942000000001,4.2531,4.25258,4.252086545311229,4.310768329252531,4.337234307604994,4.807735994595508,4.3270370000000025,4.314942000000001,4.303837229694675,4.143742188730448,0.061542000000001096,0.061542000000001096,-0.000300000000000189,0.000300000000000189,-0.0008200000000000429,0.0008200000000000429,-0.0013134546887707543,0.0013134546887707543,0.057368329252531325,0.057368329252531325,0.08383430760499433,0.08383430760499433,0.5543359945955082,0.5543359945955082,0.0736370000000024,0.0736370000000024,0.061542000000001096,0.061542000000001096,0.050437229694675345,0.050437229694675345,-0.10965781126955232,0.10965781126955232
2025-07-23,2026-04-13,4.2544,4.2507,ExtraTrees,4.304784,4.2544,4.25176,4.25250717343646,4.309415272823591,4.337234307604994,4.572258549241929,4.344622000000003,4.304784,4.3173458101981135,4.140215088649336,0.05408399999999958,0.05408399999999958,0.0037000000000002586,0.0037000000000002586,0.0010599999999998388,0.0010599999999998388,0.0018071734364601966,0.0018071734364601966,0.05871527282359068,0.05871527282359068,0.08653430760499425,0.08653430760499425,0.32155854924192884,0.32155854924192884,0.09392200000000273,0.09392200000000273,0.05408399999999958,0.05408399999999958,0.06664581019811333,0.06664581019811333,-0.11048491135066385,0.11048491135066385
2025-07-24,2026-04-14,4.2514,4.2436,ExtraTrees,4.308677,4.2514,4.25086,4.252305869175285,4.306153235910208,4.337234307604994,4.758019555188171,4.340500000000002,4.308677,4.3158447221344955,4.157877220843177,0.0650770000000005,0.0650770000000005,0.007800000000000473,0.007800000000000473,0.007260000000000488,0.007260000000000488,0.008705869175285486,0.008705869175285486,0.06255323591020812,0.06255323591020812,0.09363430760499458,0.09363430760499458,0.5144195551881712,0.5144195551881712,0.09690000000000243,0.09690000000000243,0.0650770000000005,0.0650770000000005,0.07224472213449573,0.07224472213449573,-0.08572277915682314,0.08572277915682314
2025-07-25,2026-04-15,4.2544,4.237,ExtraTrees,4.320809,4.2544,4.25156,4.252686620234324,4.31249325222148,4.337234307604994,4.5612086068127455,4.349338000000002,4.320809,4.324899723473394,4.18367827211347,0.08380899999999958,0.08380899999999958,0.017400000000000304,0.017400000000000304,0.014559999999999462,0.014559999999999462,0.01568662023432399,0.01568662023432399,0.07549325222147996,0.07549325222147996,0.1002343076049943,0.1002343076049943,0.32420860681274544,0.32420860681274544,0.11233800000000205,0.11233800000000205,0.08380899999999958,0.08380899999999958,0.08789972347339425,0.08789972347339425,-0.05332172788653011,0.05332172788653011
2025-07-28,2026-04-16,4.2565,4.2411,ExtraTrees,4.316965000000002,4.2565,4.25396,4.253379962009901,4.311492731362607,4.337234307604994,4.728791281705151,4.3464870000000015,4.316965000000002,4.342340026162396,4.152403363628377,0.07586500000000207,0.07586500000000207,0.015399999999999636,0.015399999999999636,0.012859999999999872,0.012859999999999872,0.012279962009900558,0.012279962009900558,0.07039273136260693,0.07039273136260693,0.09613430760499408,0.09613430760499408,0.48769128170515064,0.48769128170515064,0.10538700000000123,0.10538700000000123,0.07586500000000207,0.07586500000000207,0.10124002616239558,0.10124002616239558,-0.0886966363716235,0.0886966363716235
2025-07-29,2026-04-17,4.2737,4.2355,ExtraTrees,4.326393000000002,4.2737,4.25808,4.257074514371737,4.3097799402934305,4.337234307604994,4.658451778725635,4.347506,4.326393000000002,4.34475601797087,4.200092420520245,0.09089300000000211,0.09089300000000211,0.03819999999999979,0.03819999999999979,0.0225799999999996,0.0225799999999996,0.02157451437173652,0.02157451437173652,0.07427994029343044,0.07427994029343044,0.10173430760499436,0.10173430760499436,0.4229517787256354,0.4229517787256354,0.11200600000000005,0.11200600000000005,0.09089300000000211,0.09089300000000211,0.10925601797087037,0.10925601797087037,-0.035407579479755036,0.035407579479755036
2025-07-30,2026-04-20,4.2732,4.2346,ExtraTrees,4.329705000000002,4.2732,4.261840000000001,4.260006420849603,4.309303554162056,4.337234307604994,4.618977517687957,4.3241460000000025,4.329705000000002,4.355396985376376,4.212809021586793,0.095105000000002,0.095105000000002,0.038599999999999746,0.038599999999999746,0.02724000000000082,0.02724000000000082,0.02540642084960254,0.02540642084960254,0.07470355416205532,0.07470355416205532,0.10263430760499404,0.10263430760499404,0.38437751768795625,0.38437751768795625,0.08954600000000212,0.08954600000000212,0.095105000000002,0.095105000000002,0.12079698537637551,0.12079698537637551,-0.02179097841320754,0.02179097841320754
2025-07-31,2026-04-21,4.2661,4.232,ExtraTrees,4.324238000000001,4.2661,4.26478,4.261114344331493,4.308435094425336,4.337234307604994,4.741458405371697,4.318439000000001,4.324238000000001,4.353404507572953,4.20801436812027,0.09223800000000093,0.09223800000000093,0.034099999999999575,0.034099999999999575,0.03277999999999981,0.03277999999999981,0.02911434433149296,0.02911434433149296,0.07643509442533603,0.07643509442533603,0.10523430760499419,0.10523430760499419,0.5094584053716966,0.5094584053716966,0.08643900000000038,0.08643900000000038,0.09223800000000093,0.09223800000000093,0.12140450757295262,0.12140450757295262,-0.023985631879730462,0.023985631879730462
2025-08-01,2026-04-22,4.2813,4.2408,ExtraTrees,4.326120000000001,4.2813,4.27016,4.264784463543949,4.312907268328366,4.337234307604994,4.578691134916244,4.313022,4.326120000000001,4.350341660215644,4.23400915560292,0.08532000000000117,0.08532000000000117,0.04049999999999976,0.04049999999999976,0.02935999999999961,0.02935999999999961,0.023984463543948564,0.023984463543948564,0.07210726832836567,0.07210726832836567,0.09643430760499427,0.09643430760499427,0.33789113491624345,0.33789113491624345,0.07222200000000001,0.07222200000000001,0.08532000000000117,0.08532000000000117,0.10954166021564404,0.10954166021564404,-0.006790844397079887,0.006790844397079887
2025-08-04,2026-04-23,4.2734,4.2501,ExtraTrees,4.3235350000000015,4.2734,4.27354,4.266350924717776,4.306937616150428,4.337234307604994,4.721034333527228,4.319982999999999,4.3235350000000015,4.354213773648836,4.211818485255564,0.0734350000000017,0.0734350000000017,0.023299999999999876,0.023299999999999876,0.023439999999999905,0.023439999999999905,0.01625092471777645,0.01625092471777645,0.05683761615042826,0.05683761615042826,0.08713430760499463,0.08713430760499463,0.4709343335272278,0.4709343335272278,0.06988299999999903,0.06988299999999903,0.0734350000000017,0.0734350000000017,0.10411377364883645,0.10411377364883645,-0.038281514744435974,0.038281514744435974
2025-08-05,2026-04-24,4.2763,4.2428,ExtraTrees,4.317717000000002,4.2763,4.27406,4.268159847496362,4.302329189820243,4.337234307604994,4.779133895807175,4.315489999999999,4.317717000000002,4.334137408532437,4.212209509182165,0.0749170000000019,0.0749170000000019,0.033500000000000085,0.033500000000000085,0.03126000000000051,0.03126000000000051,0.025359847496361887,0.025359847496361887,0.05952918982024347,0.05952918982024347,0.0944343076049945,0.0944343076049945,0.536333895807175,0.536333895807175,0.07268999999999881,0.07268999999999881,0.0749170000000019,0.0749170000000019,0.09133740853243744,0.09133740853243744,-0.030590490817834493,0.030590490817834493
2025-08-06,2026-04-27,4.282,4.2445,ExtraTrees,4.317222000000001,4.282,4.27582,4.270676238860659,4.304654283442696,4.337234307604994,4.647028496799487,4.310815999999998,4.317222000000001,4.325898486727992,4.215800975939472,0.07272200000000062,0.07272200000000062,0.037499999999999645,0.037499999999999645,0.031320000000000014,0.031320000000000014,0.026176238860658785,0.026176238860658785,0.0601542834426958,0.0601542834426958,0.09273430760499402,0.09273430760499402,0.4025284967994862,0.4025284967994862,0.06631599999999782,0.06631599999999782,0.07272200000000062,0.07272200000000062,0.08139848672799133,0.08139848672799133,-0.028699024060528266,0.028699024060528266
2025-08-07,2026-04-28,4.2618,4.247,ExtraTrees,4.314272000000002,4.2618,4.27496,4.26906237724963,4.293966731741476,4.337234307604994,4.73992000284927,4.311658999999999,4.314272000000002,4.318139237937623,4.176696458690115,0.06727200000000177,0.06727200000000177,0.014800000000000146,0.014800000000000146,0.027960000000000207,0.027960000000000207,0.022062377249629783,0.022062377249629783,0.0469667317414757,0.0469667317414757,0.09023430760499451,0.09023430760499451,0.49292000284926996,0.49292000284926996,0.06465899999999891,0.06465899999999891,0.06727200000000177,0.06727200000000177,0.071139237937623,0.071139237937623,-0.07030354130988492,0.07030354130988492
2025-08-08,2026-04-29,4.2566,4.2537,ExtraTrees,4.315646000000002,4.2566,4.27002,4.2667964904769695,4.294035636965752,4.337234307604994,4.702745108439181,4.313148,4.315646000000002,4.322341627624049,4.181483835699583,0.06194600000000161,0.06194600000000161,0.0028999999999994586,0.0028999999999994586,0.016319999999999446,0.016319999999999446,0.013096490476969258,0.013096490476969258,0.04033563696575193,0.04033563696575193,0.08353430760499414,0.08353430760499414,0.4490451084391811,0.4490451084391811,0.05944799999999972,0.05944799999999972,0.06194600000000161,0.06194600000000161,0.06864162762404913,0.06864162762404913,-0.07221616430041689,0.07221616430041689
2025-08-11,2026-04-30,4.2533,4.2589,ExtraTrees,4.310232000000001,4.2533,4.266,4.264342583117521,4.290081105765715,4.337234307604994,4.79233564081365,4.308142000000002,4.310232000000001,4.324349504835132,4.190517143947864,0.051332000000001266,0.051332000000001266,-0.005599999999999383,0.005599999999999383,0.007100000000000328,0.007100000000000328,0.005442583117520883,0.005442583117520883,0.031181105765715422,0.031181105765715422,0.07833430760499471,0.07833430760499471,0.53343564081365,0.53343564081365,0.04924200000000223,0.04924200000000223,0.051332000000001266,0.051332000000001266,0.06544950483513201,0.06544950483513201,-0.06838285605213557,0.06838285605213557
2025-08-12,2026-05-04,4.2626,4.2544,ExtraTrees,4.316689,4.2626,4.26326,4.264025749823426,4.294131702659454,4.337234307604994,4.819750507230006,4.30743,4.316689,4.340948406509765,4.212925048987405,0.06228899999999982,0.06228899999999982,0.008199999999999541,0.008199999999999541,0.008859999999999424,0.008859999999999424,0.009625749823425345,0.009625749823425345,0.039731702659453916,0.039731702659453916,0.082834307604994,0.082834307604994,0.565350507230006,0.565350507230006,0.05302999999999969,0.05302999999999969,0.06228899999999982,0.06228899999999982,0.08654840650976503,0.08654840650976503,-0.041474951012595795,0.041474951012595795
2025-08-13,2026-05-05,4.2586,4.2551,ExtraTrees,4.305287999999997,4.2586,4.25858,4.26303924985553,4.296754030152963,4.337234307604994,4.780670963389659,4.309720000000001,4.305287999999997,4.342063714778626,4.20677041903492,0.05018799999999768,0.05018799999999768,0.0035000000000007248,0.0035000000000007248,0.0034800000000005937,0.0034800000000005937,0.007939249855530406,0.007939249855530406,0.041654030152963095,0.041654030152963095,0.08213430760499474,0.08213430760499474,0.5255709633896597,0.5255709633896597,0.05462000000000167,0.05462000000000167,0.05018799999999768,0.05018799999999768,0.08696371477862641,0.08696371477862641,-0.048329580965079444,0.048329580965079444
2025-08-14,2026-05-06,4.2639,4.2351,ExtraTrees,4.304632000000001,4.2639,4.259,4.263195749881797,4.302867438461542,4.337234307604994,4.660962079364412,4.314056,4.304632000000001,4.363909548900676,4.220768972246267,0.0695320000000006,0.0695320000000006,0.028799999999999493,0.028799999999999493,0.023900000000000254,0.023900000000000254,0.028095749881797083,0.028095749881797083,0.06776743846154165,0.06776743846154165,0.10213430760499431,0.10213430760499431,0.42586207936441234,0.42586207936441234,0.0789559999999998,0.0789559999999998,0.0695320000000006,0.0695320000000006,0.12880954890067553,0.12880954890067553,-0.014331027753732961,0.014331027753732961
2025-08-18,2026-05-07,4.2558,4.2286,ExtraTrees,4.308617000000002,4.2558,4.25884,4.2618510680851065,4.305329876074134,4.337234307604994,4.615094800954846,4.307642,4.308617000000002,4.343057843308149,4.219638810801145,0.08001700000000156,0.08001700000000156,0.02719999999999967,0.02719999999999967,0.030240000000000045,0.030240000000000045,0.03325106808510636,0.03325106808510636,0.07672987607413351,0.07672987607413351,0.10863430760499426,0.10863430760499426,0.38649480095484545,0.38649480095484545,0.07904200000000028,0.07904200000000028,0.08001700000000156,0.08001700000000156,0.11445784330814845,0.11445784330814845,-0.008961189198855024,0.008961189198855024
2025-08-19,2026-05-08,4.242,4.2284,ExtraTrees,4.309321999999999,4.242,4.2565800000000005,4.258241782978724,4.291705787508767,4.337234307604994,4.543876580453271,4.3025410000000015,4.309321999999999,4.350309924993962,4.1890025483564095,0.08092199999999927,0.08092199999999927,0.013600000000000279,0.013600000000000279,0.02818000000000076,0.02818000000000076,0.029841782978723863,0.029841782978723863,0.06330578750876725,0.06330578750876725,0.10883430760499468,0.10883430760499468,0.31547658045327154,0.31547658045327154,0.07414100000000179,0.07414100000000179,0.08092199999999927,0.08092199999999927,0.12190992499396192,0.12190992499396192,-0.03939745164359021,0.03939745164359021
2025-08-20,2026-05-11,4.2524,4.2386,ExtraTrees,4.307578999999999,4.2524,4.25454,4.257179640618956,4.288518104751396,4.337234307604994,4.483487116033049,4.310791999999999,4.307578999999999,4.338068736356142,4.214313854403787,0.06897899999999879,0.06897899999999879,0.013799999999999812,0.013799999999999812,0.01594000000000051,0.01594000000000051,0.018579640618956006,0.018579640618956006,0.04991810475139591,0.04991810475139591,0.09863430760499448,0.09863430760499448,0.24488711603304925,0.24488711603304925,0.07219199999999937,0.07219199999999937,0.06897899999999879,0.06897899999999879,0.09946873635614217,0.09946873635614217,-0.024286145596213338,0.024286145596213338
2025-08-21,2026-05-12,4.2521,4.2478,ExtraTrees,4.319996,4.2521,4.25324,4.256256069597328,4.288493422653887,4.337234307604994,4.541434677289583,4.307111000000001,4.319996,4.329343215729226,4.234940016897879,0.07219599999999993,0.07219599999999993,0.004300000000000637,0.004300000000000637,0.005440000000000111,0.005440000000000111,0.008456069597328586,0.008456069597328586,0.04069342265388709,0.04069342265388709,0.0894343076049946,0.0894343076049946,0.2936346772895835,0.2936346772895835,0.059311000000001,0.059311000000001,0.07219599999999993,0.07219599999999993,0.0815432157292264,0.0815432157292264,-0.01285998310212122,0.01285998310212122
2025-08-22,2026-05-13,4.267,4.2524,ExtraTrees,4.308368999999998,4.267,4.25386,4.258209511488722,4.297467550337401,4.337234307604994,4.589056454812206,4.300071000000002,4.308368999999998,4.323330949505146,4.267063738170583,0.05596899999999838,0.05596899999999838,0.014600000000000612,0.014600000000000612,0.001460000000000683,0.001460000000000683,0.005809511488722663,0.005809511488722663,0.04506755033740095,0.04506755033740095,0.08483430760499466,0.08483430760499466,0.3366564548122062,0.3366564548122062,0.04767100000000202,0.04767100000000202,0.05596899999999838,0.05596899999999838,0.07093094950514622,0.07093094950514622,0.014663738170582974,0.014663738170582974
2025-08-25,2026-05-14,4.2627,4.2401,ExtraTrees,4.301708,4.2627,4.25524,4.259025963945318,4.293331086137743,4.337234307604994,4.553337899359891,4.300790000000001,4.301708,4.321817995642385,4.261210860983627,0.06160799999999966,0.06160799999999966,0.02259999999999973,0.02259999999999973,0.01513999999999971,0.01513999999999971,0.018925963945317648,0.018925963945317648,0.05323108613774341,0.05323108613774341,0.09713430760499442,0.09713430760499442,0.31323789935989144,0.31323789935989144,0.06069000000000102,0.06069000000000102,0.06160799999999966,0.06160799999999966,0.0817179956423848,0.0817179956423848,0.0211108609836268,0.0211108609836268
2025-08-26,2026-05-15,4.2657,4.2489,ExtraTrees,4.306808,4.2657,4.2599800000000005,4.260239425046169,4.2987425933478,4.337234307604994,4.6454231915421484,4.299321000000002,4.306808,4.332271462066746,4.264249540063597,0.05790800000000029,0.05790800000000029,0.016799999999999926,0.016799999999999926,0.011080000000000645,0.011080000000000645,0.01133942504616936,0.01133942504616936,0.04984259334780017,0.04984259334780017,0.0883343076049945,0.0883343076049945,0.39652319154214855,0.39652319154214855,0.050421000000001825,0.050421000000001825,0.05790800000000029,0.05790800000000029,0.08337146206674628,0.08337146206674628,0.015349540063597011,0.015349540063597011
2025-08-27,2026-05-18,4.2639,4.2434,ExtraTrees,4.302904999999999,4.2639,4.26228,4.260904984128684,4.300887015549823,4.337234307604994,4.5166853807974805,4.301241000000002,4.302904999999999,4.325322946264276,4.260724125299484,0.05950499999999881,0.05950499999999881,0.020499999999999297,0.020499999999999297,0.018879999999999342,0.018879999999999342,0.017504984128684065,0.017504984128684065,0.05748701554982283,0.05748701554982283,0.09383430760499412,0.09383430760499412,0.2732853807974802,0.2732853807974802,0.057841000000001586,0.057841000000001586,0.05950499999999881,0.05950499999999881,0.08192294626427543,0.08192294626427543,0.017324125299484017,0.017324125299484017
2025-08-28,2026-05-19,4.2681,4.2389,ExtraTrees,4.3184999999999985,4.2681,4.265479999999999,4.262213168832559,4.304414809681912,4.337234307604994,4.520259808734598,4.3050320000000015,4.3184999999999985,4.3420224972487915,4.257500288277537,0.07959999999999834,0.07959999999999834,0.02919999999999945,0.02919999999999945,0.02657999999999916,0.02657999999999916,0.023313168832558517,0.023313168832558517,0.06551480968191203,0.06551480968191203,0.09833430760499429,0.09833430760499429,0.28135980873459765,0.28135980873459765,0.06613200000000141,0.06613200000000141,0.07959999999999834,0.07959999999999834,0.10312249724879141,0.10312249724879141,0.018600288277537125,0.018600288277537125
2025-08-29,2026-05-20,4.2684,4.2546,ExtraTrees,4.315163999999999,4.2684,4.265759999999999,4.263338047226639,4.313346739659453,4.337234307604994,4.585145464186705,4.304623000000001,4.315163999999999,4.333641500536084,4.264271161312057,0.060563999999999396,0.060563999999999396,0.013799999999999812,0.013799999999999812,0.011159999999999393,0.011159999999999393,0.008738047226638734,0.008738047226638734,0.058746739659452984,0.058746739659452984,0.08263430760499446,0.08263430760499446,0.33054546418670494,0.33054546418670494,0.05002300000000126,0.05002300000000126,0.060563999999999396,0.060563999999999396,0.07904150053608383,0.07904150053608383,0.00967116131205703,0.00967116131205703
2025-09-01,2026-05-21,4.2574,4.246,ExtraTrees,4.317137999999999,4.2574,4.2647,4.26225840227634,4.305478422666237,4.337234307604994,4.627268274970921,4.299660000000001,4.317137999999999,4.318405844214617,4.254603236018834,0.07113799999999859,0.07113799999999859,0.011399999999999189,0.011399999999999189,0.01869999999999994,0.01869999999999994,0.0162584022763399,0.0162584022763399,0.0594784226662366,0.0594784226662366,0.09123430760499396,0.09123430760499396,0.3812682749709202,0.3812682749709202,0.05366000000000071,0.05366000000000071,0.07113799999999859,0.07113799999999859,0.07240584421461627,0.07240584421461627,0.008603236018833726,0.008603236018833726
2025-09-02,2026-05-22,4.2651,4.2453,ExtraTrees,4.303912999999998,4.2651,4.2645800000000005,4.262775056407914,4.302208518733982,4.337234307604994,4.64275100019029,4.313505000000001,4.303912999999998,4.317157286417655,4.271713458717226,0.058612999999997584,0.058612999999997584,0.01980000000000004,0.01980000000000004,0.019280000000000186,0.019280000000000186,0.017475056407914025,0.017475056407914025,0.05690851873398195,0.05690851873398195,0.0919343076049941,0.0919343076049941,0.3974510001902898,0.3974510001902898,0.06820500000000074,0.06820500000000074,0.058612999999997584,0.058612999999997584,0.07185728641765454,0.07185728641765454,0.02641345871722578,0.02641345871722578
2025-09-03,2026-05-25,4.2589,4.2352,ExtraTrees,4.315833999999998,4.2589,4.263579999999999,4.2620705006973845,4.3010853651732015,4.337234307604994,4.589341914359934,4.300167000000001,4.315833999999998,4.341470029053653,4.253936865187183,0.0806339999999981,0.0806339999999981,0.023699999999999832,0.023699999999999832,0.028379999999999406,0.028379999999999406,0.026870500697384614,0.026870500697384614,0.06588536517320165,0.06588536517320165,0.10203430760499455,0.10203430760499455,0.3541419143599338,0.3541419143599338,0.06496700000000111,0.06496700000000111,0.0806339999999981,0.0806339999999981,0.10627002905365313,0.10627002905365313,0.018736865187182872,0.018736865187182872
2025-09-04,2026-05-26,4.2553,4.2352,ExtraTrees,4.310790999999998,4.2553,4.26102,4.260839500570588,4.294395690466289,4.337234307604994,4.623446354997337,4.2917330000000025,4.310790999999998,4.350376861435632,4.2468924285620995,0.07559099999999841,0.07559099999999841,0.02010000000000023,0.02010000000000023,0.025820000000000398,0.025820000000000398,0.025639500570588503,0.025639500570588503,0.059195690466289363,0.059195690466289363,0.10203430760499455,0.10203430760499455,0.38824635499733695,0.38824635499733695,0.05653300000000261,0.05653300000000261,0.07559099999999841,0.07559099999999841,0.1151768614356321,0.1151768614356321,0.011692428562099622,0.011692428562099622
2025-09-05,2026-05-27,4.2476,4.2393,ExtraTrees,4.313644,4.2476,4.2568600000000005,4.258432318648662,4.289764413537233,4.337234307604994,4.571460088037937,4.301362000000002,4.313644,4.3251854568679535,4.236974593641228,0.07434399999999997,0.07434399999999997,0.008300000000000196,0.008300000000000196,0.017560000000000464,0.017560000000000464,0.01913231864866205,0.01913231864866205,0.050464413537232744,0.050464413537232744,0.09793430760499433,0.09793430760499433,0.33216008803793695,0.33216008803793695,0.06206200000000184,0.06206200000000184,0.07434399999999997,0.07434399999999997,0.08588545686795346,0.08588545686795346,-0.0023254063587723195,0.0023254063587723195
2025-09-08,2026-05-28,4.2484,4.2355,ExtraTrees,4.314279999999998,4.2484,4.25506,4.256608260712541,4.289529193527311,4.337234307604994,4.58057182081133,4.292176000000002,4.314279999999998,4.320990499200547,4.235661538941754,0.0787799999999983,0.0787799999999983,0.012900000000000134,0.012900000000000134,0.019560000000000244,0.019560000000000244,0.021108260712541238,0.021108260712541238,0.05402919352731139,0.05402919352731139,0.10173430760499436,0.10173430760499436,0.3450718208113299,0.3450718208113299,0.05667600000000217,0.05667600000000217,0.0787799999999983,0.0787799999999983,0.08549049920054674,0.08549049920054674,0.00016153894175374717,0.00016153894175374717
2025-09-09,2026-05-29,4.254,4.2322,ExtraTrees,4.318191999999999,4.254,4.25284,4.256134031492079,4.293136963154102,4.337234307604994,4.628955216368195,4.295929000000004,4.318191999999999,4.324133908705641,4.233172099004223,0.08599199999999918,0.08599199999999918,0.02179999999999982,0.02179999999999982,0.020640000000000214,0.020640000000000214,0.023934031492078844,0.023934031492078844,0.06093696315410213,0.06093696315410213,0.10503430760499466,0.10503430760499466,0.3967552163681951,0.3967552163681951,0.06372900000000392,0.06372900000000392,0.08599199999999918,0.08599199999999918,0.09193390870564144,0.09193390870564144,0.000972099004223459,0.000972099004223459
2025-09-10,2026-06-01,4.2604,4.2341,ExtraTrees,4.324192,4.2604,4.25314,4.256909662129882,4.300016259390027,4.337234307604994,4.527174866122331,4.302412000000004,4.324192,4.313125355185377,4.245840818839354,0.09009200000000028,0.09009200000000028,0.02629999999999999,0.02629999999999999,0.01904000000000039,0.01904000000000039,0.022809662129882113,0.022809662129882113,0.06591625939002732,0.06591625939002732,0.10313430760499465,0.10313430760499465,0.293074866122331,0.293074866122331,0.06831200000000415,0.06831200000000415,0.09009200000000028,0.09009200000000028,0.07902535518537768,0.07902535518537768,0.011740818839354183,0.011740818839354183
2025-09-11,2026-06-02,4.2626,4.2334,ExtraTrees,4.319773999999999,4.2626,4.2546,4.257944269015358,4.299658026604282,4.337234307604994,4.543551723922348,4.297126000000003,4.319773999999999,4.311735143361005,4.2515157006518605,0.08637399999999928,0.08637399999999928,0.029200000000000337,0.029200000000000337,0.02120000000000033,0.02120000000000033,0.02454426901535811,0.02454426901535811,0.0662580266042827,0.0662580266042827,0.10383430760499479,0.10383430760499479,0.31015172392234813,0.31015172392234813,0.0637260000000035,0.0637260000000035,0.08637399999999928,0.08637399999999928,0.07833514336100578,0.07833514336100578,0.018115700651860855,0.018115700651860855
2025-09-12,2026-06-03,4.2593,4.2433,ExtraTrees,4.337543999999999,4.2593,4.256939999999999,4.25819076555802,4.3041647298249455,4.337234307604994,4.439183772775597,4.291633000000003,4.337543999999999,4.3180967923081734,4.244425051952647,0.09424399999999977,0.09424399999999977,0.016000000000000014,0.016000000000000014,0.013639999999999652,0.013639999999999652,0.014890765558019936,0.014890765558019936,0.06086472982494584,0.06086472982494584,0.09393430760499477,0.09393430760499477,0.19588377277559754,0.19588377277559754,0.04833300000000307,0.04833300000000307,0.09424399999999977,0.09424399999999977,0.07479679230817382,0.07479679230817382,0.00112505195264756,0.00112505195264756
