date,target_date,y_t,true_target,best_model,pred_best,pred_Naive,pred_SMA,pred_EMA,pred_Ridge,pred_ElasticNet,pred_MLPRegressor,pred_RandomForest,pred_ExtraTrees,pred_HistGB,pred_SARIMAX,err_pred_best,abs_err_pred_best,err_pred_Naive,abs_err_pred_Naive,err_pred_SMA,abs_err_pred_SMA,err_pred_EMA,abs_err_pred_EMA,err_pred_Ridge,abs_err_pred_Ridge,err_pred_ElasticNet,abs_err_pred_ElasticNet,err_pred_MLPRegressor,abs_err_pred_MLPRegressor,err_pred_RandomForest,abs_err_pred_RandomForest,err_pred_ExtraTrees,abs_err_pred_ExtraTrees,err_pred_HistGB,abs_err_pred_HistGB,err_pred_SARIMAX,abs_err_pred_SARIMAX
2025-04-08,2025-05-22,4.2946,4.2447,Ridge,4.289360901696972,4.2946,4.238180000000001,4.226429934083775,4.289360901696972,4.312323695308382,3.9929849893455636,4.2578369999999985,4.2637480000000005,4.276264120573709,4.300724339756808,0.04466090169697168,0.04466090169697168,0.049900000000000055,0.049900000000000055,-0.006519999999999193,0.006519999999999193,-0.01827006591622471,0.01827006591622471,0.04466090169697168,0.04466090169697168,0.06762369530838175,0.06762369530838175,-0.25171501065443636,0.25171501065443636,0.013136999999998622,0.013136999999998622,0.01904800000000062,0.01904800000000062,0.03156412057370872,0.03156412057370872,0.05602433975680832,0.05602433975680832
2025-04-09,2025-05-23,4.2818,4.2541,Ridge,4.280985574048008,4.2818,4.258660000000001,4.236497218795816,4.280985574048008,4.312323695308382,4.0604326169952305,4.266437999999997,4.261287,4.277974044724169,4.29270735073234,0.0268855740480074,0.0268855740480074,0.027699999999999392,0.027699999999999392,0.004560000000000564,0.004560000000000564,-0.017602781204184126,0.017602781204184126,0.0268855740480074,0.0268855740480074,0.05822369530838145,0.05822369530838145,-0.1936673830047697,0.1936673830047697,0.012337999999997074,0.012337999999997074,0.0071870000000000545,0.0071870000000000545,0.02387404472416854,0.02387404472416854,0.038607350732339896,0.038607350732339896
2025-04-10,2025-05-26,4.2644,4.2514,Ridge,4.2701545509669065,4.2644,4.27572,4.241570451742031,4.2701545509669065,4.312323695308382,4.300217270588707,4.264677999999998,4.266879000000002,4.271738486799393,4.261093783356507,0.018754550966906258,0.018754550966906258,0.0129999999999999,0.0129999999999999,0.024319999999999453,0.024319999999999453,-0.009829548257969556,0.009829548257969556,0.018754550966906258,0.018754550966906258,0.060923695308381376,0.060923695308381376,0.04881727058870666,0.04881727058870666,0.013277999999997903,0.013277999999997903,0.015479000000001797,0.015479000000001797,0.02033848679939254,0.02033848679939254,0.00969378335650628,0.00969378335650628
2025-04-11,2025-05-27,4.2972,4.2479,Ridge,4.291881715439587,4.2972,4.287100000000001,4.251684915061661,4.291881715439587,4.312323695308382,4.426669280244618,4.260539999999999,4.266297999999999,4.268171345422934,4.3459653690421876,0.04398171543958718,0.04398171543958718,0.049300000000000566,0.049300000000000566,0.03920000000000101,0.03920000000000101,0.0037849150616615646,0.0037849150616615646,0.04398171543958718,0.04398171543958718,0.0644236953083821,0.0644236953083821,0.17876928024461858,0.17876928024461858,0.012639999999999318,0.012639999999999318,0.01839799999999947,0.01839799999999947,0.02027134542293485,0.02027134542293485,0.09806536904218799,0.09806536904218799
2025-04-14,2025-05-28,4.2776,4.2447,Ridge,4.273122862537336,4.2776,4.283119999999999,4.2563967486868135,4.273122862537336,4.312323695308382,4.31903804333047,4.264808999999999,4.264033000000001,4.246718413066823,4.2996652178184185,0.028422862537335725,0.028422862537335725,0.03289999999999971,0.03289999999999971,0.038419999999999455,0.038419999999999455,0.011696748686813585,0.011696748686813585,0.028422862537335725,0.028422862537335725,0.06762369530838175,0.06762369530838175,0.0743380433304699,0.0743380433304699,0.020108999999998822,0.020108999999998822,0.019333000000001377,0.019333000000001377,0.0020184130668230438,0.0020184130668230438,0.054965217818418566,0.054965217818418566
2025-04-15,2025-05-29,4.2767,4.2369,Ridge,4.270841821739802,4.2767,4.27954,4.260088248925574,4.270841821739802,4.312323695308382,4.401512770088375,4.257781999999999,4.265814000000002,4.257133766920405,4.315191837577729,0.03394182173980198,0.03394182173980198,0.03979999999999961,0.03979999999999961,0.04263999999999957,0.04263999999999957,0.023188248925573696,0.023188248925573696,0.03394182173980198,0.03394182173980198,0.07542369530838133,0.07542369530838133,0.16461277008837438,0.16461277008837438,0.020881999999998513,0.020881999999998513,0.028914000000002105,0.028914000000002105,0.020233766920404683,0.020233766920404683,0.07829183757772906,0.07829183757772906
2025-04-16,2025-05-30,4.3033,4.2507,Ridge,4.286101312262959,4.3033,4.28384,4.267944930939106,4.286101312262959,4.312323695308382,4.313213289830363,4.252880000000001,4.265903000000002,4.230575182365172,4.351751169461129,0.03540131226295884,0.03540131226295884,0.05259999999999998,0.05259999999999998,0.0331399999999995,0.0331399999999995,0.017244930939106062,0.017244930939106062,0.03540131226295884,0.03540131226295884,0.06162369530838152,0.06162369530838152,0.06251328983036242,0.06251328983036242,0.002180000000000959,0.002180000000000959,0.015203000000002298,0.015203000000002298,-0.020124817634828318,0.020124817634828318,0.10105116946112869,0.10105116946112869
2025-04-17,2025-06-02,4.2879,4.2578,Ridge,4.278845062543134,4.2879,4.28854,4.271573125313814,4.278845062543134,4.312323695308382,4.270126934999875,4.255904,4.258559,4.227326333432918,4.324774361378127,0.021045062543134208,0.021045062543134208,0.030100000000000016,0.030100000000000016,0.030740000000000656,0.030740000000000656,0.013773125313814027,0.013773125313814027,0.021045062543134208,0.021045062543134208,0.05452369530838208,0.05452369530838208,0.012326934999875583,0.012326934999875583,-0.0018959999999994537,0.0018959999999994537,0.0007590000000003982,0.0007590000000003982,-0.03047366656708128,0.03047366656708128,0.06697436137812751,0.06697436137812751
2025-04-18,2025-06-03,4.2823,4.2721,Ridge,4.273707135684958,4.2823,4.28556,4.273523466165847,4.273707135684958,4.312323695308382,4.19239550628017,4.2614600000000005,4.268361000000001,4.225097429482199,4.324044036482589,0.001607135684958294,0.001607135684958294,0.010200000000000209,0.010200000000000209,0.01346000000000025,0.01346000000000025,0.0014234661658472092,0.0014234661658472092,0.001607135684958294,0.001607135684958294,0.04022369530838166,0.04022369530838166,-0.0797044937198299,0.0797044937198299,-0.010639999999999539,0.010639999999999539,-0.0037389999999986046,0.0037389999999986046,-0.04700257051780099,0.04700257051780099,0.05194403648258916,0.05194403648258916
2025-04-22,2025-06-04,4.2801,4.2778,Ridge,4.2733660784399135,4.2801,4.286060000000001,4.274719199590239,4.2733660784399135,4.312323695308382,4.28086057140019,4.250671000000001,4.263681000000002,4.2396093571351585,4.3180355655458715,-0.0044339215600865955,0.0044339215600865955,0.0022999999999999687,0.0022999999999999687,0.008260000000000822,0.008260000000000822,-0.0030808004097613306,0.0030808004097613306,-0.0044339215600865955,0.0044339215600865955,0.03452369530838162,0.03452369530838162,0.003060571400189893,0.003060571400189893,-0.027128999999998626,0.027128999999998626,-0.014118999999998216,0.014118999999998216,-0.03819064286484153,0.03819064286484153,0.04023556554587149,0.04023556554587149
2025-04-23,2025-06-05,4.2893,4.2791,Ridge,4.281249668437114,4.2893,4.28858,4.277370254210196,4.281249668437114,4.312323695308382,4.341924496798286,4.256985000000001,4.259872000000002,4.243864754086912,4.3342735589127965,0.0021496684371147268,0.0021496684371147268,0.010200000000000209,0.010200000000000209,0.009479999999999933,0.009479999999999933,-0.0017297457898033386,0.0017297457898033386,0.0021496684371147268,0.0021496684371147268,0.033223695308381984,0.033223695308381984,0.06282449679828606,0.06282449679828606,-0.022114999999998552,0.022114999999998552,-0.01922799999999736,0.01922799999999736,-0.035235245913087354,0.035235245913087354,0.05517355891279685,0.05517355891279685
2025-04-24,2025-06-06,4.2789,4.2881,Ridge,4.277378892648615,4.2789,4.2837,4.277648389808341,4.277378892648615,4.312323695308382,4.202018184618799,4.249488,4.2620920000000035,4.262561423851013,4.297075786779077,-0.010721107351384873,0.010721107351384873,-0.009199999999999875,0.009199999999999875,-0.004400000000000404,0.004400000000000404,-0.010451610191658744,0.010451610191658744,-0.010721107351384873,0.010721107351384873,0.024223695308381643,0.024223695308381643,-0.08608181538120085,0.08608181538120085,-0.03861199999999965,0.03861199999999965,-0.02600799999999648,0.02600799999999648,-0.025538576148987246,0.025538576148987246,0.008975786779076955,0.008975786779076955
2025-04-25,2025-06-09,4.2688,4.2772,Ridge,4.2697730475983855,4.2688,4.27988,4.27603959166137,4.2697730475983855,4.312323695308382,4.226670730902334,4.242434000000002,4.268575000000002,4.270481120883552,4.292891127538715,-0.007426952401614173,0.007426952401614173,-0.008399999999999963,0.008399999999999963,0.002680000000000682,0.002680000000000682,-0.00116040833863007,0.00116040833863007,-0.007426952401614173,0.007426952401614173,0.035123695308382,0.035123695308382,-0.050529269097665974,0.050529269097665974,-0.03476599999999763,0.03476599999999763,-0.008624999999997662,0.008624999999997662,-0.006718879116447418,0.006718879116447418,0.015691127538715044,0.015691127538715044
2025-04-28,2025-06-10,4.2766,4.2611,Ridge,4.276001226252025,4.2766,4.27874,4.276141484086575,4.276001226252025,4.312323695308382,4.244648674466489,4.2449270000000014,4.275043000000002,4.2745284429342645,4.310529082379998,0.014901226252025168,0.014901226252025168,0.015500000000000291,0.015500000000000291,0.0176400000000001,0.0176400000000001,0.015041484086575352,0.015041484086575352,0.014901226252025168,0.014901226252025168,0.05122369530838178,0.05122369530838178,-0.016451325533511252,0.016451325533511252,-0.01617299999999844,0.01617299999999844,0.013943000000002037,0.013943000000002037,0.013428442934264595,0.013428442934264595,0.04942908237999788,0.04942908237999788
2025-04-29,2025-06-11,4.2646,4.2643,Ridge,4.264445023613636,4.2646,4.27564,4.27404303243447,4.264445023613636,4.312323695308382,4.313146549970019,4.246830999999999,4.268787000000001,4.283025454605053,4.295636590498892,0.00014502361363533112,0.00014502361363533112,0.0002999999999993008,0.0002999999999993008,0.011339999999999684,0.011339999999999684,0.009743032434469612,0.009743032434469612,0.00014502361363533112,0.00014502361363533112,0.04802369530838124,0.04802369530838124,0.04884654997001814,0.04884654997001814,-0.017469000000001067,0.017469000000001067,0.004487000000001018,0.004487000000001018,0.01872545460505215,0.01872545460505215,0.03133659049889115,0.03133659049889115
2025-04-30,2025-06-12,4.2778,4.2631,Ridge,4.275699075688786,4.2778,4.27334,4.274726117446384,4.275699075688786,4.312323695308382,4.307672894642104,4.246377,4.269392000000003,4.290348074156821,4.326784884039815,0.012599075688786598,0.012599075688786598,0.01470000000000038,0.01470000000000038,0.010240000000000471,0.010240000000000471,0.011626117446384754,0.011626117446384754,0.012599075688786598,0.012599075688786598,0.049223695308382,0.049223695308382,0.04457289464210401,0.04457289464210401,-0.01672299999999982,0.01672299999999982,0.006292000000003739,0.006292000000003739,0.02724807415682129,0.02724807415682129,0.06368488403981498,0.06368488403981498
2025-05-02,2025-06-13,4.275,4.272,Ridge,4.270953648590768,4.275,4.27256,4.274775914274315,4.270953648590768,4.312323695308382,4.185376210630371,4.255099000000001,4.267768000000005,4.268554077382462,4.31820061093764,-0.001046351409232038,0.001046351409232038,0.0030000000000001137,0.0030000000000001137,0.000560000000000116,0.000560000000000116,0.0027759142743146725,0.0027759142743146725,-0.001046351409232038,0.001046351409232038,0.040323695308381424,0.040323695308381424,-0.08662378936962956,0.08662378936962956,-0.016900999999998945,0.016900999999998945,-0.004231999999995573,0.004231999999995573,-0.0034459226175380664,0.0034459226175380664,0.04620061093763983,0.04620061093763983
2025-05-05,2025-06-16,4.276,4.2612,Ridge,4.273470464452765,4.276,4.274,4.274998475315348,4.273470464452765,4.312323695308382,4.246317098451958,4.261832000000001,4.260664000000001,4.2713078803518085,4.3303112344130295,0.01227046445276514,0.01227046445276514,0.014800000000000146,0.014800000000000146,0.012800000000000367,0.012800000000000367,0.01379847531534839,0.01379847531534839,0.01227046445276514,0.01227046445276514,0.05112369530838201,0.05112369530838201,-0.014882901548041616,0.014882901548041616,0.0006320000000012982,0.0006320000000012982,-0.0005359999999985376,0.0005359999999985376,0.010107880351808873,0.010107880351808873,0.0691112344130298,0.0691112344130298
2025-05-06,2025-06-17,4.2806,4.275,Ridge,4.280778005077939,4.2806,4.2748,4.276016934348921,4.280778005077939,4.312323695308382,4.280969101565339,4.258090000000001,4.263382000000002,4.264184634002419,4.335782413047507,0.005778005077938353,0.005778005077938353,0.005599999999999383,0.005599999999999383,-0.00020000000000042206,0.00020000000000042206,0.001016934348920806,0.001016934348920806,0.005778005077938353,0.005778005077938353,0.03732369530838131,0.03732369530838131,0.005969101565338697,0.005969101565338697,-0.016909999999999314,0.016909999999999314,-0.011617999999998574,0.011617999999998574,-0.010815365997581594,0.010815365997581594,0.06078241304750698,0.06078241304750698
2025-05-07,2025-06-18,4.2757,4.2717,Ridge,4.2825403682019365,4.2757,4.27702,4.275959309921844,4.2825403682019365,4.312323695308382,4.244993203954751,4.253480000000001,4.265147999999999,4.261426595577978,4.3349128073066225,0.010840368201936457,0.010840368201936457,0.0039999999999995595,0.0039999999999995595,0.0053200000000002134,0.0053200000000002134,0.004259309921843979,0.004259309921843979,0.010840368201936457,0.010840368201936457,0.04062369530838161,0.04062369530838161,-0.02670679604524917,0.02670679604524917,-0.01821999999999946,0.01821999999999946,-0.0065520000000010015,0.0065520000000010015,-0.010273404422021848,0.010273404422021848,0.06321280730662249,0.06321280730662249
2025-05-08,2025-06-20,4.2714,4.2709,Ridge,4.278538049375526,4.2714,4.27574,4.275130344481508,4.278538049375526,4.312323695308382,4.132423607208573,4.261065000000002,4.267234000000004,4.2573200178562,4.32634030590003,0.007638049375525924,0.007638049375525924,0.0004999999999997229,0.0004999999999997229,0.004839999999999733,0.004839999999999733,0.004230344481507942,0.004230344481507942,0.007638049375525924,0.007638049375525924,0.041423695308381525,0.041423695308381525,-0.13847639279142676,0.13847639279142676,-0.00983499999999804,0.00983499999999804,-0.0036659999999963944,0.0036659999999963944,-0.013579982143800073,0.013579982143800073,0.055440305900029685,0.055440305900029685
2025-05-09,2025-06-23,4.2414,4.2727,Ridge,4.247988941452119,4.2414,4.269019999999999,4.268997554575779,4.247988941452119,4.312323695308382,4.148285434304168,4.2545420000000025,4.258830000000001,4.269285242766027,4.278108029897478,-0.024711058547881137,0.024711058547881137,-0.03130000000000077,0.03130000000000077,-0.003680000000001016,0.003680000000001016,-0.003702445424221601,0.003702445424221601,-0.024711058547881137,0.024711058547881137,0.03962369530838128,0.03962369530838128,-0.1244145656958322,0.1244145656958322,-0.018157999999997898,0.018157999999997898,-0.013869999999999827,0.013869999999999827,-0.0034147572339735532,0.0034147572339735532,0.005408029897477462,0.005408029897477462
2025-05-12,2025-06-24,4.2337,4.2604,Ridge,4.24405836615665,4.2337,4.26056,4.262579817380183,4.24405836615665,4.312323695308382,4.274451456351273,4.219920000000003,4.251474,4.275887833320233,4.2768532203417005,-0.016341633843349967,0.016341633843349967,-0.026699999999999946,0.026699999999999946,0.00016000000000016001,0.00016000000000016001,0.0021798173801830245,0.0021798173801830245,-0.016341633843349967,0.016341633843349967,0.05192369530838192,0.05192369530838192,0.014051456351273472,0.014051456351273472,-0.04047999999999696,0.04047999999999696,-0.008925999999999767,0.008925999999999767,0.015487833320233513,0.015487833320233513,0.016453220341700714,0.016453220341700714
2025-05-13,2025-06-25,4.2525,4.2479,Ridge,4.256864618052241,4.2525,4.25494,4.2607471233110585,4.256864618052241,4.312323695308382,4.273505732470805,4.246303000000001,4.250508,4.276417401198902,4.302599935053931,0.008964618052241136,0.008964618052241136,0.004600000000000826,0.004600000000000826,0.007040000000000823,0.007040000000000823,0.012847123311058972,0.012847123311058972,0.008964618052241136,0.008964618052241136,0.0644236953083821,0.0644236953083821,0.025605732470805442,0.025605732470805442,-0.0015969999999985163,0.0015969999999985163,0.002608000000000388,0.002608000000000388,0.028517401198902448,0.028517401198902448,0.05469993505393145,0.05469993505393145
2025-05-14,2025-06-26,4.2455,4.2479,Ridge,4.24708519908699,4.2455,4.2489,4.257974919072684,4.24708519908699,4.312323695308382,4.170665619782707,4.254714999999999,4.265914,4.279933191480739,4.2816496744024715,-0.0008148009130097833,0.0008148009130097833,-0.0023999999999997357,0.0023999999999997357,0.001000000000000334,0.001000000000000334,0.010074919072684096,0.010074919072684096,-0.0008148009130097833,0.0008148009130097833,0.0644236953083821,0.0644236953083821,-0.07723438021729301,0.07723438021729301,0.006814999999999571,0.006814999999999571,0.018014000000000863,0.018014000000000863,0.03203319148073902,0.03203319148073902,0.033749674402471896,0.033749674402471896
2025-05-15,2025-06-27,4.2378,4.2362,Ridge,4.246240653923137,4.2378,4.242179999999999,4.254306751968559,4.246240653923137,4.312323695308382,4.211722149312923,4.234665,4.259389000000002,4.271919568208487,4.27265463451551,0.010040653923137022,0.010040653923137022,0.0015999999999998238,0.0015999999999998238,0.005979999999999208,0.005979999999999208,0.018106751968558932,0.018106751968558932,0.010040653923137022,0.010040653923137022,0.07612369530838148,0.07612369530838148,-0.024477850687077307,0.024477850687077307,-0.0015350000000005082,0.0015350000000005082,0.023189000000002125,0.023189000000002125,0.03571956820848676,0.03571956820848676,0.036454634515509454,0.036454634515509454
2025-05-16,2025-06-30,4.2392,4.2419,Ridge,4.247384375133498,4.2392,4.24174,4.251560069792458,4.247384375133498,4.312323695308382,4.224364250060727,4.2316990000000025,4.257665,4.271238438390243,4.282213811743074,0.005484375133497643,0.005484375133497643,-0.0026999999999999247,0.0026999999999999247,-0.00016000000000016001,0.00016000000000016001,0.00966006979245737,0.00966006979245737,0.005484375133497643,0.005484375133497643,0.07042369530838144,0.07042369530838144,-0.017535749939272982,0.017535749939272982,-0.010200999999997684,0.010200999999997684,0.01576500000000003,0.01576500000000003,0.029338438390242416,0.029338438390242416,0.04031381174307391,0.04031381174307391
2025-05-19,2025-07-01,4.2785,4.2415,Ridge,4.279574940855419,4.2785,4.2507,4.256458238921101,4.279574940855419,4.312323695308382,4.343730747147634,4.260608000000001,4.252728,4.264488808348092,4.3636574931594145,0.038074940855418404,0.038074940855418404,0.03699999999999992,0.03699999999999992,0.009199999999999875,0.009199999999999875,0.014958238921100708,0.014958238921100708,0.038074940855418404,0.038074940855418404,0.0708236953083814,0.0708236953083814,0.10223074714763403,0.10223074714763403,0.019108000000001013,0.019108000000001013,0.011228000000000016,0.011228000000000016,0.02298880834809136,0.02298880834809136,0.12215749315941427,0.12215749315941427
2025-05-20,2025-07-02,4.2497,4.25,Ridge,4.244888608620589,4.2497,4.25014,4.2552294682081735,4.244888608620589,4.312323695308382,4.234591930842348,4.260301000000001,4.2593929999999975,4.266351659111695,4.29955540156151,-0.005111391379410968,0.005111391379410968,-0.000300000000000189,0.000300000000000189,0.000140000000000029,0.000140000000000029,0.005229468208173493,0.005229468208173493,-0.005111391379410968,0.005111391379410968,0.062323695308381666,0.062323695308381666,-0.015408069157651916,0.015408069157651916,0.010301000000001004,0.010301000000001004,0.009392999999997542,0.009392999999997542,0.016351659111695227,0.016351659111695227,0.04955540156151006,0.04955540156151006
2025-05-21,2025-07-03,4.2403,4.2634,Ridge,4.2370165101591635,4.2403,4.2491,4.2525150194430505,4.2370165101591635,4.312323695308382,4.181278502592198,4.251216000000002,4.258301999999998,4.229851940473311,4.301523934872849,-0.026383489840836383,0.026383489840836383,-0.023099999999999454,0.023099999999999454,-0.014299999999999535,0.014299999999999535,-0.010884980556949309,0.010884980556949309,-0.026383489840836383,0.026383489840836383,0.04892369530838181,0.04892369530838181,-0.08212149740780195,0.08212149740780195,-0.012183999999997752,0.012183999999997752,-0.005098000000002045,0.005098000000002045,-0.033548059526689045,0.033548059526689045,0.03812393487284904,0.03812393487284904
2025-05-22,2025-07-04,4.2447,4.2515,Ridge,4.245572337404004,4.2447,4.2504800000000005,4.251094106817041,4.245572337404004,4.312323695308382,4.365646811182454,4.260211000000001,4.261608999999998,4.249935621345112,4.283205147705653,-0.005927662595995642,0.005927662595995642,-0.006800000000000139,0.006800000000000139,-0.0010199999999995768,0.0010199999999995768,-0.0004058931829593604,0.0004058931829593604,-0.005927662595995642,0.005927662595995642,0.06082369530838161,0.06082369530838161,0.11414681118245351,0.11414681118245351,0.008711000000000801,0.008711000000000801,0.010108999999998147,0.010108999999998147,-0.00156437865488801,0.00156437865488801,0.03170514770565269,0.03170514770565269
2025-05-23,2025-07-07,4.2541,4.2524,Ridge,4.250606303137342,4.2541,4.2534600000000005,4.251640632850306,4.250606303137342,4.312323695308382,4.094665149720369,4.256326000000003,4.2507090000000005,4.254794920043781,4.296581020490968,-0.0017936968626575123,0.0017936968626575123,0.001700000000000479,0.001700000000000479,0.001060000000000727,0.001060000000000727,-0.0007593671496941568,0.0007593671496941568,-0.0017936968626575123,0.0017936968626575123,0.05992369530838193,0.05992369530838193,-0.1577348502796303,0.1577348502796303,0.003926000000003427,0.003926000000003427,-0.001690999999999221,0.001690999999999221,0.00239492004378139,0.00239492004378139,0.04418102049096806,0.04418102049096806
2025-05-26,2025-07-08,4.2514,4.2455,Ridge,4.251733368173623,4.2514,4.2480400000000005,4.251596881422977,4.251733368173623,4.312323695308382,4.247533667156664,4.275253,4.255557999999999,4.263825997144305,4.300810633196031,0.006233368173623077,0.006233368173623077,0.00590000000000046,0.00590000000000046,0.002540000000000653,0.002540000000000653,0.006096881422977596,0.006096881422977596,0.006233368173623077,0.006233368173623077,0.06682369530838184,0.06682369530838184,0.0020336671566640874,0.0020336671566640874,0.029753000000000362,0.029753000000000362,0.010057999999999012,0.010057999999999012,0.01832599714430483,0.01832599714430483,0.055310633196031134,0.055310633196031134
2025-05-27,2025-07-09,4.2479,4.2399,Ridge,4.249158875670734,4.2479,4.24768,4.250924721164254,4.249158875670734,4.312323695308382,4.1865518634455805,4.274254999999999,4.2627299999999995,4.254734356745477,4.296293755402021,0.009258875670734135,0.009258875670734135,0.008000000000000007,0.008000000000000007,0.007780000000000342,0.007780000000000342,0.011024721164254458,0.011024721164254458,0.009258875670734135,0.009258875670734135,0.07242369530838211,0.07242369530838211,-0.05334813655441906,0.05334813655441906,0.03435499999999969,0.03435499999999969,0.022829999999999906,0.022829999999999906,0.014834356745477173,0.014834356745477173,0.05639375540202174,0.05639375540202174
2025-05-28,2025-07-10,4.2447,4.2464,Ridge,4.243384681430049,4.2447,4.24856,4.249792953679844,4.243384681430049,4.312323695308382,4.10014191963442,4.269076999999999,4.268431999999999,4.273435457392505,4.280226740793941,-0.0030153185699512974,0.0030153185699512974,-0.001700000000000479,0.001700000000000479,0.0021599999999999397,0.0021599999999999397,0.00339295367984338,0.00339295367984338,-0.0030153185699512974,0.0030153185699512974,0.06592369530838127,0.06592369530838127,-0.1462580803655804,0.1462580803655804,0.022676999999998948,0.022676999999998948,0.022031999999998497,0.022031999999998497,0.027035457392504902,0.027035457392504902,0.033826740793940324,0.033826740793940324
2025-05-29,2025-07-11,4.2369,4.2563,Ridge,4.2358682188335335,4.2369,4.247,4.247448780283508,4.2358682188335335,4.312323695308382,4.234285854980453,4.268212999999999,4.260495000000001,4.249734758228605,4.2666963939456,-0.020431781166466934,0.020431781166466934,-0.019400000000000084,0.019400000000000084,-0.00930000000000053,0.00930000000000053,-0.008851219716492054,0.008851219716492054,-0.020431781166466934,0.020431781166466934,0.05602369530838125,0.05602369530838125,-0.022014145019547016,0.022014145019547016,0.011912999999998952,0.011912999999998952,0.004195000000000171,0.004195000000000171,-0.006565241771395058,0.006565241771395058,0.010396393945599769,0.010396393945599769
2025-05-30,2025-07-14,4.2507,4.2614,Ridge,4.2527158925867825,4.2507,4.24632,4.248039911141052,4.2527158925867825,4.312323695308382,4.136361819309531,4.287022,4.266098,4.291581254874806,4.285870230944644,-0.008684107413217568,0.008684107413217568,-0.010699999999999932,0.010699999999999932,-0.015080000000000204,0.015080000000000204,-0.013360088858948238,0.013360088858948238,-0.008684107413217568,0.008684107413217568,0.05092369530838159,0.05092369530838159,-0.1250381806904688,0.1250381806904688,0.025622000000000256,0.025622000000000256,0.004698000000000313,0.004698000000000313,0.030181254874805497,0.030181254874805497,0.024470230944643845,0.024470230944643845
2025-06-02,2025-07-15,4.2578,4.2538,Ridge,4.263213189186159,4.2578,4.2476,4.249814472751769,4.263213189186159,4.312323695308382,4.253711816851955,4.276388000000001,4.276053000000001,4.306995248030756,4.289570936172167,0.009413189186158633,0.009413189186158633,0.0039999999999995595,0.0039999999999995595,-0.006199999999999761,0.006199999999999761,-0.00398552724823098,0.00398552724823098,0.009413189186158633,0.009413189186158633,0.05852369530838164,0.05852369530838164,-8.818314804504013e-05,8.818314804504013e-05,0.02258800000000072,0.02258800000000072,0.022253000000000966,0.022253000000000966,0.05319524803075559,0.05319524803075559,0.035770936172166756,0.035770936172166756
2025-06-03,2025-07-16,4.2721,4.2585,Ridge,4.279536682656643,4.2721,4.25244,4.2538663867969015,4.279536682656643,4.312323695308382,4.210369220181788,4.280486,4.2722620000000004,4.304020328785078,4.307624477172889,0.021036682656643713,0.021036682656643713,0.013600000000000279,0.013600000000000279,-0.006059999999999732,0.006059999999999732,-0.004633613203098186,0.004633613203098186,0.021036682656643713,0.021036682656643713,0.053823695308381936,0.053823695308381936,-0.048130779818211344,0.048130779818211344,0.02198600000000006,0.02198600000000006,0.013762000000000718,0.013762000000000718,0.04552032878507806,0.04552032878507806,0.04912447717288959,0.04912447717288959
2025-06-04,2025-07-17,4.2778,4.2559,Ridge,4.286529535172286,4.2778,4.25906,4.258217952833828,4.286529535172286,4.312323695308382,4.293969083915833,4.282201000000002,4.290749999999999,4.322205112448827,4.323073343986788,0.030629535172286282,0.030629535172286282,0.021900000000000475,0.021900000000000475,0.0031600000000002737,0.0031600000000002737,0.0023179528338284072,0.0023179528338284072,0.030629535172286282,0.030629535172286282,0.056423695308382094,0.056423695308382094,0.038069083915833524,0.038069083915833524,0.026301000000002794,0.026301000000002794,0.034849999999999604,0.034849999999999604,0.06630511244882786,0.06630511244882786,0.06717334398678876,0.06717334398678876
2025-06-05,2025-07-18,4.2791,4.2509,Ridge,4.28748628421077,4.2791,4.2675,4.262014688682223,4.28748628421077,4.312323695308382,4.403117373913338,4.291289999999999,4.295599999999999,4.330594567272868,4.330212832395539,0.03658628421077026,0.03658628421077026,0.028200000000000003,0.028200000000000003,0.016600000000000392,0.016600000000000392,0.011114688682223317,0.011114688682223317,0.03658628421077026,0.03658628421077026,0.06142369530838199,0.06142369530838199,0.1522173739133379,0.1522173739133379,0.04038999999999948,0.04038999999999948,0.04469999999999974,0.04469999999999974,0.07969456727286861,0.07969456727286861,0.07931283239553899,0.07931283239553899
2025-06-06,2025-07-21,4.2881,4.2445,Ridge,4.286562048750186,4.2881,4.274979999999999,4.266757472558182,4.286562048750186,4.312323695308382,4.154628944666496,4.295901000000003,4.308054999999999,4.320568448481187,4.349323461850622,0.04206204875018571,0.04206204875018571,0.04359999999999964,0.04359999999999964,0.030479999999998952,0.030479999999998952,0.022257472558181668,0.022257472558181668,0.04206204875018571,0.04206204875018571,0.06782369530838128,0.06782369530838128,-0.08987105533350448,0.08987105533350448,0.05140100000000292,0.05140100000000292,0.06355499999999825,0.06355499999999825,0.07606844848118666,0.07606844848118666,0.10482346185062141,0.10482346185062141
2025-06-09,2025-07-22,4.2772,4.2531,Ridge,4.280852652837303,4.2772,4.27886,4.26865611391124,4.280852652837303,4.312323695308382,4.210873669566827,4.289996000000001,4.322674000000001,4.332171229941528,4.325329652089059,0.027752652837302882,0.027752652837302882,0.024099999999999788,0.024099999999999788,0.025760000000000005,0.025760000000000005,0.015556113911239677,0.015556113911239677,0.027752652837302882,0.027752652837302882,0.059223695308381785,0.059223695308381785,-0.0422263304331727,0.0422263304331727,0.03689600000000137,0.03689600000000137,0.06957400000000113,0.06957400000000113,0.07907122994152793,0.07907122994152793,0.07222965208905929,0.07222965208905929
2025-06-10,2025-07-23,4.2611,4.2544,Ridge,4.2724593498599015,4.2611,4.27666,4.267282275018287,4.2724593498599015,4.312323695308382,4.177907295316299,4.307014,4.326253,4.312861820777632,4.296920024104853,0.018059349859901097,0.018059349859901097,0.006699999999999484,0.006699999999999484,0.02225999999999928,0.02225999999999928,0.012882275018286649,0.012882275018286649,0.018059349859901097,0.018059349859901097,0.05792369530838126,0.05792369530838126,-0.07649270468370162,0.07649270468370162,0.05261399999999927,0.05261399999999927,0.07185299999999994,0.07185299999999994,0.058461820777631957,0.058461820777631957,0.042520024104852894,0.042520024104852894
2025-06-11,2025-07-24,4.2643,4.2514,Ridge,4.279201256907817,4.2643,4.273960000000001,4.26674004319678,4.279201256907817,4.312323695308382,4.362206875029355,4.291011999999999,4.3088359999999994,4.3331331109431535,4.298404711072895,0.027801256907816985,0.027801256907816985,0.012900000000000134,0.012900000000000134,0.022560000000000358,0.022560000000000358,0.015340043196779618,0.015340043196779618,0.027801256907816985,0.027801256907816985,0.060923695308381376,0.060923695308381376,0.11080687502935493,0.11080687502935493,0.03961199999999909,0.03961199999999909,0.057435999999999154,0.057435999999999154,0.08173311094315316,0.08173311094315316,0.047004711072895056,0.047004711072895056
2025-06-12,2025-07-25,4.2631,4.2544,Ridge,4.274311247761368,4.2631,4.27076,4.266078217161001,4.274311247761368,4.312323695308382,4.420997243419753,4.2719119999999995,4.315396,4.3341918094274385,4.298051432448806,0.019911247761367434,0.019911247761367434,0.008699999999999264,0.008699999999999264,0.016359999999999708,0.016359999999999708,0.011678217161001037,0.011678217161001037,0.019911247761367434,0.019911247761367434,0.05792369530838126,0.05792369530838126,0.16659724341975224,0.16659724341975224,0.017511999999999084,0.017511999999999084,0.060995999999999384,0.060995999999999384,0.07979180942743813,0.07979180942743813,0.043651432448805316,0.043651432448805316
2025-06-13,2025-07-28,4.272,4.2565,Ridge,4.286519098763684,4.272,4.26754,4.26715490494991,4.286519098763684,4.312323695308382,4.148658627159873,4.279760000000001,4.301416,4.344036309288208,4.319997465583443,0.030019098763683694,0.030019098763683694,0.015500000000000291,0.015500000000000291,0.011040000000000383,0.011040000000000383,0.010654904949910282,0.010654904949910282,0.030019098763683694,0.030019098763683694,0.055823695308381716,0.055823695308381716,-0.10784137284012729,0.10784137284012729,0.02326000000000139,0.02326000000000139,0.044915999999999734,0.044915999999999734,0.08753630928820844,0.08753630928820844,0.06349746558344282,0.06349746558344282
2025-06-16,2025-07-29,4.2612,4.2737,Ridge,4.283777207146296,4.2612,4.26434,4.266072194959017,4.283777207146296,4.312323695308382,4.175322696926638,4.300054,4.317907,4.332325739132089,4.310467287341685,0.010077207146296452,0.010077207146296452,-0.012500000000000178,0.012500000000000178,-0.009360000000000035,0.009360000000000035,-0.007627805040982594,0.007627805040982594,0.010077207146296452,0.010077207146296452,0.038623695308381834,0.038623695308381834,-0.09837730307336212,0.09837730307336212,0.026354000000000433,0.026354000000000433,0.04420700000000011,0.04420700000000011,0.058625739132089016,0.058625739132089016,0.036767287341684884,0.036767287341684884
2025-06-17,2025-07-30,4.275,4.2732,Ridge,4.2903875454342915,4.275,4.26712,4.267695432239195,4.2903875454342915,4.312323695308382,4.248146521826992,4.292520000000001,4.324466999999999,4.356389340220183,4.332244122074189,0.01718754543429135,0.01718754543429135,0.0018000000000002458,0.0018000000000002458,-0.006079999999999863,0.006079999999999863,-0.005504567760804768,0.005504567760804768,0.01718754543429135,0.01718754543429135,0.039123695308381556,0.039123695308381556,-0.025053478173008514,0.025053478173008514,0.019320000000000448,0.019320000000000448,0.051266999999999285,0.051266999999999285,0.08318934022018265,0.08318934022018265,0.059044122074189076,0.059044122074189076
2025-06-18,2025-07-31,4.2717,4.2661,Ridge,4.286583754230663,4.2717,4.2686,4.268423535468433,4.286583754230663,4.312323695308382,4.338558869287711,4.296413000000001,4.316540000000001,4.359134609782358,4.3124068719852025,0.020483754230663287,0.020483754230663287,0.005600000000000271,0.005600000000000271,0.002500000000000391,0.002500000000000391,0.0023235354684327802,0.0023235354684327802,0.020483754230663287,0.020483754230663287,0.046223695308381885,0.046223695308381885,0.07245886928771128,0.07245886928771128,0.030313000000001367,0.030313000000001367,0.05044000000000093,0.05044000000000093,0.09303460978235822,0.09303460978235822,0.04630687198520267,0.04630687198520267
2025-06-20,2025-08-01,4.2709,4.2813,Ridge,4.2939326348627525,4.2709,4.270160000000001,4.268873801746899,4.2939326348627525,4.312323695308382,4.371677034898904,4.284580000000001,4.304227000000001,4.312803357346138,4.317641340712543,0.012632634862752568,0.012632634862752568,-0.010399999999999743,0.010399999999999743,-0.011139999999999262,0.011139999999999262,-0.012426198253100651,0.012426198253100651,0.012632634862752568,0.012632634862752568,0.031023695308381782,0.031023695308381782,0.09037703489890436,0.09037703489890436,0.00328000000000106,0.00328000000000106,0.02292700000000103,0.02292700000000103,0.031503357346138294,0.031503357346138294,0.0363413407125428,0.0363413407125428
2025-06-23,2025-08-04,4.2727,4.2734,Ridge,4.299780721157045,4.2727,4.270300000000001,4.269569474156554,4.299780721157045,4.312323695308382,4.254588477808441,4.297142000000001,4.303088999999996,4.305491441204851,4.3190209756002265,0.026380721157045706,0.026380721157045706,-0.0006999999999992568,0.0006999999999992568,-0.0030999999999989925,0.0030999999999989925,-0.0038305258434458977,0.0038305258434458977,0.026380721157045706,0.026380721157045706,0.03892369530838202,0.03892369530838202,-0.018811522191558794,0.018811522191558794,0.023742000000001262,0.023742000000001262,0.029688999999996746,0.029688999999996746,0.032091441204851634,0.032091441204851634,0.04562097560022682,0.04562097560022682
2025-06-24,2025-08-05,4.2604,4.2763,Ridge,4.281334987341168,4.2604,4.2701400000000005,4.26790229703718,4.281334987341168,4.312323695308382,4.158426788098785,4.283587,4.309477,4.30186517875605,4.30148283260015,0.00503498734116814,0.00503498734116814,-0.015900000000000247,0.015900000000000247,-0.006159999999999499,0.006159999999999499,-0.008397702962819942,0.008397702962819942,0.00503498734116814,0.00503498734116814,0.036023695308381676,0.036023695308381676,-0.11787321190121514,0.11787321190121514,0.007286999999999821,0.007286999999999821,0.033177000000000234,0.033177000000000234,0.025565178756050244,0.025565178756050244,0.02518283260014975,0.02518283260014975
2025-06-25,2025-08-06,4.2479,4.282,Ridge,4.270127970133323,4.2479,4.26472,4.2642655157576925,4.270127970133323,4.312323695308382,4.231212010066258,4.2861980000000015,4.298541,4.314092945550767,4.283524847739374,-0.011872029866677458,0.011872029866677458,-0.03410000000000046,0.03410000000000046,-0.017280000000000406,0.017280000000000406,-0.017734484242307502,0.017734484242307502,-0.011872029866677458,0.011872029866677458,0.030323695308381637,0.030323695308381637,-0.050787989933741784,0.050787989933741784,0.004198000000001478,0.004198000000001478,0.01654100000000014,0.01654100000000014,0.03209294555076703,0.03209294555076703,0.0015248477393736692,0.0015248477393736692
2025-06-26,2025-08-07,4.2479,4.2618,Ridge,4.2737656948167455,4.2479,4.25996,4.261289967438112,4.2737656948167455,4.312323695308382,4.3399448731597525,4.275219999999999,4.299392000000002,4.307324259845676,4.284089697609356,0.011965694816745476,0.011965694816745476,-0.013900000000000468,0.013900000000000468,-0.0018399999999996197,0.0018399999999996197,-0.0005100325618876411,0.0005100325618876411,0.011965694816745476,0.011965694816745476,0.05052369530838163,0.05052369530838163,0.07814487315975249,0.07814487315975249,0.0134199999999991,0.0134199999999991,0.037592000000001846,0.037592000000001846,0.045524259845675985,0.045524259845675985,0.02228969760935584,0.02228969760935584
2025-06-27,2025-08-08,4.2362,4.2566,Ridge,4.263655065587752,4.2362,4.253019999999999,4.256728155176637,4.263655065587752,4.312323695308382,4.292568446930716,4.280663999999999,4.306031000000001,4.26741481937047,4.229171238422158,0.007055065587752374,0.007055065587752374,-0.02039999999999953,0.02039999999999953,-0.0035800000000003607,0.0035800000000003607,0.0001281551766370015,0.0001281551766370015,0.007055065587752374,0.007055065587752374,0.05572369530838195,0.05572369530838195,0.03596844693071599,0.03596844693071599,0.024063999999999197,0.024063999999999197,0.04943100000000111,0.04943100000000111,0.010814819370470019,0.010814819370470019,-0.02742876157784213,0.02742876157784213
2025-06-30,2025-08-11,4.2419,4.2533,Ridge,4.268097858900147,4.2419,4.24686,4.254032126962703,4.268097858900147,4.312323695308382,4.235243999728824,4.284622999999998,4.293946,4.300265705381785,4.220641703325296,0.014797858900146288,0.014797858900146288,-0.011400000000000077,0.011400000000000077,-0.006440000000000445,0.006440000000000445,0.0007321269627027505,0.0007321269627027505,0.014797858900146288,0.014797858900146288,0.05902369530838136,0.05902369530838136,-0.018056000271176487,0.018056000271176487,0.03132299999999777,0.03132299999999777,0.04064599999999974,0.04064599999999974,0.04696570538178513,0.04696570538178513,-0.03265829667470399,0.03265829667470399
2025-07-01,2025-08-12,4.2415,4.2626,Ridge,4.278348544258624,4.2415,4.243080000000001,4.25175355842403,4.278348544258624,4.312323695308382,4.337701144405336,4.274394,4.297057000000001,4.289886151151195,4.213550728586747,0.015748544258624264,0.015748544258624264,-0.021099999999999675,0.021099999999999675,-0.019519999999999094,0.019519999999999094,-0.010846441575970367,0.010846441575970367,0.015748544258624264,0.015748544258624264,0.04972369530838172,0.04972369530838172,0.07510114440533577,0.07510114440533577,0.011794000000000082,0.011794000000000082,0.034457000000000626,0.034457000000000626,0.027286151151194815,0.027286151151194815,-0.04904927141325288,0.04904927141325288
2025-07-02,2025-08-13,4.25,4.2586,Ridge,4.294463879743193,4.25,4.2435,4.25143472961966,4.294463879743193,4.312323695308382,4.42154812085078,4.301574,4.302407999999998,4.32446705910181,4.227780880727759,0.03586387974319294,0.03586387974319294,-0.008600000000000385,0.008600000000000385,-0.015100000000000335,0.015100000000000335,-0.007165270380339983,0.007165270380339983,0.03586387974319294,0.03586387974319294,0.05372369530838128,0.05372369530838128,0.16294812085077925,0.16294812085077925,0.04297399999999918,0.04297399999999918,0.04380799999999763,0.04380799999999763,0.06586705910180957,0.06586705910180957,-0.030819119272241124,0.030819119272241124
2025-07-03,2025-08-14,4.2634,4.2639,Ridge,4.302681085260252,4.2634,4.246599999999999,4.253610233325176,4.302681085260252,4.312323695308382,4.276772078591459,4.3125469999999995,4.304636,4.329771660833352,4.247912769734574,0.03878108526025237,0.03878108526025237,-0.0004999999999997229,0.0004999999999997229,-0.017300000000000537,0.017300000000000537,-0.010289766674823397,0.010289766674823397,0.03878108526025237,0.03878108526025237,0.048423695308382086,0.048423695308382086,0.012872078591459335,0.012872078591459335,0.048646999999999885,0.048646999999999885,0.04073600000000077,0.04073600000000077,0.06587166083335205,0.06587166083335205,-0.015987230265425367,0.015987230265425367
2025-07-04,2025-08-18,4.2515,4.2558,Ridge,4.288705698785832,4.2515,4.24966,4.25322655453878,4.288705698785832,4.312323695308382,4.18062235394549,4.292610999999999,4.310355999999999,4.317894692623886,4.232238810702188,0.03290569878583227,0.03290569878583227,-0.0042999999999997485,0.0042999999999997485,-0.006139999999999368,0.006139999999999368,-0.0025734454612198476,0.0025734454612198476,0.03290569878583227,0.03290569878583227,0.05652369530838186,0.05652369530838186,-0.0751776460545095,0.0751776460545095,0.03681099999999926,0.03681099999999926,0.05455599999999894,0.05455599999999894,0.06209469262388634,0.06209469262388634,-0.023561189297812035,0.023561189297812035
2025-07-07,2025-08-19,4.2524,4.242,Ridge,4.290933796831968,4.2524,4.25176,4.253076271895365,4.290933796831968,4.312323695308382,4.325423269650346,4.288384999999998,4.300702000000001,4.319282159821149,4.22982898960668,0.0489337968319683,0.0489337968319683,0.010399999999999743,0.010399999999999743,0.009759999999999991,0.009759999999999991,0.011076271895364975,0.011076271895364975,0.0489337968319683,0.0489337968319683,0.07032369530838167,0.07032369530838167,0.0834232696503463,0.0834232696503463,0.04638499999999812,0.04638499999999812,0.05870200000000114,0.05870200000000114,0.07728215982114861,0.07728215982114861,-0.012171010393320358,0.012171010393320358
2025-07-08,2025-08-20,4.2455,4.2524,Ridge,4.287850486116692,4.2455,4.25256,4.251698767914389,4.287850486116692,4.312323695308382,4.354587265667821,4.298494999999999,4.299335,4.322872290968633,4.239277781130461,0.03545048611669266,0.03545048611669266,-0.006899999999999906,0.006899999999999906,0.00016000000000016001,0.00016000000000016001,-0.0007012320856105703,0.0007012320856105703,0.03545048611669266,0.03545048611669266,0.05992369530838193,0.05992369530838193,0.10218726566782088,0.10218726566782088,0.04609499999999933,0.04609499999999933,0.04693500000000039,0.04693500000000039,0.07047229096863283,0.07047229096863283,-0.013122218869538571,0.013122218869538571
2025-07-09,2025-08-21,4.2399,4.2521,Ridge,4.279850198862738,4.2399,4.250539999999999,4.2495535373845,4.279850198862738,4.312323695308382,4.41953720864269,4.282864999999998,4.299312,4.310593816552431,4.220700660666347,0.027750198862737996,0.027750198862737996,-0.012200000000000877,0.012200000000000877,-0.001560000000001338,0.001560000000001338,-0.002546462615500289,0.002546462615500289,0.027750198862737996,0.027750198862737996,0.06022369530838123,0.06022369530838123,0.1674372086426894,0.1674372086426894,0.030764999999997933,0.030764999999997933,0.047211999999999144,0.047211999999999144,0.058493816552430467,0.058493816552430467,-0.03139933933365313,0.03139933933365313
2025-07-10,2025-08-22,4.2464,4.267,Ridge,4.284607808915235,4.2464,4.24714,4.248980166950955,4.284607808915235,4.312323695308382,4.257048198358947,4.2861199999999995,4.303483000000001,4.31627019274398,4.223022218260492,0.01760780891523428,0.01760780891523428,-0.02059999999999995,0.02059999999999995,-0.019860000000000433,0.019860000000000433,-0.01801983304904553,0.01801983304904553,0.01760780891523428,0.01760780891523428,0.04532369530838132,0.04532369530838132,-0.009951801641053137,0.009951801641053137,0.019119999999999138,0.019119999999999138,0.03648300000000049,0.03648300000000049,0.04927019274397981,0.04927019274397981,-0.043977781739508615,0.043977781739508615
2025-07-11,2025-08-25,4.2563,4.2627,Ridge,4.292604452500234,4.2563,4.2481,4.250311045687145,4.292604452500234,4.312323695308382,4.239081260687958,4.294579999999998,4.298974,4.315206920298717,4.240260390385508,0.02990445250023388,0.02990445250023388,-0.006399999999999295,0.006399999999999295,-0.014599999999999724,0.014599999999999724,-0.012388954312855027,0.012388954312855027,0.02990445250023388,0.02990445250023388,0.049623695308381954,0.049623695308381954,-0.023618739312041725,0.023618739312041725,0.031879999999998354,0.031879999999998354,0.036274000000000584,0.036274000000000584,0.0525069202987174,0.0525069202987174,-0.02243960961449165,0.02243960961449165
2025-07-14,2025-08-26,4.2614,4.2657,Ridge,4.293675079844253,4.2614,4.2499,4.252327219198573,4.293675079844253,4.312323695308382,4.3181689701839465,4.300889999999998,4.308617999999999,4.326856898991876,4.241692910588741,0.027975079844253514,0.027975079844253514,-0.0042999999999997485,0.0042999999999997485,-0.015799999999999592,0.015799999999999592,-0.013372780801426565,0.013372780801426565,0.027975079844253514,0.027975079844253514,0.04662369530838184,0.04662369530838184,0.052468970183946695,0.052468970183946695,0.03518999999999828,0.03518999999999828,0.042917999999999346,0.042917999999999346,0.06115689899187604,0.06115689899187604,-0.024007089411258953,0.024007089411258953
2025-07-15,2025-08-27,4.2538,4.2639,Ridge,4.28772821954858,4.2538,4.25156,4.2525949975261055,4.28772821954858,4.312323695308382,4.28045535564711,4.288838999999997,4.318612999999998,4.320380366294689,4.244644597915241,0.023828219548580165,0.023828219548580165,-0.010099999999999554,0.010099999999999554,-0.012340000000000018,0.012340000000000018,-0.011305002473894099,0.011305002473894099,0.023828219548580165,0.023828219548580165,0.048423695308382086,0.048423695308382086,0.016555355647110304,0.016555355647110304,0.024938999999997158,0.024938999999997158,0.05471299999999868,0.05471299999999868,0.05648036629468933,0.05648036629468933,-0.01925540208475862,0.01925540208475862
2025-07-16,2025-08-28,4.2585,4.2681,Ridge,4.292843550416234,4.2585,4.255280000000001,4.25366863433954,4.292843550416234,4.312323695308382,4.426085302840498,4.298584999999997,4.314972,4.317202590636854,4.244921637781693,0.024743550416234328,0.024743550416234328,-0.009599999999999831,0.009599999999999831,-0.012819999999998721,0.012819999999998721,-0.014431365660459328,0.014431365660459328,0.024743550416234328,0.024743550416234328,0.044223695308382105,0.044223695308382105,0.1579853028404985,0.1579853028404985,0.030484999999997875,0.030484999999997875,0.04687200000000047,0.04687200000000047,0.049102590636854515,0.049102590636854515,-0.023178362218306603,0.023178362218306603
2025-07-17,2025-08-29,4.2559,4.2684,Ridge,4.290245111733397,4.2559,4.25718,4.254074337186896,4.290245111733397,4.312323695308382,4.308286612194131,4.304572,4.307245999999999,4.320219242495817,4.246154136550044,0.021845111733397538,0.021845111733397538,-0.012500000000000178,0.012500000000000178,-0.011219999999999786,0.011219999999999786,-0.014325662813103435,0.014325662813103435,0.021845111733397538,0.021845111733397538,0.043923695308381916,0.043923695308381916,0.03988661219413103,0.03988661219413103,0.03617200000000054,0.03617200000000054,0.03884599999999949,0.03884599999999949,0.051819242495817264,0.051819242495817264,-0.022245863449955827,0.022245863449955827
2025-07-18,2025-09-01,4.2509,4.2574,Ridge,4.285569374755296,4.2509,4.2561,4.2534971849710965,4.285569374755296,4.312323695308382,4.342547029588627,4.291949999999999,4.31045,4.297835042985605,4.245637013788284,0.02816937475529624,0.02816937475529624,-0.00649999999999995,0.00649999999999995,-0.0012999999999996348,0.0012999999999996348,-0.003902815028903106,0.003902815028903106,0.02816937475529624,0.02816937475529624,0.05492369530838204,0.05492369530838204,0.08514702958862763,0.08514702958862763,0.034549999999999415,0.034549999999999415,0.05305000000000071,0.05305000000000071,0.04043504298560574,0.04043504298560574,-0.011762986211715898,0.011762986211715898
2025-07-21,2025-09-02,4.2445,4.2651,Ridge,4.285829102612862,4.2445,4.252719999999999,4.251861333158169,4.285829102612862,4.312323695308382,4.342952728341023,4.287990999999998,4.305003000000001,4.303759588884084,4.2435361550936825,0.02072910261286154,0.02072910261286154,-0.02059999999999995,0.02059999999999995,-0.012380000000001168,0.012380000000001168,-0.013238666841830948,0.013238666841830948,0.02072910261286154,0.02072910261286154,0.04722369530838133,0.04722369530838133,0.07785272834102308,0.07785272834102308,0.022890999999997774,0.022890999999997774,0.03990300000000069,0.03990300000000069,0.03865958888408372,0.03865958888408372,-0.021563844906317797,0.021563844906317797
2025-07-22,2025-09-03,4.2531,4.2589,Ridge,4.289808295109889,4.2531,4.25258,4.252086545311229,4.289808295109889,4.312323695308382,4.3522157092483775,4.291658999999997,4.304851000000002,4.293788935356542,4.24374208139726,0.030908295109889572,0.030908295109889572,-0.005799999999999805,0.005799999999999805,-0.006319999999999659,0.006319999999999659,-0.006813454688770371,0.006813454688770371,0.030908295109889572,0.030908295109889572,0.05342369530838198,0.05342369530838198,0.09331570924837784,0.09331570924837784,0.032758999999996874,0.032758999999996874,0.045951000000002296,0.045951000000002296,0.03488893535654203,0.03488893535654203,-0.015157918602739961,0.015157918602739961
2025-07-23,2025-09-04,4.2544,4.2553,Ridge,4.288117110161748,4.2544,4.25176,4.25250717343646,4.288117110161748,4.312323695308382,4.371619210124029,4.287316999999999,4.306826,4.304284334349811,4.243139324090158,0.03281711016174782,0.03281711016174782,-0.0008999999999996788,0.0008999999999996788,-0.0035400000000000986,0.0035400000000000986,-0.002792826563539741,0.002792826563539741,0.03281711016174782,0.03281711016174782,0.05702369530838158,0.05702369530838158,0.11631921012402913,0.11631921012402913,0.03201699999999885,0.03201699999999885,0.05152599999999996,0.05152599999999996,0.048984334349810865,0.048984334349810865,-0.012160675909842489,0.012160675909842489
2025-07-24,2025-09-05,4.2514,4.2476,Ridge,4.286400372528512,4.2514,4.25086,4.252305869175285,4.286400372528512,4.312323695308382,4.335932265113537,4.299223999999999,4.303919000000001,4.30332456309646,4.246940155351382,0.03880037252851132,0.03880037252851132,0.0038000000000000256,0.0038000000000000256,0.0032600000000000406,0.0032600000000000406,0.004705869175285038,0.004705869175285038,0.03880037252851132,0.03880037252851132,0.0647236953083814,0.0647236953083814,0.08833226511353676,0.08833226511353676,0.05162399999999856,0.05162399999999856,0.05631900000000112,0.05631900000000112,0.05572456309645979,0.05572456309645979,-0.0006598446486183462,0.0006598446486183462
2025-07-25,2025-09-08,4.2544,4.2484,Ridge,4.291392248606364,4.2544,4.25156,4.252686620234324,4.291392248606364,4.312323695308382,4.347933725300909,4.297588,4.310253000000001,4.3040222733390765,4.249109466841795,0.04299224860636386,0.04299224860636386,0.006000000000000227,0.006000000000000227,0.0031599999999993855,0.0031599999999993855,0.004286620234323912,0.004286620234323912,0.04299224860636386,0.04299224860636386,0.06392369530838149,0.06392369530838149,0.0995337253009092,0.0995337253009092,0.04918800000000001,0.04918800000000001,0.061853000000001046,0.061853000000001046,0.05562227333907632,0.05562227333907632,0.00070946684179507,0.00070946684179507
2025-07-28,2025-09-09,4.2565,4.254,Ridge,4.294011668273452,4.2565,4.25396,4.253379962009901,4.294011668273452,4.312323695308382,4.293066019442596,4.296889999999999,4.311514999999999,4.314867561957921,4.254382130428172,0.04001166827345237,0.04001166827345237,0.002500000000000391,0.002500000000000391,-3.999999999937387e-05,3.999999999937387e-05,-0.0006200379900986874,0.0006200379900986874,0.04001166827345237,0.04001166827345237,0.058323695308382106,0.058323695308382106,0.03906601944259602,0.03906601944259602,0.04288999999999987,0.04288999999999987,0.05751499999999954,0.05751499999999954,0.06086756195792109,0.06086756195792109,0.000382130428172367,0.000382130428172367
2025-07-29,2025-09-10,4.2737,4.2604,Ridge,4.303992681941484,4.2737,4.25808,4.257074514371737,4.303992681941484,4.312323695308382,4.285253793587888,4.296056,4.3046419999999985,4.309525713572296,4.265852282128763,0.043592681941484024,0.043592681941484024,0.01330000000000009,0.01330000000000009,-0.0023200000000000998,0.0023200000000000998,-0.0033254856282631806,0.0033254856282631806,0.043592681941484024,0.043592681941484024,0.05192369530838192,0.05192369530838192,0.024853793587888084,0.024853793587888084,0.035656000000000354,0.035656000000000354,0.04424199999999878,0.04424199999999878,0.04912571357229645,0.04912571357229645,0.005452282128763031,0.005452282128763031
2025-07-30,2025-09-11,4.2732,4.2626,Ridge,4.305619744043635,4.2732,4.261840000000001,4.260006420849603,4.305619744043635,4.312323695308382,4.349042681389961,4.296816000000001,4.3105059999999975,4.303070436000165,4.276573302457317,0.043019744043634844,0.043019744043634844,0.010600000000000165,0.010600000000000165,-0.0007599999999987617,0.0007599999999987617,-0.0025935791503970407,0.0025935791503970407,0.043019744043634844,0.043019744043634844,0.04972369530838172,0.04972369530838172,0.08644268138996125,0.08644268138996125,0.03421600000000069,0.03421600000000069,0.04790599999999756,0.04790599999999756,0.04047043600016487,0.04047043600016487,0.013973302457316983,0.013973302457316983
2025-07-31,2025-09-12,4.2661,4.2593,Ridge,4.300974859334668,4.2661,4.26478,4.261114344331493,4.300974859334668,4.312323695308382,4.358643403819249,4.29283,4.3147259999999985,4.299408186768039,4.281583265445751,0.041674859334668746,0.041674859334668746,0.006800000000000139,0.006800000000000139,0.0054800000000003735,0.0054800000000003735,0.0018143443314935226,0.0018143443314935226,0.041674859334668746,0.041674859334668746,0.053023695308382024,0.053023695308382024,0.09934340381924933,0.09934340381924933,0.033530000000000726,0.033530000000000726,0.055425999999998865,0.055425999999998865,0.04010818676803929,0.04010818676803929,0.022283265445751432,0.022283265445751432
2025-08-01,2025-09-15,4.2813,4.2476,Ridge,4.3052598432162865,4.2813,4.27016,4.264784463543949,4.3052598432162865,4.312323695308382,4.32866229396915,4.300502999999999,4.297753999999997,4.279692141160927,4.282590878067528,0.057659843216286255,0.057659843216286255,0.03369999999999962,0.03369999999999962,0.02255999999999947,0.02255999999999947,0.017184463543948425,0.017184463543948425,0.057659843216286255,0.057659843216286255,0.0647236953083814,0.0647236953083814,0.08106229396914966,0.08106229396914966,0.05290299999999881,0.05290299999999881,0.05015399999999648,0.05015399999999648,0.03209214116092696,0.03209214116092696,0.03499087806752765,0.03499087806752765
2025-08-04,2025-09-16,4.2734,4.2504,Ridge,4.301254734360235,4.2734,4.27354,4.266350924717776,4.301254734360235,4.312323695308382,4.2977213637229665,4.294594,4.301262999999999,4.28411701064082,4.281420050832304,0.05085473436023502,0.05085473436023502,0.022999999999999687,0.022999999999999687,0.023139999999999716,0.023139999999999716,0.01595092471777626,0.01595092471777626,0.05085473436023502,0.05085473436023502,0.06192369530838171,0.06192369530838171,0.04732136372296658,0.04732136372296658,0.04419400000000007,0.04419400000000007,0.05086299999999877,0.05086299999999877,0.03371701064082,0.03371701064082,0.031020050832304413,0.031020050832304413
2025-08-05,2025-09-17,4.2763,4.2559,Ridge,4.303319722838796,4.2763,4.27406,4.268159847496362,4.303319722838796,4.312323695308382,4.37435648547931,4.285166000000001,4.294147999999999,4.28105998807433,4.288183932548311,0.047419722838796474,0.047419722838796474,0.020400000000000418,0.020400000000000418,0.018160000000000842,0.018160000000000842,0.01225984749636222,0.01225984749636222,0.047419722838796474,0.047419722838796474,0.056423695308382094,0.056423695308382094,0.1184564854793102,0.1184564854793102,0.02926600000000157,0.02926600000000157,0.038247999999999394,0.038247999999999394,0.025159988074330286,0.025159988074330286,0.03228393254831108,0.03228393254831108
2025-08-06,2025-09-18,4.282,4.2564,Ridge,4.309911244129513,4.282,4.27582,4.270676238860659,4.309911244129513,4.312323695308382,4.32427656392872,4.276183,4.300806999999997,4.283873810393077,4.300154105068144,0.05351124412951247,0.05351124412951247,0.025599999999999845,0.025599999999999845,0.019420000000000215,0.019420000000000215,0.014276238860658985,0.014276238860658985,0.05351124412951247,0.05351124412951247,0.05592369530838148,0.05592369530838148,0.06787656392871977,0.06787656392871977,0.01978299999999944,0.01978299999999944,0.04440699999999698,0.04440699999999698,0.027473810393076725,0.027473810393076725,0.043754105068144256,0.043754105068144256
2025-08-07,2025-09-19,4.2618,4.2666,Ridge,4.292430991360337,4.2618,4.27496,4.26906237724963,4.292430991360337,4.312323695308382,4.42035339995137,4.2909109999999995,4.306230999999999,4.2815883913900254,4.264605833234158,0.025830991360336952,0.025830991360336952,-0.0048000000000003595,0.0048000000000003595,0.008359999999999701,0.008359999999999701,0.0024623772496292773,0.0024623772496292773,0.025830991360336952,0.025830991360336952,0.045723695308381274,0.045723695308381274,0.15375339995136983,0.15375339995136983,0.024310999999999083,0.024310999999999083,0.039630999999998195,0.039630999999998195,0.014988391390025058,0.014988391390025058,-0.001994166765842742,0.001994166765842742
2025-08-08,2025-09-22,4.2566,4.2645,Ridge,4.290027874132191,4.2566,4.27002,4.2667964904769695,4.290027874132191,4.312323695308382,4.28555993039296,4.288737,4.301289999999999,4.290240644660563,4.260110283891576,0.02552787413219093,0.02552787413219093,-0.00790000000000024,0.00790000000000024,0.005519999999999747,0.005519999999999747,0.0022964904769695593,0.0022964904769695593,0.02552787413219093,0.02552787413219093,0.04782369530838171,0.04782369530838171,0.02105993039296017,0.02105993039296017,0.024237000000000286,0.024237000000000286,0.03678999999999899,0.03678999999999899,0.025740644660563028,0.025740644660563028,-0.004389716108423869,0.004389716108423869
2025-08-11,2025-09-23,4.2533,4.2552,Ridge,4.292362848396705,4.2533,4.266,4.264342583117521,4.292362848396705,4.312323695308382,4.340081741689417,4.287084,4.301460999999998,4.282696463986436,4.260219164271033,0.03716284839670436,0.03716284839670436,-0.0019000000000000128,0.0019000000000000128,0.010799999999999699,0.010799999999999699,0.009142583117520253,0.009142583117520253,0.03716284839670436,0.03716284839670436,0.05712369530838135,0.05712369530838135,0.08488174168941676,0.08488174168941676,0.0318839999999998,0.0318839999999998,0.046260999999997665,0.046260999999997665,0.027496463986436126,0.027496463986436126,0.005019164271033105,0.005019164271033105
2025-08-12,2025-09-24,4.2626,4.2676,Ridge,4.295499824471488,4.2626,4.26326,4.264025749823426,4.295499824471488,4.312323695308382,4.377522196949054,4.280467,4.2848229999999985,4.292057959117963,4.271337483342825,0.02789982447148809,0.02789982447148809,-0.004999999999999893,0.004999999999999893,-0.0043400000000000105,0.0043400000000000105,-0.0035742501765740897,0.0035742501765740897,0.02789982447148809,0.02789982447148809,0.04472369530838183,0.04472369530838183,0.10992219694905447,0.10992219694905447,0.012866999999999962,0.012866999999999962,0.017222999999998656,0.017222999999998656,0.02445795911796278,0.02445795911796278,0.0037374833428254206,0.0037374833428254206
2025-08-13,2025-09-25,4.2586,4.2619,Ridge,4.293482926939814,4.2586,4.25858,4.26303924985553,4.293482926939814,4.312323695308382,4.294281463996777,4.285393,4.300126000000001,4.291296796713402,4.26179591418445,0.031582926939814016,0.031582926939814016,-0.0032999999999994145,0.0032999999999994145,-0.0033199999999995455,0.0033199999999995455,0.0011392498555302666,0.0011392498555302666,0.031582926939814016,0.031582926939814016,0.050423695308381866,0.050423695308381866,0.032381463996776993,0.032381463996776993,0.023493000000000208,0.023493000000000208,0.03822600000000076,0.03822600000000076,0.029396796713402118,0.029396796713402118,-0.00010408581554965934,0.00010408581554965934
2025-08-14,2025-09-26,4.2639,4.2668,Ridge,4.300954252730728,4.2639,4.259,4.263195749881797,4.300954252730728,4.312323695308382,4.351681242273172,4.281634999999998,4.289300000000001,4.2906283849081674,4.269673979143189,0.03415425273072792,0.03415425273072792,-0.0029000000000003467,0.0029000000000003467,-0.007799999999999585,0.007799999999999585,-0.0036042501182027564,0.0036042501182027564,0.03415425273072792,0.03415425273072792,0.04552369530838174,0.04552369530838174,0.0848812422731724,0.0848812422731724,0.014834999999997933,0.014834999999997933,0.022500000000000853,0.022500000000000853,0.02382838490816752,0.02382838490816752,0.002873979143188876,0.002873979143188876
2025-08-18,2025-09-29,4.2558,4.2688,Ridge,4.291977458036604,4.2558,4.25884,4.2618510680851065,4.291977458036604,4.312323695308382,4.322535731288584,4.275790999999999,4.298766999999999,4.288392167691445,4.260868305607045,0.023177458036604648,0.023177458036604648,-0.0129999999999999,0.0129999999999999,-0.009959999999999525,0.009959999999999525,-0.006948931914893208,0.006948931914893208,0.023177458036604648,0.023177458036604648,0.04352369530838196,0.04352369530838196,0.053735731288584,0.053735731288584,0.006990999999999303,0.006990999999999303,0.02996699999999919,0.02996699999999919,0.019592167691445006,0.019592167691445006,-0.007931694392954824,0.007931694392954824
2025-08-19,2025-09-30,4.242,4.2692,Ridge,4.278391284013323,4.242,4.2565800000000005,4.258241782978724,4.278391284013323,4.312323695308382,4.314262273231022,4.269075999999999,4.29817,4.2805910707418455,4.241499247864472,0.009191284013323475,0.009191284013323475,-0.02719999999999967,0.02719999999999967,-0.012619999999999187,0.012619999999999187,-0.010958217021276084,0.010958217021276084,0.009191284013323475,0.009191284013323475,0.043123695308382004,0.043123695308382004,0.04506227323102241,0.04506227323102241,-0.00012400000000045708,0.00012400000000045708,0.028970000000000162,0.028970000000000162,0.011391070741845866,0.011391070741845866,-0.027700752135527473,0.027700752135527473
2025-08-20,2025-10-01,4.2524,4.2586,Ridge,4.287047908963755,4.2524,4.25454,4.257179640618956,4.287047908963755,4.312323695308382,4.252674032008311,4.254706,4.291247000000001,4.264319143702662,4.2586050941634,0.02844790896375482,0.02844790896375482,-0.0062000000000006494,0.0062000000000006494,-0.0040599999999999525,0.0040599999999999525,-0.001420359381044456,0.001420359381044456,0.02844790896375482,0.02844790896375482,0.05372369530838128,0.05372369530838128,-0.005925967991688985,0.005925967991688985,-0.00389400000000073,0.00389400000000073,0.03264700000000076,0.03264700000000076,0.005719143702661356,0.005719143702661356,5.09416339955493e-06,5.09416339955493e-06
2025-08-21,2025-10-02,4.2521,4.256,Ridge,4.284944550755697,4.2521,4.25324,4.256256069597328,4.284944550755697,4.312323695308382,4.341318259654534,4.2528749999999995,4.286271000000002,4.262326942952356,4.253358073343009,0.02894455075569713,0.02894455075569713,-0.0038999999999997925,0.0038999999999997925,-0.0027600000000003178,0.0027600000000003178,0.0002560695973281568,0.0002560695973281568,0.02894455075569713,0.02894455075569713,0.05632369530838144,0.05632369530838144,0.08531825965453343,0.08531825965453343,-0.0031250000000007105,0.0031250000000007105,0.030271000000001713,0.030271000000001713,0.006326942952355807,0.006326942952355807,-0.0026419266569908118,0.0026419266569908118
2025-08-22,2025-10-03,4.267,4.2559,Ridge,4.292508476840964,4.267,4.25386,4.258209511488722,4.292508476840964,4.312323695308382,4.263017698058403,4.2574039999999975,4.288797,4.265271601203074,4.269368624712894,0.036608476840964244,0.036608476840964244,0.011100000000000776,0.011100000000000776,-0.0020399999999991536,0.0020399999999991536,0.0023095114887228263,0.0023095114887228263,0.036608476840964244,0.036608476840964244,0.056423695308382094,0.056423695308382094,0.007117698058403121,0.007117698058403121,0.0015039999999979514,0.0015039999999979514,0.032897000000000176,0.032897000000000176,0.009371601203074675,0.009371601203074675,0.01346862471289434,0.01346862471289434
2025-08-25,2025-10-06,4.2627,4.2521,Ridge,4.2873269838705585,4.2627,4.25524,4.259025963945318,4.2873269838705585,4.312323695308382,4.286110853268658,4.262308999999999,4.297590999999998,4.275356959884502,4.259252428620235,0.035226983870558115,0.035226983870558115,0.010599999999999277,0.010599999999999277,0.0031399999999992545,0.0031399999999992545,0.006925963945317193,0.006925963945317193,0.035226983870558115,0.035226983870558115,0.06022369530838123,0.06022369530838123,0.034010853268657826,0.034010853268657826,0.010208999999998802,0.010208999999998802,0.045490999999997506,0.045490999999997506,0.023256959884501605,0.023256959884501605,0.0071524286202349074,0.0071524286202349074
2025-08-26,2025-10-07,4.2657,4.2559,Ridge,4.293846977670588,4.2657,4.2599800000000005,4.260239425046169,4.293846977670588,4.312323695308382,4.325511719188471,4.268840999999998,4.297693999999999,4.27882917647188,4.258985845511775,0.037946977670588744,0.037946977670588744,0.009800000000000253,0.009800000000000253,0.004080000000000972,0.004080000000000972,0.004339425046169687,0.004339425046169687,0.037946977670588744,0.037946977670588744,0.056423695308382094,0.056423695308382094,0.06961171918847153,0.06961171918847153,0.012940999999998759,0.012940999999998759,0.04179399999999944,0.04179399999999944,0.022929176471880197,0.022929176471880197,0.003085845511775709,0.003085845511775709
2025-08-27,2025-10-08,4.2639,4.2533,Ridge,4.296794738996607,4.2639,4.26228,4.260904984128684,4.296794738996607,4.312323695308382,4.298861214078061,4.2722359999999995,4.304524,4.279081112578075,4.256150555486966,0.04349473899660694,0.04349473899660694,0.010599999999999277,0.010599999999999277,0.008979999999999322,0.008979999999999322,0.007604984128684045,0.007604984128684045,0.04349473899660694,0.04349473899660694,0.05902369530838136,0.05902369530838136,0.04556121407806035,0.04556121407806035,0.018935999999999176,0.018935999999999176,0.05122399999999949,0.05122399999999949,0.025781112578075138,0.025781112578075138,0.002850555486965334,0.002850555486965334
2025-08-28,2025-10-09,4.2681,4.2569,Ridge,4.301932860833281,4.2681,4.265479999999999,4.262213168832559,4.301932860833281,4.312323695308382,4.319513503417812,4.279579999999998,4.305447999999999,4.267110439047783,4.257180864942733,0.04503286083328106,0.04503286083328106,0.011199999999999655,0.011199999999999655,0.008579999999999366,0.008579999999999366,0.005313168832558723,0.005313168832558723,0.04503286083328106,0.04503286083328106,0.05542369530838176,0.05542369530838176,0.06261350341781213,0.06261350341781213,0.02267999999999848,0.02267999999999848,0.04854799999999937,0.04854799999999937,0.010210439047782849,0.010210439047782849,0.00028086494273349416,0.00028086494273349416
2025-08-29,2025-10-10,4.2684,4.2583,Ridge,4.300338620059019,4.2684,4.265759999999999,4.263338047226639,4.300338620059019,4.312323695308382,4.300405685794856,4.2817669999999985,4.299167999999998,4.261107263316601,4.262730303347721,0.04203862005901904,0.04203862005901904,0.010099999999999554,0.010099999999999554,0.007459999999999134,0.007459999999999134,0.005038047226638476,0.005038047226638476,0.04203862005901904,0.04203862005901904,0.05402369530838147,0.05402369530838147,0.04210568579485585,0.04210568579485585,0.02346699999999835,0.02346699999999835,0.040867999999997906,0.040867999999997906,0.002807263316601194,0.002807263316601194,0.004430303347720432,0.004430303347720432
2025-09-01,2025-10-13,4.2574,4.2592,Ridge,4.290673395246907,4.2574,4.2647,4.26225840227634,4.290673395246907,4.312323695308382,4.306573921157222,4.2789709999999985,4.268251,4.255985982511504,4.256734578071972,0.03147339524690729,0.03147339524690729,-0.0018000000000002458,0.0018000000000002458,0.0055000000000005045,0.0055000000000005045,0.003058402276340466,0.003058402276340466,0.03147339524690729,0.03147339524690729,0.05312369530838179,0.05312369530838179,0.04737392115722194,0.04737392115722194,0.01977099999999865,0.01977099999999865,0.009051000000000364,0.009051000000000364,-0.003214017488495813,0.003214017488495813,-0.002465421928027567,0.002465421928027567
2025-09-02,2025-10-14,4.2651,4.2645,Ridge,4.292867471628498,4.2651,4.2645800000000005,4.262775056407914,4.292867471628498,4.312323695308382,4.293253761474347,4.278934,4.267448,4.245696833931243,4.2637595765251355,0.028367471628498286,0.028367471628498286,0.000600000000000378,0.000600000000000378,8.00000000005241e-05,8.00000000005241e-05,-0.001724943592085637,0.001724943592085637,0.028367471628498286,0.028367471628498286,0.04782369530838171,0.04782369530838171,0.028753761474346717,0.028753761474346717,0.014433999999999614,0.014433999999999614,0.0029479999999999507,0.0029479999999999507,-0.018803166068757093,0.018803166068757093,-0.0007404234748644711,0.0007404234748644711
2025-09-03,2025-10-15,4.2589,4.2556,Ridge,4.289600906064407,4.2589,4.263579999999999,4.2620705006973845,4.289600906064407,4.312323695308382,4.357050015798606,4.264219,4.268686999999999,4.243249730138751,4.258180955720575,0.03400090606440642,0.03400090606440642,0.0032999999999994145,0.0032999999999994145,0.007979999999998988,0.007979999999998988,0.006470500697384196,0.006470500697384196,0.03400090606440642,0.03400090606440642,0.056723695308381394,0.056723695308381394,0.1014500157986058,0.1014500157986058,0.008618999999999488,0.008618999999999488,0.013086999999998739,0.013086999999998739,-0.01235026986124943,0.01235026986124943,0.002580955720574707,0.002580955720574707
2025-09-04,2025-10-16,4.2553,4.2517,Ridge,4.287247660015919,4.2553,4.26102,4.260839500570588,4.287247660015919,4.312323695308382,4.379816519697928,4.26083,4.2773650000000005,4.249832858405015,4.248116309619623,0.03554766001591947,0.03554766001591947,0.0036000000000004917,0.0036000000000004917,0.009320000000000661,0.009320000000000661,0.009139500570588766,0.009139500570588766,0.03554766001591947,0.03554766001591947,0.060623695308382075,0.060623695308382075,0.1281165196979286,0.1281165196979286,0.009130000000000749,0.009130000000000749,0.025665000000000937,0.025665000000000937,-0.0018671415949844672,0.0018671415949844672,-0.0035836903803767584,0.0035836903803767584
2025-09-05,2025-10-17,4.2476,4.2565,Ridge,4.280016504804209,4.2476,4.2568600000000005,4.258432318648662,4.280016504804209,4.312323695308382,4.334693164351166,4.264293999999999,4.259093999999999,4.253416491972218,4.241286303391984,0.02351650480420897,0.02351650480420897,-0.008899999999999686,0.008899999999999686,0.0003600000000005821,0.0003600000000005821,0.001932318648662168,0.001932318648662168,0.02351650480420897,0.02351650480420897,0.055823695308381716,0.055823695308381716,0.07819316435116619,0.07819316435116619,0.007793999999998746,0.007793999999998746,0.002593999999999319,0.002593999999999319,-0.0030835080277817895,0.0030835080277817895,-0.015213696608015859,0.015213696608015859
2025-09-08,2025-10-20,4.2484,4.2396,Ridge,4.281851302311427,4.2484,4.25506,4.256608260712541,4.281851302311427,4.312323695308382,4.2855685724236094,4.272836999999999,4.265367000000001,4.25014440348712,4.235057528633337,0.04225130231142682,0.04225130231142682,0.008799999999999919,0.008799999999999919,0.01546000000000003,0.01546000000000003,0.017008260712541023,0.017008260712541023,0.04225130231142682,0.04225130231142682,0.07272369530838141,0.07272369530838141,0.04596857242360919,0.04596857242360919,0.03323699999999885,0.03323699999999885,0.025767000000000984,0.025767000000000984,0.010544403487119602,0.010544403487119602,-0.004542471366662859,0.004542471366662859
2025-09-09,2025-10-21,4.254,4.2392,Ridge,4.285117746445337,4.254,4.25284,4.256134031492079,4.285117746445337,4.312323695308382,4.281218888355857,4.267908,4.266171000000001,4.24953839154264,4.243094198898121,0.04591774644533686,0.04591774644533686,0.014799999999999258,0.014799999999999258,0.013639999999999652,0.013639999999999652,0.016934031492078283,0.016934031492078283,0.04591774644533686,0.04591774644533686,0.07312369530838136,0.07312369530838136,0.04201888835585699,0.04201888835585699,0.028707999999999956,0.028707999999999956,0.026971000000000522,0.026971000000000522,0.010338391542640046,0.010338391542640046,0.0038941988981209263,0.0038941988981209263
2025-09-10,2025-10-22,4.2604,4.2438,Ridge,4.293498187779447,4.2604,4.25314,4.256909662129882,4.293498187779447,4.312323695308382,4.326669819192127,4.270167999999999,4.263903999999999,4.250137769276244,4.25334304159337,0.04969818777944646,0.04969818777944646,0.016599999999999504,0.016599999999999504,0.009339999999999904,0.009339999999999904,0.013109662129881627,0.013109662129881627,0.04969818777944646,0.04969818777944646,0.06852369530838143,0.06852369530838143,0.0828698191921271,0.0828698191921271,0.026367999999998837,0.026367999999998837,0.02010399999999901,0.02010399999999901,0.006337769276243854,0.006337769276243854,0.009543041593369495,0.009543041593369495
2025-09-11,2025-10-23,4.2626,4.2347,Ridge,4.293334079360892,4.2626,4.2546,4.257944269015358,4.293334079360892,4.312323695308382,4.312975690417868,4.267388999999998,4.268739,4.245118780527384,4.256866305081362,0.05863407936089171,0.05863407936089171,0.027899999999999814,0.027899999999999814,0.019899999999999807,0.019899999999999807,0.023244269015357588,0.023244269015357588,0.05863407936089171,0.05863407936089171,0.07762369530838154,0.07762369530838154,0.0782756904178683,0.0782756904178683,0.03268899999999775,0.03268899999999775,0.03403899999999993,0.03403899999999993,0.010418780527383653,0.010418780527383653,0.022166305081362303,0.022166305081362303
2025-09-12,2025-10-24,4.2593,4.2353,Ridge,4.289619881385313,4.2593,4.256939999999999,4.25819076555802,4.289619881385313,4.312323695308382,4.317510441474064,4.2662130000000005,4.26937,4.252982234194628,4.258259259942194,0.05431988138531363,0.05431988138531363,0.02400000000000002,0.02400000000000002,0.02163999999999966,0.02163999999999966,0.022890765558019943,0.022890765558019943,0.05431988138531363,0.05431988138531363,0.07702369530838205,0.07702369530838205,0.08221044147406431,0.08221044147406431,0.030913000000000856,0.030913000000000856,0.03407000000000071,0.03407000000000071,0.017682234194628776,0.017682234194628776,0.022959259942194166,0.022959259942194166
2025-09-15,2025-10-27,4.2476,4.2353,Ridge,4.280320847965511,4.2476,4.25678,4.256265171820198,4.280320847965511,4.312323695308382,4.295452633476626,4.267899999999999,4.266070999999999,4.244273452722646,4.249576085518298,0.0450208479655112,0.0450208479655112,0.012300000000000644,0.012300000000000644,0.021480000000000388,0.021480000000000388,0.020965171820198414,0.020965171820198414,0.0450208479655112,0.0450208479655112,0.07702369530838205,0.07702369530838205,0.06015263347662625,0.06015263347662625,0.03259999999999952,0.03259999999999952,0.03077099999999966,0.03077099999999966,0.008973452722646158,0.008973452722646158,0.014276085518297954,0.014276085518297954
2025-09-16,2025-10-28,4.2504,4.2345,Ridge,4.2801447365040035,4.2504,4.25606,4.255198776943798,4.2801447365040035,4.312323695308382,4.310359152783646,4.268658999999999,4.262249,4.240660744271573,4.2548139572944,0.0456447365040038,0.0456447365040038,0.015900000000000247,0.015900000000000247,0.021560000000000024,0.021560000000000024,0.020698776943798514,0.020698776943798514,0.0456447365040038,0.0456447365040038,0.07782369530838196,0.07782369530838196,0.07585915278364652,0.07585915278364652,0.03415899999999894,0.03415899999999894,0.027749000000000024,0.027749000000000024,0.006160744271573648,0.006160744271573648,0.020313957294399998,0.020313957294399998
2025-09-17,2025-10-29,4.2559,4.2374,Ridge,4.283709757284322,4.2559,4.25516,4.255326272044925,4.283709757284322,4.312323695308382,4.356835667903652,4.268524,4.261203000000001,4.244342558071073,4.262379760896561,0.046309757284322295,0.046309757284322295,0.018499999999999517,0.018499999999999517,0.017759999999999998,0.017759999999999998,0.017926272044925362,0.017926272044925362,0.046309757284322295,0.046309757284322295,0.07492369530838161,0.07492369530838161,0.11943566790365168,0.11943566790365168,0.03112400000000015,0.03112400000000015,0.023803000000000907,0.023803000000000907,0.006942558071073357,0.006942558071073357,0.024979760896560954,0.024979760896560954
2025-09-18,2025-10-30,4.2564,4.2425,Ridge,4.285799943787823,4.2564,4.25392,4.255521495309484,4.285799943787823,4.312323695308382,4.350224032911898,4.26206,4.265923,4.238182093085949,4.261353219719973,0.0432999437878232,0.0432999437878232,0.013900000000000468,0.013900000000000468,0.011420000000000208,0.011420000000000208,0.013021495309484266,0.013021495309484266,0.0432999437878232,0.0432999437878232,0.06982369530838195,0.06982369530838195,0.10772403291189825,0.10772403291189825,0.019560000000000244,0.019560000000000244,0.023423000000000194,0.023423000000000194,-0.004317906914050873,0.004317906914050873,0.01885321971997289,0.01885321971997289
2025-09-19,2025-10-31,4.2666,4.2543,Ridge,4.2895456013588005,4.2666,4.255380000000001,4.257535768889578,4.2895456013588005,4.312323695308382,4.244648108982809,4.265923999999999,4.274920000000001,4.237810027758582,4.26292378638204,0.03524560135880073,0.03524560135880073,0.012300000000000644,0.012300000000000644,0.001080000000000858,0.001080000000000858,0.0032357688895778836,0.0032357688895778836,0.03524560135880073,0.03524560135880073,0.05802369530838192,0.05802369530838192,-0.00965189101719055,0.00965189101719055,0.011623999999999413,0.011623999999999413,0.02062000000000097,0.02062000000000097,-0.016489972241418016,0.016489972241418016,0.008623786382040421,0.008623786382040421
2025-09-22,2025-11-03,4.2645,4.2527,Ridge,4.287326817135793,4.2645,4.25876,4.258801992727836,4.287326817135793,4.312323695308382,4.264894387863542,4.269164000000002,4.269234,4.238931659453114,4.264656808712015,0.034626817135793075,0.034626817135793075,0.011800000000000033,0.011800000000000033,0.006059999999999732,0.006059999999999732,0.00610199272783607,0.00610199272783607,0.034626817135793075,0.034626817135793075,0.05962369530838174,0.05962369530838174,0.012194387863542211,0.012194387863542211,0.01646400000000181,0.01646400000000181,0.01653400000000005,0.01653400000000005,-0.013768340546885582,0.013768340546885582,0.01195680871201521,0.01195680871201521
2025-09-23,2025-11-04,4.2552,4.2575,Ridge,4.280913527464101,4.2552,4.25972,4.2581470849591385,4.280913527464101,4.312323695308382,4.325697615724791,4.270986,4.263344,4.243715561921114,4.2584355308926325,0.023413527464100525,0.023413527464100525,-0.0022999999999999687,0.0022999999999999687,0.0022199999999994446,0.0022199999999994446,0.0006470849591382333,0.0006470849591382333,0.023413527464100525,0.023413527464100525,0.05482369530838138,0.05482369530838138,0.06819761572479077,0.06819761572479077,0.013485999999999443,0.013485999999999443,0.005843999999999738,0.005843999999999738,-0.013784438078886296,0.013784438078886296,0.0009355308926322081,0.0009355308926322081
2025-09-24,2025-11-05,4.2676,4.2597,Ridge,4.294746283572933,4.2676,4.26206,4.25986579678475,4.294746283572933,4.312323695308382,4.415338628488842,4.269645,4.272394,4.240018549194766,4.269179008811854,0.03504628357293349,0.03504628357293349,0.00790000000000024,0.00790000000000024,0.002360000000000362,0.002360000000000362,0.00016579678475014958,0.00016579678475014958,0.03504628357293349,0.03504628357293349,0.05262369530838207,0.05262369530838207,0.15563862848884202,0.15563862848884202,0.009945000000000093,0.009945000000000093,0.01269400000000065,0.01269400000000065,-0.019681450805233425,0.019681450805233425,0.00947900881185415,0.00947900881185415
2025-09-25,2025-11-06,4.2619,4.2566,Ridge,4.293509143906759,4.2619,4.26316,4.260235651914795,4.293509143906759,4.312323695308382,4.315556906835643,4.271292,4.265566999999999,4.247241414108098,4.269669996590235,0.036909143906759034,0.036909143906759034,0.005300000000000082,0.005300000000000082,0.006560000000000343,0.006560000000000343,0.0036356519147950905,0.0036356519147950905,0.036909143906759034,0.036909143906759034,0.05572369530838195,0.05572369530838195,0.05895690683564325,0.05895690683564325,0.01469200000000015,0.01469200000000015,0.008966999999999281,0.008966999999999281,-0.00935858589190186,0.00935858589190186,0.013069996590235,0.013069996590235
2025-09-26,2025-11-07,4.2668,4.2483,Ridge,4.290318885655677,4.2668,4.263199999999999,4.261429169748468,4.290318885655677,4.312323695308382,4.259135332018071,4.272150999999999,4.26518,4.243641586771291,4.274152516042398,0.04201888565567646,0.04201888565567646,0.018499999999999517,0.018499999999999517,0.014899999999999025,0.014899999999999025,0.013129169748467895,0.013129169748467895,0.04201888565567646,0.04201888565567646,0.06402369530838126,0.06402369530838126,0.010835332018070964,0.010835332018070964,0.023850999999998734,0.023850999999998734,0.016879999999999562,0.016879999999999562,-0.00465841322870908,0.00465841322870908,0.02585251604239769,0.02585251604239769
2025-09-29,2025-11-10,4.2688,4.2351,Ridge,4.295421241765105,4.2688,4.264059999999999,4.262769320703292,4.295421241765105,4.312323695308382,4.25162226417731,4.271793000000001,4.264586000000001,4.242773844597078,4.2802855078733275,0.060321241765104894,0.060321241765104894,0.03369999999999962,0.03369999999999962,0.028959999999998765,0.028959999999998765,0.027669320703291866,0.027669320703291866,0.060321241765104894,0.060321241765104894,0.07722369530838158,0.07722369530838158,0.01652226417730951,0.01652226417730951,0.03669300000000053,0.03669300000000053,0.029486000000001233,0.029486000000001233,0.007673844597078094,0.007673844597078094,0.045185507873327424,0.045185507873327424
2025-09-30,2025-11-12,4.2692,4.2312,Ridge,4.29534575919978,4.2692,4.266859999999999,4.263938535120875,4.29534575919978,4.312323695308382,4.320010396913389,4.267696999999999,4.2631130000000015,4.244650661158498,4.263750589987595,0.06414575919977938,0.06414575919977938,0.03799999999999937,0.03799999999999937,0.03565999999999914,0.03565999999999914,0.03273853512087488,0.03273853512087488,0.06414575919977938,0.06414575919977938,0.08112369530838137,0.08112369530838137,0.08881039691338888,0.08881039691338888,0.03649699999999889,0.03649699999999889,0.03191300000000119,0.03191300000000119,0.013450661158497468,0.013450661158497468,0.032550589987594414,0.032550589987594414
2025-10-01,2025-11-13,4.2586,4.2304,Ridge,4.283120130264514,4.2586,4.26506,4.262967892371625,4.283120130264514,4.312323695308382,4.394923007264747,4.259485999999998,4.267221,4.227703105726992,4.2652112040553405,0.05272013026451372,0.05272013026451372,0.028200000000000003,0.028200000000000003,0.03465999999999969,0.03465999999999969,0.03256789237162483,0.03256789237162483,0.05272013026451372,0.05272013026451372,0.08192369530838128,0.08192369530838128,0.164523007264747,0.164523007264747,0.029085999999997725,0.029085999999997725,0.03682099999999977,0.03682099999999977,-0.0026968942730087875,0.0026968942730087875,0.034811204055340106,0.034811204055340106
2025-10-02,2025-11-14,4.256,4.2274,Ridge,4.281364041095763,4.256,4.26388,4.261701002849511,4.281364041095763,4.312323695308382,4.292933275654135,4.2549519999999985,4.266017,4.2260279042068305,4.257193855043338,0.053964041095762916,0.053964041095762916,0.02859999999999996,0.02859999999999996,0.03648000000000007,0.03648000000000007,0.034301002849510986,0.034301002849510986,0.053964041095762916,0.053964041095762916,0.0849236953083814,0.0849236953083814,0.06553327565413447,0.06553327565413447,0.027551999999998245,0.027551999999998245,0.03861699999999946,0.03861699999999946,-0.0013720957931697697,0.0013720957931697697,0.02979385504333809,0.02979385504333809
2025-10-03,2025-11-17,4.2559,4.2231,Ridge,4.281907651329168,4.2559,4.2617,4.260646275058691,4.281907651329168,4.312323695308382,4.284673107771172,4.257045999999996,4.263033999999999,4.227649514709487,4.257124306138181,0.05880765132916821,0.05880765132916821,0.03279999999999994,0.03279999999999994,0.038600000000000634,0.038600000000000634,0.037546275058691236,0.037546275058691236,0.05880765132916821,0.05880765132916821,0.08922369530838203,0.08922369530838203,0.06157310777117253,0.06157310777117253,0.0339459999999967,0.0339459999999967,0.03993399999999969,0.03993399999999969,0.00454951470948739,0.00454951470948739,0.03402430613818108,0.03402430613818108
2025-10-06,2025-11-18,4.2521,4.2331,Ridge,4.281426671230878,4.2521,4.258360000000001,4.259092406866201,4.281426671230878,4.312323695308382,4.207705296629347,4.255797999999998,4.253898999999999,4.226604094751747,4.25176591549654,0.048326671230877416,0.048326671230877416,0.019000000000000128,0.019000000000000128,0.025260000000000282,0.025260000000000282,0.025992406866200746,0.025992406866200746,0.048326671230877416,0.048326671230877416,0.07922369530838136,0.07922369530838136,-0.025394703370653637,0.025394703370653637,0.022697999999997442,0.022697999999997442,0.020798999999998458,0.020798999999998458,-0.006495905248253386,0.006495905248253386,0.018665915496539398,0.018665915496539398
2025-10-07,2025-11-19,4.2559,4.2424,Ridge,4.2833215384987975,4.2559,4.2557,4.258511969254164,4.2833215384987975,4.312323695308382,4.288201564951059,4.253057999999999,4.259963999999999,4.2274521755994074,4.256710643876212,0.04092153849879754,0.04092153849879754,0.013499999999999623,0.013499999999999623,0.01330000000000009,0.01330000000000009,0.01611196925416447,0.01611196925416447,0.04092153849879754,0.04092153849879754,0.06992369530838172,0.06992369530838172,0.04580156495105925,0.04580156495105925,0.01065799999999939,0.01065799999999939,0.017563999999999247,0.017563999999999247,-0.014947824400592502,0.014947824400592502,0.014310643876211948,0.014310643876211948
2025-10-08,2025-11-20,4.2533,4.2289,Ridge,4.2823916819179,4.2533,4.25464,4.257564338480679,4.2823916819179,4.312323695308382,4.336854063770608,4.25416,4.254332999999999,4.232220874278413,4.255035559656311,0.0534916819179001,0.0534916819179001,0.024399999999999977,0.024399999999999977,0.025739999999999874,0.025739999999999874,0.028664338480679064,0.028664338480679064,0.0534916819179001,0.0534916819179001,0.08342369530838134,0.08342369530838134,0.10795406377060779,0.10795406377060779,0.025259999999999394,0.025259999999999394,0.025432999999998707,0.025432999999998707,0.0033208742784127665,0.0033208742784127665,0.026135559656310647,0.026135559656310647
2025-10-09,2025-11-21,4.2569,4.2489,Ridge,4.284965213524683,4.2569,4.25482,4.25744354966601,4.284965213524683,4.312323695308382,4.286631103326781,4.253271999999999,4.2614649999999985,4.23275078978705,4.260856298679108,0.03606521352468306,0.03606521352468306,0.008000000000000007,0.008000000000000007,0.005919999999999703,0.005919999999999703,0.008543549666010009,0.008543549666010009,0.03606521352468306,0.03606521352468306,0.06342369530838177,0.06342369530838177,0.03773110332678087,0.03773110332678087,0.004371999999999154,0.004371999999999154,0.012564999999998605,0.012564999999998605,-0.016149210212949683,0.016149210212949683,0.011956298679107746,0.011956298679107746
2025-10-10,2025-11-24,4.2583,4.2345,Ridge,4.28433283603454,4.2583,4.2553,4.257599267908553,4.28433283603454,4.312323695308382,4.286320507430054,4.264807000000001,4.261017,4.224468661395136,4.260999043560851,0.049832836034540584,0.049832836034540584,0.023800000000000487,0.023800000000000487,0.020800000000000374,0.020800000000000374,0.023099267908553323,0.023099267908553323,0.049832836034540584,0.049832836034540584,0.07782369530838196,0.07782369530838196,0.05182050743005462,0.05182050743005462,0.030307000000001416,0.030307000000001416,0.026517000000000124,0.026517000000000124,-0.010031338604863826,0.010031338604863826,0.0264990435608512,0.0264990435608512
2025-10-13,2025-11-25,4.2592,4.2301,Ridge,4.28462847174418,4.2592,4.25672,4.257890310106998,4.28462847174418,4.312323695308382,4.173485093092187,4.261055,4.270929,4.231229118318376,4.261313330996588,0.054528471744180074,0.054528471744180074,0.02909999999999968,0.02909999999999968,0.026619999999999422,0.026619999999999422,0.027790310106997396,0.027790310106997396,0.054528471744180074,0.054528471744180074,0.08222369530838147,0.08222369530838147,-0.056614906907813456,0.056614906907813456,0.03095499999999962,0.03095499999999962,0.04082899999999956,0.04082899999999956,0.0011291183183761433,0.0011291183183761433,0.03121333099658763,0.03121333099658763
2025-10-14,2025-11-26,4.2645,4.233,Ridge,4.288820635052468,4.2645,4.25844,4.259092071905725,4.288820635052468,4.312323695308382,4.296547841632615,4.2679870000000015,4.268447999999999,4.231288375378,4.2686589583438295,0.05582063505246815,0.05582063505246815,0.031500000000000306,0.031500000000000306,0.025440000000000573,0.025440000000000573,0.026092071905725156,0.026092071905725156,0.05582063505246815,0.05582063505246815,0.07932369530838201,0.07932369530838201,0.06354784163261495,0.06354784163261495,0.03498700000000188,0.03498700000000188,0.0354479999999997,0.0354479999999997,-0.0017116246219996967,0.0017116246219996967,0.035658958343829816,0.035658958343829816
2025-10-15,2025-11-27,4.2556,4.227,Ridge,4.281359526607175,4.2556,4.2589,4.258457149741048,4.281359526607175,4.312323695308382,4.362007912970616,4.265109,4.262933999999999,4.230276046618499,4.25909100933827,0.05435952660717458,0.05435952660717458,0.02859999999999996,0.02859999999999996,0.03189999999999937,0.03189999999999937,0.03145714974104763,0.03145714974104763,0.05435952660717458,0.05435952660717458,0.08532369530838135,0.08532369530838135,0.13500791297061543,0.13500791297061543,0.038108999999999504,0.038108999999999504,0.035933999999998356,0.035933999999998356,0.0032760466184988957,0.0032760466184988957,0.03209100933827003,0.03209100933827003
2025-10-16,2025-11-28,4.2517,4.2369,Ridge,4.278624174727181,4.2517,4.257859999999999,4.257228577060857,4.278624174727181,4.312323695308382,4.292730456617346,4.259835,4.263271,4.231343384540758,4.249041297726909,0.041724174727180596,0.041724174727180596,0.014799999999999258,0.014799999999999258,0.020959999999998757,0.020959999999998757,0.020328577060857,0.020328577060857,0.041724174727180596,0.041724174727180596,0.07542369530838133,0.07542369530838133,0.05583045661734598,0.05583045661734598,0.022934999999999484,0.022934999999999484,0.026370999999999256,0.026370999999999256,-0.005556615459242131,0.005556615459242131,0.01214129772690864,0.01214129772690864
2025-10-17,2025-12-01,4.2565,4.2286,Ridge,4.280157826821616,4.2565,4.2575,4.257096108504338,4.280157826821616,4.312323695308382,4.367277137630651,4.263038000000001,4.26468,4.244469202875132,4.248097864371614,0.05155782682161547,0.05155782682161547,0.027899999999999814,0.027899999999999814,0.028900000000000148,0.028900000000000148,0.02849610850433759,0.02849610850433759,0.05155782682161547,0.05155782682161547,0.08372369530838153,0.08372369530838153,0.13867713763065126,0.13867713763065126,0.034438000000000635,0.034438000000000635,0.03608000000000011,0.03608000000000011,0.01586920287513216,0.01586920287513216,0.019497864371613716,0.019497864371613716
2025-10-20,2025-12-02,4.2396,4.239,Ridge,4.2662894496112385,4.2396,4.25358,4.253914997867185,4.2662894496112385,4.312323695308382,4.203828769733607,4.257416999999999,4.254065,4.235862730454846,4.22824113983466,0.02728944961123858,0.02728944961123858,0.000600000000000378,0.000600000000000378,0.014580000000000481,0.014580000000000481,0.01491499786718542,0.01491499786718542,0.02728944961123858,0.02728944961123858,0.07332369530838179,0.07332369530838179,-0.03517123026639268,0.03517123026639268,0.01841699999999946,0.01841699999999946,0.015064999999999884,0.015064999999999884,-0.00313726954515392,0.00313726954515392,-0.01075886016533989,0.01075886016533989
2025-10-21,2025-12-03,4.2392,4.2312,Ridge,4.2674520621021585,4.2392,4.24852,4.251239543709515,4.2674520621021585,4.312323695308382,4.243581506735505,4.265972999999999,4.245480999999999,4.247355353241879,4.225100271849405,0.036252062102158256,0.036252062102158256,0.008000000000000007,0.008000000000000007,0.01731999999999978,0.01731999999999978,0.02003954370951444,0.02003954370951444,0.036252062102158256,0.036252062102158256,0.08112369530838137,0.08112369530838137,0.012381506735504644,0.012381506735504644,0.03477299999999861,0.03477299999999861,0.014280999999998656,0.014280999999998656,0.016155353241878778,0.016155353241878778,-0.0060997281505956735,0.0060997281505956735
2025-10-22,2025-12-04,4.2438,4.2299,Ridge,4.270872637260154,4.2438,4.246160000000001,4.249886899398693,4.270872637260154,4.312323695308382,4.253583107976317,4.264769,4.249507,4.249815935513223,4.224785527197343,0.04097263726015399,0.04097263726015399,0.013900000000000468,0.013900000000000468,0.01626000000000083,0.01626000000000083,0.01998689939869358,0.01998689939869358,0.04097263726015399,0.04097263726015399,0.0824236953083819,0.0824236953083819,0.023683107976316897,0.023683107976316897,0.03486900000000048,0.03486900000000048,0.019607000000000596,0.019607000000000596,0.01991593551322346,0.01991593551322346,-0.005114472802656422,0.005114472802656422
2025-10-23,2025-12-05,4.2347,4.2321,Ridge,4.264380073305544,4.2347,4.2427600000000005,4.247125644962567,4.264380073305544,4.312323695308382,4.3065871824069335,4.233477,4.239038,4.208237315846198,4.215971129916647,0.032280073305543944,0.032280073305543944,0.0026000000000001577,0.0026000000000001577,0.010660000000000558,0.010660000000000558,0.01502564496256742,0.01502564496256742,0.032280073305543944,0.032280073305543944,0.08022369530838169,0.08022369530838169,0.07448718240693353,0.07448718240693353,0.0013769999999997395,0.0013769999999997395,0.006937999999999889,0.006937999999999889,-0.023862684153802327,0.023862684153802327,-0.016128870083353064,0.016128870083353064
2025-10-24,2025-12-08,4.2353,4.2289,Ridge,4.265788288384198,4.2353,4.23852,4.244975527696646,4.265788288384198,4.312323695308382,4.306214341266748,4.229691999999999,4.228789999999998,4.210383765009597,4.241108365330062,0.036888288384197665,0.036888288384197665,0.006399999999999295,0.006399999999999295,0.009619999999999962,0.009619999999999962,0.01607552769664533,0.01607552769664533,0.036888288384197665,0.036888288384197665,0.08342369530838134,0.08342369530838134,0.07731434126674763,0.07731434126674763,0.0007919999999987937,0.0007919999999987937,-0.0001100000000020529,0.0001100000000020529,-0.018516234990403113,0.018516234990403113,0.012208365330061532,0.012208365330061532
2025-10-27,2025-12-09,4.2353,4.234,Ridge,4.267963960875096,4.2353,4.23766,4.24321634084271,4.267963960875096,4.312323695308382,4.214325809062827,4.233670999999999,4.230349999999999,4.199545295811284,4.212287277701453,0.0339639608750959,0.0339639608750959,0.0012999999999996348,0.0012999999999996348,0.0036599999999999966,0.0036599999999999966,0.009216340842709947,0.009216340842709947,0.0339639608750959,0.0339639608750959,0.07832369530838168,0.07832369530838168,-0.01967419093717293,0.01967419093717293,-0.00032900000000068985,0.00032900000000068985,-0.0036500000000012633,0.0036500000000012633,-0.034454704188715546,0.034454704188715546,-0.02171272229854715,0.02171272229854715
2025-10-28,2025-12-10,4.2345,4.2274,Ridge,4.266428003339142,4.2345,4.23672,4.241631551598581,4.266428003339142,4.312323695308382,4.248431599950128,4.236656999999999,4.223859999999998,4.200960984836937,4.217841481365502,0.03902800333914147,0.03902800333914147,0.00709999999999944,0.00709999999999944,0.009319999999999773,0.009319999999999773,0.014231551598580694,0.014231551598580694,0.03902800333914147,0.03902800333914147,0.0849236953083814,0.0849236953083814,0.0210315999501276,0.0210315999501276,0.00925699999999896,0.00925699999999896,-0.003540000000001875,0.003540000000001875,-0.026439015163063573,0.026439015163063573,-0.009558518634498192,0.009558518634498192
2025-10-29,2025-12-11,4.2374,4.2284,Ridge,4.26780245852747,4.2374,4.23544,4.240862178580657,4.26780245852747,4.312323695308382,4.266069197146776,4.235705000000001,4.221503,4.215496838407637,4.225290926187405,0.03940245852747015,0.03940245852747015,0.009000000000000341,0.009000000000000341,0.007039999999999935,0.007039999999999935,0.012462178580657124,0.012462178580657124,0.03940245852747015,0.03940245852747015,0.08392369530838195,0.08392369530838195,0.03766919714677641,0.03766919714677641,0.007305000000001449,0.007305000000001449,-0.006896999999999487,0.006896999999999487,-0.012903161592363155,0.012903161592363155,-0.0031090738125945094,0.0031090738125945094
2025-10-30,2025-12-12,4.2425,4.2271,Ridge,4.268108844818005,4.2425,4.237,4.2411599642932645,4.268108844818005,4.312323695308382,4.275273427287083,4.2457009999999995,4.227509,4.199331300881733,4.233830608309733,0.0410088448180046,0.0410088448180046,0.015399999999999636,0.015399999999999636,0.00990000000000002,0.00990000000000002,0.014059964293264393,0.014059964293264393,0.0410088448180046,0.0410088448180046,0.08522369530838159,0.08522369530838159,0.04817342728708329,0.04817342728708329,0.018600999999999424,0.018600999999999424,0.00040900000000032577,0.00040900000000032577,-0.027768699118267293,0.027768699118267293,0.006730608309732489,0.006730608309732489
2025-10-31,2025-12-15,4.2543,4.2192,Ridge,4.274384705433898,4.2543,4.2408,4.243549061694489,4.274384705433898,4.312323695308382,4.2825389561705185,4.251369999999999,4.230417000000001,4.2058419801994775,4.2469334470482005,0.05518470543389853,0.05518470543389853,0.03509999999999991,0.03509999999999991,0.021600000000000286,0.021600000000000286,0.02434906169448947,0.02434906169448947,0.05518470543389853,0.05518470543389853,0.09312369530838183,0.09312369530838183,0.06333895617051866,0.06333895617051866,0.03216999999999892,0.03216999999999892,0.011217000000001143,0.011217000000001143,-0.013358019800522314,0.013358019800522314,0.027733447048200688,0.027733447048200688
2025-11-03,2025-12-16,4.2527,4.2239,Ridge,4.272198189889655,4.2527,4.24428,4.245212868659127,4.272198189889655,4.312323695308382,4.265530048127283,4.260123999999998,4.236278,4.254666731240512,4.248505041063252,0.048298189889654175,0.048298189889654175,0.028799999999999493,0.028799999999999493,0.0203799999999994,0.0203799999999994,0.02131286865912685,0.02131286865912685,0.048298189889654175,0.048298189889654175,0.08842369530838123,0.08842369530838123,0.041630048127282215,0.041630048127282215,0.03622399999999715,0.03622399999999715,0.012378,0.012378,0.030766731240511547,0.030766731240511547,0.024605041063251676,0.024605041063251676
2025-11-04,2025-12-17,4.2575,4.2149,Ridge,4.276054283549606,4.2575,4.24888,4.247446892539286,4.276054283549606,4.312323695308382,4.248629190536794,4.2595959999999975,4.252340000000001,4.260432261249964,4.253175440017315,0.06115428354960617,0.06115428354960617,0.04260000000000019,0.04260000000000019,0.03397999999999968,0.03397999999999968,0.032546892539286,0.032546892539286,0.06115428354960617,0.06115428354960617,0.09742369530838157,0.09742369530838157,0.033729190536793574,0.033729190536793574,0.044695999999997404,0.044695999999997404,0.03744000000000103,0.03744000000000103,0.04553226124996357,0.04553226124996357,0.038275440017314644,0.038275440017314644
2025-11-05,2025-12-18,4.2597,4.2076,Ridge,4.277048993551066,4.2597,4.25334,4.249674730259415,4.277048993551066,4.312323695308382,4.246564305649998,4.266631999999998,4.256494,4.261065517261754,4.260572545398191,0.06944899355106582,0.06944899355106582,0.05209999999999937,0.05209999999999937,0.04573999999999945,0.04573999999999945,0.042074730259415105,0.042074730259415105,0.06944899355106582,0.06944899355106582,0.10472369530838144,0.10472369530838144,0.038964305649997755,0.038964305649997755,0.05903199999999753,0.05903199999999753,0.04889399999999977,0.04889399999999977,0.053465517261753526,0.053465517261753526,0.05297254539819107,0.05297254539819107
2025-11-06,2025-12-19,4.2566,4.2094,Ridge,4.27388466904325,4.2566,4.25616,4.250933870212249,4.27388466904325,4.312323695308382,4.228777861454918,4.264441999999998,4.264818,4.262827734441615,4.26404554872515,0.06448466904325034,0.06448466904325034,0.04720000000000013,0.04720000000000013,0.0467600000000008,0.0467600000000008,0.04153387021224919,0.04153387021224919,0.06448466904325034,0.06448466904325034,0.10292369530838208,0.10292369530838208,0.019377861454918488,0.019377861454918488,0.05504199999999848,0.05504199999999848,0.05541800000000041,0.05541800000000041,0.05342773444161519,0.05342773444161519,0.05464554872515048,0.05464554872515048
2025-11-07,2025-12-22,4.2483,4.2115,Ridge,4.2650783279247575,4.2483,4.25496,4.250454984719113,4.2650783279247575,4.312323695308382,4.289896854457692,4.265139,4.253054,4.263697733253794,4.2485981610330645,0.053578327924757474,0.053578327924757474,0.03680000000000039,0.03680000000000039,0.04345999999999961,0.04345999999999961,0.03895498471911285,0.03895498471911285,0.053578327924757474,0.053578327924757474,0.10082369530838164,0.10082369530838164,0.07839685445769184,0.07839685445769184,0.05363899999999955,0.05363899999999955,0.04155399999999965,0.04155399999999965,0.052197733253794176,0.052197733253794176,0.037098161033064514,0.037098161033064514
2025-11-10,2025-12-23,4.2351,4.2274,Ridge,4.256147253910638,4.2351,4.2514400000000006,4.247663169315637,4.256147253910638,4.312323695308382,4.259324878954472,4.249355,4.2508289999999995,4.236323249896212,4.23039624875968,0.028747253910637482,0.028747253910637482,0.007699999999999818,0.007699999999999818,0.024040000000000283,0.024040000000000283,0.020263169315636986,0.020263169315636986,0.028747253910637482,0.028747253910637482,0.0849236953083814,0.0849236953083814,0.031924878954471936,0.031924878954471936,0.02195500000000017,0.02195500000000017,0.023428999999999256,0.023428999999999256,0.008923249896211516,0.008923249896211516,0.0029962487596799647,0.0029962487596799647
2025-11-12,2025-12-29,4.2312,4.2274,Ridge,4.2526700467188245,4.2312,4.246180000000001,4.244669865803703,4.2526700467188245,4.312323695308382,4.266367151796496,4.234822999999999,4.233498,4.220377115663148,4.213331976107422,0.02527004671882427,0.02527004671882427,0.0038000000000000256,0.0038000000000000256,0.018780000000000463,0.018780000000000463,0.017269865803703155,0.017269865803703155,0.02527004671882427,0.02527004671882427,0.0849236953083814,0.0849236953083814,0.03896715179649579,0.03896715179649579,0.007422999999998403,0.007422999999998403,0.006097999999999715,0.006097999999999715,-0.007022884336851831,0.007022884336851831,-0.014068023892578552,0.014068023892578552
2025-11-13,2025-12-30,4.2304,4.2293,Ridge,4.256682842886275,4.2304,4.2403200000000005,4.242075344748485,4.256682842886275,4.312323695308382,4.138351168171967,4.2243889999999995,4.225417999999999,4.198768531331269,4.212113885084787,0.027382842886274794,0.027382842886274794,0.001100000000000101,0.001100000000000101,0.011020000000000252,0.011020000000000252,0.012775344748484407,0.012775344748484407,0.027382842886274794,0.027382842886274794,0.08302369530838138,0.08302369530838138,-0.09094883182803315,0.09094883182803315,-0.004911000000000776,0.004911000000000776,-0.0038820000000017174,0.0038820000000017174,-0.030531468668731243,0.030531468668731243,-0.017186114915213047,0.017186114915213047
2025-11-14,2025-12-31,4.2274,4.2267,Ridge,4.255987293285163,4.2274,4.23448,4.23940710024876,4.255987293285163,4.312323695308382,4.202131933761951,4.230110000000001,4.215528999999998,4.1997705155488685,4.207863864884618,0.02928729328516244,0.02928729328516244,0.000700000000000145,0.000700000000000145,0.007779999999999454,0.007779999999999454,0.012707100248760206,0.012707100248760206,0.02928729328516244,0.02928729328516244,0.08562369530838154,0.08562369530838154,-0.02456806623804919,0.02456806623804919,0.0034100000000005792,0.0034100000000005792,-0.011171000000001818,0.011171000000001818,-0.026929484451131636,0.026929484451131636,-0.01883613511538229,0.01883613511538229
2025-11-17,2026-01-02,4.2231,4.2156,Ridge,4.233559387787381,4.2231,4.229439999999999,4.236442172930803,4.233559387787381,4.312323695308382,4.291772942492042,4.237109,4.209522000000001,4.213126577155077,4.201746237798551,0.017959387787381154,0.017959387787381154,0.007499999999999396,0.007499999999999396,0.013839999999999186,0.013839999999999186,0.020842172930803038,0.020842172930803038,0.017959387787381154,0.017959387787381154,0.09672369530838143,0.09672369530838143,0.07617294249204143,0.07617294249204143,0.021509,0.021509,-0.006077999999999584,0.006077999999999584,-0.0024734228449228013,0.0024734228449228013,-0.013853762201449626,0.013853762201449626
2025-11-18,2026-01-05,4.2331,4.211,Ridge,4.2408297307032035,4.2331,4.22904,4.235834505125203,4.2408297307032035,4.312323695308382,4.160899711296036,4.255492,4.216638999999999,4.25426727928147,4.2135006136726,0.02982973070320316,0.02982973070320316,0.02210000000000001,0.02210000000000001,0.018040000000000056,0.018040000000000056,0.024834505125202355,0.024834505125202355,0.02982973070320316,0.02982973070320316,0.10132369530838137,0.10132369530838137,-0.050100288703964324,0.050100288703964324,0.044491999999999976,0.044491999999999976,0.005638999999998617,0.005638999999998617,0.04326727928147012,0.04326727928147012,0.00250061367259935,0.00250061367259935
2025-11-19,2026-01-07,4.2424,4.2105,Ridge,4.2496773426144445,4.2424,4.23128,4.237028231466074,4.2496773426144445,4.312323695308382,4.179124949882767,4.282296,4.223264000000001,4.254349604568509,4.229678217482445,0.03917734261444483,0.03917734261444483,0.03190000000000026,0.03190000000000026,0.020780000000000243,0.020780000000000243,0.026528231466074637,0.026528231466074637,0.03917734261444483,0.03917734261444483,0.10182369530838198,0.10182369530838198,-0.03137505011723274,0.03137505011723274,0.07179599999999997,0.07179599999999997,0.012764000000001552,0.012764000000001552,0.043849604568509726,0.043849604568509726,0.019178217482445525,0.019178217482445525
2025-11-20,2026-01-08,4.2289,4.2119,Ridge,4.239837870911073,4.2289,4.230980000000001,4.235550371199516,4.239837870911073,4.312323695308382,4.381610167091297,4.236821,4.227754999999999,4.24707410336573,4.214270611568507,0.027937870911072693,0.027937870911072693,0.017000000000000348,0.017000000000000348,0.019080000000000652,0.019080000000000652,0.023650371199516407,0.023650371199516407,0.027937870911072693,0.027937870911072693,0.10042369530838169,0.10042369530838169,0.1697101670912966,0.1697101670912966,0.02492099999999997,0.02492099999999997,0.015854999999999286,0.015854999999999286,0.03517410336572979,0.03517410336572979,0.0023706115685069307,0.0023706115685069307
2025-11-21,2026-01-09,4.2489,4.2127,Ridge,4.253521434782808,4.2489,4.23528,4.237977576435967,4.253521434782808,4.312323695308382,4.334200276719659,4.293017000000001,4.228144000000001,4.280864935385339,4.236808446703547,0.0408214347828082,0.0408214347828082,0.03620000000000001,0.03620000000000001,0.02258000000000049,0.02258000000000049,0.025277576435967397,0.025277576435967397,0.0408214347828082,0.0408214347828082,0.09962369530838178,0.09962369530838178,0.1215002767196589,0.1215002767196589,0.08031700000000086,0.08031700000000086,0.015444000000001346,0.015444000000001346,0.0681649353853393,0.0681649353853393,0.02410844670354706,0.02410844670354706
2025-11-24,2026-01-12,4.2345,4.2097,Ridge,4.240384295393261,4.2345,4.23756,4.237345289811246,4.240384295393261,4.312323695308382,4.24859579045578,4.252752999999999,4.234182999999999,4.26639377961108,4.225088837331597,0.030684295393260896,0.030684295393260896,0.024799999999999933,0.024799999999999933,0.02786000000000044,0.02786000000000044,0.02764528981124581,0.02764528981124581,0.030684295393260896,0.030684295393260896,0.10262369530838189,0.10262369530838189,0.038895790455780066,0.038895790455780066,0.043052999999999564,0.043052999999999564,0.024482999999999144,0.024482999999999144,0.0566937796110798,0.0566937796110798,0.015388837331597571,0.015388837331597571
2025-11-25,2026-01-13,4.2301,4.2116,Ridge,4.236206127068851,4.2301,4.236960000000001,4.236027964391019,4.236206127068851,4.312323695308382,4.195466073436847,4.232981999999999,4.226542,4.240588504497372,4.217909580434233,0.024606127068850903,0.024606127068850903,0.018500000000000405,0.018500000000000405,0.025360000000000937,0.025360000000000937,0.024427964391018797,0.024427964391018797,0.024606127068850903,0.024606127068850903,0.10072369530838188,0.10072369530838188,-0.01613392656315238,0.01613392656315238,0.021381999999999124,0.021381999999999124,0.014942000000000455,0.014942000000000455,0.028988504497371892,0.028988504497371892,0.00630958043423302,0.00630958043423302
2025-11-26,2026-01-14,4.233,4.211,Ridge,4.239415117960452,4.233,4.235079999999999,4.235477425410833,4.239415117960452,4.312323695308382,4.194605262444818,4.2481979999999995,4.223804,4.255499527813775,4.223606409995665,0.02841511796045193,0.02841511796045193,0.021999999999999353,0.021999999999999353,0.02407999999999877,0.02407999999999877,0.024477425410832865,0.024477425410832865,0.02841511796045193,0.02841511796045193,0.10132369530838137,0.10132369530838137,-0.01639473755518228,0.01639473755518228,0.037197999999999176,0.037197999999999176,0.012804000000000038,0.012804000000000038,0.044499527813774975,0.044499527813774975,0.012606409995664869,0.012606409995664869
2025-11-27,2026-01-15,4.227,4.2068,Ridge,4.233258049336442,4.227,4.234699999999999,4.233936075336136,4.233258049336442,4.312323695308382,4.398688192139324,4.233283999999999,4.220967000000002,4.24003473270986,4.217322015370921,0.02645804933644147,0.02645804933644147,0.020199999999999996,0.020199999999999996,0.027899999999998926,0.027899999999998926,0.027136075336136045,0.027136075336136045,0.02645804933644147,0.02645804933644147,0.10552369530838135,0.10552369530838135,0.19188819213932362,0.19188819213932362,0.026483999999999064,0.026483999999999064,0.014167000000001373,0.014167000000001373,0.033234732709860104,0.033234732709860104,0.010522015370920457,0.010522015370920457
2025-11-28,2026-01-16,4.2369,4.2192,Ridge,4.23946039562578,4.2369,4.2323,4.234474970729566,4.23946039562578,4.312323695308382,4.306104317739812,4.260002000000002,4.226768000000002,4.255098187106948,4.2252309105489365,0.020260395625780525,0.020260395625780525,0.017700000000000493,0.017700000000000493,0.013100000000000556,0.013100000000000556,0.015274970729565851,0.015274970729565851,0.020260395625780525,0.020260395625780525,0.09312369530838183,0.09312369530838183,0.08690431773981189,0.08690431773981189,0.040802000000002,0.040802000000002,0.0075680000000017955,0.0075680000000017955,0.03589818710694814,0.03589818710694814,0.006030910548936674,0.006030910548936674
2025-12-01,2026-01-19,4.2286,4.2231,Ridge,4.232197628171192,4.2286,4.23112,4.2334067942332805,4.232197628171192,4.312323695308382,4.215156340112137,4.239063000000001,4.225728000000001,4.226968866368947,4.215068230998945,0.009097628171192085,0.009097628171192085,0.0055000000000005045,0.0055000000000005045,0.008020000000000138,0.008020000000000138,0.010306794233280847,0.010306794233280847,0.009097628171192085,0.009097628171192085,0.08922369530838203,0.08922369530838203,-0.007943659887862609,0.007943659887862609,0.01596300000000106,0.01596300000000106,0.002628000000001407,0.002628000000001407,0.0038688663689470104,0.0038688663689470104,-0.008031769001054734,0.008031769001054734
2025-12-02,2026-01-20,4.239,4.2279,Ridge,4.242637782971918,4.239,4.2329,4.23442374073632,4.242637782971918,4.312323695308382,4.19694765179842,4.276133,4.2436320000000025,4.261436800472973,4.22304819287194,0.014737782971917746,0.014737782971917746,0.011099999999999888,0.011099999999999888,0.004999999999999893,0.004999999999999893,0.006523740736319894,0.006523740736319894,0.014737782971917746,0.014737782971917746,0.08442369530838167,0.08442369530838167,-0.03095234820157966,0.03095234820157966,0.04823299999999975,0.04823299999999975,0.015732000000002522,0.015732000000002522,0.03353680047297303,0.03353680047297303,-0.004851807128059882,0.004851807128059882
2025-12-03,2026-01-21,4.2312,4.2271,Ridge,4.238939071756079,4.2312,4.23254,4.233837606056989,4.238939071756079,4.312323695308382,4.221411631735456,4.24563,4.227696000000001,4.2356488010197975,4.218681464615376,0.011839071756078567,0.011839071756078567,0.004100000000000215,0.004100000000000215,0.005440000000000111,0.005440000000000111,0.00673760605698881,0.00673760605698881,0.011839071756078567,0.011839071756078567,0.08522369530838159,0.08522369530838159,-0.00568836826454433,0.00568836826454433,0.018530000000000157,0.018530000000000157,0.0005960000000007071,0.0005960000000007071,0.00854880101979738,0.00854880101979738,-0.008418535384624448,0.008418535384624448
2025-12-04,2026-01-22,4.2299,4.2128,Ridge,4.240271238956526,4.2299,4.23312,4.23312167768299,4.240271238956526,4.312323695308382,4.298615019554709,4.23904,4.228856,4.229460586083896,4.219423035244075,0.027471238956525923,0.027471238956525923,0.017100000000000115,0.017100000000000115,0.020320000000000782,0.020320000000000782,0.020321677682990646,0.020321677682990646,0.027471238956525923,0.027471238956525923,0.09952369530838201,0.09952369530838201,0.08581501955470916,0.08581501955470916,0.026240000000000485,0.026240000000000485,0.016056000000000736,0.016056000000000736,0.01666058608389598,0.01666058608389598,0.006623035244075481,0.006623035244075481
2025-12-05,2026-01-23,4.2321,4.205,Ridge,4.239780322889014,4.2321,4.23216,4.232935918104264,4.239780322889014,4.312323695308382,4.270207728453456,4.254038,4.2298870000000015,4.242182461910992,4.221857350900213,0.03478032288901378,0.03478032288901378,0.027099999999999902,0.027099999999999902,0.027160000000000295,0.027160000000000295,0.02793591810426399,0.02793591810426399,0.03478032288901378,0.03478032288901378,0.1073236953083816,0.1073236953083816,0.0652077284534558,0.0652077284534558,0.04903800000000036,0.04903800000000036,0.024887000000001436,0.024887000000001436,0.037182461910991726,0.037182461910991726,0.016857350900212786,0.016857350900212786
2025-12-08,2026-01-26,4.2289,4.2118,Ridge,4.237361497426497,4.2289,4.23222,4.23220211481258,4.237361497426497,4.312323695308382,4.168063142744659,4.240257,4.2247580000000005,4.24621262510004,4.216418794506439,0.02556149742649705,0.02556149742649705,0.017100000000000115,0.017100000000000115,0.02041999999999966,0.02041999999999966,0.020402114812579697,0.020402114812579697,0.02556149742649705,0.02556149742649705,0.10052369530838146,0.10052369530838146,-0.04373685725534138,0.04373685725534138,0.02845699999999951,0.02845699999999951,0.012958000000000247,0.012958000000000247,0.03441262510003984,0.03441262510003984,0.0046187945064390945,0.0046187945064390945
2025-12-09,2026-01-27,4.234,4.2032,Ridge,4.2390972903524196,4.234,4.23122,4.232529003028475,4.2390972903524196,4.312323695308382,4.19558873602869,4.256482999999999,4.225636000000001,4.266754491172022,4.220060662846308,0.03589729035241973,0.03589729035241973,0.03080000000000016,0.03080000000000016,0.0280200000000006,0.0280200000000006,0.029329003028474965,0.029329003028474965,0.03589729035241973,0.03589729035241973,0.10912369530838184,0.10912369530838184,-0.007611263971309512,0.007611263971309512,0.053282999999999525,0.053282999999999525,0.02243600000000079,0.02243600000000079,0.06355449117202205,0.06355449117202205,0.01686066284630794,0.01686066284630794
2025-12-10,2026-01-28,4.2274,4.2009,Ridge,4.236616131738999,4.2274,4.230460000000001,4.231596457023297,4.236616131738999,4.312323695308382,4.249682477099508,4.240837,4.227745000000001,4.241855612029724,4.210698487287597,0.035716131738999124,0.035716131738999124,0.026500000000000412,0.026500000000000412,0.02956000000000092,0.02956000000000092,0.030696457023297263,0.030696457023297263,0.035716131738999124,0.035716131738999124,0.11142369530838181,0.11142369530838181,0.04878247709950845,0.04878247709950845,0.03993700000000011,0.03993700000000011,0.026845000000001562,0.026845000000001562,0.04095561202972409,0.04095561202972409,0.009798487287596913,0.009798487287596913
2025-12-11,2026-01-29,4.2284,4.2072,Ridge,4.237148133768936,4.2284,4.23016,4.231015283019061,4.237148133768936,4.312323695308382,4.305912274696029,4.239365,4.224672000000001,4.246157562516737,4.208427444042533,0.02994813376893557,0.02994813376893557,0.02119999999999944,0.02119999999999944,0.022959999999999425,0.022959999999999425,0.02381528301906055,0.02381528301906055,0.02994813376893557,0.02994813376893557,0.10512369530838139,0.10512369530838139,0.0987122746960285,0.0987122746960285,0.032165,0.032165,0.017472000000000598,0.017472000000000598,0.0389575625167371,0.0389575625167371,0.0012274440425326105,0.0012274440425326105
2025-12-12,2026-01-30,4.2271,4.2131,Ridge,4.232244222425655,4.2271,4.22916,4.230303413379231,4.232244222425655,4.312323695308382,4.277633084590502,4.241085000000002,4.222952,4.241997941977045,4.211441642926225,0.0191442224256555,0.0191442224256555,0.014000000000000234,0.014000000000000234,0.016060000000000407,0.016060000000000407,0.01720341337923159,0.01720341337923159,0.0191442224256555,0.0191442224256555,0.09922369530838182,0.09922369530838182,0.06453308459050255,0.06453308459050255,0.027985000000001925,0.027985000000001925,0.009852000000000416,0.009852000000000416,0.028897941977045427,0.028897941977045427,-0.0016583570737749298,0.0016583570737749298
2025-12-15,2026-02-02,4.2192,4.2106,Ridge,4.226353995080079,4.2192,4.22722,4.228284610946644,4.226353995080079,4.312323695308382,4.184097435639377,4.237691999999999,4.215034999999999,4.233040961197922,4.197932146418685,0.01575399508007891,0.01575399508007891,0.008599999999999497,0.008599999999999497,0.016619999999999635,0.016619999999999635,0.01768461094664353,0.01768461094664353,0.01575399508007891,0.01575399508007891,0.10172369530838132,0.10172369530838132,-0.026502564360622927,0.026502564360622927,0.027091999999998784,0.027091999999998784,0.004434999999999079,0.004434999999999079,0.022440961197921716,0.022440961197921716,-0.012667853581315391,0.012667853581315391
2025-12-16,2026-02-03,4.2239,4.2198,Ridge,4.231151706387484,4.2239,4.2252,4.227487408956345,4.231151706387484,4.312323695308382,4.208473711938374,4.237093000000001,4.220534,4.230966101249444,4.201237291534359,0.01135170638748395,0.01135170638748395,0.004100000000000215,0.004100000000000215,0.005399999999999849,0.005399999999999849,0.00768740895634501,0.00768740895634501,0.01135170638748395,0.01135170638748395,0.09252369530838145,0.09252369530838145,-0.0113262880616265,0.0113262880616265,0.017293000000000447,0.017293000000000447,0.0007339999999995683,0.0007339999999995683,0.011166101249443727,0.011166101249443727,-0.01856270846564101,0.01856270846564101
2025-12-17,2026-02-04,4.2149,4.2241,Ridge,4.2253280720410835,4.2149,4.222700000000001,4.2251987891461,4.2253280720410835,4.312323695308382,4.218970022416435,4.234465,4.212541,4.231062465965589,4.191358131784691,0.00122807204108355,0.00122807204108355,-0.009199999999999875,0.009199999999999875,-0.0013999999999994017,0.0013999999999994017,0.0010987891461002874,0.0010987891461002874,0.00122807204108355,0.00122807204108355,0.0882236953083817,0.0882236953083817,-0.0051299775835653705,0.0051299775835653705,0.01036500000000018,0.01036500000000018,-0.011559000000000097,0.011559000000000097,0.0069624659655893595,0.0069624659655893595,-0.03274186821530911,0.03274186821530911
2025-12-18,2026-02-05,4.2076,4.2175,Ridge,4.2213815237292,4.2076,4.21854,4.221999009301355,4.2213815237292,4.312323695308382,4.204892611914362,4.237841,4.210902999999999,4.23894065418524,4.178823578622569,0.0038815237291993654,0.0038815237291993654,-0.00990000000000002,0.00990000000000002,0.0010399999999997078,0.0010399999999997078,0.004499009301354384,0.004499009301354384,0.0038815237291993654,0.0038815237291993654,0.09482369530838142,0.09482369530838142,-0.012607388085638327,0.012607388085638327,0.020341000000000165,0.020341000000000165,-0.006597000000001074,0.006597000000001074,0.02144065418523944,0.02144065418523944,-0.038676421377431325,0.038676421377431325
2025-12-19,2026-02-06,4.2094,4.2155,Ridge,4.220922193187024,4.2094,4.215000000000001,4.219708280337471,4.220922193187024,4.312323695308382,4.177900830569221,4.230793000000002,4.1984629999999985,4.238297162920549,4.177212470911819,0.00542219318702486,0.00542219318702486,-0.006099999999999994,0.006099999999999994,-0.0004999999999988347,0.0004999999999988347,0.00420828033747167,0.00420828033747167,0.00542219318702486,0.00542219318702486,0.09682369530838209,0.09682369530838209,-0.0375991694307789,0.0375991694307789,0.015293000000002444,0.015293000000002444,-0.01703700000000108,0.01703700000000108,0.022797162920549674,0.022797162920549674,-0.03828752908818078,0.03828752908818078
2025-12-22,2026-02-09,4.2115,4.2142,Ridge,4.222967865031616,4.2115,4.21346,4.218215865730658,4.222967865031616,4.312323695308382,4.2110027245161925,4.227901999999999,4.196282999999999,4.242099298453774,4.184093244132957,0.008767865031615862,0.008767865031615862,-0.0026999999999999247,0.0026999999999999247,-0.0007399999999995188,0.0007399999999995188,0.004015865730657708,0.004015865730657708,0.008767865031615862,0.008767865031615862,0.09812369530838172,0.09812369530838172,-0.003197275483807438,0.003197275483807438,0.013701999999999437,0.013701999999999437,-0.017917000000000627,0.017917000000000627,0.027899298453774257,0.027899298453774257,-0.0301067558670427,0.0301067558670427
2025-12-23,2026-02-10,4.2274,4.2148,Ridge,4.234834491017858,4.2274,4.21416,4.219885708325084,4.234834491017858,4.312323695308382,4.223821530710338,4.229998999999999,4.200264999999999,4.242885119665786,4.205980674078617,0.02003449101785737,0.02003449101785737,0.012599999999999945,0.012599999999999945,-0.0006400000000006401,0.0006400000000006401,0.00508570832508326,0.00508570832508326,0.02003449101785737,0.02003449101785737,0.09752369530838134,0.09752369530838134,0.009021530710337622,0.009021530710337622,0.015198999999999074,0.015198999999999074,-0.014535000000001297,0.014535000000001297,0.02808511966578564,0.02808511966578564,-0.008819325921383125,0.008819325921383125
2025-12-29,2026-02-11,4.2274,4.2174,Ridge,4.233460620656796,4.2274,4.21666,4.221251943175068,4.233460620656796,4.312323695308382,4.276784787942512,4.23126,4.199818000000001,4.239911351862447,4.212632613780953,0.016060620656796587,0.016060620656796587,0.010000000000000675,0.010000000000000675,-0.0007399999999995188,0.0007399999999995188,0.0038519431750687616,0.0038519431750687616,0.016060620656796587,0.016060620656796587,0.09492369530838207,0.09492369530838207,0.05938478794251267,0.05938478794251267,0.013860000000000205,0.013860000000000205,-0.01758199999999821,0.01758199999999821,0.02251135186244735,0.02251135186244735,-0.004767386219046266,0.004767386219046266
2025-12-30,2026-02-12,4.2293,4.2131,Ridge,4.234983971567141,4.2293,4.221,4.222715226234147,4.234983971567141,4.312323695308382,4.243251870565291,4.233325,4.206891000000001,4.241466629230444,4.216100693849518,0.02188397156714128,0.02188397156714128,0.016200000000000436,0.016200000000000436,0.00790000000000024,0.00790000000000024,0.009615226234147123,0.009615226234147123,0.02188397156714128,0.02188397156714128,0.09922369530838182,0.09922369530838182,0.030151870565291006,0.030151870565291006,0.020224999999999937,0.020224999999999937,-0.006208999999999243,0.006208999999999243,0.028366629230443863,0.028366629230443863,0.003000693849518399,0.003000693849518399
2025-12-31,2026-02-13,4.2267,4.214,Ridge,4.230232774308118,4.2267,4.2244600000000005,4.223439730555211,4.230232774308118,4.312323695308382,4.322435526546403,4.231083999999999,4.220944,4.248799962670724,4.212397429600888,0.016232774308117648,0.016232774308117648,0.012699999999999712,0.012699999999999712,0.010460000000000136,0.010460000000000136,0.009439730555210524,0.009439730555210524,0.016232774308117648,0.016232774308117648,0.09832369530838125,0.09832369530838125,0.10843552654640298,0.10843552654640298,0.017083999999998767,0.017083999999998767,0.006943999999999839,0.006943999999999839,0.03479996267072316,0.03479996267072316,-0.0016025703991120466,0.0016025703991120466
2026-01-02,2026-02-16,4.2156,4.208,Ridge,4.231316567674928,4.2156,4.225280000000001,4.2220143249997175,4.231316567674928,4.312323695308382,4.198533958136606,4.236669999999999,4.223291999999999,4.239329303440354,4.1989366609801495,0.023316567674927846,0.023316567674927846,0.007600000000000051,0.007600000000000051,0.017280000000000406,0.017280000000000406,0.014014324999717331,0.014014324999717331,0.023316567674927846,0.023316567674927846,0.10432369530838148,0.10432369530838148,-0.009466041863394281,0.009466041863394281,0.028669999999999085,0.028669999999999085,0.015291999999998751,0.015291999999998751,0.03132930344035412,0.03132930344035412,-0.00906333901985068,0.00906333901985068
2026-01-05,2026-02-17,4.211,4.2182,Ridge,4.230278095704121,4.211,4.222,4.220011720454314,4.230278095704121,4.312323695308382,4.252073447335268,4.231746,4.216732999999999,4.237167407949341,4.1883158482716984,0.012078095704120884,0.012078095704120884,-0.007200000000000095,0.007200000000000095,0.0038000000000000256,0.0038000000000000256,0.001811720454313992,0.001811720454313992,0.012078095704120884,0.012078095704120884,0.09412369530838127,0.09412369530838127,0.033873447335267315,0.033873447335267315,0.013545999999999836,0.013545999999999836,-0.0014670000000016614,0.0014670000000016614,0.01896740794934093,0.01896740794934093,-0.029884151728301944,0.029884151728301944
2026-01-07,2026-02-18,4.2105,4.2148,Ridge,4.229458295750748,4.2105,4.21862,4.218282316735348,4.229458295750748,4.312323695308382,4.315398391496115,4.226692000000001,4.2125319999999995,4.228421463948641,4.185251782758394,0.014658295750747286,0.014658295750747286,-0.004300000000000637,0.004300000000000637,0.0038199999999992684,0.0038199999999992684,0.0034823167353472684,0.0034823167353472684,0.014658295750747286,0.014658295750747286,0.09752369530838134,0.09752369530838134,0.10059839149611438,0.10059839149611438,0.011892000000000458,0.011892000000000458,-0.002268000000000825,0.002268000000000825,0.013621463948640944,0.013621463948640944,-0.029548217241606167,0.029548217241606167
2026-01-08,2026-02-19,4.2119,4.222,Ridge,4.2322959819690436,4.2119,4.21514,4.217121895510738,4.2322959819690436,4.312323695308382,4.261484221759874,4.224196000000001,4.206655999999999,4.23099240459464,4.186456067057431,0.010295981969043133,0.010295981969043133,-0.010100000000000442,0.010100000000000442,-0.006860000000000532,0.006860000000000532,-0.0048781044892622916,0.0048781044892622916,0.010295981969043133,0.010295981969043133,0.09032369530838125,0.09032369530838125,0.03948422175987343,0.03948422175987343,0.002196000000000531,0.002196000000000531,-0.015344000000001579,0.015344000000001579,0.00899240459463968,0.00899240459463968,-0.03554393294256908,0.03554393294256908
2026-01-09,2026-02-20,4.2127,4.2241,Ridge,4.230447708116509,4.2127,4.21234,4.216317914508785,4.230447708116509,4.312323695308382,4.29113229777596,4.229272999999998,4.2074859999999985,4.2375823324628925,4.185460664223533,0.00634770811650931,0.00634770811650931,-0.011400000000000077,0.011400000000000077,-0.01175999999999977,0.01175999999999977,-0.00778208549121473,0.00778208549121473,0.00634770811650931,0.00634770811650931,0.0882236953083817,0.0882236953083817,0.06703229777595965,0.06703229777595965,0.005172999999998318,0.005172999999998318,-0.01661400000000146,0.01661400000000146,0.013482332462892543,0.013482332462892543,-0.03863933577646694,0.03863933577646694
2026-01-12,2026-02-23,4.2097,4.2173,Ridge,4.229734922037329,4.2097,4.21116,4.215114657325369,4.229734922037329,4.312323695308382,4.245413703365835,4.227304,4.203660999999999,4.239415878193477,4.185267618934136,0.012434922037328988,0.012434922037328988,-0.007600000000000051,0.007600000000000051,-0.006140000000000256,0.006140000000000256,-0.0021853426746307747,0.0021853426746307747,0.012434922037328988,0.012434922037328988,0.09502369530838184,0.09502369530838184,0.028113703365835185,0.028113703365835185,0.010004000000000346,0.010004000000000346,-0.0136390000000004,0.0136390000000004,0.02211587819347738,0.02211587819347738,-0.03203238106586426,0.03203238106586426
2026-01-13,2026-02-24,4.2116,4.2193,Ridge,4.231826652092798,4.2116,4.21128,4.214475628720756,4.231826652092798,4.312323695308382,4.231453074648424,4.225046000000001,4.200452999999999,4.243824309527166,4.189313233302675,0.012526652092798685,0.012526652092798685,-0.007699999999999818,0.007699999999999818,-0.00801999999999925,0.00801999999999925,-0.004824371279243955,0.004824371279243955,0.012526652092798685,0.012526652092798685,0.09302369530838206,0.09302369530838206,0.012153074648423967,0.012153074648423967,0.005746000000001139,0.005746000000001139,-0.018847000000000946,0.018847000000000946,0.02452430952716611,0.02452430952716611,-0.029986766697324363,0.029986766697324363
2026-01-14,2026-02-25,4.211,4.2183,Ridge,4.233074498786933,4.211,4.21138,4.213843696226073,4.233074498786933,4.312323695308382,4.2276670390458815,4.224948000000001,4.201772999999999,4.242031302719864,4.1875515845993885,0.01477449878693271,0.01477449878693271,-0.007299999999999862,0.007299999999999862,-0.006920000000000037,0.006920000000000037,-0.004456303773927139,0.004456303773927139,0.01477449878693271,0.01477449878693271,0.0940236953083815,0.0940236953083815,0.00936703904588132,0.00936703904588132,0.0066480000000010975,0.0066480000000010975,-0.016527000000000847,0.016527000000000847,0.02373130271986401,0.02373130271986401,-0.030748415400611684,0.030748415400611684
2026-01-15,2026-02-26,4.2068,4.2224,Ridge,4.2303314983914655,4.2068,4.21036,4.212563024184968,4.2303314983914655,4.312323695308382,4.206546047808151,4.222032000000001,4.196606,4.230901328869482,4.188790750200057,0.00793149839146512,0.00793149839146512,-0.015600000000000058,0.015600000000000058,-0.012040000000000717,0.012040000000000717,-0.00983697581503229,0.00983697581503229,0.00793149839146512,0.00793149839146512,0.08992369530838129,0.08992369530838129,-0.015853952191849707,0.015853952191849707,-0.00036799999999903577,0.00036799999999903577,-0.025794000000000317,0.025794000000000317,0.008501328869481739,0.008501328869481739,-0.03360924979994362,0.03360924979994362
2026-01-16,2026-02-27,4.2192,4.2233,Ridge,4.237670939588755,4.2192,4.21166,4.213769747060429,4.237670939588755,4.312323695308382,4.326652825443201,4.216922,4.200012000000001,4.231043658816803,4.205386882627092,0.014370939588754794,0.014370939588754794,-0.004100000000000215,0.004100000000000215,-0.011639999999999873,0.011639999999999873,-0.009530252939571326,0.009530252939571326,0.014370939588754794,0.014370939588754794,0.08902369530838161,0.08902369530838161,0.10335282544320101,0.10335282544320101,-0.006377999999999773,0.006377999999999773,-0.023287999999999087,0.023287999999999087,0.007743658816803389,0.007743658816803389,-0.017913117372907905,0.017913117372907905
2026-01-19,2026-03-02,4.2231,4.2304,Ridge,4.239620849132447,4.2231,4.21434,4.215466156685805,4.239620849132447,4.312323695308382,4.316779060365757,4.226956,4.211412999999999,4.229629793280469,4.212154167458382,0.009220849132447029,0.009220849132447029,-0.00730000000000075,0.00730000000000075,-0.016060000000000407,0.016060000000000407,-0.01493384331419545,0.01493384331419545,0.009220849132447029,0.009220849132447029,0.08192369530838128,0.08192369530838128,0.08637906036575682,0.08637906036575682,-0.0034440000000000026,0.0034440000000000026,-0.018987000000000975,0.018987000000000975,-0.0007702067195314299,0.0007702067195314299,-0.018245832541618157,0.018245832541618157
2026-01-20,2026-03-03,4.2279,4.2732,Ridge,4.24290468066831,4.2279,4.2176,4.217726855470204,4.24290468066831,4.312323695308382,4.369231307193681,4.235817999999998,4.2210730000000005,4.23404771896047,4.222437668649753,-0.03029531933168972,0.03029531933168972,-0.04530000000000012,0.04530000000000012,-0.055600000000000094,0.055600000000000094,-0.05547314452979624,0.05547314452979624,-0.03029531933168972,0.03029531933168972,0.039123695308381556,0.039123695308381556,0.09603130719368114,0.09603130719368114,-0.0373820000000018,0.0373820000000018,-0.05212699999999959,0.05212699999999959,-0.039152281039529946,0.039152281039529946,-0.050762331350247436,0.050762331350247436
2026-01-21,2026-03-04,4.2271,4.2685,Ridge,4.2441063806388275,4.2271,4.220820000000001,4.21943106356653,4.2441063806388275,4.312323695308382,4.391081586341746,4.238134,4.231365,4.2330578353213015,4.223526418776495,-0.024393619361172902,0.024393619361172902,-0.041400000000000325,0.041400000000000325,-0.04767999999999972,0.04767999999999972,-0.049068936433470434,0.049068936433470434,-0.024393619361172902,0.024393619361172902,0.04382369530838126,0.04382369530838126,0.12258158634174521,0.12258158634174521,-0.03036600000000078,0.03036600000000078,-0.03713500000000014,0.03713500000000014,-0.03544216467869887,0.03544216467869887,-0.04497358122350548,0.04497358122350548
2026-01-22,2026-03-05,4.2128,4.2739,Ridge,4.23112418305894,4.2128,4.22202,4.218225415645343,4.23112418305894,4.312323695308382,4.3203455956205525,4.2338189999999996,4.226501000000002,4.241241362800277,4.204032659880728,-0.04277581694106036,0.04277581694106036,-0.0611000000000006,0.0611000000000006,-0.05188000000000059,0.05188000000000059,-0.055674584354656886,0.055674584354656886,-0.04277581694106036,0.04277581694106036,0.03842369530838141,0.03842369530838141,0.04644559562055228,0.04644559562055228,-0.0400810000000007,0.0400810000000007,-0.04739899999999864,0.04739899999999864,-0.03265863719972284,0.03265863719972284,-0.06986734011927265,0.06986734011927265
2026-01-23,2026-03-06,4.205,4.2782,Ridge,4.2215038986589155,4.205,4.21918,4.215820794618916,4.2215038986589155,4.312323695308382,4.326919278159649,4.231876999999999,4.226093000000002,4.225218158815485,4.189845175759858,-0.05669610134108449,0.05669610134108449,-0.07319999999999993,0.07319999999999993,-0.059020000000000294,0.059020000000000294,-0.06237920538108366,0.06237920538108366,-0.05669610134108449,0.05669610134108449,0.03412369530838166,0.03412369530838166,0.04871927815964927,0.04871927815964927,-0.046323000000001,0.046323000000001,-0.05210699999999768,0.05210699999999768,-0.05298184118451488,0.05298184118451488,-0.08835482424014174,0.08835482424014174
2026-01-26,2026-03-09,4.2118,4.2836,Ridge,4.228536245632108,4.2118,4.21692,4.21508974105184,4.228536245632108,4.312323695308382,4.278183179203045,4.2322929999999985,4.223186,4.237627032001076,4.196780276371026,-0.05506375436789224,0.05506375436789224,-0.07179999999999964,0.07179999999999964,-0.06667999999999985,0.06667999999999985,-0.06851025894815965,0.06851025894815965,-0.05506375436789224,0.05506375436789224,0.028723695308381814,0.028723695308381814,-0.005416820796955157,0.005416820796955157,-0.051307000000001324,0.051307000000001324,-0.060413999999999746,0.060413999999999746,-0.045972967998923586,0.045972967998923586,-0.08681972362897383,0.08681972362897383
2026-01-27,2026-03-10,4.2032,4.2555,Ridge,4.22150716308928,4.2032,4.2119800000000005,4.212927969951505,4.22150716308928,4.312323695308382,4.316425222349875,4.230195999999999,4.213961000000001,4.227810472273429,4.184790773787269,-0.03399283691071986,0.03399283691071986,-0.05229999999999979,0.05229999999999979,-0.043519999999999115,0.043519999999999115,-0.04257203004849419,0.04257203004849419,-0.03399283691071986,0.03399283691071986,0.05682369530838205,0.05682369530838205,0.06092522234987552,0.06092522234987552,-0.025304000000000215,0.025304000000000215,-0.04153899999999844,0.04153899999999844,-0.027689527726570518,0.027689527726570518,-0.07070922621273024,0.07070922621273024
2026-01-28,2026-03-11,4.2009,4.274,Ridge,4.222170018596139,4.2009,4.206739999999999,4.210741066323958,4.222170018596139,4.312323695308382,4.303503858689037,4.225207,4.207035,4.221591501039129,4.173640892235327,-0.05182998140386097,0.05182998140386097,-0.07310000000000016,0.07310000000000016,-0.06726000000000099,0.06726000000000099,-0.06325893367604163,0.06325893367604163,-0.05182998140386097,0.05182998140386097,0.038323695308381645,0.038323695308381645,0.029503858689037266,0.029503858689037266,-0.048792999999999864,0.048792999999999864,-0.06696499999999972,0.06696499999999972,-0.05240849896087063,0.05240849896087063,-0.10035910776467283,0.10035910776467283
2026-01-29,2026-03-12,4.2072,4.2629,Ridge,4.231815080812928,4.2072,4.205620000000001,4.210097236083239,4.231815080812928,4.312323695308382,4.301950232876257,4.227425,4.208409,4.235881979983639,4.181013663726992,-0.031084919187072124,0.031084919187072124,-0.05569999999999986,0.05569999999999986,-0.057279999999999553,0.057279999999999553,-0.05280276391676075,0.05280276391676075,-0.031084919187072124,0.031084919187072124,0.04942369530838153,0.04942369530838153,0.03905023287625653,0.03905023287625653,-0.03547499999999992,0.03547499999999992,-0.05449100000000051,0.05449100000000051,-0.027018020016361,0.027018020016361,-0.08188633627300845,0.08188633627300845
2026-01-30,2026-03-13,4.2131,4.2693,Ridge,4.235956916619954,4.2131,4.2072400000000005,4.210643193159013,4.235956916619954,4.312323695308382,4.331596749817926,4.225210999999999,4.210832999999997,4.2423174418453815,4.188743662808013,-0.03334308338004632,0.03334308338004632,-0.05620000000000047,0.05620000000000047,-0.06205999999999978,0.06205999999999978,-0.05865680684098695,0.05865680684098695,-0.03334308338004632,0.03334308338004632,0.04302369530838135,0.04302369530838135,0.06229674981792588,0.06229674981792588,-0.04408900000000138,0.04408900000000138,-0.05846700000000293,0.05846700000000293,-0.026982558154618808,0.026982558154618808,-0.08055633719198774,0.08055633719198774
2026-02-02,2026-03-16,4.2106,4.2694,Ridge,4.233845813727359,4.2106,4.206999999999999,4.210635339857374,4.233845813727359,4.312323695308382,4.261900733468988,4.224412999999999,4.205246999999999,4.263021882700023,4.185391591349446,-0.035554186272641175,0.035554186272641175,-0.05879999999999974,0.05879999999999974,-0.06240000000000112,0.06240000000000112,-0.058764660142625935,0.058764660142625935,-0.035554186272641175,0.035554186272641175,0.04292369530838158,0.04292369530838158,-0.007499266531012516,0.007499266531012516,-0.044987000000000776,0.044987000000000776,-0.06415300000000101,0.06415300000000101,-0.006378117299977504,0.006378117299977504,-0.08400840865055414,0.08400840865055414
2026-02-03,2026-03-17,4.2198,4.2666,Ridge,4.240348816549541,4.2198,4.21032,4.212301641701488,4.240348816549541,4.312323695308382,4.31933814890365,4.224907999999999,4.205590999999999,4.266375416125246,4.197670240498945,-0.026251183450459514,0.026251183450459514,-0.046800000000000175,0.046800000000000175,-0.05628000000000011,0.05628000000000011,-0.05429835829851282,0.05429835829851282,-0.026251183450459514,0.026251183450459514,0.045723695308381274,0.045723695308381274,0.05273814890365003,0.05273814890365003,-0.04169200000000117,0.04169200000000117,-0.0610090000000012,0.0610090000000012,-0.0002245838747541029,0.0002245838747541029,-0.06892975950105562,0.06892975950105562
2026-02-04,2026-03-18,4.2241,4.2613,Ridge,4.246120382049533,4.2241,4.2149600000000005,4.2144467977557625,4.246120382049533,4.312323695308382,4.362258443155619,4.224906000000001,4.212960000000001,4.266117839055463,4.20994746122706,-0.015179617950467517,0.015179617950467517,-0.037200000000000344,0.037200000000000344,-0.046339999999999826,0.046339999999999826,-0.046853202244237835,0.046853202244237835,-0.015179617950467517,0.015179617950467517,0.051023695308381356,0.051023695308381356,0.1009584431556183,0.1009584431556183,-0.03639399999999959,0.03639399999999959,-0.048339999999999606,0.048339999999999606,0.004817839055462514,0.004817839055462514,-0.05135253877294055,0.05135253877294055
2026-02-05,2026-03-19,4.2175,4.2782,Ridge,4.240652931247352,4.2175,4.217020000000001,4.215001925436533,4.240652931247352,4.312323695308382,4.296890176264104,4.226411,4.210097999999999,4.26011699595045,4.208648411272397,-0.037547068752648016,0.037547068752648016,-0.060699999999999754,0.060699999999999754,-0.061179999999999346,0.061179999999999346,-0.06319807456346727,0.06319807456346727,-0.037547068752648016,0.037547068752648016,0.03412369530838166,0.03412369530838166,0.018690176264104075,0.018690176264104075,-0.05178900000000031,0.05178900000000031,-0.06810200000000144,0.06810200000000144,-0.018083004049549878,0.018083004049549878,-0.06955158872760325,0.06955158872760325
2026-02-06,2026-03-20,4.2155,4.2768,Ridge,4.233563717234713,4.2155,4.2175,4.215092484448072,4.233563717234713,4.312323695308382,4.257023175233299,4.226548999999999,4.222821000000001,4.246441760212752,4.207388747215309,-0.043236282765287015,0.043236282765287015,-0.06130000000000013,0.06130000000000013,-0.059299999999999464,0.059299999999999464,-0.06170751555192755,0.06170751555192755,-0.043236282765287015,0.043236282765287015,0.03552369530838195,0.03552369530838195,-0.019776824766700507,0.019776824766700507,-0.050251000000001156,0.050251000000001156,-0.05397899999999911,0.05397899999999911,-0.0303582397872475,0.0303582397872475,-0.06941125278469062,0.06941125278469062
2026-02-09,2026-03-23,4.2142,4.2867,Ridge,4.230812433717812,4.2142,4.21822,4.214930214548422,4.230812433717812,4.312323695308382,4.264429932683739,4.227648999999999,4.225857000000001,4.239858873443014,4.205847821062379,-0.055887566282187606,0.055887566282187606,-0.07249999999999979,0.07249999999999979,-0.0684800000000001,0.0684800000000001,-0.0717697854515773,0.0717697854515773,-0.055887566282187606,0.055887566282187606,0.025623695308381933,0.025623695308381933,-0.0222700673162608,0.0222700673162608,-0.059051000000001075,0.059051000000001075,-0.060842999999998426,0.060842999999998426,-0.04684112655698591,0.04684112655698591,-0.08085217893762042,0.08085217893762042
2026-02-10,2026-03-24,4.2148,4.2728,Ridge,4.2307015299680035,4.2148,4.217219999999999,4.214906539175982,4.2307015299680035,4.312323695308382,4.304231183499058,4.227468999999999,4.225097000000001,4.230609216890606,4.207446667868197,-0.042098470031996627,0.042098470031996627,-0.05799999999999983,0.05799999999999983,-0.05558000000000085,0.05558000000000085,-0.05789346082401803,0.05789346082401803,-0.042098470031996627,0.042098470031996627,0.03952369530838151,0.03952369530838151,0.03143118349905816,0.03143118349905816,-0.0453310000000009,0.0453310000000009,-0.047702999999999385,0.047702999999999385,-0.04219078310939395,0.04219078310939395,-0.06535333213180294,0.06535333213180294
2026-02-11,2026-03-25,4.2174,4.2692,Ridge,4.233706159842168,4.2174,4.21588,4.21535989568944,4.233706159842168,4.312323695308382,4.322508806959659,4.233628999999999,4.217884999999999,4.234604926219135,4.212912007755467,-0.03549384015783197,0.03549384015783197,-0.05180000000000007,0.05180000000000007,-0.05331999999999937,0.05331999999999937,-0.05384010431055941,0.05384010431055941,-0.03549384015783197,0.03549384015783197,0.043123695308382004,0.043123695308382004,0.05330880695965945,0.05330880695965945,-0.03557100000000091,0.03557100000000091,-0.051315000000000666,0.051315000000000666,-0.03459507378086446,0.03459507378086446,-0.05628799224453296,0.05628799224453296
2026-02-12,2026-03-26,4.2131,4.271,Ridge,4.231743523541181,4.2131,4.214999999999999,4.214949005564088,4.231743523541181,4.312323695308382,4.250392303473229,4.229868999999999,4.218784,4.241481401586365,4.204899133207218,-0.03925647645881902,0.03925647645881902,-0.05790000000000006,0.05790000000000006,-0.05600000000000094,0.05600000000000094,-0.056050994435912216,0.056050994435912216,-0.03925647645881902,0.03925647645881902,0.04132369530838176,0.04132369530838176,-0.020607696526770525,0.020607696526770525,-0.04113100000000092,0.04113100000000092,-0.052215999999999596,0.052215999999999596,-0.029518598413634578,0.029518598413634578,-0.06610086679278204,0.06610086679278204
2026-02-13,2026-03-27,4.214,4.2858,Ridge,4.2310622751900135,4.214,4.2147,4.21477645909789,4.2310622751900135,4.312323695308382,4.20421323163331,4.2322299999999995,4.223027,4.245012415043053,4.199663001099787,-0.05473772480998651,0.05473772480998651,-0.07179999999999964,0.07179999999999964,-0.07110000000000039,0.07110000000000039,-0.07102354090211005,0.07102354090211005,-0.05473772480998651,0.05473772480998651,0.026523695308381612,0.026523695308381612,-0.08158676836668999,0.08158676836668999,-0.05357000000000056,0.05357000000000056,-0.06277299999999997,0.06277299999999997,-0.04078758495694679,0.04078758495694679,-0.08613699890021298,0.08613699890021298
2026-02-16,2026-03-30,4.208,4.2832,Ridge,4.228923602235437,4.208,4.21346,4.213544375625546,4.228923602235437,4.312323695308382,4.255128438323853,4.230675,4.210225,4.243929683796217,4.195471178540311,-0.05427639776456328,0.05427639776456328,-0.07519999999999971,0.07519999999999971,-0.06973999999999947,0.06973999999999947,-0.0696556243744535,0.0696556243744535,-0.05427639776456328,0.05427639776456328,0.02912369530838177,0.02912369530838177,-0.028071561676147105,0.028071561676147105,-0.052525000000000155,0.052525000000000155,-0.07297499999999957,0.07297499999999957,-0.039270316203783295,0.039270316203783295,-0.08772882145968897,0.08772882145968897
2026-02-17,2026-03-31,4.2182,4.2894,Ridge,4.238697688950987,4.2182,4.21414,4.214390852784538,4.238697688950987,4.312323695308382,4.301924084611312,4.227880000000001,4.216630999999999,4.237822287763568,4.200937241302861,-0.05070231104901257,0.05070231104901257,-0.07119999999999926,0.07119999999999926,-0.07525999999999922,0.07525999999999922,-0.0750091472154617,0.0750091472154617,-0.05070231104901257,0.05070231104901257,0.02292369530838201,0.02292369530838201,0.012524084611312603,0.012524084611312603,-0.06151999999999891,0.06151999999999891,-0.07276900000000097,0.07276900000000097,-0.051577712236431594,0.051577712236431594,-0.08846275869713871,0.08846275869713871
2026-02-18,2026-04-01,4.2148,4.2874,Ridge,4.24065361090008,4.2148,4.213620000000001,4.214465243187349,4.24065361090008,4.312323695308382,4.345230777101569,4.2337950000000015,4.224583000000001,4.24281461908546,4.204111325354827,-0.046746389099920016,0.046746389099920016,-0.07259999999999955,0.07259999999999955,-0.07377999999999929,0.07377999999999929,-0.07293475681265082,0.07293475681265082,-0.046746389099920016,0.046746389099920016,0.024923695308381788,0.024923695308381788,0.05783077710156892,0.05783077710156892,-0.05360499999999835,0.05360499999999835,-0.06281699999999901,0.06281699999999901,-0.04458538091453956,0.04458538091453956,-0.08328867464517309,0.08328867464517309
2026-02-19,2026-04-02,4.222,4.2869,Ridge,4.247956201432183,4.222,4.215400000000001,4.215835198971467,4.247956201432183,4.312323695308382,4.294180356244717,4.235567,4.221650999999998,4.251462238674429,4.215779738425919,-0.038943798567816934,0.038943798567816934,-0.06489999999999974,0.06489999999999974,-0.07149999999999945,0.07149999999999945,-0.07106480102853308,0.07106480102853308,-0.038943798567816934,0.038943798567816934,0.02542369530838151,0.02542369530838151,0.007280356244717012,0.007280356244717012,-0.05133300000000052,0.05133300000000052,-0.06524900000000233,0.06524900000000233,-0.035437761325571415,0.035437761325571415,-0.07112026157408113,0.07112026157408113
2026-02-20,2026-04-03,4.2241,4.2776,Ridge,4.24469903558198,4.2241,4.21742,4.217337890067563,4.24469903558198,4.312323695308382,4.29643386177644,4.2406500000000005,4.234404000000001,4.252139959042654,4.221355069087355,-0.03290096441801982,0.03290096441801982,-0.05349999999999966,0.05349999999999966,-0.0601799999999999,0.0601799999999999,-0.0602621099324363,0.0602621099324363,-0.03290096441801982,0.03290096441801982,0.03472369530838204,0.03472369530838204,0.018833861776440308,0.018833861776440308,-0.03694999999999915,0.03694999999999915,-0.043195999999998236,0.043195999999998236,-0.025460040957345775,0.025460040957345775,-0.056244930912644264,0.056244930912644264
2026-02-23,2026-04-07,4.2173,4.2694,Ridge,4.240763976007363,4.2173,4.21928,4.21733100096437,4.240763976007363,4.312323695308382,4.325362378484493,4.237769000000001,4.232647000000001,4.254298754318061,4.211946951153486,-0.028636023992636872,0.028636023992636872,-0.05210000000000026,0.05210000000000026,-0.05011999999999972,0.05011999999999972,-0.05206899903563045,0.05206899903563045,-0.028636023992636872,0.028636023992636872,0.04292369530838158,0.04292369530838158,0.0559623784844927,0.0559623784844927,-0.031630999999999077,0.031630999999999077,-0.03675299999999915,0.03675299999999915,-0.015101245681939268,0.015101245681939268,-0.05745304884651414,0.05745304884651414
2026-02-24,2026-04-08,4.2193,4.2623,Ridge,4.241309845734256,4.2193,4.2195,4.217689000789029,4.241309845734256,4.312323695308382,4.366387031399325,4.241937999999999,4.239275000000001,4.255615968272195,4.211936231660702,-0.020990154265743577,0.020990154265743577,-0.04300000000000015,0.04300000000000015,-0.04279999999999973,0.04279999999999973,-0.04461099921097045,0.04461099921097045,-0.020990154265743577,0.020990154265743577,0.05002369530838191,0.05002369530838191,0.10408703139932562,0.10408703139932562,-0.020362000000000435,0.020362000000000435,-0.02302499999999874,0.02302499999999874,-0.006684031727805184,0.006684031727805184,-0.0503637683392979,0.0503637683392979
2026-02-25,2026-04-09,4.2183,4.261,Ridge,4.241236387966207,4.2183,4.2202,4.21780009155466,4.241236387966207,4.312323695308382,4.419322905181735,4.242147,4.242832,4.259121198808737,4.212439732461327,-0.019763612033792732,0.019763612033792732,-0.04269999999999996,0.04269999999999996,-0.04079999999999995,0.04079999999999995,-0.04319990844533983,0.04319990844533983,-0.019763612033792732,0.019763612033792732,0.051323695308381545,0.051323695308381545,0.15832290518173497,0.15832290518173497,-0.01885300000000001,0.01885300000000001,-0.018168000000000184,0.018168000000000184,-0.0018788011912631575,0.0018788011912631575,-0.04856026753867315,0.04856026753867315
2026-02-26,2026-04-10,4.2224,4.2534,Ridge,4.244239009513456,4.2224,4.22028,4.218636438544722,4.244239009513456,4.312323695308382,4.266884105290074,4.245063,4.239654,4.260777994046722,4.214145706637446,-0.009160990486543952,0.009160990486543952,-0.030999999999999694,0.030999999999999694,-0.03312000000000026,0.03312000000000026,-0.0347635614552777,0.0347635614552777,-0.009160990486543952,0.009160990486543952,0.058923695308381596,0.058923695308381596,0.0134841052900736,0.0134841052900736,-0.008337000000000039,0.008337000000000039,-0.013746000000000258,0.013746000000000258,0.007377994046722236,0.007377994046722236,-0.03925429336255437,0.03925429336255437
2026-02-27,2026-04-13,4.2233,4.2507,Ridge,4.2430136520865505,4.2233,4.22012,4.219484358809318,4.2430136520865505,4.312323695308382,4.3001742308517255,4.246559000000001,4.242262,4.251123968772764,4.218022350027433,-0.007686347913449687,0.007686347913449687,-0.02740000000000009,0.02740000000000009,-0.030580000000000496,0.030580000000000496,-0.03121564119068232,0.03121564119068232,-0.007686347913449687,0.007686347913449687,0.06162369530838152,0.06162369530838152,0.04947423085172531,0.04947423085172531,-0.00414099999999884,0.00414099999999884,-0.008437999999999946,0.008437999999999946,0.0004239687727638497,0.0004239687727638497,-0.03267764997256695,0.03267764997256695
2026-03-02,2026-04-14,4.2304,4.2436,Ridge,4.250118667026706,4.2304,4.22274,4.221469020843987,4.250118667026706,4.312323695308382,4.257218206167212,4.242960999999999,4.240485000000001,4.246868086254953,4.23014594841865,0.006518667026706559,0.006518667026706559,-0.013199999999999434,0.013199999999999434,-0.02085999999999988,0.02085999999999988,-0.02213097915601292,0.02213097915601292,0.006518667026706559,0.006518667026706559,0.06872369530838185,0.06872369530838185,0.013618206167212321,0.013618206167212321,-0.0006390000000005003,0.0006390000000005003,-0.0031149999999984246,0.0031149999999984246,0.0032680862549527845,0.0032680862549527845,-0.013454051581350157,0.013454051581350157
2026-03-03,2026-04-15,4.2732,4.237,Ridge,4.276960905885071,4.2732,4.23352,4.230874653417807,4.276960905885071,4.312323695308382,4.376001092939087,4.287801000000001,4.277498000000001,4.2753926044821,4.310542276737272,0.03996090588507073,0.03996090588507073,0.03620000000000001,0.03620000000000001,-0.0034799999999997056,0.0034799999999997056,-0.006125346582193103,0.006125346582193103,0.03996090588507073,0.03996090588507073,0.07532369530838157,0.07532369530838157,0.13900109293908702,0.13900109293908702,0.05080100000000076,0.05080100000000076,0.040498000000001255,0.040498000000001255,0.03839260448209991,0.03839260448209991,0.07354227673727198,0.07354227673727198
2026-03-04,2026-04-16,4.2685,4.2411,Ridge,4.273249782516462,4.2685,4.24356,4.23771562552366,4.273249782516462,4.312323695308382,4.501845813784429,4.298697,4.313762000000001,4.408805858160413,4.289221469951871,0.03214978251646183,0.03214978251646183,0.02740000000000009,0.02740000000000009,0.0024600000000001288,0.0024600000000001288,-0.003384374476340213,0.003384374476340213,0.03214978251646183,0.03214978251646183,0.07122369530838135,0.07122369530838135,0.2607458137844283,0.2607458137844283,0.057596999999999454,0.057596999999999454,0.07266200000000111,0.07266200000000111,0.16770585816041272,0.16770585816041272,0.04812146995187039,0.04812146995187039
2026-03-05,2026-04-17,4.2739,4.2355,Ridge,4.276632926357356,4.2739,4.25386,4.244294602701176,4.276632926357356,4.312323695308382,4.428734300307448,4.3180309999999995,4.316910999999999,4.406624715152261,4.299206639988783,0.041132926357356325,0.041132926357356325,0.03840000000000021,0.03840000000000021,0.018360000000000376,0.018360000000000376,0.008794602701176046,0.008794602701176046,0.041132926357356325,0.041132926357356325,0.07682369530838162,0.07682369530838162,0.1932343003074477,0.1932343003074477,0.08253099999999947,0.08253099999999947,0.08141099999999923,0.08141099999999923,0.1711247151522608,0.1711247151522608,0.06370663998878268,0.06370663998878268
2026-03-06,2026-04-20,4.2782,4.2346,Ridge,4.278941122975007,4.2782,4.26484,4.250459220391871,4.278941122975007,4.312323695308382,4.393256708242769,4.328995,4.334715,4.411661789229427,4.307660163854511,0.044341122975006364,0.044341122975006364,0.04359999999999964,0.04359999999999964,0.030240000000000045,0.030240000000000045,0.01585922039187082,0.01585922039187082,0.044341122975006364,0.044341122975006364,0.0777236953083813,0.0777236953083813,0.158656708242769,0.158656708242769,0.09439499999999956,0.09439499999999956,0.10011499999999973,0.10011499999999973,0.17706178922942684,0.17706178922942684,0.07306016385451031,0.07306016385451031
2026-03-09,2026-04-21,4.2836,4.232,Ridge,4.284376598633054,4.2836,4.27548,4.2564848166842575,4.284376598633054,4.312323695308382,4.433861792854224,4.337448,4.354156000000001,4.418962323898746,4.323323551744951,0.052376598633053995,0.052376598633053995,0.051599999999999646,0.051599999999999646,0.04347999999999974,0.04347999999999974,0.024484816684257282,0.024484816684257282,0.052376598633053995,0.052376598633053995,0.08032369530838146,0.08032369530838146,0.20186179285422412,0.20186179285422412,0.10544799999999999,0.10544799999999999,0.12215600000000038,0.12215600000000038,0.18696232389874545,0.18696232389874545,0.0913235517449511,0.0913235517449511
2026-03-10,2026-04-22,4.2555,4.2408,Ridge,4.2587759004106855,4.2555,4.27194,4.2563057591053015,4.2587759004106855,4.312323695308382,4.502680131939303,4.325100000000002,4.360569000000001,4.423204872758257,4.272147714436216,0.01797590041068542,0.01797590041068542,0.014699999999999491,0.014699999999999491,0.031139999999999723,0.031139999999999723,0.015505759105301387,0.015505759105301387,0.01797590041068542,0.01797590041068542,0.07152369530838154,0.07152369530838154,0.2618801319393027,0.2618801319393027,0.0843000000000016,0.0843000000000016,0.11976900000000068,0.11976900000000068,0.1824048727582568,0.1824048727582568,0.0313477144362162,0.0313477144362162
2026-03-11,2026-04-23,4.274,4.2501,Ridge,4.274530463010129,4.274,4.27304,4.259522893813428,4.274530463010129,4.312323695308382,4.410015397351384,4.34297,4.383041,4.434336290433809,4.299015245005504,0.02443046301012952,0.02443046301012952,0.023900000000000254,0.023900000000000254,0.022940000000000182,0.022940000000000182,0.009422893813428423,0.009422893813428423,0.02443046301012952,0.02443046301012952,0.0622236953083819,0.0622236953083819,0.1599153973513845,0.1599153973513845,0.09287000000000045,0.09287000000000045,0.13294100000000064,0.13294100000000064,0.18423629043380885,0.18423629043380885,0.04891524500550393,0.04891524500550393
2026-03-12,2026-04-24,4.2629,4.2428,Ridge,4.26438712963245,4.2629,4.27084,4.2601369131200775,4.26438712963245,4.312323695308382,4.495121716834266,4.345627,4.377551,4.451859784998767,4.287247061408727,0.02158712963244991,0.02158712963244991,0.02010000000000023,0.02010000000000023,0.028039999999999843,0.028039999999999843,0.01733691312007757,0.01733691312007757,0.02158712963244991,0.02158712963244991,0.06952369530838176,0.06952369530838176,0.25232171683426596,0.25232171683426596,0.10282700000000045,0.10282700000000045,0.1347510000000005,0.1347510000000005,0.2090597849987672,0.2090597849987672,0.044447061408726896,0.044447061408726896
2026-03-13,2026-04-27,4.2693,4.2445,Ridge,4.267049228453906,4.2693,4.2690600000000005,4.261802928916427,4.267049228453906,4.312323695308382,4.407656809930116,4.356667,4.381755999999999,4.468641554940294,4.294932428911649,0.02254922845390528,0.02254922845390528,0.024799999999999933,0.024799999999999933,0.024560000000000137,0.024560000000000137,0.017302928916426374,0.017302928916426374,0.02254922845390528,0.02254922845390528,0.06782369530838128,0.06782369530838128,0.16315680993011572,0.16315680993011572,0.11216699999999946,0.11216699999999946,0.13725599999999893,0.13725599999999893,0.2241415549402932,0.2241415549402932,0.05043242891164823,0.05043242891164823
2026-03-16,2026-04-28,4.2694,4.247,Ridge,4.270548057302573,4.2694,4.266220000000001,4.2631842145679855,4.270548057302573,4.312323695308382,4.3665597695525635,4.377252000000001,4.3910480000000005,4.470738019261395,4.302804246405895,0.023548057302573255,0.023548057302573255,0.022400000000000198,0.022400000000000198,0.01922000000000068,0.01922000000000068,0.016184214567985578,0.016184214567985578,0.023548057302573255,0.023548057302573255,0.06532369530838178,0.06532369530838178,0.11955976955256364,0.11955976955256364,0.13025200000000137,0.13025200000000137,0.14404800000000062,0.14404800000000062,0.22373801926139514,0.22373801926139514,0.055804246405894986,0.055804246405894986
2026-03-17,2026-04-29,4.2666,4.2537,Ridge,4.266439224392624,4.2666,4.26844,4.263805266464715,4.266439224392624,4.312323695308382,4.402888643713463,4.361187,4.378167000000002,4.430814773143522,4.297530627557303,0.012739224392623427,0.012739224392623427,0.012900000000000134,0.012900000000000134,0.014739999999999753,0.014739999999999753,0.010105266464714546,0.010105266464714546,0.012739224392623427,0.012739224392623427,0.05862369530838141,0.05862369530838141,0.14918864371346263,0.14918864371346263,0.10748699999999989,0.10748699999999989,0.12446700000000188,0.12446700000000188,0.1771147731435221,0.1771147731435221,0.043830627557302826,0.043830627557302826
2026-03-18,2026-04-30,4.2613,4.2589,Ridge,4.263621857500245,4.2613,4.2659,4.26334976347113,4.263621857500245,4.312323695308382,4.490305959561375,4.316533,4.37611,4.3902856022237415,4.288032506059836,0.004721857500245008,0.004721857500245008,0.002400000000000624,0.002400000000000624,0.007000000000000561,0.007000000000000561,0.004449763471130019,0.004449763471130019,0.004721857500245008,0.004721857500245008,0.05342369530838198,0.05342369530838198,0.23140595956137489,0.23140595956137489,0.057633000000000045,0.057633000000000045,0.11721000000000004,0.11721000000000004,0.13138560222374185,0.13138560222374185,0.029132506059836416,0.029132506059836416
2026-03-19,2026-05-04,4.2782,4.2544,Ridge,4.284899158725978,4.2782,4.268960000000001,4.266049806476379,4.284899158725978,4.312323695308382,4.3999745161848125,4.320456999999999,4.364012000000002,4.358740328101664,4.302268345029429,0.03049915872597797,0.03049915872597797,0.0237999999999996,0.0237999999999996,0.01456000000000035,0.01456000000000035,0.011649806476378366,0.011649806476378366,0.03049915872597797,0.03049915872597797,0.05792369530838126,0.05792369530838126,0.1455745161848121,0.1455745161848121,0.06605699999999892,0.06605699999999892,0.10961200000000115,0.10961200000000115,0.10434032810166372,0.10434032810166372,0.04786834502942838,0.04786834502942838
2026-03-20,2026-05-05,4.2768,4.2551,Ridge,4.2833787366268,4.2768,4.27046,4.268004387117037,4.2833787366268,4.312323695308382,4.377859580715348,4.3351310000000005,4.360286000000001,4.35260558905999,4.303419168019841,0.028278736626800693,0.028278736626800693,0.021700000000000053,0.021700000000000053,0.015360000000000262,0.015360000000000262,0.012904387117036897,0.012904387117036897,0.028278736626800693,0.028278736626800693,0.057223695308382005,0.057223695308382005,0.1227595807153481,0.1227595807153481,0.08003100000000085,0.08003100000000085,0.10518600000000156,0.10518600000000156,0.09750558905999007,0.09750558905999007,0.04831916801984093,0.04831916801984093
2026-03-23,2026-05-06,4.2867,4.2351,Ridge,4.292932312792138,4.2867,4.27392,4.271403589459394,4.292932312792138,4.312323695308382,4.302537927645849,4.3439260000000015,4.359577,4.398685295696082,4.314718984127972,0.057832312792138296,0.057832312792138296,0.051599999999999646,0.051599999999999646,0.0388200000000003,0.0388200000000003,0.03630358945939349,0.03630358945939349,0.057832312792138296,0.057832312792138296,0.07722369530838158,0.07722369530838158,0.067437927645849,0.067437927645849,0.10882600000000142,0.10882600000000142,0.12447699999999973,0.12447699999999973,0.16358529569608216,0.16358529569608216,0.07961898412797197,0.07961898412797197
2026-03-24,2026-05-07,4.2728,4.2286,Ridge,4.278791717304739,4.2728,4.27516,4.271657482284958,4.278791717304739,4.312323695308382,4.3722220469032935,4.348135999999999,4.363078,4.4347206310963125,4.300916608986602,0.050191717304739036,0.050191717304739036,0.04420000000000002,0.04420000000000002,0.04655999999999949,0.04655999999999949,0.04305748228495787,0.04305748228495787,0.050191717304739036,0.050191717304739036,0.08372369530838153,0.08372369530838153,0.1436220469032934,0.1436220469032934,0.1195359999999992,0.1195359999999992,0.13447799999999965,0.13447799999999965,0.2061206310963124,0.2061206310963124,0.0723166089866023,0.0723166089866023
2026-03-25,2026-05-08,4.2692,4.2284,Ridge,4.2755233998475335,4.2692,4.27674,4.271210667324056,4.2755233998475335,4.312323695308382,4.272058738146801,4.362036999999998,4.384838,4.429924123477662,4.300870936618706,0.047123399847533776,0.047123399847533776,0.04079999999999995,0.04079999999999995,0.048340000000000494,0.048340000000000494,0.042810667324056695,0.042810667324056695,0.047123399847533776,0.047123399847533776,0.08392369530838195,0.08392369530838195,0.04365873814680121,0.04365873814680121,0.13363699999999845,0.13363699999999845,0.15643800000000052,0.15643800000000052,0.2015241234776619,0.2015241234776619,0.07247093661870618,0.07247093661870618
2026-03-26,2026-05-11,4.271,4.2386,Ridge,4.27873093878656,4.271,4.2753,4.271172364174228,4.27873093878656,4.312323695308382,4.361444274434559,4.357530000000002,4.370441999999999,4.431808601109238,4.302363517312118,0.040130938786560044,0.040130938786560044,0.032399999999999984,0.032399999999999984,0.03669999999999973,0.03669999999999973,0.03257236417422771,0.03257236417422771,0.040130938786560044,0.040130938786560044,0.07372369530838174,0.07372369530838174,0.12284427443455925,0.12284427443455925,0.11893000000000242,0.11893000000000242,0.1318419999999989,0.1318419999999989,0.1932086011092382,0.1932086011092382,0.06376351731211827,0.06376351731211827
2026-03-27,2026-05-12,4.2858,4.2478,Ridge,4.287864889163951,4.2858,4.2771,4.273831934324368,4.287864889163951,4.312323695308382,4.367771303249005,4.3512129999999996,4.366990999999999,4.430604597601231,4.32364515216077,0.040064889163951456,0.040064889163951456,0.038000000000000256,0.038000000000000256,0.029300000000000104,0.029300000000000104,0.02603193432436779,0.02603193432436779,0.040064889163951456,0.040064889163951456,0.06452369530838187,0.06452369530838187,0.11997130324900507,0.11997130324900507,0.10341299999999976,0.10341299999999976,0.11919099999999894,0.11919099999999894,0.18280459760123158,0.18280459760123158,0.07584515216077037,0.07584515216077037
2026-03-30,2026-05-13,4.2832,4.2524,Ridge,4.288880857443786,4.2832,4.276400000000001,4.2755352189926645,4.288880857443786,4.312323695308382,4.285420788113057,4.360953,4.375983999999999,4.432842402924464,4.322485392884351,0.03648085744378626,0.03648085744378626,0.03080000000000016,0.03080000000000016,0.02400000000000091,0.02400000000000091,0.023135218992664797,0.023135218992664797,0.03648085744378626,0.03648085744378626,0.05992369530838193,0.05992369530838193,0.03302078811305709,0.03302078811305709,0.10855300000000057,0.10855300000000057,0.12358399999999925,0.12358399999999925,0.18044240292446467,0.18044240292446467,0.07008539288435145,0.07008539288435145
2026-03-31,2026-05-14,4.2894,4.2401,Ridge,4.290631031420967,4.2894,4.27972,4.278056088266725,4.290631031420967,4.312323695308382,4.327151821468749,4.364865,4.382677999999999,4.431834186935472,4.331452488489627,0.0505310314209666,0.0505310314209666,0.04929999999999968,0.04929999999999968,0.03962000000000021,0.03962000000000021,0.03795608826672492,0.03795608826672492,0.0505310314209666,0.0505310314209666,0.07222369530838169,0.07222369530838169,0.08705182146874879,0.08705182146874879,0.12476500000000001,0.12476500000000001,0.14257799999999943,0.14257799999999943,0.19173418693547184,0.19173418693547184,0.09135248848962707,0.09135248848962707
2026-04-01,2026-05-15,4.2874,4.2489,Ridge,4.291016318312743,4.2874,4.28336,4.2797549813091385,4.291016318312743,4.312323695308382,4.254250440049588,4.368956000000001,4.3707530000000006,4.406197607318006,4.327158685658556,0.04211631831274332,0.04211631831274332,0.03849999999999998,0.03849999999999998,0.03446000000000016,0.03446000000000016,0.03085498130913855,0.03085498130913855,0.04211631831274332,0.04211631831274332,0.06342369530838177,0.06342369530838177,0.005350440049587846,0.005350440049587846,0.12005600000000083,0.12005600000000083,0.12185300000000066,0.12185300000000066,0.15729760731800635,0.15729760731800635,0.07825868565855654,0.07825868565855654
2026-04-02,2026-05-18,4.2869,4.2434,Ridge,4.291531244652243,4.2869,4.2865400000000005,4.281054075616568,4.291531244652243,4.312323695308382,4.350538656164809,4.363726999999998,4.363952,4.414872509779073,4.326539568876473,0.048131244652243055,0.048131244652243055,0.04349999999999987,0.04349999999999987,0.04314000000000018,0.04314000000000018,0.03765407561656797,0.03765407561656797,0.048131244652243055,0.048131244652243055,0.06892369530838138,0.06892369530838138,0.10713865616480867,0.10713865616480867,0.12032699999999785,0.12032699999999785,0.12055199999999999,0.12055199999999999,0.1714725097790728,0.1714725097790728,0.08313956887647311,0.08313956887647311
2026-04-03,2026-05-19,4.2776,4.2389,Ridge,4.285570766705279,4.2776,4.2849,4.280426061868101,4.285570766705279,4.312323695308382,4.351827884861698,4.365603,4.359807,4.415659430756192,4.315079381849979,0.04667076670527859,0.04667076670527859,0.03869999999999951,0.03869999999999951,0.04600000000000026,0.04600000000000026,0.04152606186810104,0.04152606186810104,0.04667076670527859,0.04667076670527859,0.07342369530838155,0.07342369530838155,0.11292788486169769,0.11292788486169769,0.126703,0.126703,0.12090699999999988,0.12090699999999988,0.17675943075619216,0.17675943075619216,0.07617938184997897,0.07617938184997897
2026-04-07,2026-05-20,4.2694,4.2546,Ridge,4.277646217162084,4.2694,4.28214,4.278421323346628,4.277646217162084,4.312323695308382,4.28148775985803,4.364241999999999,4.360806000000001,4.415010116743052,4.302281362856033,0.02304621716208377,0.02304621716208377,0.014800000000000146,0.014800000000000146,0.02754000000000012,0.02754000000000012,0.023821323346628454,0.023821323346628454,0.02304621716208377,0.02304621716208377,0.05772369530838173,0.05772369530838173,0.026887759858030158,0.026887759858030158,0.10964199999999913,0.10964199999999913,0.10620600000000113,0.10620600000000113,0.16041011674305228,0.16041011674305228,0.04768136285603308,0.04768136285603308
2026-04-08,2026-05-21,4.2623,4.246,Ridge,4.27378430893242,4.2623,4.276719999999999,4.275490173647241,4.27378430893242,4.312323695308382,4.305171923525083,4.364146000000001,4.359776,4.41175876015836,4.286173169731524,0.027784308932419677,0.027784308932419677,0.016299999999999315,0.016299999999999315,0.03071999999999875,0.03071999999999875,0.029490173647240603,0.029490173647240603,0.027784308932419677,0.027784308932419677,0.06632369530838123,0.06632369530838123,0.05917192352508227,0.05917192352508227,0.1181460000000003,0.1181460000000003,0.11377599999999966,0.11377599999999966,0.16575876015835966,0.16575876015835966,0.040173169731523295,0.040173169731523295
2026-04-09,2026-05-22,4.261,4.2453,Ridge,4.2703969878481685,4.261,4.27144,4.27285559662047,4.2703969878481685,4.312323695308382,4.314412982816161,4.365499000000001,4.348730000000001,4.403569164141207,4.2787706390370275,0.025096987848168162,0.025096987848168162,0.015699999999999825,0.015699999999999825,0.02613999999999983,0.02613999999999983,0.027555596620469913,0.027555596620469913,0.025096987848168162,0.025096987848168162,0.06702369530838137,0.06702369530838137,0.06911298281616052,0.06911298281616052,0.12019900000000039,0.12019900000000039,0.10343000000000035,0.10343000000000035,0.15826916414120706,0.15826916414120706,0.03347063903702718,0.03347063903702718
2026-04-10,2026-05-25,4.2534,4.2352,Ridge,4.263869849472883,4.2534,4.264740000000001,4.269318215416748,4.263869849472883,4.312323695308382,4.258554980875588,4.350837,4.337732000000002,4.399496182159357,4.268668231180695,0.02866984947288298,0.02866984947288298,0.018200000000000216,0.018200000000000216,0.029540000000000788,0.029540000000000788,0.034118215416747866,0.034118215416747866,0.02866984947288298,0.02866984947288298,0.07712369530838181,0.07712369530838181,0.023354980875588183,0.023354980875588183,0.11563700000000043,0.11563700000000043,0.10253200000000184,0.10253200000000184,0.16429618215935715,0.16429618215935715,0.033468231180695085,0.033468231180695085
2026-04-13,2026-05-26,4.2507,4.2352,Ridge,4.262551962690673,4.2507,4.25936,4.265933085340976,4.262551962690673,4.312323695308382,4.216314614058965,4.351822,4.333558999999999,4.390024340128403,4.261221081210867,0.027351962690673304,0.027351962690673304,0.015500000000000291,0.015500000000000291,0.02416000000000018,0.02416000000000018,0.03073308534097574,0.03073308534097574,0.027351962690673304,0.027351962690673304,0.07712369530838181,0.07712369530838181,-0.018885385941034727,0.018885385941034727,0.11662200000000045,0.11662200000000045,0.09835899999999942,0.09835899999999942,0.1548243401284033,0.1548243401284033,0.026021081210867436,0.026021081210867436
2026-04-14,2026-05-27,4.2436,4.2393,Ridge,4.254657418601783,4.2436,4.2542,4.261872524369889,4.254657418601783,4.312323695308382,4.214212472151795,4.348673,4.331125000000001,4.391725043104174,4.261685919540977,0.015357418601783301,0.015357418601783301,0.0042999999999997485,0.0042999999999997485,0.014899999999999913,0.014899999999999913,0.022572524369889102,0.022572524369889102,0.015357418601783301,0.015357418601783301,0.0730236953083816,0.0730236953083816,-0.025087527848205227,0.025087527848205227,0.10937299999999972,0.10937299999999972,0.09182500000000093,0.09182500000000093,0.1524250431041736,0.1524250431041736,0.022385919540976573,0.022385919540976573
2026-04-15,2026-05-28,4.237,4.2355,Ridge,4.249218309440866,4.237,4.24914,4.257350247211727,4.249218309440866,4.312323695308382,4.35018626174601,4.288632999999999,4.305155,4.392566733425026,4.2542479562801265,0.013718309440865717,0.013718309440865717,0.0015000000000000568,0.0015000000000000568,0.013639999999999652,0.013639999999999652,0.021850247211727236,0.021850247211727236,0.013718309440865717,0.013718309440865717,0.07682369530838162,0.07682369530838162,0.1146862617460096,0.1146862617460096,0.05313299999999899,0.05313299999999899,0.06965500000000002,0.06965500000000002,0.15706673342502597,0.15706673342502597,0.018747956280126488,0.018747956280126488
2026-04-16,2026-05-29,4.2411,4.2322,Ridge,4.250353572737534,4.2411,4.24516,4.254395656809595,4.250353572737534,4.312323695308382,4.310897605663915,4.320841000000002,4.293247,4.368047311868172,4.257943570883788,0.018153572737534596,0.018153572737534596,0.008900000000000574,0.008900000000000574,0.012960000000000527,0.012960000000000527,0.02219565680959512,0.02219565680959512,0.018153572737534596,0.018153572737534596,0.08012369530838193,0.08012369530838193,0.07869760566391548,0.07869760566391548,0.08864100000000263,0.08864100000000263,0.061047000000000295,0.061047000000000295,0.13584731186817223,0.13584731186817223,0.025743570883788536,0.025743570883788536
2026-04-17,2026-06-01,4.2355,4.2341,Ridge,4.248076625459349,4.2355,4.241580000000001,4.250960082844214,4.248076625459349,4.312323695308382,4.218254187743558,4.254952,4.263258999999999,4.266190721668991,4.251817475428776,0.013976625459349634,0.013976625459349634,0.00140000000000029,0.00140000000000029,0.007480000000001041,0.007480000000001041,0.016860082844214475,0.016860082844214475,0.013976625459349634,0.013976625459349634,0.07822369530838191,0.07822369530838191,-0.015845812256441327,0.015845812256441327,0.020852000000000537,0.020852000000000537,0.029158999999999047,0.029158999999999047,0.03209072166899141,0.03209072166899141,0.017717475428776552,0.017717475428776552
2026-04-20,2026-06-02,4.2346,4.2334,Ridge,4.250363162546942,4.2346,4.23836,4.247985522327085,4.250363162546942,4.312323695308382,4.303192305617217,4.244846,4.257309000000001,4.245336488221671,4.252867966264504,0.016963162546942634,0.016963162546942634,0.001200000000000756,0.001200000000000756,0.0049600000000005195,0.0049600000000005195,0.014585522327084988,0.014585522327084988,0.016963162546942634,0.016963162546942634,0.07892369530838206,0.07892369530838206,0.06979230561721739,0.06979230561721739,0.01144600000000029,0.01144600000000029,0.023909000000001512,0.023909000000001512,0.011936488221671482,0.011936488221671482,0.019467966264504533,0.019467966264504533
2026-04-21,2026-06-03,4.232,4.2433,Ridge,4.245231558202529,4.232,4.23604,4.24507906372216,4.245231558202529,4.312323695308382,4.306642767073641,4.243832,4.259145999999999,4.248655152432584,4.245015070382545,0.0019315582025294376,0.0019315582025294376,-0.011299999999999422,0.011299999999999422,-0.0072599999999996,0.0072599999999996,0.001779063722159968,0.001779063722159968,0.0019315582025294376,0.0019315582025294376,0.06902369530838204,0.06902369530838204,0.0633427670736415,0.0633427670736415,0.0005320000000006431,0.0005320000000006431,0.015845999999999805,0.015845999999999805,0.005355152432584553,0.005355152432584553,0.0017150703825450364,0.0017150703825450364
