date,target_date,y_t,true_target,best_model,pred_best,pred_Naive,pred_SMA,pred_EMA,pred_Ridge,pred_ElasticNet,pred_MLPRegressor,pred_RandomForest,pred_ExtraTrees,pred_HistGB,pred_SARIMAX,err_pred_best,abs_err_pred_best,err_pred_Naive,abs_err_pred_Naive,err_pred_SMA,abs_err_pred_SMA,err_pred_EMA,abs_err_pred_EMA,err_pred_Ridge,abs_err_pred_Ridge,err_pred_ElasticNet,abs_err_pred_ElasticNet,err_pred_MLPRegressor,abs_err_pred_MLPRegressor,err_pred_RandomForest,abs_err_pred_RandomForest,err_pred_ExtraTrees,abs_err_pred_ExtraTrees,err_pred_HistGB,abs_err_pred_HistGB,err_pred_SARIMAX,abs_err_pred_SARIMAX
2025-01-14,2025-05-22,4.2737,4.2447,SMA,4.303028333333333,4.2737,4.303028333333333,4.272636791378022,4.264548528896397,4.321759689711486,4.303229482239112,4.254463999999998,4.272738999999999,4.290365625955818,4.265935102844843,0.05832833333333287,0.05832833333333287,0.028999999999999915,0.028999999999999915,0.05832833333333287,0.05832833333333287,0.027936791378022185,0.027936791378022185,0.019848528896397433,0.019848528896397433,0.07705968971148636,0.07705968971148636,0.05852948223911181,0.05852948223911181,0.009763999999997885,0.009763999999997885,0.028038999999998815,0.028038999999998815,0.045665625955818356,0.045665625955818356,0.021235102844842757,0.021235102844842757
2025-01-15,2025-05-23,4.2611,4.2541,SMA,4.302525,4.2611,4.302525,4.27153804934202,4.258071120251041,4.321759689711486,4.243805457251188,4.249254999999999,4.2830999999999975,4.276439829986354,4.238013407048044,0.04842499999999994,0.04842499999999994,0.006999999999999673,0.006999999999999673,0.04842499999999994,0.04842499999999994,0.017438049342019646,0.017438049342019646,0.0039711202510410715,0.0039711202510410715,0.06765968971148606,0.06765968971148606,-0.010294542748812141,0.010294542748812141,-0.0048450000000013205,0.0048450000000013205,0.02899999999999725,0.02899999999999725,0.022339829986353976,0.022339829986353976,-0.01608659295195647,0.01608659295195647
2025-01-16,2025-05-26,4.262,4.2514,SMA,4.301966666666667,4.262,4.301966666666667,4.270629663690399,4.257047311804053,4.321759689711486,4.3358674246154925,4.250247000000001,4.288999999999999,4.275387726810171,4.24519895385849,0.05056666666666665,0.05056666666666665,0.010599999999999277,0.010599999999999277,0.05056666666666665,0.05056666666666665,0.0192296636903988,0.0192296636903988,0.005647311804052535,0.005647311804052535,0.07035968971148598,0.07035968971148598,0.08446742461549217,0.08446742461549217,-0.0011529999999995155,0.0011529999999995155,0.037599999999998523,0.037599999999998523,0.02398772681017114,0.02398772681017114,-0.006201046141510069,0.006201046141510069
2025-01-17,2025-05-27,4.2691,4.2479,SMA,4.301161666666667,4.2691,4.301161666666667,4.270483981434171,4.25606936157732,4.321759689711486,4.281445498876411,4.261975,4.295933,4.286640042422495,4.259391770018829,0.05326166666666765,0.05326166666666765,0.02120000000000033,0.02120000000000033,0.05326166666666765,0.05326166666666765,0.022583981434171285,0.022583981434171285,0.008169361577320622,0.008169361577320622,0.07385968971148671,0.07385968971148671,0.03354549887641145,0.03354549887641145,0.01407500000000006,0.01407500000000006,0.048033000000000214,0.048033000000000214,0.03874004242249551,0.03874004242249551,0.011491770018829506,0.011491770018829506
2025-01-20,2025-05-28,4.2587,4.2447,SMA,4.300393333333333,4.2587,4.300393333333333,4.269361697488059,4.254157130976684,4.321759689711486,4.117471987004104,4.258667000000002,4.297523,4.2890926142165675,4.23973290982791,0.05569333333333315,0.05569333333333315,0.014000000000000234,0.014000000000000234,0.05569333333333315,0.05569333333333315,0.024661697488059353,0.024661697488059353,0.009457130976683992,0.009457130976683992,0.07705968971148636,0.07705968971148636,-0.1272280129958956,0.1272280129958956,0.013967000000001839,0.013967000000001839,0.052823000000000064,0.052823000000000064,0.044392614216567594,0.044392614216567594,-0.004967090172089961,0.004967090172089961
2025-01-21,2025-05-29,4.2554,4.2369,SMA,4.2993533333333325,4.2554,4.2993533333333325,4.2680320120130055,4.255460694701311,4.321759689711486,4.306792599005287,4.2700010000000015,4.306625999999999,4.291470175095067,4.22500717870453,0.06245333333333214,0.06245333333333214,0.018499999999999517,0.018499999999999517,0.06245333333333214,0.06245333333333214,0.031132012013005195,0.031132012013005195,0.01856069470131061,0.01856069470131061,0.08485968971148594,0.08485968971148594,0.06989259900528655,0.06989259900528655,0.03310100000000116,0.03310100000000116,0.0697259999999984,0.0697259999999984,0.05457017509506645,0.05457017509506645,-0.011892821295470313,0.011892821295470313
2025-01-22,2025-05-30,4.2461,4.2507,SMA,4.29819,4.2461,4.29819,4.265943248964148,4.245734450248541,4.321759689711486,4.257914472084841,4.263452000000002,4.308227999999998,4.31733008060433,4.211330871908397,0.04748999999999981,0.04748999999999981,-0.0045999999999999375,0.0045999999999999375,0.04748999999999981,0.04748999999999981,0.01524324896414786,0.01524324896414786,-0.004965549751458909,0.004965549751458909,0.07105968971148613,0.07105968971148613,0.007214472084840828,0.007214472084840828,0.012752000000001651,0.012752000000001651,0.0575279999999978,0.0575279999999978,0.06663008060433029,0.06663008060433029,-0.03936912809160287,0.03936912809160287
2025-01-23,2025-06-02,4.2182,4.2578,SMA,4.2962533333333335,4.2182,4.2962533333333335,4.261396272872324,4.23709311854952,4.321759689711486,4.31165107891891,4.26301,4.311127,4.307245026902427,4.163294293996166,0.038453333333333894,0.038453333333333894,-0.03959999999999919,0.03959999999999919,0.038453333333333894,0.038453333333333894,0.0035962728723246684,0.0035962728723246684,-0.020706881450479386,0.020706881450479386,0.06395968971148669,0.06395968971148669,0.05385107891891039,0.05385107891891039,0.005210000000000825,0.005210000000000825,0.053327000000000346,0.053327000000000346,0.04944502690242736,0.04944502690242736,-0.0945057060038339,0.0945057060038339
2025-01-24,2025-06-03,4.21,4.2721,SMA,4.2940933333333335,4.21,4.2940933333333335,4.256501389741627,4.24193423686305,4.321759689711486,4.360910625236062,4.261718000000001,4.306011999999999,4.350374374338216,4.1345312896092405,0.02199333333333353,0.02199333333333353,-0.062100000000000044,0.062100000000000044,0.02199333333333353,0.02199333333333353,-0.015598610258373391,0.015598610258373391,-0.030165763136950297,0.030165763136950297,0.049659689711486266,0.049659689711486266,0.08881062523606165,0.08881062523606165,-0.010381999999999003,0.010381999999999003,0.033911999999999054,0.033911999999999054,0.07827437433821594,0.07827437433821594,-0.13756871039075946,0.13756871039075946
2025-01-27,2025-06-04,4.2176,4.2778,SMA,4.291831666666667,4.2176,4.291831666666667,4.252796495480519,4.252395164738105,4.321759689711486,4.194059206376321,4.274651,4.3227210000000005,4.293594276185876,4.142716229887148,0.014031666666666887,0.014031666666666887,-0.06020000000000003,0.06020000000000003,0.014031666666666887,0.014031666666666887,-0.02500350451948119,0.02500350451948119,-0.025404835261895187,0.025404835261895187,0.04395968971148623,0.04395968971148623,-0.08374079362367937,0.08374079362367937,-0.0031489999999996243,0.0031489999999996243,0.04492100000000043,0.04492100000000043,0.01579427618587559,0.01579427618587559,-0.13508377011285244,0.13508377011285244
2025-01-28,2025-06-05,4.2092,4.2791,SMA,4.2895216666666665,4.2092,4.2895216666666665,4.248644448291898,4.2515568937599975,4.321759689711486,4.375079077456475,4.274461000000001,4.308391,4.286908939215089,4.127259940056526,0.010421666666666773,0.010421666666666773,-0.06989999999999963,0.06989999999999963,0.010421666666666773,0.010421666666666773,-0.030455551708101325,0.030455551708101325,-0.027543106240002224,0.027543106240002224,0.04265968971148659,0.04265968971148659,0.09597907745647571,0.09597907745647571,-0.004638999999998283,0.004638999999998283,0.029291000000000622,0.029291000000000622,0.0078089392150895165,0.0078089392150895165,-0.15184005994347327,0.15184005994347327
2025-01-29,2025-06-06,4.2077,4.2881,SMA,4.28708,4.2077,4.28708,4.244744977026003,4.254913224629472,4.321759689711486,4.386971356764593,4.2833270000000025,4.315805000000001,4.317828125689877,4.11982307544639,-0.001020000000000465,0.001020000000000465,-0.08040000000000003,0.08040000000000003,-0.001020000000000465,0.001020000000000465,-0.04335502297399696,0.04335502297399696,-0.03318677537052839,0.03318677537052839,0.03365968971148625,0.03365968971148625,0.09887135676459291,0.09887135676459291,-0.004772999999997474,0.004772999999997474,0.02770500000000098,0.02770500000000098,0.029728125689876705,0.029728125689876705,-0.1682769245536102,0.1682769245536102
2025-01-30,2025-06-09,4.2039,4.2772,SMA,4.284895,4.2039,4.284895,4.240854979214003,4.249921389863777,4.321759689711486,4.403137435069826,4.291176,4.31043,4.294939153029369,4.111216629332711,0.007695000000000007,0.007695000000000007,-0.0732999999999997,0.0732999999999997,0.007695000000000007,0.007695000000000007,-0.03634502078599677,0.03634502078599677,-0.027278610136222348,0.027278610136222348,0.044559689711486605,0.044559689711486605,0.1259374350698259,0.1259374350698259,0.013976000000000433,0.013976000000000433,0.03323000000000054,0.03323000000000054,0.017739153029369348,0.017739153029369348,-0.16598337066728863,0.16598337066728863
2025-01-31,2025-06-10,4.213,4.2611,SMA,4.282561666666667,4.213,4.282561666666667,4.238202124050765,4.248694838241078,4.321759689711486,4.475195749559639,4.2869670000000015,4.307357999999999,4.291989522401511,4.135913813854304,0.021461666666667156,0.021461666666667156,-0.04809999999999981,0.04809999999999981,0.021461666666667156,0.021461666666667156,-0.022897875949235313,0.022897875949235313,-0.012405161758922034,0.012405161758922034,0.060659689711486386,0.060659689711486386,0.21409574955963873,0.21409574955963873,0.02586700000000164,0.02586700000000164,0.04625799999999902,0.04625799999999902,0.03088952240151155,0.03088952240151155,-0.12518618614569554,0.12518618614569554
2025-02-03,2025-06-11,4.2305,4.2643,SMA,4.280665,4.2305,4.280665,4.237468588426882,4.265688522838034,4.321759689711486,4.323005384500452,4.347232000000001,4.313784999999999,4.253650844748646,4.179232521980709,0.01636499999999952,0.01636499999999952,-0.033800000000000274,0.033800000000000274,0.01636499999999952,0.01636499999999952,-0.026831411573118302,0.026831411573118302,0.0013885228380337011,0.0013885228380337011,0.05745968971148585,0.05745968971148585,0.05870538450045171,0.05870538450045171,0.08293200000000045,0.08293200000000045,0.04948499999999889,0.04948499999999889,-0.010649155251354792,0.010649155251354792,-0.08506747801929126,0.08506747801929126
2025-02-04,2025-06-12,4.2249,4.2631,SMA,4.278401666666666,4.2249,4.278401666666666,4.236271580005274,4.262472162709187,4.321759689711486,4.4700242094222,4.382291999999999,4.294445,4.262609236744621,4.175050435489161,0.015301666666666769,0.015301666666666769,-0.03819999999999979,0.03819999999999979,0.015301666666666769,0.015301666666666769,-0.026828419994725294,0.026828419994725294,-0.0006278372908123941,0.0006278372908123941,0.05865968971148661,0.05865968971148661,0.20692420942220036,0.20692420942220036,0.11919199999999908,0.11919199999999908,0.031344999999999956,0.031344999999999956,-0.0004907632553790009,0.0004907632553790009,-0.08804956451083878,0.08804956451083878
2025-02-05,2025-06-13,4.2059,4.272,SMA,4.275729999999999,4.2059,4.275729999999999,4.233379048576201,4.249505696814165,4.321759689711486,4.327575630271777,4.405683999999997,4.278414999999999,4.254271204912186,4.156533330940998,0.003729999999999123,0.003729999999999123,-0.06610000000000049,0.06610000000000049,0.003729999999999123,0.003729999999999123,-0.03862095142379918,0.03862095142379918,-0.022494303185835562,0.022494303185835562,0.04975968971148603,0.04975968971148603,0.05557563027177714,0.05557563027177714,0.13368399999999703,0.13368399999999703,0.006414999999998727,0.006414999999998727,-0.01772879508781422,0.01772879508781422,-0.11546666905900249,0.11546666905900249
2025-02-06,2025-06-16,4.2073,4.2612,SMA,4.273466666666667,4.2073,4.273466666666667,4.230895329664183,4.251899970352183,4.321759689711486,4.5143415403174485,4.379790999999998,4.292237999999999,4.302983226627473,4.160152091084511,0.012266666666667092,0.012266666666667092,-0.053899999999999615,0.053899999999999615,0.012266666666667092,0.012266666666667092,-0.030304670335816297,0.030304670335816297,-0.009300029647816288,0.009300029647816288,0.06055968971148662,0.06055968971148662,0.25314154031744884,0.25314154031744884,0.11859099999999856,0.11859099999999856,0.031037999999999677,0.031037999999999677,0.041783226627472914,0.041783226627472914,-0.10104790891548898,0.10104790891548898
2025-02-07,2025-06-17,4.1898,4.275,SMA,4.271223333333333,4.1898,4.271223333333333,4.226981488743784,4.241333392552882,4.321759689711486,4.307606630521673,4.3842310000000015,4.291203999999999,4.292633307996176,4.13303541042654,-0.0037766666666669835,0.0037766666666669835,-0.08520000000000039,0.08520000000000039,-0.0037766666666669835,0.0037766666666669835,-0.04801851125621592,0.04801851125621592,-0.03366660744711858,0.03366660744711858,0.04675968971148592,0.04675968971148592,0.032606630521672564,0.032606630521672564,0.10923100000000119,0.10923100000000119,0.01620399999999833,0.01620399999999833,0.01763330799617524,0.01763330799617524,-0.14196458957346003,0.14196458957346003
2025-02-10,2025-06-18,4.1872,4.2717,SMA,4.268393333333334,4.1872,4.268393333333334,4.223192775530091,4.246426561148,4.321759689711486,4.304122785817463,4.3978150000000005,4.278806999999997,4.287598209948175,4.110805131996296,-0.003306666666666125,0.003306666666666125,-0.08450000000000024,0.08450000000000024,-0.003306666666666125,0.003306666666666125,-0.04850722446990918,0.04850722446990918,-0.025273438852000396,0.025273438852000396,0.05005968971148622,0.05005968971148622,0.03242278581746305,0.03242278581746305,0.12611500000000042,0.12611500000000042,0.007106999999996866,0.007106999999996866,0.015898209948175257,0.015898209948175257,-0.16089486800370434,0.16089486800370434
2025-02-11,2025-06-20,4.1783,4.2709,SMA,4.265671666666667,4.1783,4.265671666666667,4.218917273098653,4.244388909524375,4.321759689711486,4.341464646229203,4.381845000000002,4.2897039999999995,4.302404178654072,4.096836838936189,-0.005228333333333168,0.005228333333333168,-0.09260000000000002,0.09260000000000002,-0.005228333333333168,0.005228333333333168,-0.051982726901346865,0.051982726901346865,-0.026511090475625387,0.026511090475625387,0.050859689711486133,0.050859689711486133,0.07056464622920267,0.07056464622920267,0.11094500000000185,0.11094500000000185,0.018803999999999377,0.018803999999999377,0.03150417865407196,0.03150417865407196,-0.17406316106381148,0.17406316106381148
2025-02-12,2025-06-23,4.1721,4.2727,SMA,4.262931666666667,4.1721,4.262931666666667,4.214458485184496,4.237827476474809,4.321759689711486,4.375334821060069,4.267538,4.275935,4.264384856305849,4.090411933919209,-0.009768333333333601,0.009768333333333601,-0.10060000000000002,0.10060000000000002,-0.009768333333333601,0.009768333333333601,-0.05824151481550466,0.05824151481550466,-0.03487252352519121,0.03487252352519121,0.04905968971148589,0.04905968971148589,0.10263482106006894,0.10263482106006894,-0.005162000000000333,0.005162000000000333,0.0032349999999992107,0.0032349999999992107,-0.008315143694151317,0.008315143694151317,-0.1822880660807913,0.1822880660807913
2025-02-13,2025-06-24,4.1652,4.2604,SMA,4.260355,4.1652,4.260355,4.209767200881211,4.236329457754745,4.321759689711486,4.409436069254341,4.2651069999999995,4.273023,4.2597036321834745,4.0785590616307665,-4.500000000007276e-05,4.500000000007276e-05,-0.09520000000000017,0.09520000000000017,-4.500000000007276e-05,4.500000000007276e-05,-0.05063279911878915,0.05063279911878915,-0.024070542245254956,0.024070542245254956,0.06135968971148653,0.06135968971148653,0.14903606925434154,0.14903606925434154,0.004706999999999795,0.004706999999999795,0.012623000000000495,0.012623000000000495,-0.0006963678165252674,0.0006963678165252674,-0.1818409383692332,0.1818409383692332
2025-02-14,2025-06-25,4.1632,4.2479,SMA,4.257541666666667,4.1632,4.257541666666667,4.2053322293687145,4.234974525714474,4.321759689711486,4.404264199470663,4.259838999999999,4.267889999999999,4.262042210316035,4.071573044604418,0.009641666666666993,0.009641666666666993,-0.08469999999999978,0.08469999999999978,0.009641666666666993,0.009641666666666993,-0.04256777063128503,0.04256777063128503,-0.012925474285525596,0.012925474285525596,0.07385968971148671,0.07385968971148671,0.15636419947066305,0.15636419947066305,0.011938999999999034,0.011938999999999034,0.019989999999999064,0.019989999999999064,0.014142210316035353,0.014142210316035353,-0.17632695539558174,0.17632695539558174
2025-02-17,2025-06-26,4.1635,4.2479,SMA,4.2547533333333325,4.1635,4.2547533333333325,4.201348207524076,4.235447300445069,4.321759689711486,4.3310534295433705,4.261257999999997,4.273743999999999,4.27532259921112,4.064064706874987,0.006853333333332934,0.006853333333332934,-0.08439999999999959,0.08439999999999959,0.006853333333332934,0.006853333333332934,-0.046551792475924,0.046551792475924,-0.012452699554931002,0.012452699554931002,0.07385968971148671,0.07385968971148671,0.0831534295433709,0.0831534295433709,0.013357999999997539,0.013357999999997539,0.025843999999999312,0.025843999999999312,0.027422599211120335,0.027422599211120335,-0.18383529312501246,0.18383529312501246
2025-02-18,2025-06-27,4.1574,4.2362,SMA,4.251703333333333,4.1574,4.251703333333333,4.197162663950354,4.2292674059590665,4.321759689711486,4.306102549437471,4.266281999999999,4.2689590000000015,4.269539505227793,4.057563281569845,0.015503333333333202,0.015503333333333202,-0.0788000000000002,0.0788000000000002,0.015503333333333202,0.015503333333333202,-0.03903733604964632,0.03903733604964632,-0.006932594040933715,0.006932594040933715,0.08555968971148609,0.08555968971148609,0.06990254943747054,0.06990254943747054,0.030081999999998388,0.030081999999998388,0.032759000000001315,0.032759000000001315,0.03333950522779272,0.03333950522779272,-0.17863671843015538,0.17863671843015538
2025-02-19,2025-06-30,4.1582,4.2419,SMA,4.248558333333333,4.1582,4.248558333333333,4.19345193405032,4.229013705243274,4.321759689711486,4.36968338545376,4.266192999999999,4.261264000000001,4.268467999130288,4.063319054643433,0.006658333333333211,0.006658333333333211,-0.08370000000000033,0.08370000000000033,0.006658333333333211,0.006658333333333211,-0.048448065949679986,0.048448065949679986,-0.012886294756726535,0.012886294756726535,0.07985968971148605,0.07985968971148605,0.12778338545375956,0.12778338545375956,0.024292999999998344,0.024292999999998344,0.01936400000000038,0.01936400000000038,0.026567999130287845,0.026567999130287845,-0.17858094535656743,0.17858094535656743
2025-02-20,2025-07-01,4.1723,4.2415,SMA,4.245713333333334,4.1723,4.245713333333334,4.191437464140766,4.2423209283016154,4.321759689711486,4.538437504517428,4.277632999999999,4.257498000000001,4.2778236997188985,4.088349026474013,0.004213333333333402,0.004213333333333402,-0.06920000000000037,0.06920000000000037,0.004213333333333402,0.004213333333333402,-0.050062535859233925,0.050062535859233925,0.0008209283016151758,0.0008209283016151758,0.080259689711486,0.080259689711486,0.2969375045174276,0.2969375045174276,0.03613299999999864,0.03613299999999864,0.015998000000000623,0.015998000000000623,0.03632369971889826,0.03632369971889826,-0.15315097352598706,0.15315097352598706
2025-02-21,2025-07-02,4.1705,4.25,SMA,4.2430233333333325,4.1705,4.2430233333333325,4.189443419936884,4.2401488746233795,4.321759689711486,4.405537655745604,4.284948999999998,4.255758000000001,4.260622522594647,4.088602811287043,-0.006976666666667519,0.006976666666667519,-0.07950000000000035,0.07950000000000035,-0.006976666666667519,0.006976666666667519,-0.06055658006311582,0.06055658006311582,-0.009851125376620473,0.009851125376620473,0.07175968971148627,0.07175968971148627,0.1555376557456043,0.1555376557456043,0.03494899999999834,0.03494899999999834,0.00575800000000104,0.00575800000000104,0.010622522594647243,0.010622522594647243,-0.16139718871295727,0.16139718871295727
2025-02-24,2025-07-03,4.1609,4.2634,SMA,4.240443333333333,4.1609,4.240443333333333,4.186724998990514,4.227671352548068,4.321759689711486,4.277816298924002,4.286555999999998,4.261225,4.243207062573536,4.069395867568109,-0.022956666666666514,0.022956666666666514,-0.10250000000000004,0.10250000000000004,-0.022956666666666514,0.022956666666666514,-0.07667500100948565,0.07667500100948565,-0.03572864745193183,0.03572864745193183,0.05835968971148642,0.05835968971148642,0.014416298924001758,0.014416298924001758,0.0231559999999984,0.0231559999999984,-0.00217500000000026,0.00217500000000026,-0.02019293742646422,0.02019293742646422,-0.19400413243189085,0.19400413243189085
2025-02-25,2025-07-04,4.1339,4.2515,SMA,4.237525,4.1339,4.237525,4.181694046705704,4.209109083634251,4.321759689711486,4.270484028800794,4.277323999999999,4.2555439999999995,4.255957399086605,4.028115454216195,-0.013975000000000293,0.013975000000000293,-0.11760000000000037,0.11760000000000037,-0.013975000000000293,0.013975000000000293,-0.06980595329429562,0.06980595329429562,-0.042390916365748765,0.042390916365748765,0.07025968971148622,0.07025968971148622,0.018984028800794306,0.018984028800794306,0.02582399999999918,0.02582399999999918,0.0040439999999994924,0.0040439999999994924,0.0044573990866050295,0.0044573990866050295,-0.22338454578380507,0.22338454578380507
2025-02-26,2025-07-07,4.1394,4.2524,SMA,4.234706666666666,4.1394,4.234706666666666,4.177666042257541,4.209744742246162,4.321759689711486,4.404568987799985,4.271468999999999,4.252116999999999,4.270680029996855,4.030595290587156,-0.017693333333333783,0.017693333333333783,-0.11299999999999955,0.11299999999999955,-0.017693333333333783,0.017693333333333783,-0.07473395774245883,0.07473395774245883,-0.042655257753837716,0.042655257753837716,0.06935968971148654,0.06935968971148654,0.15216898779998544,0.15216898779998544,0.019068999999999114,0.019068999999999114,-0.0002830000000004773,0.0002830000000004773,0.018280029996855518,0.018280029996855518,-0.2218047094128437,0.2218047094128437
2025-02-27,2025-07-08,4.1371,4.2455,SMA,4.23192,4.1371,4.23192,4.173802609661585,4.2112827145631115,4.321759689711486,4.3304104543408055,4.250078999999999,4.254205000000002,4.234962012917541,4.026890886364627,-0.013580000000000148,0.013580000000000148,-0.10839999999999961,0.10839999999999961,-0.013580000000000148,0.013580000000000148,-0.07169739033841527,0.07169739033841527,-0.03421728543688829,0.03421728543688829,0.07625968971148644,0.07625968971148644,0.08491045434080569,0.08491045434080569,0.0045789999999987785,0.0045789999999987785,0.008705000000001739,0.008705000000001739,-0.010537987082458677,0.010537987082458677,-0.21860911363537294,0.21860911363537294
2025-02-28,2025-07-09,4.1575,4.2399,SMA,4.229673333333333,4.1575,4.229673333333333,4.172249980170005,4.223654781556017,4.321759689711486,4.326542435801072,4.2513289999999975,4.261244000000001,4.2281152365520125,4.0578334950338,-0.010226666666666162,0.010226666666666162,-0.0823999999999998,0.0823999999999998,-0.010226666666666162,0.010226666666666162,-0.06765001982999497,0.06765001982999497,-0.016245218443982523,0.016245218443982523,0.08185968971148672,0.08185968971148672,0.086642435801072,0.086642435801072,0.011428999999997913,0.011428999999997913,0.021344000000001806,0.021344000000001806,-0.011784763447987068,0.011784763447987068,-0.18206650496619936,0.18206650496619936
2025-03-03,2025-07-10,4.1827,4.2464,SMA,4.22784,4.1827,4.22784,4.173245220153814,4.242893775740093,4.321759689711486,4.27561761191881,4.250896999999998,4.268425,4.232869987334694,4.100720682379891,-0.018560000000000798,0.018560000000000798,-0.06370000000000076,0.06370000000000076,-0.018560000000000798,0.018560000000000798,-0.07315477984618646,0.07315477984618646,-0.00350622425990732,0.00350622425990732,0.07535968971148588,0.07535968971148588,0.029217611918809894,0.029217611918809894,0.004496999999997975,0.004496999999997975,0.022024999999999295,0.022024999999999295,-0.013530012665306401,0.013530012665306401,-0.14567931762010922,0.14567931762010922
2025-03-04,2025-07-11,4.1568,4.2563,SMA,4.225621666666667,4.1568,4.225621666666667,4.171679008710593,4.220046235844783,4.321759689711486,4.132876218678557,4.264479999999998,4.265359000000001,4.260894289873275,4.051257121642233,-0.030678333333333363,0.030678333333333363,-0.09950000000000081,0.09950000000000081,-0.030678333333333363,0.030678333333333363,-0.08462099128940714,0.08462099128940714,-0.03625376415521764,0.03625376415521764,0.06545968971148586,0.06545968971148586,-0.12342378132144383,0.12342378132144383,0.008179999999997634,0.008179999999997634,0.009059000000000594,0.009059000000000594,0.004594289873274704,0.004594289873274704,-0.20504287835776758,0.20504287835776758
2025-03-05,2025-07-14,4.1545,4.2614,SMA,4.223705,4.1545,4.223705,4.170042912642918,4.219486091716136,4.321759689711486,4.422768289244184,4.2607729999999995,4.264902999999999,4.265198982894905,4.051541792583492,-0.037695000000000256,0.037695000000000256,-0.10690000000000044,0.10690000000000044,-0.037695000000000256,0.037695000000000256,-0.09135708735708192,0.09135708735708192,-0.04191390828386421,0.04191390828386421,0.0603596897114862,0.0603596897114862,0.16136828924418367,0.16136828924418367,-0.0006270000000005993,0.0006270000000005993,0.0035029999999984796,0.0035029999999984796,0.0037989828949047677,0.0037989828949047677,-0.2098582074165085,0.2098582074165085
2025-03-06,2025-07-15,4.1766,4.2538,SMA,4.2222,4.1766,4.2222,4.1706673971531165,4.2274398535936415,4.321759689711486,4.346809583054809,4.260245999999999,4.273327999999999,4.274547590036965,4.095839874800336,-0.03160000000000007,0.03160000000000007,-0.07720000000000038,0.07720000000000038,-0.03160000000000007,0.03160000000000007,-0.08313260284688351,0.08313260284688351,-0.02636014640635853,0.02636014640635853,0.06795968971148625,0.06795968971148625,0.09300958305480922,0.09300958305480922,0.0064459999999986195,0.0064459999999986195,0.019527999999999324,0.019527999999999324,0.020747590036965136,0.020747590036965136,-0.15796012519966407,0.15796012519966407
2025-03-07,2025-07-16,4.176,4.2585,SMA,4.220831666666666,4.176,4.220831666666666,4.171175264090914,4.224555247967424,4.321759689711486,4.274082883371203,4.266622,4.274202,4.263109958628175,4.097541962752988,-0.037668333333333415,0.037668333333333415,-0.08249999999999957,0.08249999999999957,-0.037668333333333415,0.037668333333333415,-0.0873247359090854,0.0873247359090854,-0.03394475203257574,0.03394475203257574,0.06325968971148654,0.06325968971148654,0.01558288337120306,0.01558288337120306,0.008122000000000185,0.008122000000000185,0.015702000000000105,0.015702000000000105,0.00460995862817537,0.00460995862817537,-0.16095803724701163,0.16095803724701163
2025-03-10,2025-07-17,4.1857,4.2559,SMA,4.219473333333333,4.1857,4.219473333333333,4.172558572272732,4.232733159962406,4.321759689711486,4.210560856113698,4.273500999999999,4.290109000000001,4.260571970749577,4.115685544409884,-0.036426666666666385,0.036426666666666385,-0.07019999999999982,0.07019999999999982,-0.036426666666666385,0.036426666666666385,-0.08334142772726771,0.08334142772726771,-0.02316684003759395,0.02316684003759395,0.0658596897114867,0.0658596897114867,-0.045339143886301336,0.045339143886301336,0.01760099999999909,0.01760099999999909,0.03420900000000149,0.03420900000000149,0.004671970749577703,0.004671970749577703,-0.14021445559011525,0.14021445559011525
2025-03-11,2025-07-18,4.1977,4.2509,SMA,4.218333333333334,4.1977,4.218333333333334,4.174952993961044,4.2371177655766425,4.321759689711486,4.212447845050263,4.270910999999997,4.289051,4.270006413093083,4.1396373115359415,-0.03256666666666597,0.03256666666666597,-0.05319999999999947,0.05319999999999947,-0.03256666666666597,0.03256666666666597,-0.07594700603895532,0.07594700603895532,-0.013782234423357131,0.013782234423357131,0.0708596897114866,0.0708596897114866,-0.03845215494973697,0.03845215494973697,0.02001099999999756,0.02001099999999756,0.038151000000000046,0.038151000000000046,0.01910641309308314,0.01910641309308314,-0.11126268846405818,0.11126268846405818
2025-03-12,2025-07-21,4.2017,4.2445,SMA,4.216998333333334,4.2017,4.216998333333334,4.177500327869515,4.237457980928966,4.321759689711486,4.408800941561206,4.271124999999999,4.296082999999999,4.278193708126393,4.140973058766187,-0.027501666666666758,0.027501666666666758,-0.042800000000000615,0.042800000000000615,-0.027501666666666758,0.027501666666666758,-0.06699967213048552,0.06699967213048552,-0.007042019071034744,0.007042019071034744,0.07725968971148589,0.07725968971148589,0.16430094156120578,0.16430094156120578,0.026624999999998344,0.026624999999998344,0.051582999999999046,0.051582999999999046,0.03369370812639261,0.03369370812639261,-0.10352694123381312,0.10352694123381312
2025-03-13,2025-07-22,4.196,4.2531,SMA,4.215728333333334,4.196,4.215728333333334,4.179262201405751,4.2350803344569075,4.321759689711486,4.37898038429665,4.282280000000001,4.2954050000000015,4.296087416061151,4.132716604469901,-0.03737166666666614,0.03737166666666614,-0.05710000000000015,0.05710000000000015,-0.03737166666666614,0.03737166666666614,-0.07383779859424866,0.07383779859424866,-0.018019665543092422,0.018019665543092422,0.0686596897114864,0.0686596897114864,0.12588038429665005,0.12588038429665005,0.029180000000001094,0.029180000000001094,0.04230500000000159,0.04230500000000159,0.042987416061150974,0.042987416061150974,-0.1203833955300988,0.1203833955300988
2025-03-14,2025-07-23,4.179,4.2544,SMA,4.214341666666667,4.179,4.214341666666667,4.179237229843299,4.227769824249339,4.321759689711486,4.287308358110221,4.285217,4.292778000000001,4.293863081932451,4.112680742125032,-0.04005833333333353,0.04005833333333353,-0.07540000000000013,0.07540000000000013,-0.04005833333333353,0.04005833333333353,-0.0751627701567017,0.0751627701567017,-0.026630175750661067,0.026630175750661067,0.06735968971148587,0.06735968971148587,0.032908358110220526,0.032908358110220526,0.030816999999999872,0.030816999999999872,0.03837800000000069,0.03837800000000069,0.03946308193245063,0.03946308193245063,-0.14171925787496864,0.14171925787496864
2025-03-17,2025-07-24,4.1777,4.2514,SMA,4.212971666666666,4.1777,4.212971666666666,4.17909082700108,4.226331903967197,4.321759689711486,4.208083181938875,4.2838959999999995,4.294887000000004,4.292383446413142,4.112080613850231,-0.03842833333333395,0.03842833333333395,-0.07370000000000054,0.07370000000000054,-0.03842833333333395,0.03842833333333395,-0.0723091729989207,0.0723091729989207,-0.025068096032803133,0.025068096032803133,0.07035968971148598,0.07035968971148598,-0.04331681806112542,0.04331681806112542,0.03249599999999919,0.03249599999999919,0.043487000000003384,0.043487000000003384,0.04098344641314178,0.04098344641314178,-0.13931938614976946,0.13931938614976946
2025-03-18,2025-07-25,4.1776,4.2544,SMA,4.211551666666667,4.1776,4.211551666666667,4.178948843477167,4.225570452186192,4.321759689711486,4.215586649653956,4.292655,4.293437000000002,4.2903810010831025,4.1071051085067065,-0.0428483333333336,0.0428483333333336,-0.07680000000000042,0.07680000000000042,-0.0428483333333336,0.0428483333333336,-0.07545115652283307,0.07545115652283307,-0.02882954781380853,0.02882954781380853,0.06735968971148587,0.06735968971148587,-0.03881335034604483,0.03881335034604483,0.038254999999999484,0.038254999999999484,0.03903700000000132,0.03903700000000132,0.03598100108310209,0.03598100108310209,-0.1472948914932939,0.1472948914932939
2025-03-19,2025-07-28,4.1945,4.2565,SMA,4.210405,4.1945,4.210405,4.180429906003152,4.237751836396836,4.321759689711486,4.509466544201228,4.294498999999999,4.305328000000002,4.294021591450704,4.124618776302012,-0.04609500000000022,0.04609500000000022,-0.06200000000000028,0.06200000000000028,-0.04609500000000022,0.04609500000000022,-0.07607009399684816,0.07607009399684816,-0.018748163603164336,0.018748163603164336,0.06525968971148632,0.06525968971148632,0.2529665442012279,0.2529665442012279,0.03799899999999923,0.03799899999999923,0.04882800000000209,0.04882800000000209,0.03752159145070433,0.03752159145070433,-0.13188122369798805,0.13188122369798805
2025-03-20,2025-07-29,4.1972,4.2737,SMA,4.209404999999999,4.1972,4.209404999999999,4.182027057812375,4.235410306211406,4.321759689711486,4.445404637144988,4.296573,4.303239000000001,4.3006602199557635,4.120629281274581,-0.06429500000000044,0.06429500000000044,-0.07650000000000023,0.07650000000000023,-0.06429500000000044,0.06429500000000044,-0.09167294218762478,0.09167294218762478,-0.03828969378859348,0.03828969378859348,0.04805968971148644,0.04805968971148644,0.1717046371449884,0.1717046371449884,0.022873000000000587,0.022873000000000587,0.029539000000001536,0.029539000000001536,0.026960219955763698,0.026960219955763698,-0.15307071872541922,0.15307071872541922
2025-03-21,2025-07-30,4.1979,4.2732,SMA,4.208335,4.1979,4.208335,4.183538766592148,4.236382289209169,4.321759689711486,4.4439361884850515,4.297267000000001,4.305335,4.303821309059396,4.107481251941235,-0.06486500000000017,0.06486500000000017,-0.07530000000000037,0.07530000000000037,-0.06486500000000017,0.06486500000000017,-0.0896612334078517,0.0896612334078517,-0.03681771079083074,0.03681771079083074,0.048559689711486165,0.048559689711486165,0.17073618848505134,0.17073618848505134,0.024067000000000505,0.024067000000000505,0.03213500000000025,0.03213500000000025,0.030621309059395863,0.030621309059395863,-0.1657187480587652,0.1657187480587652
2025-03-24,2025-07-31,4.1832,4.2661,SMA,4.206823333333333,4.1832,4.206823333333333,4.183506503107182,4.229655991179697,4.321759689711486,4.280170716262368,4.292111,4.307924000000002,4.314650959696167,4.07906493059389,-0.05927666666666642,0.05927666666666642,-0.08289999999999953,0.08289999999999953,-0.05927666666666642,0.05927666666666642,-0.0825934968928177,0.0825934968928177,-0.036444008820303075,0.036444008820303075,0.05565968971148649,0.05565968971148649,0.014070716262367888,0.014070716262367888,0.02601100000000045,0.02601100000000045,0.04182400000000186,0.04182400000000186,0.04855095969616752,0.04855095969616752,-0.18703506940611003,0.18703506940611003
2025-03-25,2025-08-01,4.1664,4.2813,SMA,4.205018333333333,4.1664,4.205018333333333,4.18187731233507,4.2253873242254425,4.321759689711486,4.225013195724228,4.289033999999998,4.299182000000003,4.308115609214166,4.051688287035623,-0.07628166666666658,0.07628166666666658,-0.11489999999999956,0.11489999999999956,-0.07628166666666658,0.07628166666666658,-0.09942268766493001,0.09942268766493001,-0.055912675774557385,0.055912675774557385,0.04045968971148639,0.04045968971148639,-0.05628680427577226,0.05628680427577226,0.007733999999998353,0.007733999999998353,0.01788200000000284,0.01788200000000284,0.02681560921416626,0.02681560921416626,-0.22961171296437666,0.22961171296437666
2025-03-26,2025-08-04,4.1686,4.2734,SMA,4.203265,4.1686,4.203265,4.180612806398396,4.2287753337094145,4.321759689711486,4.4302658181567525,4.281224999999998,4.299377,4.296116111532639,4.053831385640437,-0.07013499999999961,0.07013499999999961,-0.1048,0.1048,-0.07013499999999961,0.07013499999999961,-0.09278719360160359,0.09278719360160359,-0.04462466629058515,0.04462466629058515,0.04835968971148663,0.04835968971148663,0.15686581815675282,0.15686581815675282,0.007824999999998639,0.007824999999998639,0.02597700000000014,0.02597700000000014,0.022716111532639083,0.022716111532639083,-0.21956861435956299,0.21956861435956299
2025-03-27,2025-08-05,4.1913,4.2763,SMA,4.201903333333333,4.1913,4.201903333333333,4.181630634360454,4.237546379272952,4.321759689711486,4.3450506049766675,4.2810950000000005,4.302516000000001,4.294800365281608,4.085772867309713,-0.07439666666666689,0.07439666666666689,-0.08499999999999996,0.08499999999999996,-0.07439666666666689,0.07439666666666689,-0.09466936563954587,0.09466936563954587,-0.038753620727048244,0.038753620727048244,0.045459689711486284,0.045459689711486284,0.06875060497666752,0.06875060497666752,0.004795000000000549,0.004795000000000549,0.026216000000000683,0.026216000000000683,0.018500365281608033,0.018500365281608033,-0.19052713269028665,0.19052713269028665
2025-03-28,2025-08-06,4.1819,4.282,SMA,4.200488333333333,4.1819,4.200488333333333,4.181656288230887,4.226349366650948,4.321759689711486,4.27428221994312,4.2853460000000005,4.297977000000002,4.300458108811876,4.067462332931346,-0.08151166666666665,0.08151166666666665,-0.1001000000000003,0.1001000000000003,-0.08151166666666665,0.08151166666666665,-0.10034371176911261,0.10034371176911261,-0.05565063334905229,0.05565063334905229,0.039759689711486246,0.039759689711486246,-0.007717780056879953,0.007717780056879953,0.0033460000000005152,0.0033460000000005152,0.01597700000000213,0.01597700000000213,0.018458108811875817,0.018458108811875817,-0.21453766706865363,0.21453766706865363
2025-03-31,2025-08-07,4.1839,4.2618,SMA,4.199023333333333,4.1839,4.199023333333333,4.18186997506604,4.23053758460503,4.321759689711486,4.19715421794026,4.2838199999999995,4.297256000000002,4.305038619693863,4.0736628550651615,-0.06277666666666715,0.06277666666666715,-0.07789999999999964,0.07789999999999964,-0.06277666666666715,0.06277666666666715,-0.07993002493395984,0.07993002493395984,-0.03126241539496988,0.03126241539496988,0.05995968971148624,0.05995968971148624,-0.06464578205974014,0.06464578205974014,0.022019999999999484,0.022019999999999484,0.03545600000000171,0.03545600000000171,0.043238619693863,0.043238619693863,-0.18813714493483857,0.18813714493483857
2025-04-01,2025-08-08,4.1818,4.2566,SMA,4.197861666666666,4.1818,4.197861666666666,4.181863310774037,4.235104428258479,4.321759689711486,4.287521288218379,4.274645999999999,4.2882299999999995,4.271727795934124,4.084132495860454,-0.05873833333333334,0.05873833333333334,-0.07479999999999976,0.07479999999999976,-0.05873833333333334,0.05873833333333334,-0.0747366892259631,0.0747366892259631,-0.021495571741520614,0.021495571741520614,0.06515968971148656,0.06515968971148656,0.03092128821837914,0.03092128821837914,0.01804599999999912,0.01804599999999912,0.031629999999999825,0.031629999999999825,0.0151277959341245,0.0151277959341245,-0.17246750413954537,0.17246750413954537
2025-04-02,2025-08-11,4.1794,4.2533,SMA,4.196425,4.1794,4.196425,4.181628709747938,4.237937812747062,4.321759689711486,4.34805324074023,4.2745619999999995,4.288230000000001,4.27577826626733,4.060563279440847,-0.056875000000000675,0.056875000000000675,-0.07390000000000008,0.07390000000000008,-0.056875000000000675,0.056875000000000675,-0.07167129025206265,0.07167129025206265,-0.015362187252938142,0.015362187252938142,0.06845968971148597,0.06845968971148597,0.0947532407402294,0.0947532407402294,0.021261999999999226,0.021261999999999226,0.034930000000001016,0.034930000000001016,0.022478266267329516,0.022478266267329516,-0.1927367205591537,0.1927367205591537
2025-04-03,2025-08-12,4.1791,4.2626,SMA,4.194753333333333,4.1791,4.194753333333333,4.181387880248134,4.2441323786486755,4.321759689711486,4.197381284209114,4.273601,4.290244,4.286891247444809,4.05764256036588,-0.06784666666666705,0.06784666666666705,-0.08349999999999991,0.08349999999999991,-0.06784666666666705,0.06784666666666705,-0.08121211975186604,0.08121211975186604,-0.018467621351324404,0.018467621351324404,0.05915968971148633,0.05915968971148633,-0.0652187157908859,0.0652187157908859,0.01100100000000026,0.01100100000000026,0.027644000000000446,0.027644000000000446,0.024291247444809372,0.024291247444809372,-0.2049574396341196,0.2049574396341196
2025-04-04,2025-08-13,4.2403,4.2586,SMA,4.19433,4.2403,4.19433,4.186998558319741,4.27633594665251,4.321759689711486,4.308956654232158,4.269867,4.272200000000001,4.273958774711196,4.118535741371639,-0.0642700000000005,0.0642700000000005,-0.018299999999999983,0.018299999999999983,-0.0642700000000005,0.0642700000000005,-0.07160144168025973,0.07160144168025973,0.017735946652509327,0.017735946652509327,0.06315968971148589,0.06315968971148589,0.05035665423215718,0.05035665423215718,0.01126699999999925,0.01126699999999925,0.013600000000000279,0.013600000000000279,0.015358774711195622,0.015358774711195622,-0.14006425862836114,0.14006425862836114
2025-04-07,2025-08-14,4.2975,4.2639,SMA,4.194763333333333,4.2975,4.194763333333333,4.197522505146432,4.300577017322495,4.321759689711486,4.1636045915706,4.252127000000001,4.253648,4.267704956738648,4.308904450233936,-0.06913666666666618,0.06913666666666618,0.03360000000000074,0.03360000000000074,-0.06913666666666618,0.06913666666666618,-0.06637749485356714,0.06637749485356714,0.03667701732249551,0.03667701732249551,0.057859689711486695,0.057859689711486695,-0.10029540842939966,0.10029540842939966,-0.011772999999998923,0.011772999999998923,-0.010251999999999484,0.010251999999999484,0.003804956738648002,0.003804956738648002,0.045004450233936844,0.045004450233936844
2025-04-08,2025-08-18,4.2946,4.2558,SMA,4.195111666666667,4.2946,4.195111666666667,4.206767980846772,4.297234894692962,4.321759689711486,4.1433726121786085,4.254731000000001,4.256139999999999,4.264922808720754,4.2737974244291745,-0.06068833333333323,0.06068833333333323,0.03880000000000017,0.03880000000000017,-0.06068833333333323,0.06068833333333323,-0.04903201915322786,0.04903201915322786,0.04143489469296213,0.04143489469296213,0.06595968971148647,0.06595968971148647,-0.11242738782139128,0.11242738782139128,-0.0010689999999984323,0.0010689999999984323,0.0003399999999995629,0.0003399999999995629,0.009122808720753994,0.009122808720753994,0.017997424429174735,0.017997424429174735
2025-04-09,2025-08-19,4.2818,4.242,SMA,4.195456666666667,4.2818,4.195456666666667,4.213913887432794,4.29110951252018,4.321759689711486,4.100614245755064,4.249887999999999,4.258717000000001,4.262225535625588,4.2566845108313265,-0.04654333333333316,0.04654333333333316,0.03979999999999961,0.03979999999999961,-0.04654333333333316,0.04654333333333316,-0.02808611256720628,0.02808611256720628,0.0491095125201797,0.0491095125201797,0.07975968971148628,0.07975968971148628,-0.14138575424493638,0.14138575424493638,0.007887999999999451,0.007887999999999451,0.01671700000000076,0.01671700000000076,0.020225535625588265,0.020225535625588265,0.014684510831326492,0.014684510831326492
2025-04-10,2025-08-20,4.2644,4.2524,SMA,4.195496666666666,4.2644,4.195496666666666,4.21872208862967,4.296975310400981,4.321759689711486,4.189188271765881,4.243403,4.2592430000000014,4.261016475776319,4.220443394545079,-0.05690333333333353,0.05690333333333353,0.012000000000000455,0.012000000000000455,-0.05690333333333353,0.05690333333333353,-0.03367791137032938,0.03367791137032938,0.044575310400981394,0.044575310400981394,0.06935968971148654,0.06935968971148654,-0.06321172823411914,0.06321172823411914,-0.008996999999999922,0.008996999999999922,0.006843000000001709,0.006843000000001709,0.008616475776319632,0.008616475776319632,-0.03195660545492096,0.03195660545492096
2025-04-11,2025-08-21,4.2972,4.2521,SMA,4.195965,4.2972,4.195965,4.2261961754268444,4.319848667280642,4.321759689711486,4.284491573291777,4.21324,4.267340000000001,4.245219592834592,4.289090311104378,-0.05613500000000027,0.05613500000000027,0.045099999999999696,0.045099999999999696,-0.05613500000000027,0.05613500000000027,-0.025903824573155987,0.025903824573155987,0.06774866728064133,0.06774866728064133,0.06965968971148584,0.06965968971148584,0.03239157329177633,0.03239157329177633,-0.03886000000000056,0.03886000000000056,0.015240000000000364,0.015240000000000364,-0.0068804071654087195,0.0068804071654087195,0.03699031110437723,0.03699031110437723
2025-04-14,2025-08-22,4.2776,4.267,SMA,4.19628,4.2776,4.19628,4.231091777767145,4.3073280999860275,4.321759689711486,4.165629192178992,4.213285999999999,4.267411,4.2396911252601095,4.229023820233316,-0.07072000000000056,0.07072000000000056,0.010599999999999277,0.010599999999999277,-0.07072000000000056,0.07072000000000056,-0.03590822223285528,0.03590822223285528,0.040328099986027155,0.040328099986027155,0.054759689711485926,0.054759689711485926,-0.10137080782100849,0.10137080782100849,-0.05371400000000115,0.05371400000000115,0.00041099999999971715,0.00041099999999971715,-0.027308874739890854,0.027308874739890854,-0.03797617976668466,0.03797617976668466
2025-04-15,2025-08-25,4.2767,4.2627,SMA,4.196635,4.2767,4.196635,4.235435417979798,4.304134764877597,4.321759689711486,4.083588262873698,4.215100999999999,4.265497,4.240633288960561,4.225028070666753,-0.06606500000000004,0.06606500000000004,0.014000000000000234,0.014000000000000234,-0.06606500000000004,0.06606500000000004,-0.027264582020201544,0.027264582020201544,0.04143476487759745,0.04143476487759745,0.05905968971148656,0.05905968971148656,-0.17911173712630202,0.17911173712630202,-0.047599000000000835,0.047599000000000835,0.0027970000000001605,0.0027970000000001605,-0.02206671103943858,0.02206671103943858,-0.03767192933324637,0.03767192933324637
2025-04-16,2025-08-26,4.3033,4.2657,SMA,4.197588333333333,4.3033,4.197588333333333,4.241898711505532,4.306296485593624,4.321759689711486,4.053694582843786,4.216820999999997,4.267120999999999,4.2397532666723405,4.268846797829673,-0.06811166666666679,0.06811166666666679,0.0376000000000003,0.0376000000000003,-0.06811166666666679,0.06811166666666679,-0.023801288494468054,0.023801288494468054,0.04059648559362383,0.04059648559362383,0.05605968971148645,0.05605968971148645,-0.21200541715621402,0.21200541715621402,-0.048879000000003,0.048879000000003,0.0014209999999987843,0.0014209999999987843,-0.025946733327659288,0.025946733327659288,0.003146797829673531,0.003146797829673531
2025-04-17,2025-08-27,4.2879,4.2639,SMA,4.19875,4.2879,4.19875,4.246279786600243,4.287710320354302,4.321759689711486,4.139125835819747,4.214985999999999,4.2751470000000005,4.228291280783515,4.240324580493296,-0.06514999999999915,0.06514999999999915,0.02400000000000002,0.02400000000000002,-0.06514999999999915,0.06514999999999915,-0.0176202133997565,0.0176202133997565,0.023810320354302306,0.023810320354302306,0.057859689711486695,0.057859689711486695,-0.12477416418025289,0.12477416418025289,-0.04891400000000079,0.04891400000000079,0.011247000000000895,0.011247000000000895,-0.03560871921648445,0.03560871921648445,-0.023575419506703277,0.023575419506703277
2025-04-18,2025-08-28,4.2823,4.2681,SMA,4.199955,4.2823,4.199955,4.2497102831145055,4.286647894878653,4.321759689711486,4.204605140621326,4.210584999999998,4.270806000000001,4.22466802176981,4.231952402061444,-0.06814499999999946,0.06814499999999946,0.014200000000000657,0.014200000000000657,-0.06814499999999946,0.06814499999999946,-0.018389716885494067,0.018389716885494067,0.018547894878653715,0.018547894878653715,0.05365968971148671,0.05365968971148671,-0.0634948593786735,0.0634948593786735,-0.057515000000001315,0.057515000000001315,0.0027060000000016515,0.0027060000000016515,-0.043431978230189294,0.043431978230189294,-0.036147597938555265,0.036147597938555265
2025-04-22,2025-08-29,4.2801,4.2684,SMA,4.200996666666667,4.2801,4.200996666666667,4.252604541865505,4.285634445040892,4.321759689711486,4.187934247861993,4.211451999999998,4.277444000000001,4.218637851459952,4.237929272318645,-0.06740333333333304,0.06740333333333304,0.011700000000000266,0.011700000000000266,-0.06740333333333304,0.06740333333333304,-0.015795458134494567,0.015795458134494567,0.017234445040892332,0.017234445040892332,0.053359689711486524,0.053359689711486524,-0.08046575213800633,0.08046575213800633,-0.056948000000002,0.056948000000002,0.009044000000001162,0.009044000000001162,-0.04976214854004812,0.04976214854004812,-0.030470727681354504,0.030470727681354504
2025-04-23,2025-09-01,4.2893,4.2574,SMA,4.202331666666667,4.2893,4.202331666666667,4.256099347402124,4.289838579257803,4.321759689711486,4.182092713814341,4.198451999999999,4.259196,4.223663541685603,4.24628621117681,-0.05506833333333283,0.05506833333333283,0.03190000000000026,0.03190000000000026,-0.05506833333333283,0.05506833333333283,-0.0013006525978758177,0.0013006525978758177,0.03243857925780347,0.03243857925780347,0.06435968971148665,0.06435968971148665,-0.07530728618565874,0.07530728618565874,-0.05894800000000089,0.05894800000000089,0.001796000000000575,0.001796000000000575,-0.03373645831439642,0.03373645831439642,-0.011113788823189807,0.011113788823189807
2025-04-24,2025-09-02,4.2789,4.2651,SMA,4.203518333333333,4.2789,4.203518333333333,4.258270838125731,4.290355302925284,4.321759689711486,4.030920313495394,4.199558999999999,4.255015,4.227721983782955,4.222601269181258,-0.06158166666666709,0.06158166666666709,0.013799999999999812,0.013799999999999812,-0.06158166666666709,0.06158166666666709,-0.006829161874269296,0.006829161874269296,0.02525530292528355,0.02525530292528355,0.05665968971148594,0.05665968971148594,-0.2341796865046062,0.2341796865046062,-0.0655410000000014,0.0655410000000014,-0.010085000000000122,0.010085000000000122,-0.03737801621704495,0.03737801621704495,-0.04249873081874256,0.04249873081874256
2025-04-25,2025-09-03,4.2688,4.2589,SMA,4.2046,4.2688,4.2046,4.25927361544709,4.278222268951773,4.321759689711486,4.126742154863115,4.2060999999999975,4.255865000000001,4.230314469499909,4.195283202703886,-0.05429999999999957,0.05429999999999957,0.00990000000000002,0.00990000000000002,-0.05429999999999957,0.05429999999999957,0.00037361544709035854,0.00037361544709035854,0.01932226895177358,0.01932226895177358,0.06285968971148659,0.06285968971148659,-0.13215784513688433,0.13215784513688433,-0.05280000000000218,0.05280000000000218,-0.0030349999999987887,0.0030349999999987887,-0.028585530500090606,0.028585530500090606,-0.06361679729611325,0.06361679729611325
2025-04-28,2025-09-04,4.2766,4.2553,SMA,4.20566,4.2766,4.20566,4.260923747309271,4.282820457967472,4.321759689711486,4.217236356556566,4.218949999999998,4.260509000000002,4.251640284846959,4.202519924113248,-0.04964000000000013,0.04964000000000013,0.021300000000000097,0.021300000000000097,-0.04964000000000013,0.04964000000000013,0.0056237473092712875,0.0056237473092712875,0.027520457967471934,0.027520457967471934,0.06645968971148619,0.06645968971148619,-0.038063643443433826,0.038063643443433826,-0.036350000000002325,0.036350000000002325,0.0052090000000015735,0.0052090000000015735,-0.0036597151530406435,0.0036597151530406435,-0.052780075886752265,0.052780075886752265
2025-04-29,2025-09-05,4.2646,4.2476,SMA,4.206228333333333,4.2646,4.206228333333333,4.26127386661315,4.269984695538211,4.321759689711486,4.193390018675659,4.222467,4.254625999999999,4.259043207428571,4.204269182910734,-0.04137166666666747,0.04137166666666747,0.01699999999999946,0.01699999999999946,-0.04137166666666747,0.04137166666666747,0.013673866613149954,0.013673866613149954,0.022384695538210764,0.022384695538210764,0.07415968971148601,0.07415968971148601,-0.05420998132434107,0.05420998132434107,-0.025133000000000294,0.025133000000000294,0.0070259999999988665,0.0070259999999988665,0.011443207428571078,0.011443207428571078,-0.04333081708926656,0.04333081708926656
2025-04-30,2025-09-08,4.2778,4.2484,SMA,4.20711,4.2778,4.20711,4.262847784078565,4.271950537862668,4.321759689711486,4.1863949135919745,4.218331999999998,4.256474999999999,4.270809230170601,4.244291236174551,-0.04129000000000005,0.04129000000000005,0.02939999999999987,0.02939999999999987,-0.04129000000000005,0.04129000000000005,0.014447784078564396,0.014447784078564396,0.023550537862667476,0.023550537862667476,0.0733596897114861,0.0733596897114861,-0.06200508640802571,0.06200508640802571,-0.03006800000000176,0.03006800000000176,0.008074999999998944,0.008074999999998944,0.02240923017060048,0.02240923017060048,-0.004108763825449557,0.004108763825449557
2025-05-02,2025-09-09,4.275,4.254,SMA,4.208261666666667,4.275,4.208261666666667,4.264005137975844,4.271318868147789,4.321759689711486,3.9602190526134198,4.2135919999999984,4.24343,4.259319826112752,4.21403848695766,-0.04573833333333255,0.04573833333333255,0.021000000000000796,0.021000000000000796,-0.04573833333333255,0.04573833333333255,0.010005137975844569,0.010005137975844569,0.0173188681477896,0.0173188681477896,0.06775968971148671,0.06775968971148671,-0.2937809473865798,0.2937809473865798,-0.04040800000000111,0.04040800000000111,-0.010569999999999524,0.010569999999999524,0.0053198261127525015,0.0053198261127525015,-0.03996151304233919,0.03996151304233919
2025-05-05,2025-09-10,4.276,4.2604,SMA,4.209406666666666,4.276,4.209406666666666,4.265147505787668,4.268966875047528,4.321759689711486,3.8741652170726577,4.2202769999999985,4.239376,4.276812047100261,4.223887534024002,-0.050993333333333446,0.050993333333333446,0.015600000000000058,0.015600000000000058,-0.050993333333333446,0.050993333333333446,0.004747505787668693,0.004747505787668693,0.008566875047527844,0.008566875047527844,0.06135968971148653,0.06135968971148653,-0.38623478292734204,0.38623478292734204,-0.04012300000000124,0.04012300000000124,-0.02102399999999971,0.02102399999999971,0.01641204710026134,0.01641204710026134,-0.036512465975997443,0.036512465975997443
2025-05-06,2025-09-11,4.2806,4.2626,SMA,4.21092,4.2806,4.21092,4.266619171903129,4.263435150358135,4.321759689711486,3.9815137670573653,4.214597999999999,4.243437000000001,4.274089806339875,4.2401860197774885,-0.05168000000000017,0.05168000000000017,0.017999999999999794,0.017999999999999794,-0.05168000000000017,0.05168000000000017,0.0040191719031286155,0.0040191719031286155,0.0008351503581351949,0.0008351503581351949,0.05915968971148633,0.05915968971148633,-0.2810862329426347,0.2810862329426347,-0.04800200000000121,0.04800200000000121,-0.01916299999999893,0.01916299999999893,0.011489806339874953,0.011489806339874953,-0.022413980222511398,0.022413980222511398
2025-05-07,2025-09-12,4.2757,4.2593,SMA,4.212395,4.2757,4.212395,4.26748401267426,4.265248498336604,4.321759689711486,4.087221170252886,4.217943999999998,4.227107999999999,4.269360463878107,4.239730111691967,-0.04690499999999975,0.04690499999999975,0.01639999999999997,0.01639999999999997,-0.04690499999999975,0.04690499999999975,0.008184012674260721,0.008184012674260721,0.005948498336604047,0.005948498336604047,0.06245968971148663,0.06245968971148663,-0.17207882974711364,0.17207882974711364,-0.04135600000000128,0.04135600000000128,-0.03219200000000022,0.03219200000000022,0.010060463878107662,0.010060463878107662,-0.01956988830803308,0.01956988830803308
2025-05-08,2025-09-15,4.2714,4.2476,SMA,4.213946666666667,4.2714,4.213946666666667,4.267856963848139,4.262977011831952,4.321759689711486,3.997963244641611,4.208822999999998,4.230414999999999,4.254279329764673,4.225403769970434,-0.033653333333333535,0.033653333333333535,0.0237999999999996,0.0237999999999996,-0.033653333333333535,0.033653333333333535,0.02025696384813891,0.02025696384813891,0.015377011831951393,0.015377011831951393,0.07415968971148601,0.07415968971148601,-0.24963675535838936,0.24963675535838936,-0.03877700000000228,0.03877700000000228,-0.017185000000001338,0.017185000000001338,0.006679329764672559,0.006679329764672559,-0.022196230029566166,0.022196230029566166
2025-05-09,2025-09-16,4.2414,4.2504,SMA,4.2151016666666665,4.2414,4.2151016666666665,4.265337253005459,4.246123192871297,4.321759689711486,4.015018876085399,4.210466999999998,4.229479000000001,4.24376480748975,4.166371263904976,-0.03529833333333343,0.03529833333333343,-0.009000000000000341,0.009000000000000341,-0.03529833333333343,0.03529833333333343,0.014937253005459006,0.014937253005459006,-0.004276807128703375,0.004276807128703375,0.07135968971148632,0.07135968971148632,-0.23538112391460064,0.23538112391460064,-0.03993300000000222,0.03993300000000222,-0.020920999999998635,0.020920999999998635,-0.006635192510249688,0.006635192510249688,-0.08402873609502404,0.08402873609502404
2025-05-12,2025-09-17,4.2337,4.2559,SMA,4.216243333333334,4.2337,4.216243333333334,4.262324181290653,4.247472574590269,4.321759689711486,3.8762076867478497,4.214071999999999,4.228244,4.245785714015992,4.152084573357059,-0.039656666666665785,0.039656666666665785,-0.022199999999999775,0.022199999999999775,-0.039656666666665785,0.039656666666665785,0.0064241812906535856,0.0064241812906535856,-0.008427425409730738,0.008427425409730738,0.0658596897114867,0.0658596897114867,-0.3796923132521499,0.3796923132521499,-0.04182800000000064,0.04182800000000064,-0.02765599999999946,0.02765599999999946,-0.010114285984007765,0.010114285984007765,-0.10381542664294052,0.10381542664294052
2025-05-13,2025-09-18,4.2525,4.2564,SMA,4.217731666666667,4.2525,4.217731666666667,4.261388544977257,4.264544025498522,4.321759689711486,4.035503138887388,4.211368999999998,4.230177,4.243932849062954,4.181102901997691,-0.03866833333333286,0.03866833333333286,-0.0038999999999997925,0.0038999999999997925,-0.03866833333333286,0.03866833333333286,0.004988544977257092,0.004988544977257092,0.008144025498522112,0.008144025498522112,0.06535968971148609,0.06535968971148609,-0.2208968611126121,0.2208968611126121,-0.045031000000002486,0.045031000000002486,-0.026222999999999885,0.026222999999999885,-0.012467150937045979,0.012467150937045979,-0.07529709800230933,0.07529709800230933
2025-05-14,2025-09-19,4.2455,4.2666,SMA,4.219098333333333,4.2455,4.219098333333333,4.259875350217518,4.255864257366234,4.321759689711486,4.0360746060893895,4.208874999999998,4.229249,4.24753039784083,4.167512042976944,-0.04750166666666722,0.04750166666666722,-0.021100000000000563,0.021100000000000563,-0.04750166666666722,0.04750166666666722,-0.006724649782482217,0.006724649782482217,-0.01073574263376642,0.01073574263376642,0.05515968971148588,0.05515968971148588,-0.2305253939106109,0.2305253939106109,-0.05772500000000225,0.05772500000000225,-0.037351000000000134,0.037351000000000134,-0.01906960215917053,0.01906960215917053,-0.09908795702305628,0.09908795702305628
2025-05-15,2025-09-22,4.2378,4.2645,SMA,4.220438333333333,4.2378,4.220438333333333,4.257772935911088,4.253968721184723,4.321759689711486,4.1220841555001835,4.2091369999999975,4.230454000000001,4.230663243226701,4.1671567282913475,-0.04406166666666689,0.04406166666666689,-0.026699999999999946,0.026699999999999946,-0.04406166666666689,0.04406166666666689,-0.006727064088911661,0.006727064088911661,-0.010531278815276934,0.010531278815276934,0.05725968971148632,0.05725968971148632,-0.14241584449981648,0.14241584449981648,-0.055363000000002494,0.055363000000002494,-0.03404599999999913,0.03404599999999913,-0.033836756773299115,0.033836756773299115,-0.09734327170865242,0.09734327170865242
2025-05-16,2025-09-23,4.2392,4.2552,SMA,4.2217883333333335,4.2392,4.2217883333333335,4.256004084871937,4.259481903165694,4.321759689711486,4.249679943133048,4.209980999999999,4.235951000000001,4.2379830916626275,4.181601619010682,-0.03341166666666684,0.03341166666666684,-0.016000000000000014,0.016000000000000014,-0.03341166666666684,0.03341166666666684,0.0008040848719366167,0.0008040848719366167,0.00428190316569399,0.00428190316569399,0.06655968971148596,0.06655968971148596,-0.005520056866952672,0.005520056866952672,-0.04521900000000123,0.04521900000000123,-0.019248999999999405,0.019248999999999405,-0.01721690833737277,0.01721690833737277,-0.07359838098931792,0.07359838098931792
2025-05-19,2025-09-24,4.2785,4.2676,SMA,4.223558333333333,4.2785,4.223558333333333,4.258146552979372,4.277488959428459,4.321759689711486,4.020210882204881,4.207567999999999,4.238016999999999,4.246242561992304,4.263351874324822,-0.04404166666666676,0.04404166666666676,0.010900000000000354,0.010900000000000354,-0.04404166666666676,0.04404166666666676,-0.009453447020628225,0.009453447020628225,0.009888959428459465,0.009888959428459465,0.054159689711486436,0.054159689711486436,-0.24738911779511863,0.24738911779511863,-0.06003200000000053,0.06003200000000053,-0.02958300000000058,0.02958300000000058,-0.02135743800769596,0.02135743800769596,-0.0042481256751774055,0.0042481256751774055
2025-05-20,2025-09-25,4.2497,4.2619,SMA,4.224878333333334,4.2497,4.224878333333334,4.2573421193622885,4.2694075871855155,4.321759689711486,4.170907999944086,4.2165029999999994,4.2366530000000004,4.224427655068932,4.1984412612057405,-0.037021666666666064,0.037021666666666064,-0.012199999999999989,0.012199999999999989,-0.037021666666666064,0.037021666666666064,-0.004557880637711342,0.004557880637711342,0.007507587185515696,0.007507587185515696,0.059859689711486475,0.059859689711486475,-0.09099200005591346,0.09099200005591346,-0.045397000000000354,0.045397000000000354,-0.025246999999999353,0.025246999999999353,-0.03747234493106788,0.03747234493106788,-0.06345873879425934,0.06345873879425934
2025-05-21,2025-09-26,4.2403,4.2668,SMA,4.226201666666666,4.2403,4.226201666666666,4.255719060375404,4.268977929358307,4.321759689711486,4.049967365515659,4.216566999999999,4.245427000000001,4.221599862327033,4.19592901205825,-0.040598333333333514,0.040598333333333514,-0.026499999999999524,0.026499999999999524,-0.040598333333333514,0.040598333333333514,-0.011080939624595665,0.011080939624595665,0.0021779293583072956,0.0021779293583072956,0.05495968971148635,0.05495968971148635,-0.21683263448434076,0.21683263448434076,-0.050233000000001304,0.050233000000001304,-0.021372999999998754,0.021372999999998754,-0.04520013767296671,0.04520013767296671,-0.07087098794174995,0.07087098794174995
2025-05-22,2025-09-29,4.2447,4.2688,SMA,4.228048333333333,4.2447,4.228048333333333,4.254669626053937,4.269547695627405,4.321759689711486,4.131786148248516,4.219881999999998,4.2359409999999995,4.241990780951727,4.2062821305267075,-0.040751666666666964,0.040751666666666964,-0.024099999999999788,0.024099999999999788,-0.040751666666666964,0.040751666666666964,-0.014130373946062313,0.014130373946062313,0.000747695627405065,0.000747695627405065,0.05295968971148657,0.05295968971148657,-0.13701385175148406,0.13701385175148406,-0.04891800000000135,0.04891800000000135,-0.032859000000000194,0.032859000000000194,-0.026809219048272936,0.026809219048272936,-0.06251786947329219,0.06251786947329219
2025-05-23,2025-09-30,4.2541,4.2692,SMA,4.22996,4.2541,4.22996,4.254615375953563,4.272383481635985,4.321759689711486,4.169078691718101,4.225865000000001,4.238039,4.228795917595152,4.225568572805713,-0.0392399999999995,0.0392399999999995,-0.015099999999999447,0.015099999999999447,-0.0392399999999995,0.0392399999999995,-0.0145846240464369,0.0145846240464369,0.0031834816359852525,0.0031834816359852525,0.05255968971148661,0.05255968971148661,-0.10012130828189836,0.10012130828189836,-0.04333499999999901,0.04333499999999901,-0.031160999999999994,0.031160999999999994,-0.04040408240484794,0.04040408240484794,-0.04363142719428659,0.04363142719428659
2025-05-26,2025-10-01,4.2514,4.2586,SMA,4.231865,4.2514,4.231865,4.254309149672271,4.285199067234438,4.321759689711486,4.107942378023161,4.235766999999998,4.23284,4.226230718692809,4.221876610327908,-0.026735000000000397,0.026735000000000397,-0.007200000000000095,0.007200000000000095,-0.026735000000000397,0.026735000000000397,-0.004290850327729245,0.004290850327729245,0.026599067234437612,0.026599067234437612,0.06315968971148589,0.06315968971148589,-0.15065762197683963,0.15065762197683963,-0.0228330000000021,0.0228330000000021,-0.025760000000000005,0.025760000000000005,-0.03236928130719097,0.03236928130719097,-0.03672338967209221,0.03672338967209221
2025-05-27,2025-10-02,4.2479,4.256,SMA,4.233371666666667,4.2479,4.233371666666667,4.253698754465388,4.285092487426738,4.321759689711486,4.229766657615145,4.240087,4.219268,4.2457313519714495,4.2318490886370945,-0.022628333333333472,0.022628333333333472,-0.008100000000000662,0.008100000000000662,-0.022628333333333472,0.022628333333333472,-0.002301245534612306,0.002301245534612306,0.029092487426737534,0.029092487426737534,0.06575968971148605,0.06575968971148605,-0.026233342384855085,0.026233342384855085,-0.015913000000000288,0.015913000000000288,-0.03673200000000065,0.03673200000000065,-0.010268648028550764,0.010268648028550764,-0.024150911362905703,0.024150911362905703
2025-05-28,2025-10-03,4.2447,4.2559,SMA,4.234405,4.2447,4.234405,4.252841730230589,4.283807709640592,4.321759689711486,4.2680483670815565,4.248633999999999,4.226821999999999,4.236543516924368,4.2294033512229445,-0.02149499999999982,0.02149499999999982,-0.011199999999999655,0.011199999999999655,-0.02149499999999982,0.02149499999999982,-0.003058269769410593,0.003058269769410593,0.027907709640592415,0.027907709640592415,0.0658596897114867,0.0658596897114867,0.012148367081556977,0.012148367081556977,-0.007266000000000439,0.007266000000000439,-0.02907800000000016,0.02907800000000016,-0.019356483075631203,0.019356483075631203,-0.026496648777055043,0.026496648777055043
2025-05-29,2025-10-06,4.2369,4.2521,SMA,4.23574,4.2369,4.23574,4.251323470208628,4.279840329938233,4.321759689711486,4.133691283763367,4.255545999999999,4.233608999999999,4.248217336593866,4.218170863607585,-0.016360000000000596,0.016360000000000596,-0.015200000000000102,0.015200000000000102,-0.016360000000000596,0.016360000000000596,-0.0007765297913726599,0.0007765297913726599,0.027740329938232833,0.027740329938232833,0.06965968971148584,0.06965968971148584,-0.11840871623663318,0.11840871623663318,0.003445999999998506,0.003445999999998506,-0.01849100000000181,0.01849100000000181,-0.0038826634061344123,0.0038826634061344123,-0.03392913639241524,0.03392913639241524
2025-05-30,2025-10-07,4.2507,4.2559,SMA,4.2373433333333335,4.2507,4.2373433333333335,4.25126409209352,4.289294275102767,4.321759689711486,4.192359771735192,4.255549999999999,4.226424000000001,4.262685693633787,4.242026837953065,-0.01855666666666611,0.01855666666666611,-0.005199999999999427,0.005199999999999427,-0.01855666666666611,0.01855666666666611,-0.004635907906479275,0.004635907906479275,0.0333942751027676,0.0333942751027676,0.0658596897114867,0.0658596897114867,-0.06354022826480765,0.06354022826480765,-0.00035000000000096065,0.00035000000000096065,-0.029475999999998947,0.029475999999998947,0.0067856936337875595,0.0067856936337875595,-0.01387316204693434,0.01387316204693434
2025-06-02,2025-10-08,4.2578,4.2533,SMA,4.238696666666667,4.2578,4.238696666666667,4.251886559513185,4.289733517450202,4.321759689711486,3.991758849119365,4.245884999999998,4.225874999999999,4.276446343390928,4.247864882457429,-0.014603333333333524,0.014603333333333524,0.004499999999999282,0.004499999999999282,-0.014603333333333524,0.014603333333333524,-0.0014134404868153538,0.0014134404868153538,0.036433517450201514,0.036433517450201514,0.06845968971148597,0.06845968971148597,-0.26154115088063534,0.26154115088063534,-0.007415000000002614,0.007415000000002614,-0.02742500000000092,0.02742500000000092,0.023146343390927804,0.023146343390927804,-0.005435117542571533,0.005435117542571533
2025-06-03,2025-10-09,4.2721,4.2569,SMA,4.2402983333333335,4.2721,4.2402983333333335,4.2538116490833575,4.293022753577076,4.321759689711486,4.124373484069505,4.237611,4.232714999999998,4.253947852623459,4.267740684831153,-0.016601666666666404,0.016601666666666404,0.015200000000000102,0.015200000000000102,-0.016601666666666404,0.016601666666666404,-0.0030883509166423906,0.0030883509166423906,0.03612275357707606,0.03612275357707606,0.06485968971148637,0.06485968971148637,-0.13252651593049514,0.13252651593049514,-0.019288999999999668,0.019288999999999668,-0.0241850000000019,0.0241850000000019,-0.0029521473765408146,0.0029521473765408146,0.010840684831153524,0.010840684831153524
2025-06-04,2025-10-10,4.2778,4.2583,SMA,4.241833333333334,4.2778,4.241833333333334,4.2560962539325615,4.293246850103795,4.321759689711486,4.277122594958136,4.237814000000001,4.2298480000000005,4.245409328166342,4.280766683478021,-0.016466666666666185,0.016466666666666185,0.01949999999999985,0.01949999999999985,-0.016466666666666185,0.016466666666666185,-0.002203746067438672,0.002203746067438672,0.03494685010379506,0.03494685010379506,0.06345968971148608,0.06345968971148608,0.018822594958136207,0.018822594958136207,-0.020485999999999116,0.020485999999999116,-0.0284519999999997,0.0284519999999997,-0.012890671833658551,0.012890671833658551,0.0224666834780205,0.0224666834780205
2025-06-05,2025-10-13,4.2791,4.2592,SMA,4.24319,4.2791,4.24319,4.258287086891365,4.295961031694265,4.321759689711486,4.226446074615745,4.237459,4.231426,4.244191027176064,4.293139534865372,-0.016009999999999636,0.016009999999999636,0.019899999999999807,0.019899999999999807,-0.016009999999999636,0.016009999999999636,-0.0009129131086345055,0.0009129131086345055,0.036761031694265256,0.036761031694265256,0.0625596897114864,0.0625596897114864,-0.032753925384255034,0.032753925384255034,-0.021740999999999566,0.021740999999999566,-0.027773999999999965,0.027773999999999965,-0.015008972823935984,0.015008972823935984,0.03393953486537171,0.03393953486537171
2025-06-06,2025-10-14,4.2881,4.2645,SMA,4.24463,4.2881,4.24463,4.261126411949331,4.3027776794832535,4.321759689711486,4.176002700137944,4.238412999999999,4.224906999999999,4.248702106273994,4.311153682564959,-0.019870000000000054,0.019870000000000054,0.023600000000000065,0.023600000000000065,-0.019870000000000054,0.019870000000000054,-0.0033735880506693405,0.0033735880506693405,0.03827767948325356,0.03827767948325356,0.05725968971148632,0.05725968971148632,-0.08849729986205634,0.08849729986205634,-0.026087000000001304,0.026087000000001304,-0.03959300000000088,0.03959300000000088,-0.01579789372600615,0.01579789372600615,0.046653682564959276,0.046653682564959276
2025-06-09,2025-10-15,4.2772,4.2556,SMA,4.245983333333333,4.2772,4.245983333333333,4.262657229858919,4.302414722866733,4.321759689711486,4.179639739067259,4.245166,4.221532999999999,4.251217619249913,4.285079134577896,-0.00961666666666705,0.00961666666666705,0.021599999999999397,0.021599999999999397,-0.00961666666666705,0.00961666666666705,0.007057229858919101,0.007057229858919101,0.04681472286673305,0.04681472286673305,0.066159689711486,0.066159689711486,-0.07596026093274144,0.07596026093274144,-0.010434000000000054,0.010434000000000054,-0.03406700000000118,0.03406700000000118,-0.004382380750087123,0.004382380750087123,0.02947913457789575,0.02947913457789575
2025-06-10,2025-10-16,4.2611,4.2517,SMA,4.247351666666666,4.2611,4.247351666666666,4.262508922253307,4.2997457782194335,4.321759689711486,4.2298517609166275,4.238169000000002,4.22276,4.234045718400233,4.259282559262996,-0.0043483333333336205,0.0043483333333336205,0.009400000000000297,0.009400000000000297,-0.0043483333333336205,0.0043483333333336205,0.01080892225330743,0.01080892225330743,0.0480457782194339,0.0480457782194339,0.07005968971148668,0.07005968971148668,-0.02184823908337208,0.02184823908337208,-0.01353099999999774,0.01353099999999774,-0.02893999999999952,0.02893999999999952,-0.017654281599766897,0.017654281599766897,0.007582559262996114,0.007582559262996114
2025-06-11,2025-10-17,4.2643,4.2565,SMA,4.248795,4.2643,4.248795,4.262679501086326,4.3004152570112515,4.321759689711486,4.280360030981723,4.244439000000002,4.2221139999999995,4.232330980357424,4.270065827827804,-0.007704999999999629,0.007704999999999629,0.007800000000000473,0.007800000000000473,-0.007704999999999629,0.007704999999999629,0.0061795010863257005,0.0061795010863257005,0.04391525701125154,0.04391525701125154,0.06525968971148632,0.06525968971148632,0.023860030981722957,0.023860030981722957,-0.012060999999998323,0.012060999999998323,-0.03438600000000047,0.03438600000000047,-0.024169019642576117,0.024169019642576117,0.013565827827804355,0.013565827827804355
2025-06-12,2025-10-20,4.2631,4.2396,SMA,4.25022,4.2631,4.25022,4.262719548601914,4.29748513024974,4.321759689711486,4.082197392992294,4.242821,4.225205,4.243551828197047,4.262590488086991,0.010619999999999408,0.010619999999999408,0.02349999999999941,0.02349999999999941,0.010619999999999408,0.010619999999999408,0.023119548601913564,0.023119548601913564,0.057885130249739625,0.057885130249739625,0.08215968971148602,0.08215968971148602,-0.15740260700770659,0.15740260700770659,0.0032209999999999184,0.0032209999999999184,-0.01439500000000038,0.01439500000000038,0.003951828197046758,0.003951828197046758,0.022990488086990446,0.022990488086990446
2025-06-13,2025-10-21,4.272,4.2392,SMA,4.251511666666667,4.272,4.251511666666667,4.2636034011160175,4.307541226097854,4.321759689711486,4.176163261455055,4.244820999999999,4.224872999999999,4.248435051505972,4.271001502763878,0.012311666666666277,0.012311666666666277,0.03279999999999994,0.03279999999999994,0.012311666666666277,0.012311666666666277,0.024403401116017243,0.024403401116017243,0.06834122609785354,0.06834122609785354,0.08255968971148597,0.08255968971148597,-0.06303673854494551,0.06303673854494551,0.005620999999998766,0.005620999999998766,-0.014327000000001533,0.014327000000001533,0.00923505150597137,0.00923505150597137,0.03180150276387739,0.03180150276387739
2025-06-16,2025-10-22,4.2612,4.2438,SMA,4.252578333333334,4.2612,4.252578333333334,4.263374505771635,4.3062825962640785,4.321759689711486,4.17835263987965,4.242893999999999,4.225696999999999,4.252446917155383,4.24828192466311,0.008778333333333777,0.008778333333333777,0.017399999999999416,0.017399999999999416,0.008778333333333777,0.008778333333333777,0.019574505771634776,0.019574505771634776,0.06248259626407826,0.06248259626407826,0.07795968971148604,0.07795968971148604,-0.06544736012035024,0.06544736012035024,-0.0009060000000014057,0.0009060000000014057,-0.01810300000000087,0.01810300000000087,0.00864691715538246,0.00864691715538246,0.004481924663109815,0.004481924663109815
2025-06-17,2025-10-23,4.275,4.2347,SMA,4.253863333333333,4.275,4.253863333333333,4.264481695698146,4.310021558338692,4.321759689711486,4.2043519507720974,4.244948999999999,4.218330999999999,4.2476021018613,4.277943522163884,0.0191633333333332,0.0191633333333332,0.040300000000000225,0.040300000000000225,0.0191633333333332,0.0191633333333332,0.029781695698146038,0.029781695698146038,0.07532155833869147,0.07532155833869147,0.08705968971148614,0.08705968971148614,-0.030348049227902685,0.030348049227902685,0.010248999999999064,0.010248999999999064,-0.016369000000000966,0.016369000000000966,0.012902101861300252,0.012902101861300252,0.04324352216388405,0.04324352216388405
2025-06-18,2025-10-24,4.2717,4.2353,SMA,4.255338333333333,4.2717,4.255338333333333,4.265169153250704,4.305280763435591,4.321759689711486,4.290215038961498,4.242086,4.215361999999999,4.241053252642428,4.269302313359688,0.020038333333332936,0.020038333333332936,0.03640000000000043,0.03640000000000043,0.020038333333332936,0.020038333333332936,0.029869153250704272,0.029869153250704272,0.06998076343559134,0.06998076343559134,0.08645968971148665,0.08645968971148665,0.0549150389614983,0.0549150389614983,0.006785999999999959,0.006785999999999959,-0.019938000000000677,0.019938000000000677,0.005753252642428208,0.005753252642428208,0.03400231335968851,0.03400231335968851
2025-06-20,2025-10-27,4.2709,4.2353,SMA,4.25708,4.2709,4.25708,4.265714948179208,4.307334586531978,4.321759689711486,4.260145495500958,4.240420000000001,4.226449999999998,4.235752587259813,4.274001492303912,0.021780000000000577,0.021780000000000577,0.03560000000000052,0.03560000000000052,0.021780000000000577,0.021780000000000577,0.030414948179208423,0.030414948179208423,0.07203458653197803,0.07203458653197803,0.08645968971148665,0.08645968971148665,0.024845495500958492,0.024845495500958492,0.005120000000001568,0.005120000000001568,-0.008850000000001579,0.008850000000001579,0.0004525872598133418,0.0004525872598133418,0.038701492303911955,0.038701492303911955
2025-06-23,2025-10-28,4.2727,4.2345,SMA,4.258815,4.2727,4.258815,4.26638019120976,4.310942248763184,4.321759689711486,4.419688228782277,4.23823,4.224578999999999,4.2255409177350005,4.274334636755979,0.02431500000000053,0.02431500000000053,0.03820000000000068,0.03820000000000068,0.02431500000000053,0.02431500000000053,0.031880191209760156,0.031880191209760156,0.0764422487631844,0.0764422487631844,0.08725968971148657,0.08725968971148657,0.1851882287822777,0.1851882287822777,0.003730000000000011,0.003730000000000011,-0.00992100000000029,0.00992100000000029,-0.008959082264999196,0.008959082264999196,0.039834636755979425,0.039834636755979425
2025-06-24,2025-10-29,4.2604,4.2374,SMA,4.259966666666666,4.2604,4.259966666666666,4.265810649189783,4.30881928464255,4.321759689711486,4.279801236761597,4.237595,4.230124,4.220070141871649,4.265755519175548,0.02256666666666618,0.02256666666666618,0.022999999999999687,0.022999999999999687,0.02256666666666618,0.02256666666666618,0.028410649189782866,0.028410649189782866,0.0714192846425501,0.0714192846425501,0.08435968971148622,0.08435968971148622,0.042401236761596905,0.042401236761596905,0.00019499999999972317,0.00019499999999972317,-0.00727600000000006,0.00727600000000006,-0.01732985812835075,0.01732985812835075,0.02835551917554824,0.02835551917554824
2025-06-25,2025-10-30,4.2479,4.2425,SMA,4.261066666666666,4.2479,4.261066666666666,4.26410487307647,4.301785427851093,4.321759689711486,4.400628301273569,4.233446999999999,4.231360000000001,4.228543538924061,4.230723154263386,0.01856666666666662,0.01856666666666662,0.005399999999999849,0.005399999999999849,0.01856666666666662,0.01856666666666662,0.021604873076470632,0.021604873076470632,0.05928542785109325,0.05928542785109325,0.07925968971148656,0.07925968971148656,0.15812830127356925,0.15812830127356925,-0.009053000000000644,0.009053000000000644,-0.011139999999998373,0.011139999999998373,-0.01395646107593862,0.01395646107593862,-0.011776845736613417,0.011776845736613417
2025-06-26,2025-10-31,4.2479,4.2543,SMA,4.262133333333334,4.2479,4.262133333333334,4.262561551831093,4.307580969436277,4.321759689711486,4.332320742711708,4.233134999999998,4.235455,4.232741542125094,4.226217554488714,0.007833333333334025,0.007833333333334025,-0.006400000000000183,0.006400000000000183,0.007833333333334025,0.007833333333334025,0.008261551831092895,0.008261551831092895,0.053280969436277026,0.053280969436277026,0.06745968971148653,0.06745968971148653,0.07802074271170856,0.07802074271170856,-0.021165000000001655,0.021165000000001655,-0.01884499999999978,0.01884499999999978,-0.021558457874905734,0.021558457874905734,-0.028082445511286025,0.028082445511286025
2025-06-27,2025-11-03,4.2362,4.2527,SMA,4.26304,4.2362,4.26304,4.260050927847179,4.296313950539862,4.321759689711486,4.265531444448324,4.221540999999998,4.224669000000001,4.203365667260935,4.209352901116979,0.010340000000000238,0.010340000000000238,-0.016499999999999737,0.016499999999999737,0.010340000000000238,0.010340000000000238,0.007350927847179278,0.007350927847179278,0.0436139505398625,0.0436139505398625,0.06905968971148635,0.06905968971148635,0.012831444448323737,0.012831444448323737,-0.03115900000000149,0.03115900000000149,-0.028030999999998585,0.028030999999998585,-0.049334332739064735,0.049334332739064735,-0.043347098883020685,0.043347098883020685
2025-06-30,2025-11-04,4.2419,4.2575,SMA,4.264081666666667,4.2419,4.264081666666667,4.2583222680522095,4.301157324589731,4.321759689711486,4.426652725126018,4.198084999999999,4.213569,4.177402786322543,4.2213586408391786,0.006581666666666486,0.006581666666666486,-0.015600000000000058,0.015600000000000058,0.006581666666666486,0.006581666666666486,0.0008222680522091963,0.0008222680522091963,0.043657324589730706,0.043657324589730706,0.06425968971148599,0.06425968971148599,0.16915272512601742,0.16915272512601742,-0.05941500000000133,0.05941500000000133,-0.04393100000000061,0.04393100000000061,-0.08009721367745737,0.08009721367745737,-0.03614135916082173,0.03614135916082173
2025-07-01,2025-11-05,4.2415,4.2597,SMA,4.2651216666666665,4.2415,4.2651216666666665,4.256720147285332,4.313395632427576,4.321759689711486,4.4070178869661305,4.202024,4.216437000000001,4.192271502083189,4.216256455944111,0.00542166666666688,0.00542166666666688,-0.018199999999999328,0.018199999999999328,0.00542166666666688,0.00542166666666688,-0.002979852714667608,0.002979852714667608,0.053695632427576356,0.053695632427576356,0.062059689711486676,0.062059689711486676,0.1473178869661309,0.1473178869661309,-0.05767599999999984,0.05767599999999984,-0.04326299999999872,0.04326299999999872,-0.06742849791681049,0.06742849791681049,-0.04344354405588824,0.04344354405588824
2025-07-02,2025-11-06,4.25,4.2566,SMA,4.265283333333333,4.25,4.265283333333333,4.256080133258157,4.318798994634934,4.321759689711486,4.262740301487949,4.223941,4.224877,4.18199575149692,4.2442225788143935,0.008683333333332932,0.008683333333332932,-0.006599999999999717,0.006599999999999717,0.008683333333332932,0.008683333333332932,-0.0005198667418424563,0.0005198667418424563,0.062198994634933946,0.062198994634933946,0.06515968971148656,0.06515968971148656,0.006140301487949529,0.006140301487949529,-0.03265899999999977,0.03265899999999977,-0.0317229999999995,0.0317229999999995,-0.07460424850307934,0.07460424850307934,-0.012377421185606252,0.012377421185606252
2025-07-03,2025-11-07,4.2634,4.2483,SMA,4.264715,4.2634,4.264715,4.256777263424047,4.316952138121488,4.321759689711486,4.36026178718141,4.196007,4.225713000000002,4.195069287792927,4.263576949824134,0.016414999999999402,0.016414999999999402,0.015099999999999447,0.015099999999999447,0.016414999999999402,0.016414999999999402,0.0084772634240462,0.0084772634240462,0.06865213812148774,0.06865213812148774,0.07345968971148586,0.07345968971148586,0.11196178718140981,0.11196178718140981,-0.05229300000000059,0.05229300000000059,-0.022586999999998802,0.022586999999998802,-0.05323071220707298,0.05323071220707298,0.01527694982413319,0.01527694982413319
2025-07-04,2025-11-10,4.2515,4.2351,SMA,4.263996666666666,4.2515,4.263996666666666,4.256274666907471,4.3159104140383535,4.321759689711486,4.413232487563517,4.1970730000000005,4.230234000000001,4.1979454706088415,4.234844989090486,0.02889666666666635,0.02889666666666635,0.01639999999999997,0.01639999999999997,0.02889666666666635,0.02889666666666635,0.02117466690747083,0.02117466690747083,0.08081041403835343,0.08081041403835343,0.08665968971148619,0.08665968971148619,0.1781324875635173,0.1781324875635173,-0.03802699999999959,0.03802699999999959,-0.004865999999998927,0.004865999999998927,-0.0371545293911586,0.0371545293911586,-0.00025501090951429717,0.00025501090951429717
2025-07-07,2025-11-12,4.2524,4.2312,SMA,4.263506666666666,4.2524,4.263506666666666,4.255905651011521,4.318586324208008,4.321759689711486,4.338346667173593,4.191663,4.219499,4.1959877287422795,4.248566289832626,0.03230666666666604,0.03230666666666604,0.02119999999999944,0.02119999999999944,0.03230666666666604,0.03230666666666604,0.024705651011521113,0.024705651011521113,0.08738632420800752,0.08738632420800752,0.09055968971148598,0.09055968971148598,0.107146667173593,0.107146667173593,-0.039537000000000155,0.039537000000000155,-0.011701000000000406,0.011701000000000406,-0.03521227125772075,0.03521227125772075,0.017366289832625448,0.017366289832625448
2025-07-08,2025-11-13,4.2455,4.2304,SMA,4.263191666666667,4.2455,4.263191666666667,4.254914636629472,4.310482336555276,4.321759689711486,4.328157853221394,4.191258,4.234547000000001,4.193555131003036,4.236247001795886,0.03279166666666633,0.03279166666666633,0.015099999999999447,0.015099999999999447,0.03279166666666633,0.03279166666666633,0.02451463662947173,0.02451463662947173,0.08008233655527519,0.08008233655527519,0.09135968971148589,0.09135968971148589,0.09775785322139363,0.09775785322139363,-0.03914200000000001,0.03914200000000001,0.004147000000000567,0.004147000000000567,-0.036844868996964486,0.036844868996964486,0.005847001795885376,0.005847001795885376
2025-07-09,2025-11-14,4.2399,4.2274,SMA,4.2622366666666665,4.2399,4.2622366666666665,4.253484671236189,4.305272957480706,4.321759689711486,4.385297060048884,4.192885999999999,4.226039000000001,4.198301796719088,4.2374077564246155,0.03483666666666618,0.03483666666666618,0.01249999999999929,0.01249999999999929,0.03483666666666618,0.03483666666666618,0.026084671236188406,0.026084671236188406,0.07787295748070555,0.07787295748070555,0.094359689711486,0.094359689711486,0.15789706004888338,0.15789706004888338,-0.03451400000000149,0.03451400000000149,-0.0013609999999992795,0.0013609999999992795,-0.029098203280912394,0.029098203280912394,0.010007756424615266,0.010007756424615266
2025-07-10,2025-11-17,4.2464,4.2231,SMA,4.261716666666667,4.2464,4.261716666666667,4.2528099406422655,4.317666896744397,4.321759689711486,4.326909107481481,4.191402999999999,4.222362,4.193149829887152,4.270931211515591,0.038616666666666966,0.038616666666666966,0.023300000000000765,0.023300000000000765,0.038616666666666966,0.038616666666666966,0.029709940642265842,0.029709940642265842,0.09456689674439733,0.09456689674439733,0.09865968971148664,0.09865968971148664,0.10380910748148153,0.10380910748148153,-0.03169700000000031,0.03169700000000031,-0.0007379999999992393,0.0007379999999992393,-0.02995017011284773,0.02995017011284773,0.04783121151559122,0.04783121151559122
2025-07-11,2025-11-18,4.2563,4.2331,SMA,4.261376666666667,4.2563,4.261376666666667,4.253142327247764,4.321249711102846,4.321759689711486,4.379614137519165,4.189961999999997,4.226137999999999,4.2057557264542105,4.292943138518769,0.028276666666666728,0.028276666666666728,0.02320000000000011,0.02320000000000011,0.028276666666666728,0.028276666666666728,0.020042327247764113,0.020042327247764113,0.08814971110284553,0.08814971110284553,0.08865968971148597,0.08865968971148597,0.14651413751916476,0.14651413751916476,-0.04313800000000345,0.04313800000000345,-0.006962000000001467,0.006962000000001467,-0.027344273545789832,0.027344273545789832,0.05984313851876877,0.05984313851876877
2025-07-14,2025-11-19,4.2614,4.2424,SMA,4.260678333333334,4.2614,4.260678333333334,4.253928772271786,4.3280490982805695,4.321759689711486,4.393416636217634,4.188792999999999,4.241136000000001,4.208689884051998,4.2976655576025315,0.01827833333333384,0.01827833333333384,0.019000000000000128,0.019000000000000128,0.01827833333333384,0.01827833333333384,0.01152877227178628,0.01152877227178628,0.08564909828056955,0.08564909828056955,0.07935968971148633,0.07935968971148633,0.1510166362176344,0.1510166362176344,-0.05360700000000129,0.05360700000000129,-0.0012639999999990437,0.0012639999999990437,-0.03371011594800155,0.03371011594800155,0.0552655576025316,0.0552655576025316
2025-07-15,2025-11-20,4.2538,4.2289,SMA,4.26011,4.2538,4.26011,4.253916508245902,4.328452521452337,4.321759689711486,4.4283938069777,4.186941999999998,4.240874,4.201083360214808,4.287433462249844,0.031209999999999738,0.031209999999999738,0.0248999999999997,0.0248999999999997,0.031209999999999738,0.031209999999999738,0.025016508245901292,0.025016508245901292,0.0995525214523365,0.0995525214523365,0.09285968971148595,0.09285968971148595,0.19949380697769925,0.19949380697769925,-0.04195800000000194,0.04195800000000194,0.011973999999999485,0.011973999999999485,-0.027816639785192443,0.027816639785192443,0.05853346224984346,0.05853346224984346
2025-07-16,2025-11-21,4.2585,4.2489,SMA,4.259713333333333,4.2585,4.259713333333333,4.254353031270101,4.3310953221647095,4.321759689711486,4.403106785026572,4.187223999999998,4.247267000000001,4.200678828269102,4.297732324689156,0.01081333333333312,0.01081333333333312,0.009599999999999831,0.009599999999999831,0.01081333333333312,0.01081333333333312,0.005453031270101327,0.005453031270101327,0.0821953221647096,0.0821953221647096,0.07285968971148638,0.07285968971148638,0.15420678502657204,0.15420678502657204,-0.06167600000000206,0.06167600000000206,-0.0016329999999991074,0.0016329999999991074,-0.048221171730897794,0.048221171730897794,0.04883232468915644,0.04883232468915644
2025-07-17,2025-11-24,4.2559,4.2345,SMA,4.25931,4.2559,4.25931,4.25450036162533,4.3353725209047465,4.321759689711486,4.384845108028324,4.183511999999998,4.250488000000001,4.215054723384991,4.295477537340107,0.024810000000000443,0.024810000000000443,0.021399999999999864,0.021399999999999864,0.024810000000000443,0.024810000000000443,0.020000361625330143,0.020000361625330143,0.10087252090474674,0.10087252090474674,0.08725968971148657,0.08725968971148657,0.15034510802832468,0.15034510802832468,-0.05098800000000203,0.05098800000000203,0.015988000000001,0.015988000000001,-0.01944527661500839,0.01944527661500839,0.06097753734010691,0.06097753734010691
2025-07-18,2025-11-25,4.2509,4.2301,SMA,4.25867,4.2509,4.25867,4.254157470041965,4.329685718918365,4.321759689711486,4.520415171097106,4.186564999999998,4.248131000000001,4.208140276898108,4.282858692072824,0.028570000000000206,0.028570000000000206,0.020799999999999486,0.020799999999999486,0.028570000000000206,0.028570000000000206,0.024057470041964457,0.024057470041964457,0.0995857189183651,0.0995857189183651,0.09165968971148608,0.09165968971148608,0.2903151710971059,0.2903151710971059,-0.0435350000000021,0.0435350000000021,0.018031000000000574,0.018031000000000574,-0.02195972310189198,0.02195972310189198,0.0527586920728238,0.0527586920728238
2025-07-21,2025-11-26,4.2445,4.233,SMA,4.258096666666667,4.2445,4.258096666666667,4.253237710990349,4.332443149424698,4.321759689711486,4.442007839839557,4.187211999999999,4.248696000000001,4.210051732026732,4.253034214229358,0.02509666666666721,0.02509666666666721,0.011500000000000732,0.011500000000000732,0.02509666666666721,0.02509666666666721,0.0202377109903491,0.0202377109903491,0.09944314942469834,0.09944314942469834,0.08875968971148662,0.08875968971148662,0.20900783983955762,0.20900783983955762,-0.04578800000000083,0.04578800000000083,0.015696000000001042,0.015696000000001042,-0.02294826797326799,0.02294826797326799,0.020034214229358582,0.020034214229358582
2025-07-22,2025-11-27,4.2531,4.227,SMA,4.257835,4.2531,4.257835,4.253224595657935,4.337311196028592,4.321759689711486,4.425431164903591,4.184155999999998,4.250595000000002,4.220102400071351,4.277253723375754,0.030834999999999724,0.030834999999999724,0.026099999999999568,0.026099999999999568,0.030834999999999724,0.030834999999999724,0.026224595657934557,0.026224595657934557,0.11031119602859185,0.11031119602859185,0.09475968971148596,0.09475968971148596,0.19843116490359058,0.19843116490359058,-0.042844000000002325,0.042844000000002325,0.02359500000000203,0.02359500000000203,-0.006897599928649356,0.006897599928649356,0.05025372337575362,0.05025372337575362
2025-07-23,2025-11-28,4.2544,4.2369,SMA,4.257465,4.2544,4.257465,4.253336538928608,4.327070019210794,4.321759689711486,4.391740513732594,4.172902999999997,4.255952000000001,4.226889370230394,4.29232842908001,0.0205649999999995,0.0205649999999995,0.01750000000000007,0.01750000000000007,0.0205649999999995,0.0205649999999995,0.01643653892860808,0.01643653892860808,0.09017001921079348,0.09017001921079348,0.08485968971148594,0.08485968971148594,0.15484051373259344,0.15484051373259344,-0.06399700000000319,0.06399700000000319,0.01905200000000029,0.01905200000000029,-0.010010629769606538,0.010010629769606538,0.05542842908000978,0.05542842908000978
2025-07-24,2025-12-01,4.2514,4.2286,SMA,4.257245,4.2514,4.257245,4.253152106649693,4.314422684792914,4.321759689711486,4.4312719283509665,4.172414999999998,4.256571000000001,4.207056660045514,4.289940273546287,0.02864500000000003,0.02864500000000003,0.022800000000000153,0.022800000000000153,0.02864500000000003,0.02864500000000003,0.02455210664969254,0.02455210664969254,0.08582268479291422,0.08582268479291422,0.09315968971148614,0.09315968971148614,0.20267192835096637,0.20267192835096637,-0.05618500000000193,0.05618500000000193,0.027971000000000856,0.027971000000000856,-0.021543339954486207,0.021543339954486207,0.06134027354628646,0.06134027354628646
2025-07-25,2025-12-02,4.2544,4.239,SMA,4.256855,4.2544,4.256855,4.253270953635436,4.320765268129834,4.321759689711486,4.4282487202985354,4.172933999999999,4.257533000000001,4.209830179317503,4.305130401599662,0.017854999999999954,0.017854999999999954,0.015400000000000524,0.015400000000000524,0.017854999999999954,0.017854999999999954,0.014270953635436179,0.014270953635436179,0.08176526812983376,0.08176526812983376,0.0827596897114864,0.0827596897114864,0.18924872029853557,0.18924872029853557,-0.06606600000000107,0.06606600000000107,0.018533000000001465,0.018533000000001465,-0.029169820682496628,0.029169820682496628,0.06613040159966221,0.06613040159966221
2025-07-28,2025-12-03,4.2565,4.2312,SMA,4.256546666666667,4.2565,4.256546666666667,4.253578481860632,4.32354737502402,4.321759689711486,4.4203178389122035,4.173531,4.262371000000002,4.207500541684848,4.3123808419828995,0.02534666666666663,0.02534666666666663,0.025299999999999656,0.025299999999999656,0.02534666666666663,0.02534666666666663,0.02237848186063207,0.02237848186063207,0.09234737502402002,0.09234737502402002,0.09055968971148598,0.09055968971148598,0.18911783891220324,0.18911783891220324,-0.057669000000000636,0.057669000000000636,0.031171000000001392,0.031171000000001392,-0.023699458315152633,0.023699458315152633,0.08118084198289921,0.08118084198289921
2025-07-29,2025-12-04,4.2737,4.2299,SMA,4.256508333333334,4.2737,4.256508333333334,4.255494816921525,4.333142803467571,4.321759689711486,4.430078566878421,4.179291,4.261272000000002,4.220359858316686,4.345824810599299,0.02660833333333379,0.02660833333333379,0.04380000000000006,0.04380000000000006,0.02660833333333379,0.02660833333333379,0.025594816921524988,0.025594816921524988,0.10324280346757142,0.10324280346757142,0.0918596897114865,0.0918596897114865,0.20017856687842084,0.20017856687842084,-0.05060899999999968,0.05060899999999968,0.031372000000001954,0.031372000000001954,-0.009540141683313408,0.009540141683313408,0.11592481059929938,0.11592481059929938
2025-07-30,2025-12-05,4.2732,4.2321,SMA,4.256385,4.2732,4.256385,4.257181024833761,4.3340967807779665,4.321759689711486,4.388080501775477,4.173852999999999,4.262751000000003,4.220074783455281,4.352053881828722,0.02428499999999989,0.02428499999999989,0.041100000000000136,0.041100000000000136,0.02428499999999989,0.02428499999999989,0.025081024833760956,0.025081024833760956,0.10199678077796648,0.10199678077796648,0.0896596897114863,0.0896596897114863,0.15598050177547673,0.15598050177547673,-0.058247000000000604,0.058247000000000604,0.030651000000003314,0.030651000000003314,-0.012025216544718553,0.012025216544718553,0.1199538818287218,0.1199538818287218
2025-07-31,2025-12-08,4.2661,4.2289,SMA,4.256225,4.2661,4.256225,4.258030451040069,4.330412781365714,4.321759689711486,4.387795603835577,4.180013999999999,4.263262000000003,4.217618180346189,4.34305016882298,0.027324999999999378,0.027324999999999378,0.037199999999999456,0.037199999999999456,0.027324999999999378,0.027324999999999378,0.029130451040068728,0.029130451040068728,0.10151278136571396,0.10151278136571396,0.09285968971148595,0.09285968971148595,0.15889560383557644,0.15889560383557644,-0.04888600000000132,0.04888600000000132,0.034362000000002446,0.034362000000002446,-0.01128181965381092,0.01128181965381092,0.11415016882298001,0.11415016882298001
2025-08-01,2025-12-09,4.2813,4.234,SMA,4.256390000000001,4.2813,4.256390000000001,4.260246598560062,4.326934500715323,4.321759689711486,4.3793970456202915,4.184851,4.257337,4.2159983854842675,4.374911654883369,0.022390000000000576,0.022390000000000576,0.0472999999999999,0.0472999999999999,0.022390000000000576,0.022390000000000576,0.026246598560062395,0.026246598560062395,0.09293450071532305,0.09293450071532305,0.08775968971148629,0.08775968971148629,0.14539704562029154,0.14539704562029154,-0.04914899999999989,0.04914899999999989,0.02333699999999972,0.02333699999999972,-0.018001614515732456,0.018001614515732456,0.14091165488336888,0.14091165488336888
2025-08-04,2025-12-10,4.2734,4.2274,SMA,4.256923333333333,4.2734,4.256923333333333,4.261499303459104,4.324599616379132,4.321759689711486,4.309617907916985,4.184079999999999,4.253876000000002,4.220617147839846,4.357360750228257,0.02952333333333268,0.02952333333333268,0.045999999999999375,0.045999999999999375,0.02952333333333268,0.02952333333333268,0.0340993034591035,0.0340993034591035,0.09719961637913155,0.09719961637913155,0.094359689711486,0.094359689711486,0.08221790791698513,0.08221790791698513,-0.04332000000000136,0.04332000000000136,0.0264760000000015,0.0264760000000015,-0.006782852160154285,0.006782852160154285,0.12996075022825693,0.12996075022825693
2025-08-05,2025-12-11,4.2763,4.2284,SMA,4.257633333333334,4.2763,4.257633333333334,4.262908893605856,4.329448560027295,4.321759689711486,4.245582328933572,4.185082,4.2594340000000015,4.219126609560524,4.37204591277086,0.02923333333333389,0.02923333333333389,0.047900000000000276,0.047900000000000276,0.02923333333333389,0.02923333333333389,0.03450889360585663,0.03450889360585663,0.10104856002729523,0.10104856002729523,0.09335968971148656,0.09335968971148656,0.017182328933571966,0.017182328933571966,-0.0433179999999993,0.0433179999999993,0.031034000000001782,0.031034000000001782,-0.009273390439475726,0.009273390439475726,0.14364591277086003,0.14364591277086003
2025-08-06,2025-12-12,4.282,4.2271,SMA,4.258125,4.282,4.258125,4.264727094214821,4.328732815418517,4.321759689711486,4.2555672620307705,4.1861479999999975,4.2605580000000005,4.215782151464792,4.377376166743929,0.031024999999999636,0.031024999999999636,0.05489999999999995,0.05489999999999995,0.031024999999999636,0.031024999999999636,0.037627094214821355,0.037627094214821355,0.1016328154185171,0.1016328154185171,0.0946596897114862,0.0946596897114862,0.028467262030770435,0.028467262030770435,-0.04095200000000254,0.04095200000000254,0.03345800000000043,0.03345800000000043,-0.011317848535208341,0.011317848535208341,0.15027616674392874,0.15027616674392874
2025-08-07,2025-12-15,4.2618,4.2192,SMA,4.258396666666666,4.2618,4.258396666666666,4.26444832333722,4.314550900347097,4.321759689711486,4.390309129740399,4.191484,4.258508000000001,4.216159975466684,4.329509784338223,0.039196666666666324,0.039196666666666324,0.04260000000000019,0.04260000000000019,0.039196666666666324,0.039196666666666324,0.045248323337220064,0.045248323337220064,0.09535090034709715,0.09535090034709715,0.10255968971148643,0.10255968971148643,0.17110912974039927,0.17110912974039927,-0.027715999999999852,0.027715999999999852,0.03930800000000101,0.03930800000000101,-0.003040024533316199,0.003040024533316199,0.1103097843382228,0.1103097843382228
2025-08-08,2025-12-16,4.2566,4.2239,SMA,4.25871,4.2566,4.25871,4.263700863971771,4.312959229965519,4.321759689711486,4.362402676014876,4.191163999999999,4.260278000000002,4.209873270446461,4.3207149177403466,0.03480999999999934,0.03480999999999934,0.032699999999999285,0.032699999999999285,0.03480999999999934,0.03480999999999934,0.039800863971770184,0.039800863971770184,0.0890592299655184,0.0890592299655184,0.09785968971148584,0.09785968971148584,0.13850267601487598,0.13850267601487598,-0.03273600000000165,0.03273600000000165,0.0363780000000018,0.0363780000000018,-0.014026729553539674,0.014026729553539674,0.09681491774034612,0.09681491774034612
2025-08-11,2025-12-17,4.2533,4.2149,SMA,4.258945,4.2533,4.258945,4.262710305498269,4.313312302853232,4.321759689711486,4.226308162479642,4.188286,4.261206000000001,4.210388221286705,4.3268165754577455,0.04404499999999967,0.04404499999999967,0.03840000000000021,0.03840000000000021,0.04404499999999967,0.04404499999999967,0.04781030549826859,0.04781030549826859,0.09841230285323199,0.09841230285323199,0.10685968971148618,0.10685968971148618,0.011408162479641604,0.011408162479641604,-0.02661400000000036,0.02661400000000036,0.04630600000000129,0.04630600000000129,-0.004511778713294667,0.004511778713294667,0.11191657545774536,0.11191657545774536
2025-08-12,2025-12-18,4.2626,4.2076,SMA,4.25868,4.2626,4.25868,4.26269980021272,4.316778686806527,4.321759689711486,4.2576564995720885,4.192742999999998,4.260560000000001,4.212098207992988,4.362772209186215,0.05107999999999979,0.05107999999999979,0.054999999999999716,0.054999999999999716,0.05107999999999979,0.05107999999999979,0.05509980021271943,0.05509980021271943,0.1091786868065272,0.1091786868065272,0.11415968971148605,0.11415968971148605,0.05005649957208824,0.05005649957208824,-0.014857000000001896,0.014857000000001896,0.05296000000000056,0.05296000000000056,0.004498207992988057,0.004498207992988057,0.15517220918621444,0.15517220918621444
2025-08-13,2025-12-19,4.2586,4.2094,SMA,4.258828333333333,4.2586,4.258828333333333,4.262309343049603,4.318470751631107,4.321759689711486,4.280097663199702,4.194129,4.260666000000002,4.2146952388335714,4.3497949681226045,0.049428333333333185,0.049428333333333185,0.0492000000000008,0.0492000000000008,0.049428333333333185,0.049428333333333185,0.052909343049603486,0.052909343049603486,0.10907075163110758,0.10907075163110758,0.11235968971148669,0.11235968971148669,0.07069766319970228,0.07069766319970228,-0.015270999999999368,0.015270999999999368,0.0512660000000027,0.0512660000000027,0.005295238833571858,0.005295238833571858,0.14039496812260488,0.14039496812260488
2025-08-14,2025-12-22,4.2639,4.2115,SMA,4.259221666666667,4.2639,4.259221666666667,4.262460834187737,4.32815833791318,4.321759689711486,4.2876535218869485,4.196163,4.254673,4.217990304127667,4.361440242922425,0.047721666666666884,0.047721666666666884,0.05239999999999956,0.05239999999999956,0.047721666666666884,0.047721666666666884,0.05096083418773656,0.05096083418773656,0.11665833791318025,0.11665833791318025,0.11025968971148625,0.11025968971148625,0.07615352188694846,0.07615352188694846,-0.015336999999999712,0.015336999999999712,0.04317300000000035,0.04317300000000035,0.006490304127667379,0.006490304127667379,0.14994024292242525,0.14994024292242525
2025-08-18,2025-12-23,4.2558,4.2274,SMA,4.259406666666667,4.2558,4.259406666666667,4.261826469027,4.325680982890129,4.321759689711486,4.380533649503067,4.197855999999999,4.253766000000002,4.221108880223859,4.330035553631104,0.03200666666666674,0.03200666666666674,0.028399999999999537,0.028399999999999537,0.03200666666666674,0.03200666666666674,0.03442646902699931,0.03442646902699931,0.09828098289012832,0.09828098289012832,0.094359689711486,0.094359689711486,0.15313364950306685,0.15313364950306685,-0.029544000000001347,0.029544000000001347,0.02636600000000211,0.02636600000000211,-0.006291119776141052,0.006291119776141052,0.10263555363110388,0.10263555363110388
2025-08-19,2025-12-29,4.242,4.2274,SMA,4.259205,4.242,4.259205,4.259938233881571,4.3195516129758476,4.321759689711486,4.358100420989604,4.197147999999999,4.2571540000000025,4.210403442583059,4.287600224400159,0.03180499999999942,0.03180499999999942,0.014599999999999724,0.014599999999999724,0.03180499999999942,0.03180499999999942,0.03253823388157073,0.03253823388157073,0.09215161297584729,0.09215161297584729,0.094359689711486,0.094359689711486,0.1307004209896041,0.1307004209896041,-0.030252000000000834,0.030252000000000834,0.02975400000000228,0.02975400000000228,-0.01699655741694084,0.01699655741694084,0.06020022440015893,0.06020022440015893
2025-08-20,2025-12-30,4.2524,4.2293,SMA,4.259221666666667,4.2524,4.259221666666667,4.259220306845231,4.3277183958419645,4.321759689711486,4.320681771602689,4.194851999999998,4.257036000000003,4.212745569498643,4.327561902868593,0.029921666666666624,0.029921666666666624,0.023099999999999454,0.023099999999999454,0.029921666666666624,0.029921666666666624,0.029920306845230726,0.029920306845230726,0.09841839584196421,0.09841839584196421,0.09245968971148599,0.09245968971148599,0.09138177160268857,0.09138177160268857,-0.03444800000000203,0.03444800000000203,0.027736000000002647,0.027736000000002647,-0.01655443050135741,0.01655443050135741,0.09826190286859315,0.09826190286859315
2025-08-21,2025-12-31,4.2521,4.2267,SMA,4.259291666666667,4.2521,4.259291666666667,4.25854218238378,4.322175186424381,4.321759689711486,4.213442887759946,4.196407999999997,4.250180000000003,4.212899094498129,4.3263667012937175,0.032591666666666796,0.032591666666666796,0.02540000000000031,0.02540000000000031,0.032591666666666796,0.032591666666666796,0.031842182383780226,0.031842182383780226,0.09547518642438124,0.09547518642438124,0.09505968971148615,0.09505968971148615,-0.013257112240053992,0.013257112240053992,-0.030292000000002872,0.030292000000002872,0.023480000000002832,0.023480000000002832,-0.013800905501871519,0.013800905501871519,0.09966670129371735,0.09966670129371735
2025-08-22,2026-01-02,4.267,4.2156,SMA,4.259663333333333,4.267,4.259663333333333,4.2593476888234205,4.311825516985634,4.321759689711486,4.317902970151359,4.1917029999999995,4.233475000000001,4.176446356237057,4.335966820389085,0.0440633333333329,0.0440633333333329,0.05140000000000011,0.05140000000000011,0.0440633333333329,0.0440633333333329,0.04374768882342028,0.04374768882342028,0.09622551698563342,0.09622551698563342,0.10615968971148604,0.10615968971148604,0.10230297015135914,0.10230297015135914,-0.023897000000000723,0.023897000000000723,0.017875000000000973,0.017875000000000973,-0.03915364376294317,0.03915364376294317,0.12036682038908442,0.12036682038908442
2025-08-25,2026-01-05,4.2627,4.211,SMA,4.260093333333334,4.2627,4.260093333333334,4.259666956554523,4.3112162430482215,4.321759689711486,4.3657072829658805,4.191670999999999,4.238891,4.18512822391358,4.312758203484224,0.04909333333333343,0.04909333333333343,0.05169999999999941,0.05169999999999941,0.04909333333333343,0.04909333333333343,0.04866695655452258,0.04866695655452258,0.10021624304822119,0.10021624304822119,0.11075968971148598,0.11075968971148598,0.1547072829658802,0.1547072829658802,-0.019329000000001706,0.019329000000001706,0.027890999999999444,0.027890999999999444,-0.02587177608642044,0.02587177608642044,0.10175820348422349,0.10175820348422349
2025-08-26,2026-01-07,4.2657,4.2105,SMA,4.260343333333333,4.2657,4.260343333333333,4.260241532120759,4.3139576718503125,4.321759689711486,4.07300350691212,4.187746,4.241175000000001,4.1822577172713435,4.284939536847009,0.04984333333333346,0.04984333333333346,0.05520000000000014,0.05520000000000014,0.04984333333333346,0.04984333333333346,0.04974153212075905,0.04974153212075905,0.10345767185031285,0.10345767185031285,0.11125968971148659,0.11125968971148659,-0.13749649308787948,0.13749649308787948,-0.02275399999999994,0.02275399999999994,0.03067500000000134,0.03067500000000134,-0.028242282728656143,0.028242282728656143,0.07443953684700944,0.07443953684700944
2025-08-27,2026-01-08,4.2639,4.2119,SMA,4.260445,4.2639,4.260445,4.260589957633068,4.312073645888229,4.321759689711486,4.153994496169247,4.1859720000000005,4.240676999999999,4.184669333091222,4.313642942205451,0.04854499999999984,0.04854499999999984,0.0519999999999996,0.0519999999999996,0.04854499999999984,0.04854499999999984,0.04868995763306838,0.04868995763306838,0.10017364588822897,0.10017364588822897,0.1098596897114863,0.1098596897114863,-0.05790550383075299,0.05790550383075299,-0.025927999999999507,0.025927999999999507,0.028776999999998942,0.028776999999998942,-0.02723066690877829,0.02723066690877829,0.10174294220545121,0.10174294220545121
2025-08-28,2026-01-09,4.2681,4.2127,SMA,4.260378333333334,4.2681,4.260378333333334,4.261305199763251,4.310700432387086,4.321759689711486,4.222504524276449,4.185082999999999,4.245624000000001,4.178366532748621,4.288141696987656,0.04767833333333371,0.04767833333333371,0.05539999999999967,0.05539999999999967,0.04767833333333371,0.04767833333333371,0.048605199763251505,0.048605199763251505,0.098000432387086,0.098000432387086,0.10905968971148639,0.10905968971148639,0.009804524276448845,0.009804524276448845,-0.027617000000001113,0.027617000000001113,0.032924000000001286,0.032924000000001286,-0.03433346725137909,0.03433346725137909,0.07544169698765568,0.07544169698765568
2025-08-29,2026-01-12,4.2684,4.2097,SMA,4.260221666666666,4.2684,4.260221666666666,4.261980895023894,4.310648533106755,4.321759689711486,4.172004062917734,4.185300999999999,4.244772,4.17865250070822,4.331352025847442,0.050521666666666576,0.050521666666666576,0.058699999999999974,0.058699999999999974,0.050521666666666576,0.050521666666666576,0.05228089502389466,0.05228089502389466,0.100948533106755,0.100948533106755,0.1120596897114865,0.1120596897114865,-0.037695937082265374,0.037695937082265374,-0.024399000000000726,0.024399000000000726,0.035072000000000436,0.035072000000000436,-0.031047499291779523,0.031047499291779523,0.1216520258474425,0.1216520258474425
2025-09-01,2026-01-13,4.2574,4.2116,SMA,4.25986,4.2574,4.25986,4.261544619307333,4.296109620608142,4.321759689711486,4.18228790017984,4.179488999999999,4.206662,4.166808667247691,4.3235683680157475,0.04825999999999997,0.04825999999999997,0.04579999999999984,0.04579999999999984,0.04825999999999997,0.04825999999999997,0.049944619307333404,0.049944619307333404,0.08450962060814238,0.08450962060814238,0.11015968971148649,0.11015968971148649,-0.029312099820160142,0.029312099820160142,-0.032111000000000445,0.032111000000000445,-0.004938000000000109,0.004938000000000109,-0.0447913327523084,0.0447913327523084,0.11196836801574772,0.11196836801574772
2025-09-02,2026-01-14,4.2651,4.211,SMA,4.259476666666667,4.2651,4.259476666666667,4.261883226992349,4.302885226658056,4.321759689711486,4.222669591268478,4.1804099999999975,4.2084649999999995,4.162255290094739,4.333123349712752,0.04847666666666672,0.04847666666666672,0.05410000000000004,0.05410000000000004,0.04847666666666672,0.04847666666666672,0.05088322699234826,0.05088322699234826,0.09188522665805543,0.09188522665805543,0.11075968971148598,0.11075968971148598,0.011669591268478108,0.011669591268478108,-0.03059000000000278,0.03059000000000278,-0.002535000000000842,0.002535000000000842,-0.04874470990526092,0.04874470990526092,0.1221233497127514,0.1221233497127514
2025-09-03,2026-01-15,4.2589,4.2068,SMA,4.259171666666667,4.2589,4.259171666666667,4.261599110135935,4.303379326119051,4.321759689711486,4.264624029122571,4.184463999999999,4.2101120000000005,4.16833978637605,4.268900301770479,0.052371666666666705,0.052371666666666705,0.05209999999999937,0.05209999999999937,0.052371666666666705,0.052371666666666705,0.05479911013593508,0.05479911013593508,0.09657932611905107,0.09657932611905107,0.11495968971148596,0.11495968971148596,0.05782402912257112,0.05782402912257112,-0.02233600000000102,0.02233600000000102,0.0033120000000002037,0.0033120000000002037,-0.038460213623950246,0.038460213623950246,0.06210030177047887,0.06210030177047887
2025-09-04,2026-01-16,4.2553,4.2192,SMA,4.259075,4.2553,4.259075,4.260999194884893,4.300431504267994,4.321759689711486,4.253487494262111,4.180153,4.212362000000001,4.173663961978249,4.263764764397975,0.03987500000000033,0.03987500000000033,0.03610000000000024,0.03610000000000024,0.03987500000000033,0.03987500000000033,0.041799194884893254,0.041799194884893254,0.0812315042679943,0.0812315042679943,0.10255968971148643,0.10255968971148643,0.034287494262111196,0.034287494262111196,-0.039047000000000054,0.039047000000000054,-0.006837999999999234,0.006837999999999234,-0.045536038021750436,0.045536038021750436,0.04456476439797541,0.04456476439797541
2025-09-05,2026-01-19,4.2476,4.2231,SMA,4.258796666666666,4.2476,4.258796666666666,4.259723081086332,4.295578900566761,4.321759689711486,4.0699860482000885,4.180363999999999,4.209295999999999,4.16825437845293,4.285952747069432,0.03569666666666649,0.03569666666666649,0.024500000000000632,0.024500000000000632,0.03569666666666649,0.03569666666666649,0.03662308108633194,0.03662308108633194,0.07247890056676098,0.07247890056676098,0.09865968971148664,0.09865968971148664,-0.15311395179991116,0.15311395179991116,-0.04273600000000055,0.04273600000000055,-0.013804000000000372,0.013804000000000372,-0.05484562154707007,0.05484562154707007,0.06285274706943245,0.06285274706943245
2025-09-08,2026-01-20,4.2484,4.2279,SMA,4.2585516666666665,4.2484,4.2585516666666665,4.258644692411443,4.289099154395496,4.321759689711486,4.132537706890653,4.184988999999999,4.206218,4.162087973936406,4.25785688625164,0.03065166666666652,0.03065166666666652,0.020500000000000185,0.020500000000000185,0.03065166666666652,0.03065166666666652,0.030744692411443175,0.030744692411443175,0.061199154395495725,0.061199154395495725,0.09385968971148628,0.09385968971148628,-0.09536229310934718,0.09536229310934718,-0.04291100000000103,0.04291100000000103,-0.0216820000000002,0.0216820000000002,-0.06581202606359415,0.06581202606359415,0.02995688625164039,0.02995688625164039
2025-09-09,2026-01-21,4.254,4.2271,SMA,4.258251666666666,4.254,4.258251666666666,4.25820234075321,4.297689391811797,4.321759689711486,4.172925276522654,4.1855269999999996,4.202407999999998,4.166225864989349,4.313338501432843,0.031151666666666245,0.031151666666666245,0.02689999999999948,0.02689999999999948,0.031151666666666245,0.031151666666666245,0.031102340753210278,0.031102340753210278,0.07058939181179724,0.07058939181179724,0.0946596897114862,0.0946596897114862,-0.0541747234773462,0.0541747234773462,-0.041573000000000526,0.041573000000000526,-0.024692000000001713,0.024692000000001713,-0.060874135010650754,0.060874135010650754,0.08623850143284262,0.08623850143284262
2025-09-10,2026-01-22,4.2604,4.2128,SMA,4.258238333333333,4.2604,4.258238333333333,4.258411641633857,4.299928383771093,4.321759689711486,4.20496524917482,4.181055999999997,4.206341999999999,4.166961348219763,4.3314161589291995,0.04543833333333325,0.04543833333333325,0.04760000000000009,0.04760000000000009,0.04543833333333325,0.04543833333333325,0.045611641633857225,0.045611641633857225,0.087128383771093,0.087128383771093,0.10895968971148662,0.10895968971148662,-0.007834750825179704,0.007834750825179704,-0.03174400000000244,0.03174400000000244,-0.006458000000000297,0.006458000000000297,-0.04583865178023672,0.04583865178023672,0.11861615892919986,0.11861615892919986
2025-09-11,2026-01-23,4.2626,4.205,SMA,4.258031666666667,4.2626,4.258031666666667,4.258810532906823,4.298672832709244,4.321759689711486,4.325971333636697,4.179030999999998,4.206135,4.165930592858678,4.334020463737719,0.05303166666666659,0.05303166666666659,0.057599999999999874,0.057599999999999874,0.05303166666666659,0.05303166666666659,0.05381053290682303,0.05381053290682303,0.09367283270924354,0.09367283270924354,0.1167596897114862,0.1167596897114862,0.12097133363669688,0.12097133363669688,-0.025969000000001685,0.025969000000001685,0.001134999999999664,0.001134999999999664,-0.03906940714132201,0.03906940714132201,0.12902046373771903,0.12902046373771903
2025-09-12,2026-01-26,4.2593,4.2118,SMA,4.257825,4.2593,4.257825,4.258857148820459,4.296555141857196,4.321759689711486,4.168063787080368,4.184632999999998,4.210578999999999,4.172751264414236,4.312402331979528,0.046025000000000205,0.046025000000000205,0.04749999999999943,0.04749999999999943,0.046025000000000205,0.046025000000000205,0.04705714882045875,0.04705714882045875,0.08475514185719568,0.08475514185719568,0.10995968971148606,0.10995968971148606,-0.043736212919632145,0.043736212919632145,-0.02716700000000216,0.02716700000000216,-0.0012210000000010268,0.0012210000000010268,-0.03904873558576405,0.03904873558576405,0.10060233197952773,0.10060233197952773
2025-09-15,2026-01-27,4.2476,4.2032,SMA,4.257436666666666,4.2476,4.257436666666666,4.257785039408986,4.295161287108549,4.321759689711486,4.129655561013963,4.187107999999998,4.207934999999999,4.173730484995086,4.296976550890853,0.05423666666666627,0.05423666666666627,0.04440000000000044,0.04440000000000044,0.05423666666666627,0.05423666666666627,0.054585039408985736,0.054585039408985736,0.0919612871085489,0.0919612871085489,0.11855968971148645,0.11855968971148645,-0.07354443898603691,0.07354443898603691,-0.016092000000002216,0.016092000000002216,0.004734999999999268,0.004734999999999268,-0.029469515004914015,0.029469515004914015,0.09377655089085302,0.09377655089085302
2025-09-16,2026-01-28,4.2504,4.2009,SMA,4.257065,4.2504,4.257065,4.257081702322417,4.294466192917568,4.321759689711486,4.163339926529644,4.1867459999999985,4.2034949999999975,4.168673885159534,4.301550273948392,0.05616500000000002,0.05616500000000002,0.0495000000000001,0.0495000000000001,0.05616500000000002,0.05616500000000002,0.056181702322416704,0.056181702322416704,0.09356619291756818,0.09356619291756818,0.12085968971148642,0.12085968971148642,-0.03756007347035606,0.03756007347035606,-0.014154000000001332,0.014154000000001332,0.0025949999999976825,0.0025949999999976825,-0.03222611484046567,0.03222611484046567,0.10065027394839188,0.10065027394839188
2025-09-17,2026-01-29,4.2559,4.2072,SMA,4.25699,4.2559,4.25699,4.256969159244092,4.2985180652809305,4.321759689711486,4.26742694587602,4.188828999999998,4.207447999999998,4.175434951680001,4.312100003923891,0.04978999999999978,0.04978999999999978,0.0486999999999993,0.0486999999999993,0.04978999999999978,0.04978999999999978,0.04976915924409209,0.04976915924409209,0.09131806528093023,0.09131806528093023,0.114559689711486,0.114559689711486,0.0602269458760194,0.0602269458760194,-0.018371000000001914,0.018371000000001914,0.00024799999999736144,0.00024799999999736144,-0.0317650483199996,0.0317650483199996,0.10490000392389032,0.10490000392389032
2025-09-18,2026-01-30,4.2564,4.2131,SMA,4.257131666666667,4.2564,4.257131666666667,4.256914953601797,4.296929229283279,4.321759689711486,4.279241462396343,4.1867079999999985,4.209856999999997,4.19079285366009,4.314535328182679,0.044031666666667135,0.044031666666667135,0.04330000000000034,0.04330000000000034,0.044031666666667135,0.044031666666667135,0.04381495360179688,0.04381495360179688,0.08382922928327918,0.08382922928327918,0.10865968971148643,0.10865968971148643,0.06614146239634344,0.06614146239634344,-0.026392000000001303,0.026392000000001303,-0.0032430000000029935,0.0032430000000029935,-0.0223071463399096,0.0223071463399096,0.10143532818267875,0.10143532818267875
2025-09-19,2026-02-02,4.2666,4.2106,SMA,4.257443333333333,4.2666,4.257443333333333,4.257837338973054,4.288476704531083,4.321759689711486,4.0495513454519285,4.185292999999998,4.20287,4.182203824638768,4.3318722390383595,0.04684333333333246,0.04684333333333246,0.05600000000000005,0.05600000000000005,0.04684333333333246,0.04684333333333246,0.047237338973054044,0.047237338973054044,0.07787670453108309,0.07787670453108309,0.11115968971148593,0.11115968971148593,-0.16104865454807182,0.16104865454807182,-0.02530700000000241,0.02530700000000241,-0.007730000000000459,0.007730000000000459,-0.028396175361232068,0.028396175361232068,0.12127223903835915,0.12127223903835915
2025-09-22,2026-02-03,4.2645,4.2198,SMA,4.257915,4.2645,4.257915,4.258471878118478,4.287020923851668,4.321759689711486,4.173267604974087,4.183761999999999,4.201520999999999,4.17390251103643,4.2367476795281975,0.038114999999999455,0.038114999999999455,0.04469999999999974,0.04469999999999974,0.038114999999999455,0.038114999999999455,0.03867187811847739,0.03867187811847739,0.06722092385166789,0.06722092385166789,0.10195968971148606,0.10195968971148606,-0.04653239502591333,0.04653239502591333,-0.03603800000000135,0.03603800000000135,-0.01827900000000149,0.01827900000000149,-0.045897488963570154,0.045897488963570154,0.016947679528197312,0.016947679528197312
2025-09-23,2026-02-04,4.2552,4.2241,SMA,4.258136666666666,4.2552,4.258136666666666,4.258160270678623,4.285574936246592,4.321759689711486,4.0871186646625395,4.185912999999999,4.195500999999997,4.1810461062480675,4.232412915037823,0.03403666666666627,0.03403666666666627,0.03110000000000035,0.03110000000000035,0.03403666666666627,0.03403666666666627,0.03406027067862283,0.03406027067862283,0.06147493624659184,0.06147493624659184,0.09765968971148631,0.09765968971148631,-0.13698133533746049,0.13698133533746049,-0.03818700000000064,0.03818700000000064,-0.02859900000000337,0.02859900000000337,-0.04305389375193247,0.04305389375193247,0.008312915037823387,0.008312915037823387
2025-09-24,2026-02-05,4.2676,4.2175,SMA,4.258571666666667,4.2676,4.258571666666667,4.259059292518754,4.284957434207781,4.321759689711486,4.1075450350131035,4.186301999999999,4.195859,4.181144872379761,4.240024283907806,0.041071666666666395,0.041071666666666395,0.05009999999999959,0.05009999999999959,0.041071666666666395,0.041071666666666395,0.041559292518753566,0.041559292518753566,0.06745743420778094,0.06745743420778094,0.10425968971148603,0.10425968971148603,-0.10995496498689672,0.10995496498689672,-0.031198000000001613,0.031198000000001613,-0.021641000000000687,0.021641000000000687,-0.03635512762023918,0.03635512762023918,0.022524283907805476,0.022524283907805476
2025-09-25,2026-02-06,4.2619,4.2155,SMA,4.25877,4.2619,4.25877,4.259329836088396,4.270489474885479,4.321759689711486,4.201475757983756,4.186662999999998,4.198001,4.169321960909489,4.245137718823525,0.043270000000000586,0.043270000000000586,0.04640000000000022,0.04640000000000022,0.043270000000000586,0.043270000000000586,0.04382983608839641,0.04382983608839641,0.05498947488547934,0.05498947488547934,0.1062596897114867,0.1062596897114867,-0.014024242016243527,0.014024242016243527,-0.028837000000002,0.028837000000002,-0.01749899999999993,0.01749899999999993,-0.04617803909051066,0.04617803909051066,0.029637718823525283,0.029637718823525283
2025-09-26,2026-02-09,4.2668,4.2142,SMA,4.258826666666667,4.2668,4.258826666666667,4.260041280270453,4.271259890376403,4.321759689711486,4.110073415362192,4.185390999999998,4.197551,4.172515854052963,4.258049925354925,0.044626666666666814,0.044626666666666814,0.05259999999999998,0.05259999999999998,0.044626666666666814,0.044626666666666814,0.04584128027045331,0.04584128027045331,0.057059890376403466,0.057059890376403466,0.10755968971148633,0.10755968971148633,-0.10412658463780833,0.10412658463780833,-0.02880900000000164,0.02880900000000164,-0.016649000000000136,0.016649000000000136,-0.04168414594703673,0.04168414594703673,0.043849925354924935,0.043849925354924935
2025-09-29,2026-02-10,4.2688,4.2148,SMA,4.259115,4.2688,4.259115,4.26087544405422,4.2750269983994365,4.321759689711486,4.178603901758124,4.189181999999997,4.193647,4.184051789765439,4.248362712149129,0.044315000000000104,0.044315000000000104,0.05399999999999938,0.05399999999999938,0.044315000000000104,0.044315000000000104,0.04607544405421926,0.04607544405421926,0.06022699839943613,0.06022699839943613,0.10695968971148595,0.10695968971148595,-0.03619609824187631,0.03619609824187631,-0.02561800000000325,0.02561800000000325,-0.021152999999999977,0.021152999999999977,-0.030748210234561313,0.030748210234561313,0.03356271214912887,0.03356271214912887
2025-09-30,2026-02-11,4.2692,4.2174,SMA,4.2593950000000005,4.2692,4.2593950000000005,4.261668258906199,4.279665306785458,4.321759689711486,4.164863117158377,4.187708999999998,4.191763,4.195460003028066,4.253656258115929,0.04199500000000089,0.04199500000000089,0.05180000000000007,0.05180000000000007,0.04199500000000089,0.04199500000000089,0.04426825890619934,0.04426825890619934,0.062265306785458385,0.062265306785458385,0.10435968971148668,0.10435968971148668,-0.052536882841622834,0.052536882841622834,-0.029691000000001466,0.029691000000001466,-0.025636999999999688,0.025636999999999688,-0.021939996971933162,0.021939996971933162,0.03625625811592936,0.03625625811592936
2025-10-01,2026-02-12,4.2586,4.2131,SMA,4.259613333333333,4.2586,4.259613333333333,4.261376043772275,4.260718449702926,4.321759689711486,4.154711734319,4.185878999999998,4.181191000000001,4.194861975986366,4.251995144432803,0.046513333333333406,0.046513333333333406,0.04550000000000054,0.04550000000000054,0.046513333333333406,0.046513333333333406,0.04827604377227512,0.04827604377227512,0.04761844970292639,0.04761844970292639,0.10865968971148643,0.10865968971148643,-0.05838826568099975,0.05838826568099975,-0.027221000000001716,0.027221000000001716,-0.031908999999998855,0.031908999999998855,-0.018238024013633947,0.018238024013633947,0.03889514443280273,0.03889514443280273
2025-10-02,2026-02-13,4.256,4.214,SMA,4.259881666666667,4.256,4.259881666666667,4.260864039603487,4.263203547015565,4.321759689711486,4.239432876647352,4.187605,4.177736000000001,4.1948760861902095,4.237308408226287,0.045881666666666376,0.045881666666666376,0.041999999999999815,0.041999999999999815,0.045881666666666376,0.045881666666666376,0.04686403960348695,0.04686403960348695,0.04920354701556473,0.04920354701556473,0.10775968971148586,0.10775968971148586,0.0254328766473515,0.0254328766473515,-0.026395000000000834,0.026395000000000834,-0.036263999999999186,0.036263999999999186,-0.01912391380979095,0.01912391380979095,0.02330840822628666,0.02330840822628666
2025-10-03,2026-02-16,4.2559,4.208,SMA,4.26004,4.2559,4.26004,4.260391273926964,4.263750567396773,4.321759689711486,4.125056530334275,4.1887229999999995,4.173538000000002,4.195194763568546,4.249493120103619,0.052039999999999864,0.052039999999999864,0.04789999999999939,0.04789999999999939,0.052039999999999864,0.052039999999999864,0.052391273926963855,0.052391273926963855,0.055750567396772865,0.055750567396772865,0.11375968971148609,0.11375968971148609,-0.08294346966572519,0.08294346966572519,-0.019277000000000655,0.019277000000000655,-0.03446199999999777,0.03446199999999777,-0.012805236431454148,0.012805236431454148,0.04149312010361861,0.04149312010361861
2025-10-06,2026-02-17,4.2521,4.2182,SMA,4.25997,4.2521,4.25997,4.259601628791063,4.259036526755091,4.321759689711486,4.178795532183529,4.189495000000001,4.174171,4.181216268671643,4.242387566052311,0.04176999999999964,0.04176999999999964,0.03390000000000004,0.03390000000000004,0.04176999999999964,0.04176999999999964,0.04140162879106235,0.04140162879106235,0.04083652675509075,0.04083652675509075,0.10355968971148588,0.10355968971148588,-0.03940446781647111,0.03940446781647111,-0.028704999999999536,0.028704999999999536,-0.044029000000000096,0.044029000000000096,-0.036983731328357194,0.036983731328357194,0.024187566052310316,0.024187566052310316
2025-10-07,2026-02-18,4.2559,4.2148,SMA,4.259878333333333,4.2559,4.259878333333333,4.259249092715724,4.266688845128044,4.321759689711486,4.1807496210477355,4.190683999999999,4.1811750000000005,4.1840465395806135,4.240048441770002,0.045078333333332665,0.045078333333332665,0.04109999999999925,0.04109999999999925,0.045078333333332665,0.045078333333332665,0.04444909271572328,0.04444909271572328,0.051888845128043926,0.051888845128043926,0.10695968971148595,0.10695968971148595,-0.034050378952264815,0.034050378952264815,-0.024116000000001137,0.024116000000001137,-0.033624999999999794,0.033624999999999794,-0.03075346041938687,0.03075346041938687,0.025248441770001406,0.025248441770001406
2025-10-08,2026-02-19,4.2533,4.222,SMA,4.25987,4.2533,4.25987,4.258682512457083,4.2679476650139785,4.321759689711486,4.170211242846237,4.189050999999999,4.1815180000000005,4.173444198476288,4.2372822471226534,0.03786999999999985,0.03786999999999985,0.031299999999999883,0.031299999999999883,0.03786999999999985,0.03786999999999985,0.03668251245708287,0.03668251245708287,0.04594766501397807,0.04594766501397807,0.09975968971148585,0.09975968971148585,-0.051788757153763854,0.051788757153763854,-0.03294900000000123,0.03294900000000123,-0.04048199999999991,0.04048199999999991,-0.04855580152371264,0.04855580152371264,0.015282247122653025,0.015282247122653025
2025-10-09,2026-02-20,4.2569,4.2241,SMA,4.259843333333333,4.2569,4.259843333333333,4.2585127493659325,4.268496437618273,4.321759689711486,4.2458682037952915,4.190966999999999,4.176540000000001,4.18231351924263,4.2400701986321385,0.03574333333333346,0.03574333333333346,0.03279999999999994,0.03279999999999994,0.03574333333333346,0.03574333333333346,0.03441274936593253,0.03441274936593253,0.044396437618273055,0.044396437618273055,0.09765968971148631,0.09765968971148631,0.02176820379529154,0.02176820379529154,-0.03313300000000119,0.03313300000000119,-0.047559999999998936,0.047559999999998936,-0.041786480757370015,0.041786480757370015,0.015970198632138555,0.015970198632138555
2025-10-10,2026-02-23,4.2583,4.2173,SMA,4.259883333333333,4.2583,4.259883333333333,4.258492487521558,4.268683764520317,4.321759689711486,4.132429187121326,4.189057,4.178415000000001,4.182896154167129,4.247318883278087,0.04258333333333297,0.04258333333333297,0.04100000000000037,0.04100000000000037,0.04258333333333297,0.04258333333333297,0.04119248752155791,0.04119248752155791,0.05138376452031679,0.05138376452031679,0.10445968971148645,0.10445968971148645,-0.08487081287867415,0.08487081287867415,-0.028242999999999796,0.028242999999999796,-0.038884999999998726,0.038884999999998726,-0.034403845832870594,0.034403845832870594,0.030018883278087216,0.030018883278087216
2025-10-13,2026-02-24,4.2592,4.2193,SMA,4.260021666666667,4.2592,4.260021666666667,4.258559869662362,4.270208399187098,4.321759689711486,4.184215673857053,4.188471,4.17753,4.181380032125418,4.25018889205629,0.04072166666666721,0.04072166666666721,0.03990000000000027,0.03990000000000027,0.04072166666666721,0.04072166666666721,0.03925986966236206,0.03925986966236206,0.05090839918709822,0.05090839918709822,0.10245968971148667,0.10245968971148667,-0.035084326142946765,0.035084326142946765,-0.030828999999999773,0.030828999999999773,-0.04176999999999964,0.04176999999999964,-0.03791996787458185,0.03791996787458185,0.030888892056290196,0.030888892056290196
2025-10-14,2026-02-25,4.2645,4.2183,SMA,4.260355,4.2645,4.260355,4.2591255963611845,4.276119760563975,4.321759689711486,4.174282442045057,4.187959,4.176462,4.180011278804208,4.253851599035156,0.04205499999999951,0.04205499999999951,0.0461999999999998,0.0461999999999998,0.04205499999999951,0.04205499999999951,0.040825596361184324,0.040825596361184324,0.057819760563974754,0.057819760563974754,0.10345968971148611,0.10345968971148611,-0.04401755795494289,0.04401755795494289,-0.03034099999999995,0.03034099999999995,-0.041838000000000264,0.041838000000000264,-0.03828872119579252,0.03828872119579252,0.03555159903515559,0.03555159903515559
2025-10-15,2026-02-26,4.2556,4.2224,SMA,4.260396666666667,4.2556,4.260396666666667,4.258789825279167,4.27030060485884,4.321759689711486,4.22829229245888,4.186692,4.187232000000002,4.193108429652183,4.248330910830357,0.03799666666666646,0.03799666666666646,0.033199999999999896,0.033199999999999896,0.03799666666666646,0.03799666666666646,0.036389825279166566,0.036389825279166566,0.047900604858839735,0.047900604858839735,0.0993596897114859,0.0993596897114859,0.005892292458879567,0.005892292458879567,-0.03570800000000052,0.03570800000000052,-0.035167999999998756,0.035167999999998756,-0.029291570347817597,0.029291570347817597,0.0259309108303567,0.0259309108303567
2025-10-16,2026-02-27,4.2517,4.2233,SMA,4.260351666666667,4.2517,4.260351666666667,4.2581146038240085,4.266220911682811,4.321759689711486,4.225260042154281,4.184426000000001,4.175732000000002,4.177844569067357,4.246732666280626,0.037051666666666705,0.037051666666666705,0.028399999999999537,0.028399999999999537,0.037051666666666705,0.037051666666666705,0.03481460382400847,0.03481460382400847,0.04292091168281065,0.04292091168281065,0.09845968971148622,0.09845968971148622,0.0019600421542813606,0.0019600421542813606,-0.038873999999998965,0.038873999999998965,-0.04756799999999828,0.04756799999999828,-0.045455430932642926,0.045455430932642926,0.023432666280625902,0.023432666280625902
2025-10-17,2026-03-02,4.2565,4.2304,SMA,4.260436666666666,4.2565,4.260436666666666,4.257960832031245,4.260878255162626,4.321759689711486,4.217146475746416,4.189570000000001,4.191098000000001,4.212348829686489,4.256381738939886,0.030036666666665823,0.030036666666665823,0.026099999999999568,0.026099999999999568,0.030036666666665823,0.030036666666665823,0.02756083203124504,0.02756083203124504,0.0304782551626257,0.0304782551626257,0.09135968971148589,0.09135968971148589,-0.013253524253584281,0.013253524253584281,-0.0408299999999997,0.0408299999999997,-0.03930199999999928,0.03930199999999928,-0.018051170313511555,0.018051170313511555,0.02598173893988598,0.02598173893988598
2025-10-20,2026-03-03,4.2396,4.2732,SMA,4.26019,4.2396,4.26019,4.256212181361603,4.252020544873335,4.321759689711486,4.13309677890397,4.193421,4.194641000000002,4.210521977368828,4.23969430387132,-0.01301000000000041,0.01301000000000041,-0.03359999999999985,0.03359999999999985,-0.01301000000000041,0.01301000000000041,-0.01698781863839738,0.01698781863839738,-0.021179455126665303,0.021179455126665303,0.048559689711486165,0.048559689711486165,-0.14010322109603024,0.14010322109603024,-0.07977900000000027,0.07977900000000027,-0.07855899999999849,0.07855899999999849,-0.0626780226311725,0.0626780226311725,-0.03350569612867993,0.03350569612867993
2025-10-21,2026-03-04,4.2392,4.2685,SMA,4.259901666666667,4.2392,4.259901666666667,4.254591973612879,4.254584270657222,4.321759689711486,4.099859264880197,4.196371999999999,4.194455000000001,4.210521977368828,4.256839787940458,-0.008598333333333485,0.008598333333333485,-0.029300000000000104,0.029300000000000104,-0.008598333333333485,0.008598333333333485,-0.01390802638712163,0.01390802638712163,-0.013915729342778071,0.013915729342778071,0.05325968971148587,0.05325968971148587,-0.16864073511980315,0.16864073511980315,-0.07212800000000108,0.07212800000000108,-0.07404499999999903,0.07404499999999903,-0.0579780226311728,0.0579780226311728,-0.011660212059542374,0.011660212059542374
2025-10-22,2026-03-05,4.2438,4.2739,SMA,4.259403333333333,4.2438,4.259403333333333,4.253564166602128,4.257862541252302,4.321759689711486,4.137599575575856,4.198547000000002,4.1957270000000015,4.208642279606731,4.247354125652056,-0.014496666666667046,0.014496666666667046,-0.030100000000000016,0.030100000000000016,-0.014496666666667046,0.014496666666667046,-0.020335833397871816,0.020335833397871816,-0.016037458747698352,0.016037458747698352,0.04785968971148602,0.04785968971148602,-0.13630042442414414,0.13630042442414414,-0.075352999999998,0.075352999999998,-0.07817299999999872,0.07817299999999872,-0.06525772039326938,0.06525772039326938,-0.026545874347943865,0.026545874347943865
2025-10-23,2026-03-06,4.2347,4.2782,SMA,4.258761666666667,4.2347,4.258761666666667,4.251767579306688,4.253348027505977,4.321759689711486,4.099583968592432,4.194557,4.1952240000000005,4.218172067289421,4.237810906325613,-0.019438333333333446,0.019438333333333446,-0.04349999999999987,0.04349999999999987,-0.019438333333333446,0.019438333333333446,-0.026432420693311975,0.026432420693311975,-0.024851972494023045,0.024851972494023045,0.04355968971148627,0.04355968971148627,-0.178616031407568,0.178616031407568,-0.08364300000000036,0.08364300000000036,-0.0829759999999995,0.0829759999999995,-0.060027932710578824,0.060027932710578824,-0.0403890936743867,0.0403890936743867
2025-10-24,2026-03-09,4.2353,4.2836,SMA,4.258248333333333,4.2353,4.258248333333333,4.250199238420336,4.256340276988776,4.321759689711486,4.117007780573653,4.195653000000001,4.190732000000002,4.215533197040248,4.236044770739391,-0.02535166666666644,0.02535166666666644,-0.04830000000000023,0.04830000000000023,-0.02535166666666644,0.02535166666666644,-0.03340076157966365,0.03340076157966365,-0.027259723011224146,0.027259723011224146,0.03815968971148642,0.03815968971148642,-0.16659221942634694,0.16659221942634694,-0.08794699999999889,0.08794699999999889,-0.09286799999999751,0.09286799999999751,-0.06806680295975198,0.06806680295975198,-0.04755522926060873,0.04755522926060873
2025-10-27,2026-03-10,4.2353,4.2555,SMA,4.257481666666666,4.2353,4.257481666666666,4.2487802633326845,4.26237529424119,4.321759689711486,4.156063855657556,4.196102000000001,4.199335,4.225295724027256,4.247339326850906,0.0019816666666665483,0.0019816666666665483,-0.020199999999999996,0.020199999999999996,0.0019816666666665483,0.0019816666666665483,-0.006719736667315068,0.006719736667315068,0.006875294241190488,0.006875294241190488,0.06625968971148666,0.06625968971148666,-0.09943614434244363,0.09943614434244363,-0.05939799999999895,0.05939799999999895,-0.05616500000000002,0.05616500000000002,-0.030204275972743666,0.030204275972743666,-0.008160673149093967,0.008160673149093967
2025-10-28,2026-03-11,4.2345,4.274,SMA,4.256833333333334,4.2345,4.256833333333334,4.247420238253381,4.264715201246335,4.321759689711486,4.141105842058093,4.196510999999998,4.1945570000000005,4.209959891459202,4.2436692228907695,-0.01716666666666633,0.01716666666666633,-0.03950000000000031,0.03950000000000031,-0.01716666666666633,0.01716666666666633,-0.02657976174661858,0.02657976174661858,-0.009284798753665058,0.009284798753665058,0.04775968971148625,0.04775968971148625,-0.13289415794190695,0.13289415794190695,-0.0774890000000017,0.0774890000000017,-0.07944299999999949,0.07944299999999949,-0.064040108540798,0.064040108540798,-0.03033077710923049,0.03033077710923049
2025-10-29,2026-03-12,4.2374,4.2629,SMA,4.256184999999999,4.2374,4.256184999999999,4.246465929848298,4.266568631959819,4.321759689711486,4.140600871352119,4.197962999999999,4.196509000000001,4.212278419622402,4.230707960817212,-0.006715000000000693,0.006715000000000693,-0.025500000000000078,0.025500000000000078,-0.006715000000000693,0.006715000000000693,-0.016434070151702507,0.016434070151702507,0.0036686319598189243,0.0036686319598189243,0.05885968971148614,0.05885968971148614,-0.12229912864788073,0.12229912864788073,-0.06493700000000135,0.06493700000000135,-0.06639099999999942,0.06639099999999942,-0.05062158037759801,0.05062158037759801,-0.0321920391827879,0.0321920391827879
2025-10-30,2026-03-13,4.2425,4.2693,SMA,4.2555266666666665,4.2425,4.2555266666666665,4.2460882222436975,4.266804863636492,4.321759689711486,4.163114880903321,4.199080999999999,4.198027,4.21235037150058,4.2377314499588765,-0.01377333333333386,0.01377333333333386,-0.0268000000000006,0.0268000000000006,-0.01377333333333386,0.01377333333333386,-0.023211777756302787,0.023211777756302787,-0.002495136363508621,0.002495136363508621,0.05245968971148596,0.05245968971148596,-0.10618511909667916,0.10618511909667916,-0.07021900000000159,0.07021900000000159,-0.07127300000000059,0.07127300000000059,-0.05694962849941998,0.05694962849941998,-0.0315685500411238,0.0315685500411238
2025-10-31,2026-03-16,4.2543,4.2694,SMA,4.255401666666667,4.2543,4.255401666666667,4.246870296315726,4.269207344395256,4.321759689711486,4.164220349811697,4.197574999999999,4.197407999999999,4.210382660364068,4.237576247469601,-0.013998333333333335,0.013998333333333335,-0.015100000000000335,0.015100000000000335,-0.013998333333333335,0.013998333333333335,-0.022529703684273983,0.022529703684273983,-0.00019265560474401866,0.00019265560474401866,0.05235968971148619,0.05235968971148619,-0.10517965018830289,0.10517965018830289,-0.07182500000000136,0.07182500000000136,-0.07199200000000072,0.07199200000000072,-0.0590173396359317,0.0590173396359317,-0.03182375253039904,0.03182375253039904
2025-11-03,2026-03-17,4.2527,4.2666,SMA,4.2553366666666665,4.2527,4.2553366666666665,4.247425506190419,4.26594500991227,4.321759689711486,4.065348483547985,4.198021999999998,4.213323999999998,4.232400490398555,4.251477724347797,-0.011263333333333847,0.011263333333333847,-0.013900000000000468,0.013900000000000468,-0.011263333333333847,0.011263333333333847,-0.01917449380958125,0.01917449380958125,-0.0006549900877299564,0.0006549900877299564,0.05515968971148588,0.05515968971148588,-0.20125151645201544,0.20125151645201544,-0.06857800000000225,0.06857800000000225,-0.0532760000000021,0.0532760000000021,-0.03419950960144558,0.03419950960144558,-0.015122275652203143,0.015122275652203143
2025-11-04,2026-03-18,4.2575,4.2613,SMA,4.255406666666667,4.2575,4.255406666666667,4.248384981791332,4.2605819096188,4.321759689711486,4.086394450414126,4.196281999999998,4.213765999999999,4.238763044648979,4.268752677689984,-0.00589333333333375,0.00589333333333375,-0.0038000000000000256,0.0038000000000000256,-0.00589333333333375,0.00589333333333375,-0.012915018208667917,0.012915018208667917,-0.0007180903812002981,0.0007180903812002981,0.060459689711485964,0.060459689711485964,-0.17490554958587445,0.17490554958587445,-0.06501800000000202,0.06501800000000202,-0.04753400000000152,0.04753400000000152,-0.02253695535102107,0.02253695535102107,0.007452677689983922,0.007452677689983922
2025-11-05,2026-03-19,4.2597,4.2782,SMA,4.255358333333334,4.2597,4.255358333333334,4.249462602573109,4.2661985513896195,4.321759689711486,4.166006022370246,4.197755999999999,4.212665,4.230158120047352,4.271161253354064,-0.022841666666666427,0.022841666666666427,-0.018500000000000405,0.018500000000000405,-0.022841666666666427,0.022841666666666427,-0.028737397426890965,0.028737397426890965,-0.01200144861038055,0.01200144861038055,0.04355968971148627,0.04355968971148627,-0.11219397762975358,0.11219397762975358,-0.08044400000000085,0.08044400000000085,-0.06553499999999968,0.06553499999999968,-0.04804187995264808,0.04804187995264808,-0.007038746645935845,0.007038746645935845
2025-11-06,2026-03-20,4.2566,4.2768,SMA,4.255325,4.2566,4.255325,4.250142354709004,4.26696015686643,4.321759689711486,4.052473886093083,4.197758999999999,4.212923000000001,4.23155318176992,4.259905761828479,-0.02147499999999969,0.02147499999999969,-0.020199999999999996,0.020199999999999996,-0.02147499999999969,0.02147499999999969,-0.0266576452909959,0.0266576452909959,-0.009839843133569559,0.009839843133569559,0.04495968971148656,0.04495968971148656,-0.22432611390691637,0.22432611390691637,-0.07904100000000103,0.07904100000000103,-0.06387699999999885,0.06387699999999885,-0.04524681823007981,0.04524681823007981,-0.01689423817152047,0.01689423817152047
2025-11-07,2026-03-23,4.2483,4.2867,SMA,4.255065,4.2483,4.255065,4.249966892355766,4.261956307534654,4.321759689711486,4.083292537371237,4.1991309999999995,4.212345000000002,4.227372750493655,4.246457903955527,-0.031634999999999636,0.031634999999999636,-0.038399999999999324,0.038399999999999324,-0.031634999999999636,0.031634999999999636,-0.036733107644233876,0.036733107644233876,-0.024743692465345468,0.024743692465345468,0.03505968971148654,0.03505968971148654,-0.2034074626287623,0.2034074626287623,-0.08756900000000023,0.08756900000000023,-0.07435499999999795,0.07435499999999795,-0.05932724950634505,0.05932724950634505,-0.04024209604447293,0.04024209604447293
2025-11-10,2026-03-24,4.2351,4.2728,SMA,4.25472,4.2351,4.25472,4.248550997845693,4.249636309958727,4.321759689711486,4.050896959787698,4.199691999999999,4.209707000000001,4.221853203850554,4.226384198724564,-0.018080000000000318,0.018080000000000318,-0.03770000000000007,0.03770000000000007,-0.018080000000000318,0.018080000000000318,-0.024249002154307142,0.024249002154307142,-0.023163690041273277,0.023163690041273277,0.04895968971148612,0.04895968971148612,-0.22190304021230212,0.22190304021230212,-0.07310800000000128,0.07310800000000128,-0.0630929999999994,0.0630929999999994,-0.05094679614944653,0.05094679614944653,-0.046415801275435875,0.046415801275435875
2025-11-12,2026-03-25,4.2312,4.2692,SMA,4.25454,4.2312,4.25454,4.246898521860389,4.250522999598523,4.321759689711486,4.089072185120023,4.195105999999999,4.20585,4.196512128561015,4.220798078680722,-0.01465999999999923,0.01465999999999923,-0.03799999999999937,0.03799999999999937,-0.01465999999999923,0.01465999999999923,-0.022301478139610253,0.022301478139610253,-0.018677000401476462,0.018677000401476462,0.05255968971148661,0.05255968971148661,-0.18012781487997653,0.18012781487997653,-0.07409400000000055,0.07409400000000055,-0.0633499999999998,0.0633499999999998,-0.07268787143898425,0.07268787143898425,-0.048401921319277896,0.048401921319277896
2025-11-13,2026-03-26,4.2304,4.271,SMA,4.254173333333333,4.2304,4.254173333333333,4.2453272340641615,4.253030456276597,4.321759689711486,4.0570185768273035,4.195351,4.205324000000001,4.205458796242749,4.224514977758746,-0.016826666666666767,0.016826666666666767,-0.040599999999999525,0.040599999999999525,-0.016826666666666767,0.016826666666666767,-0.02567276593583845,0.02567276593583845,-0.017969543723403092,0.017969543723403092,0.05075968971148637,0.05075968971148637,-0.21398142317269642,0.21398142317269642,-0.0756490000000003,0.0756490000000003,-0.06567599999999896,0.06567599999999896,-0.0655412037572507,0.0655412037572507,-0.04648502224125384,0.04648502224125384
2025-11-14,2026-03-27,4.2274,4.2858,SMA,4.253761666666667,4.2274,4.253761666666667,4.243619878439003,4.250663891625858,4.321759689711486,4.178106319491336,4.193866000000001,4.206731999999999,4.222888575344439,4.210343547930709,-0.03203833333333339,0.03203833333333339,-0.058399999999999785,0.058399999999999785,-0.03203833333333339,0.03203833333333339,-0.04218012156099693,0.04218012156099693,-0.03513610837414216,0.03513610837414216,0.03595968971148622,0.03595968971148622,-0.1076936805086639,0.1076936805086639,-0.0919339999999993,0.0919339999999993,-0.07906800000000125,0.07906800000000125,-0.0629114246555611,0.0629114246555611,-0.0754564520692913,0.0754564520692913
2025-11-17,2026-03-30,4.2231,4.2832,SMA,4.25303,4.2231,4.25303,4.241665604301955,4.254008338287569,4.321759689711486,4.138263467810242,4.194456999999999,4.204204999999998,4.224103537077829,4.197181094956891,-0.03017000000000003,0.03017000000000003,-0.060100000000000264,0.060100000000000264,-0.03017000000000003,0.03017000000000003,-0.04153439569804451,0.04153439569804451,-0.029191661712430594,0.029191661712430594,0.03855968971148638,0.03855968971148638,-0.14493653218975755,0.14493653218975755,-0.0887430000000009,0.0887430000000009,-0.0789950000000017,0.0789950000000017,-0.05909646292217108,0.05909646292217108,-0.08601890504310905,0.08601890504310905
2025-11-18,2026-03-31,4.2331,4.2894,SMA,4.252536666666667,4.2331,4.252536666666667,4.240849832463674,4.256123829145066,4.321759689711486,4.121750205676037,4.194738999999998,4.204872999999999,4.216917712316503,4.201972965262563,-0.036863333333332804,0.036863333333332804,-0.05629999999999935,0.05629999999999935,-0.036863333333332804,0.036863333333332804,-0.048550167536325795,0.048550167536325795,-0.03327617085493362,0.03327617085493362,0.03235968971148662,0.03235968971148662,-0.167649794323963,0.167649794323963,-0.09466100000000122,0.09466100000000122,-0.08452700000000046,0.08452700000000046,-0.07248228768349652,0.07248228768349652,-0.08742703473743685,0.08742703473743685
2025-11-19,2026-04-01,4.2424,4.2874,SMA,4.252148333333333,4.2424,4.252148333333333,4.240997467467134,4.255456576441995,4.321759689711486,4.106176514946113,4.199636999999999,4.230648999999999,4.204863305455817,4.213211794561843,-0.03525166666666646,0.03525166666666646,-0.04499999999999993,0.04499999999999993,-0.03525166666666646,0.03525166666666646,-0.0464025325328663,0.0464025325328663,-0.031943423558004724,0.031943423558004724,0.034359689711486396,0.034359689711486396,-0.18122348505388697,0.18122348505388697,-0.0877630000000007,0.0877630000000007,-0.056751000000001106,0.056751000000001106,-0.08253669454418322,0.08253669454418322,-0.07418820543815663,0.07418820543815663
2025-11-20,2026-04-02,4.2289,4.2869,SMA,4.251565,4.2289,4.251565,4.239845327708359,4.247390770732072,4.321759689711486,4.169643450833577,4.197642999999999,4.2271160000000005,4.202361499923255,4.192393482558434,-0.035334999999999894,0.035334999999999894,-0.05799999999999983,0.05799999999999983,-0.035334999999999894,0.035334999999999894,-0.047054672291641175,0.047054672291641175,-0.03950922926792799,0.03950922926792799,0.03485968971148612,0.03485968971148612,-0.11725654916642281,0.11725654916642281,-0.08925700000000081,0.08925700000000081,-0.059783999999999615,0.059783999999999615,-0.08453850007674557,0.08453850007674557,-0.09450651744156602,0.09450651744156602
2025-11-21,2026-04-03,4.2489,4.2776,SMA,4.251245,4.2489,4.251245,4.24070767745042,4.250472976334057,4.321759689711486,4.169764937444326,4.1972499999999995,4.2210090000000005,4.207744913554012,4.2147178631938065,-0.026354999999999684,0.026354999999999684,-0.028699999999999726,0.028699999999999726,-0.026354999999999684,0.026354999999999684,-0.03689232254957986,0.03689232254957986,-0.027127023665942218,0.027127023665942218,0.04415968971148665,0.04415968971148665,-0.10783506255567321,0.10783506255567321,-0.08035000000000014,0.08035000000000014,-0.05659099999999917,0.05659099999999917,-0.0698550864459877,0.0698550864459877,-0.06288213680619315,0.06288213680619315
2025-11-24,2026-04-07,4.2345,4.2694,SMA,4.25068,4.2345,4.25068,4.240116470074189,4.244614331420699,4.321759689711486,4.100959419861738,4.198033,4.222752999999999,4.203396050444751,4.204178766369476,-0.01872000000000007,0.01872000000000007,-0.034900000000000375,0.034900000000000375,-0.01872000000000007,0.01872000000000007,-0.02928352992581118,0.02928352992581118,-0.024785668579300868,0.024785668579300868,0.05235968971148619,0.05235968971148619,-0.16844058013826224,0.16844058013826224,-0.0713670000000004,0.0713670000000004,-0.04664700000000099,0.04664700000000099,-0.06600394955524891,0.06600394955524891,-0.06522123363052401,0.06522123363052401
2025-11-25,2026-04-08,4.2301,4.2623,SMA,4.250225,4.2301,4.250225,4.239162520543314,4.241847206887639,4.321759689711486,4.019824187678725,4.1965200000000005,4.22078,4.202233802486286,4.205267420954517,-0.012074999999999392,0.012074999999999392,-0.03219999999999956,0.03219999999999956,-0.012074999999999392,0.012074999999999392,-0.023137479456686094,0.023137479456686094,-0.020452793112360368,0.020452793112360368,0.05945968971148652,0.05945968971148652,-0.2424758123212749,0.2424758123212749,-0.06577999999999928,0.06577999999999928,-0.041519999999999335,0.041519999999999335,-0.06006619751371378,0.06006619751371378,-0.05703257904548309,0.05703257904548309
2025-11-26,2026-04-09,4.233,4.261,SMA,4.24969,4.233,4.24969,4.238575613824903,4.24576997691483,4.321759689711486,4.055122493539656,4.197939999999998,4.2234039999999995,4.208174713775469,4.208153714241202,-0.011309999999999931,0.011309999999999931,-0.02800000000000047,0.02800000000000047,-0.011309999999999931,0.011309999999999931,-0.022424386175097233,0.022424386175097233,-0.015230023085170075,0.015230023085170075,0.06075968971148615,0.06075968971148615,-0.20587750646034397,0.20587750646034397,-0.06306000000000189,0.06306000000000189,-0.03759600000000063,0.03759600000000063,-0.05282528622453153,0.05282528622453153,-0.052846285758797684,0.052846285758797684
2025-11-27,2026-04-10,4.227,4.2534,SMA,4.249158333333333,4.227,4.249158333333333,4.237473174413007,4.241718350750799,4.321759689711486,4.172523528752628,4.198412999999999,4.218152000000001,4.20469712013991,4.200526687101718,-0.004241666666667143,0.004241666666667143,-0.026399999999999757,0.026399999999999757,-0.004241666666667143,0.004241666666667143,-0.015926825586992877,0.015926825586992877,-0.011681649249201342,0.011681649249201342,0.0683596897114862,0.0683596897114862,-0.08087647124737174,0.08087647124737174,-0.05498700000000145,0.05498700000000145,-0.03524799999999928,0.03524799999999928,-0.04870287986009014,0.04870287986009014,-0.05287331289828234,0.05287331289828234
2025-11-28,2026-04-13,4.2369,4.2507,SMA,4.248851666666667,4.2369,4.248851666666667,4.237418586373673,4.249582510594825,4.321759689711486,4.103010625759279,4.197174999999999,4.220105999999998,4.197214414771315,4.208102961974807,-0.0018483333333332297,0.0018483333333332297,-0.013799999999999812,0.013799999999999812,-0.0018483333333332297,0.0018483333333332297,-0.013281413626327065,0.013281413626327065,-0.0011174894051748652,0.0011174894051748652,0.07105968971148613,0.07105968971148613,-0.14768937424072082,0.14768937424072082,-0.05352500000000138,0.05352500000000138,-0.030594000000002453,0.030594000000002453,-0.053485585228685295,0.053485585228685295,-0.042597038025193434,0.042597038025193434
2025-12-01,2026-04-14,4.2286,4.2436,SMA,4.248535,4.2286,4.248535,4.236578721004752,4.249191527312162,4.321759689711486,4.075873618147882,4.201771999999999,4.250615999999999,4.215102551596082,4.204233705909932,0.004935000000000578,0.004935000000000578,-0.01499999999999968,0.01499999999999968,0.004935000000000578,0.004935000000000578,-0.007021278995248181,0.007021278995248181,0.005591527312161837,0.005591527312161837,0.07815968971148646,0.07815968971148646,-0.16772638185211797,0.16772638185211797,-0.04182800000000064,0.04182800000000064,0.007015999999999245,0.007015999999999245,-0.028497448403918213,0.028497448403918213,-0.03936629409006809,0.03936629409006809
2025-12-02,2026-04-15,4.239,4.237,SMA,4.248378333333333,4.239,4.248378333333333,4.2368093190043,4.252510431550927,4.321759689711486,4.004533930524942,4.201984999999999,4.243443,4.21834249454957,4.209749730486827,0.011378333333333046,0.011378333333333046,0.0019999999999997797,0.0019999999999997797,0.011378333333333046,0.011378333333333046,-0.0001906809956997435,0.0001906809956997435,0.015510431550926462,0.015510431550926462,0.08475968971148617,0.08475968971148617,-0.2324660694750582,0.2324660694750582,-0.03501500000000135,0.03501500000000135,0.0064429999999999765,0.0064429999999999765,-0.0186575054504301,0.0186575054504301,-0.02725026951317311,0.02725026951317311
2025-12-03,2026-04-16,4.2312,4.2411,SMA,4.247998333333333,4.2312,4.247998333333333,4.236275098146748,4.252050534575076,4.321759689711486,4.126086359886853,4.201031,4.248959000000001,4.2256797619462185,4.201858698393686,0.006898333333333007,0.006898333333333007,-0.00990000000000002,0.00990000000000002,0.006898333333333007,0.006898333333333007,-0.004824901853252683,0.004824901853252683,0.010950534575075999,0.010950534575075999,0.08065968971148596,0.08065968971148596,-0.11501364011314763,0.11501364011314763,-0.04006899999999991,0.04006899999999991,0.007859000000000727,0.007859000000000727,-0.015420238053781787,0.015420238053781787,-0.03924130160631467,0.03924130160631467
2025-12-04,2026-04-17,4.2299,4.2355,SMA,4.24749,4.2299,4.24749,4.235667945942296,4.244410276312441,4.321759689711486,4.19944744567279,4.200303000000002,4.234967000000001,4.223784048758834,4.198235695262554,0.011989999999999945,0.011989999999999945,-0.005600000000000271,0.005600000000000271,0.011989999999999945,0.011989999999999945,0.00016794594229629922,0.00016794594229629922,0.00891027631244068,0.00891027631244068,0.08625968971148623,0.08625968971148623,-0.03605255432720966,0.03605255432720966,-0.03519699999999837,0.03519699999999837,-0.0005329999999990065,0.0005329999999990065,-0.011715951241166422,0.011715951241166422,-0.03726430473744635,0.03726430473744635
2025-12-05,2026-04-20,4.2321,4.2346,SMA,4.246981666666667,4.2321,4.246981666666667,4.235328141566839,4.244829407532617,4.321759689711486,4.112775200805286,4.200394999999999,4.23774,4.221658451107136,4.200311873324969,0.012381666666666291,0.012381666666666291,-0.002500000000000391,0.002500000000000391,0.012381666666666291,0.012381666666666291,0.0007281415668387581,0.0007281415668387581,0.010229407532616364,0.010229407532616364,0.08715968971148591,0.08715968971148591,-0.12182479919471412,0.12182479919471412,-0.03420500000000093,0.03420500000000093,0.0031399999999992545,0.0031399999999992545,-0.012941548892864141,0.012941548892864141,-0.03428812667503145,0.03428812667503145
2025-12-08,2026-04-21,4.2289,4.232,SMA,4.246475,4.2289,4.246475,4.234715937608093,4.24229344875868,4.321759689711486,4.128674155762613,4.201116,4.239246000000001,4.2235958717159034,4.2038999981385885,0.014475000000000016,0.014475000000000016,-0.0030999999999998806,0.0030999999999998806,0.014475000000000016,0.014475000000000016,0.0027159376080927444,0.0027159376080927444,0.01029344875867988,0.01029344875867988,0.08975968971148607,0.08975968971148607,-0.10332584423738744,0.10332584423738744,-0.030884000000000356,0.030884000000000356,0.007246000000001196,0.007246000000001196,-0.008404128284096757,0.008404128284096757,-0.028100001861411705,0.028100001861411705
2025-12-09,2026-04-22,4.234,4.2408,SMA,4.246248333333333,4.234,4.246248333333333,4.234647753073989,4.246265616315058,4.321759689711486,3.9845849701400966,4.200983999999998,4.237541000000002,4.221895847068251,4.219561660359767,0.005448333333332833,0.005448333333332833,-0.006800000000000139,0.006800000000000139,0.005448333333332833,0.005448333333332833,-0.006152246926011351,0.006152246926011351,0.005465616315057709,0.005465616315057709,0.08095968971148615,0.08095968971148615,-0.2562150298599035,0.2562150298599035,-0.03981600000000185,0.03981600000000185,-0.0032589999999981245,0.0032589999999981245,-0.018904152931749074,0.018904152931749074,-0.021238339640232695,0.021238339640232695
2025-12-10,2026-04-23,4.2274,4.2501,SMA,4.245865,4.2274,4.245865,4.233957490876466,4.245825884492552,4.321759689711486,4.1623169669007565,4.201912,4.243469,4.222439026314376,4.213887975258965,-0.004234999999999545,0.004234999999999545,-0.0226999999999995,0.0226999999999995,-0.004234999999999545,0.004234999999999545,-0.016142509123533877,0.016142509123533877,-0.004274115507447718,0.004274115507447718,0.07165968971148651,0.07165968971148651,-0.08778303309924329,0.08778303309924329,-0.048187999999999676,0.048187999999999676,-0.006630999999999609,0.006630999999999609,-0.027660973685623702,0.027660973685623702,-0.03621202474103491,0.03621202474103491
2025-12-11,2026-04-24,4.2284,4.2428,SMA,4.245406666666667,4.2284,4.245406666666667,4.233428206031088,4.245934756517061,4.321759689711486,4.236324449435174,4.200021999999999,4.238752999999999,4.2255294126660825,4.2201957125569605,0.002606666666666868,0.002606666666666868,-0.01440000000000019,0.01440000000000019,0.002606666666666868,0.002606666666666868,-0.009371793968911746,0.009371793968911746,0.003134756517060744,0.003134756517060744,0.07895968971148637,0.07895968971148637,-0.006475550564825738,0.006475550564825738,-0.04277800000000109,0.04277800000000109,-0.0040470000000008,0.0040470000000008,-0.017270587333917398,0.017270587333917398,-0.02260428744303944,0.02260428744303944
2025-12-12,2026-04-27,4.2271,4.2445,SMA,4.244918333333334,4.2271,4.244918333333334,4.232825519742414,4.246292252157996,4.321759689711486,4.12857638046685,4.200949,4.235403000000002,4.221103535612478,4.216669345916961,0.00041833333333318734,0.00041833333333318734,-0.017400000000000304,0.017400000000000304,0.00041833333333318734,0.00041833333333318734,-0.011674480257586772,0.011674480257586772,0.0017922521579958328,0.0017922521579958328,0.07725968971148589,0.07725968971148589,-0.11592361953315056,0.11592361953315056,-0.043551000000000784,0.043551000000000784,-0.0090969999999988,0.0090969999999988,-0.023396464387522187,0.023396464387522187,-0.027830654083039086,0.027830654083039086
2025-12-15,2026-04-28,4.2192,4.247,SMA,4.244128333333333,4.2192,4.244128333333333,4.231527851195517,4.243338193945425,4.321759689711486,4.082817661749227,4.201925999999998,4.225155000000002,4.2234534824053265,4.204621075094969,-0.0028716666666666057,0.0028716666666666057,-0.027800000000000047,0.027800000000000047,-0.0028716666666666057,0.0028716666666666057,-0.015472148804482444,0.015472148804482444,-0.003661806054575223,0.003661806054575223,0.07475968971148639,0.07475968971148639,-0.16418233825077255,0.16418233825077255,-0.04507400000000228,0.04507400000000228,-0.021844999999998116,0.021844999999998116,-0.02354651759467341,0.02354651759467341,-0.042378924905031035,0.042378924905031035
2025-12-16,2026-04-29,4.2239,4.2537,SMA,4.243451666666667,4.2239,4.243451666666667,4.2308013891768965,4.248250716971533,4.321759689711486,3.9925802531419796,4.201343999999999,4.222161000000001,4.223850705571172,4.203191812784996,-0.010248333333333193,0.010248333333333193,-0.029799999999999827,0.029799999999999827,-0.010248333333333193,0.010248333333333193,-0.022898610823103738,0.022898610823103738,-0.0054492830284669225,0.0054492830284669225,0.06805968971148602,0.06805968971148602,-0.26111974685802064,0.26111974685802064,-0.0523560000000014,0.0523560000000014,-0.03153899999999954,0.03153899999999954,-0.029849294428828443,0.029849294428828443,-0.05050818721500416,0.05050818721500416
2025-12-17,2026-04-30,4.2149,4.2589,SMA,4.24278,4.2149,4.24278,4.229286971160049,4.242207061799673,4.321759689711486,4.142864767772989,4.200448999999998,4.221725000000001,4.222975108715546,4.183060695763013,-0.016119999999999912,0.016119999999999912,-0.043999999999999595,0.043999999999999595,-0.016119999999999912,0.016119999999999912,-0.029613028839950317,0.029613028839950317,-0.016692938200326246,0.016692938200326246,0.06285968971148659,0.06285968971148659,-0.11603523222701106,0.11603523222701106,-0.058451000000001585,0.058451000000001585,-0.037174999999998626,0.037174999999998626,-0.035924891284453864,0.035924891284453864,-0.07583930423698693,0.07583930423698693
2025-12-18,2026-05-04,4.2076,4.2544,SMA,4.24178,4.2076,4.24178,4.227221545335283,4.239432134638766,4.321759689711486,4.211190213881511,4.209558999999998,4.239428000000002,4.246593549685994,4.174330649759695,-0.012620000000000076,0.012620000000000076,-0.046800000000000175,0.046800000000000175,-0.012620000000000076,0.012620000000000076,-0.027178454664717577,0.027178454664717577,-0.014967865361234622,0.014967865361234622,0.06735968971148587,0.06735968971148587,-0.04320978611848947,0.04320978611848947,-0.04484100000000257,0.04484100000000257,-0.014971999999998431,0.014971999999998431,-0.007806450314006064,0.007806450314006064,-0.08006935024030515,0.08006935024030515
2025-12-19,2026-05-05,4.2094,4.2551,SMA,4.240905,4.2094,4.240905,4.225524255303351,4.239530064377306,4.321759689711486,4.131359615531371,4.210034999999998,4.2336940000000025,4.245693385379574,4.1760029718546505,-0.014194999999999958,0.014194999999999958,-0.045700000000000074,0.045700000000000074,-0.014194999999999958,0.014194999999999958,-0.029575744696648698,0.029575744696648698,-0.015569935622693265,0.015569935622693265,0.06665968971148661,0.06665968971148661,-0.12374038446862823,0.12374038446862823,-0.04506500000000191,0.04506500000000191,-0.02140599999999715,0.02140599999999715,-0.009406614620425913,0.009406614620425913,-0.07909702814534914,0.07909702814534914
2025-12-22,2026-05-06,4.2115,4.2351,SMA,4.239983333333333,4.2115,4.239983333333333,4.224188611941127,4.244788488674515,4.321759689711486,3.965005422979615,4.2121179999999985,4.234411000000003,4.250080404487346,4.182882107198626,0.0048833333333329065,0.0048833333333329065,-0.023600000000000065,0.023600000000000065,0.0048833333333329065,0.0048833333333329065,-0.01091138805887315,0.01091138805887315,0.009688488674514772,0.009688488674514772,0.08665968971148619,0.08665968971148619,-0.2700945770203851,0.2700945770203851,-0.022982000000001612,0.022982000000001612,-0.000688999999996831,0.000688999999996831,0.014980404487346277,0.014980404487346277,-0.0522178928013739,0.0522178928013739
2025-12-23,2026-05-07,4.2274,4.2286,SMA,4.239293333333333,4.2274,4.239293333333333,4.2244944584229245,4.252017940594931,4.321759689711486,3.955814324532083,4.211450999999998,4.235922000000003,4.24703037787869,4.211022010830377,0.010693333333333221,0.010693333333333221,-0.0011999999999998678,0.0011999999999998678,0.010693333333333221,0.010693333333333221,-0.004105541577075655,0.004105541577075655,0.023417940594931075,0.023417940594931075,0.09315968971148614,0.09315968971148614,-0.272785675467917,0.272785675467917,-0.017149000000002523,0.017149000000002523,0.007322000000002937,0.007322000000002937,0.01843037787868962,0.01843037787868962,-0.017577989169622832,0.017577989169622832
2025-12-29,2026-05-08,4.2274,4.2284,SMA,4.238596666666667,4.2274,4.238596666666667,4.22477117666836,4.248208603101703,4.321759689711486,4.154440475309579,4.214884999999999,4.243917000000002,4.244840268340164,4.213371430119636,0.010196666666667298,0.010196666666667298,-0.0009999999999994458,0.0009999999999994458,0.010196666666667298,0.010196666666667298,-0.003628823331639275,0.003628823331639275,0.01980860310170307,0.01980860310170307,0.09335968971148656,0.09335968971148656,-0.07395952469042033,0.07395952469042033,-0.013515000000000832,0.013515000000000832,0.015517000000002668,0.015517000000002668,0.016440268340164543,0.016440268340164543,-0.015028569880363385,0.015028569880363385
2025-12-30,2026-05-11,4.2293,4.2386,SMA,4.238108333333333,4.2293,4.238108333333333,4.225202493176136,4.249486994135211,4.321759689711486,4.115485700272964,4.216053999999999,4.2412240000000025,4.246867369516622,4.209090684726222,-0.0004916666666670011,0.0004916666666670011,-0.009299999999999642,0.009299999999999642,-0.0004916666666670011,0.0004916666666670011,-0.013397506823864092,0.013397506823864092,0.01088699413521077,0.01088699413521077,0.08315968971148635,0.08315968971148635,-0.12311429972703625,0.12311429972703625,-0.022546000000001065,0.022546000000001065,0.0026240000000026242,0.0026240000000026242,0.00826736951662177,0.00826736951662177,-0.02950931527377776,0.02950931527377776
2025-12-31,2026-05-12,4.2267,4.2478,SMA,4.23762,4.2267,4.23762,4.225345112873647,4.247557406401501,4.321759689711486,4.243081515802309,4.213506999999999,4.238054,4.2512952934605694,4.2012781284749545,-0.010180000000000078,0.010180000000000078,-0.021099999999999675,0.021099999999999675,-0.010180000000000078,0.010180000000000078,-0.022454887126352574,0.022454887126352574,-0.00024259359849843065,0.00024259359849843065,0.07395968971148648,0.07395968971148648,-0.004718484197690387,0.004718484197690387,-0.034293000000000795,0.034293000000000795,-0.00974599999999981,0.00974599999999981,0.0034952934605696484,0.0034952934605696484,-0.04652187152504528,0.04652187152504528
2026-01-02,2026-05-13,4.2156,4.2524,SMA,4.236948333333333,4.2156,4.236948333333333,4.224417006885681,4.231372072817757,4.321759689711486,4.149777382607279,4.220789999999999,4.274391000000001,4.290129823030278,4.188616243941536,-0.01545166666666642,0.01545166666666642,-0.0367999999999995,0.0367999999999995,-0.01545166666666642,0.01545166666666642,-0.02798299311431851,0.02798299311431851,-0.02102792718224311,0.02102792718224311,0.06935968971148654,0.06935968971148654,-0.10262261739272116,0.10262261739272116,-0.03161000000000058,0.03161000000000058,0.021991000000001648,0.021991000000001648,0.037729823030278276,0.037729823030278276,-0.06378375605846376,0.06378375605846376
2026-01-05,2026-05-14,4.211,4.2401,SMA,4.2362633333333335,4.211,4.2362633333333335,4.223139196706092,4.228282790444704,4.321759689711486,4.104548605119173,4.221325999999997,4.278821000000002,4.290150299506119,4.1767269035010255,-0.0038366666666664884,0.0038366666666664884,-0.02909999999999968,0.02909999999999968,-0.0038366666666664884,0.0038366666666664884,-0.016960803293907922,0.016960803293907922,-0.011817209555296415,0.011817209555296415,0.0816596897114863,0.0816596897114863,-0.13555139488082713,0.13555139488082713,-0.018774000000003177,0.018774000000003177,0.03872100000000245,0.03872100000000245,0.05005029950611917,0.05005029950611917,-0.06337309649897449,0.06337309649897449
2026-01-07,2026-05-15,4.2105,4.2489,SMA,4.235506666666667,4.2105,4.235506666666667,4.2219354636864646,4.230446176047844,4.321759689711486,4.150043161442875,4.224857999999998,4.269523000000003,4.285755778457018,4.174891184213347,-0.013393333333333146,0.013393333333333146,-0.03840000000000021,0.03840000000000021,-0.013393333333333146,0.013393333333333146,-0.026964536313535348,0.026964536313535348,-0.018453823952156334,0.018453823952156334,0.07285968971148638,0.07285968971148638,-0.09885683855712468,0.09885683855712468,-0.02404200000000234,0.02404200000000234,0.020623000000003167,0.020623000000003167,0.03685577845701804,0.03685577845701804,-0.07400881578665253,0.07400881578665253
2026-01-08,2026-05-18,4.2119,4.2434,SMA,4.234816666666666,4.2119,4.234816666666666,4.220979705240135,4.227662234775379,4.321759689711486,4.270210236025961,4.222968999999998,4.278919000000001,4.282688860764476,4.180234579640265,-0.008583333333334053,0.008583333333334053,-0.031500000000000306,0.031500000000000306,-0.008583333333334053,0.008583333333334053,-0.022420294759864845,0.022420294759864845,-0.015737765224621114,0.015737765224621114,0.07835968971148599,0.07835968971148599,0.026810236025960776,0.026810236025960776,-0.020431000000002086,0.020431000000002086,0.035519000000000744,0.035519000000000744,0.039288860764475686,0.039288860764475686,-0.06316542035973516,0.06316542035973516
2026-01-09,2026-05-19,4.2127,4.2389,SMA,4.23408,4.2127,4.23408,4.220191161883931,4.230576423546003,4.321759689711486,4.267583440371135,4.222550999999998,4.273137000000002,4.286606048384656,4.1871012755807255,-0.0048200000000004906,0.0048200000000004906,-0.026200000000000223,0.026200000000000223,-0.0048200000000004906,0.0048200000000004906,-0.01870883811606916,0.01870883811606916,-0.008323576453997283,0.008323576453997283,0.08285968971148616,0.08285968971148616,0.028683440371135127,0.028683440371135127,-0.016349000000001723,0.016349000000001723,0.03423700000000185,0.03423700000000185,0.047706048384656086,0.047706048384656086,-0.05179872441927458,0.05179872441927458
2026-01-12,2026-05-20,4.2097,4.2546,SMA,4.23327,4.2097,4.23327,4.219192003609271,4.2330083785974155,4.321759689711486,4.027366263845143,4.225138999999998,4.269928000000004,4.286550356402765,4.1783386582638276,-0.02132999999999985,0.02132999999999985,-0.04490000000000016,0.04490000000000016,-0.02132999999999985,0.02132999999999985,-0.035407996390729224,0.035407996390729224,-0.021591621402584416,0.021591621402584416,0.06715968971148634,0.06715968971148634,-0.2272337361548571,0.2272337361548571,-0.02946100000000218,0.02946100000000218,0.015328000000003783,0.015328000000003783,0.03195035640276522,0.03195035640276522,-0.07626134173617238,0.07626134173617238
2026-01-13,2026-05-21,4.2116,4.246,SMA,4.232476666666667,4.2116,4.232476666666667,4.218468955646483,4.235177130562302,4.321759689711486,4.186271761610529,4.220450999999998,4.271748000000003,4.292609300509103,4.177597112491695,-0.013523333333333554,0.013523333333333554,-0.03440000000000065,0.03440000000000065,-0.013523333333333554,0.013523333333333554,-0.027531044353517053,0.027531044353517053,-0.010822869437698834,0.010822869437698834,0.07575968971148583,0.07575968971148583,-0.0597282383894715,0.0597282383894715,-0.025549000000002486,0.025549000000002486,0.02574800000000277,0.02574800000000277,0.04660930050910217,0.04660930050910217,-0.06840288750830581,0.06840288750830581
2026-01-14,2026-05-22,4.211,4.2453,SMA,4.231585,4.211,4.231585,4.217757626537295,4.232944818460513,4.321759689711486,4.155329026997215,4.221057999999998,4.277527000000004,4.28484922660354,4.179191007218296,-0.013715000000000366,0.013715000000000366,-0.0343,0.0343,-0.013715000000000366,0.013715000000000366,-0.027542373462705605,0.027542373462705605,-0.012355181539486892,0.012355181539486892,0.07645968971148598,0.07645968971148598,-0.08997097300278512,0.08997097300278512,-0.024242000000001873,0.024242000000001873,0.032227000000003336,0.032227000000003336,0.039549226603539545,0.039549226603539545,-0.06610899278170468,0.06610899278170468
2026-01-15,2026-05-25,4.2068,4.2352,SMA,4.230771666666667,4.2068,4.230771666666667,4.216714043057552,4.230038255545732,4.321759689711486,4.32121516416909,4.218987999999998,4.276926000000001,4.288088934033648,4.171475230355173,-0.004428333333333256,0.004428333333333256,-0.028399999999999537,0.028399999999999537,-0.004428333333333256,0.004428333333333256,-0.018485956942448034,0.018485956942448034,-0.005161744454268202,0.005161744454268202,0.08655968971148642,0.08655968971148642,0.0860151641690905,0.0860151641690905,-0.016212000000002114,0.016212000000002114,0.041726000000001484,0.041726000000001484,0.05288893403364803,0.05288893403364803,-0.06372476964482665,0.06372476964482665
2026-01-16,2026-05-26,4.2192,4.2352,SMA,4.23023,4.2192,4.23023,4.216950800861595,4.233511348659727,4.321759689711486,4.263177026752324,4.218199999999998,4.275617000000001,4.29182284011709,4.186138238827086,-0.004970000000000141,0.004970000000000141,-0.016000000000000014,0.016000000000000014,-0.004970000000000141,0.004970000000000141,-0.01824919913840528,0.01824919913840528,-0.001688651340272962,0.001688651340272962,0.08655968971148642,0.08655968971148642,0.02797702675232383,0.02797702675232383,-0.017000000000002125,0.017000000000002125,0.04041700000000148,0.04041700000000148,0.05662284011709051,0.05662284011709051,-0.049061761172914053,0.049061761172914053
2026-01-19,2026-05-27,4.2231,4.2393,SMA,4.229673333333333,4.2231,4.229673333333333,4.217536438874776,4.233839970832575,4.321759689711486,4.05164039742271,4.217126999999998,4.264687000000001,4.289701122904092,4.185164507669958,-0.009626666666666672,0.009626666666666672,-0.016200000000000436,0.016200000000000436,-0.009626666666666672,0.009626666666666672,-0.021763561125224484,0.021763561125224484,-0.005460029167425162,0.005460029167425162,0.0824596897114862,0.0824596897114862,-0.1876596025772903,0.1876596025772903,-0.02217300000000222,0.02217300000000222,0.02538700000000116,0.02538700000000116,0.050401122904092155,0.050401122904092155,-0.05413549233004211,0.05413549233004211
2026-01-20,2026-05-28,4.2279,4.2355,SMA,4.229478333333334,4.2279,4.229478333333334,4.218523444696226,4.235674466256627,4.321759689711486,4.152869159999644,4.2169989999999995,4.277354000000001,4.2888729808988035,4.188343441617914,-0.00602166666666637,0.00602166666666637,-0.007600000000000051,0.007600000000000051,-0.00602166666666637,0.00602166666666637,-0.016976555303774177,0.016976555303774177,0.00017446625662653759,0.00017446625662653759,0.08625968971148623,0.08625968971148623,-0.08263084000035636,0.08263084000035636,-0.018501000000000545,0.018501000000000545,0.041854000000000724,0.041854000000000724,0.05337298089880349,0.05337298089880349,-0.047156558382085656,0.047156558382085656
2026-01-21,2026-05-29,4.2271,4.2322,SMA,4.229276666666666,4.2271,4.229276666666666,4.219340259487062,4.229458973498877,4.321759689711486,4.159084047710521,4.213299999999999,4.277986000000001,4.290589018300914,4.196287190065847,-0.002923333333333389,0.002923333333333389,-0.00509999999999966,0.00509999999999966,-0.002923333333333389,0.002923333333333389,-0.012859740512937812,0.012859740512937812,-0.002741026501122512,0.002741026501122512,0.08955968971148653,0.08955968971148653,-0.07311595228947887,0.07311595228947887,-0.01890000000000036,0.01890000000000036,0.04578600000000144,0.04578600000000144,0.058389018300914586,0.058389018300914586,-0.03591280993415236,0.03591280993415236
2026-01-22,2026-06-01,4.2128,4.2341,SMA,4.22876,4.2128,4.22876,4.218717377631151,4.229866412286936,4.321759689711486,4.35666011030948,4.2201840000000015,4.286658,4.280322926835453,4.165911245380799,-0.005339999999999456,0.005339999999999456,-0.021300000000000097,0.021300000000000097,-0.005339999999999456,0.005339999999999456,-0.015382622368848686,0.015382622368848686,-0.004233587713064146,0.004233587713064146,0.08765968971148652,0.08765968971148652,0.12256011030948066,0.12256011030948066,-0.013915999999998263,0.013915999999998263,0.05255800000000033,0.05255800000000033,0.04622292683545304,0.04622292683545304,-0.06818875461920104,0.06818875461920104
2026-01-23,2026-06-02,4.205,4.2334,SMA,4.228265,4.205,4.228265,4.217410960713899,4.226696429872891,4.321759689711486,4.276464687857001,4.219729999999999,4.281668,4.278693607207004,4.152512842135582,-0.0051349999999992235,0.0051349999999992235,-0.028399999999999537,0.028399999999999537,-0.0051349999999992235,0.0051349999999992235,-0.015989039286100848,0.015989039286100848,-0.006703570127108982,0.006703570127108982,0.08835968971148667,0.08835968971148667,0.04306468785700179,0.04306468785700179,-0.013670000000000293,0.013670000000000293,0.0482680000000002,0.0482680000000002,0.045293607207004705,0.045293607207004705,-0.08088715786441725,0.08088715786441725
2026-01-26,2026-06-03,4.2118,4.2433,SMA,4.227873333333333,4.2118,4.227873333333333,4.216876583503051,4.22907953383291,4.321759689711486,4.118980259953989,4.220514,4.281885000000001,4.275874746702925,4.160351902984851,-0.015426666666666478,0.015426666666666478,-0.03149999999999942,0.03149999999999942,-0.015426666666666478,0.015426666666666478,-0.02642341649694835,0.02642341649694835,-0.014220466167089718,0.014220466167089718,0.07845968971148665,0.07845968971148665,-0.12431974004601098,0.12431974004601098,-0.022785999999999973,0.022785999999999973,0.0385850000000012,0.0385850000000012,0.032574746702925594,0.032574746702925594,-0.08294809701514883,0.08294809701514883
