date,target_date,y_t,true_target,best_model,pred_best,pred_Naive,pred_SMA,pred_EMA,pred_Ridge,pred_ElasticNet,pred_MLPRegressor,pred_RandomForest,pred_ExtraTrees,pred_HistGB,pred_SARIMAX,err_pred_best,abs_err_pred_best,err_pred_Naive,abs_err_pred_Naive,err_pred_SMA,abs_err_pred_SMA,err_pred_EMA,abs_err_pred_EMA,err_pred_Ridge,abs_err_pred_Ridge,err_pred_ElasticNet,abs_err_pred_ElasticNet,err_pred_MLPRegressor,abs_err_pred_MLPRegressor,err_pred_RandomForest,abs_err_pred_RandomForest,err_pred_ExtraTrees,abs_err_pred_ExtraTrees,err_pred_HistGB,abs_err_pred_HistGB,err_pred_SARIMAX,abs_err_pred_SARIMAX
2025-05-21,2025-05-22,4.2403,4.2447,Naive,4.2403,4.2403,4.2491,4.2525150194430505,4.242644335539662,4.309224404917604,4.248668261089437,4.244363,4.245892,4.244406224789483,4.240327647522491,-0.004399999999999515,0.004399999999999515,-0.004399999999999515,0.004399999999999515,0.004400000000000404,0.004400000000000404,0.00781501944305063,0.00781501944305063,-0.0020556644603377805,0.0020556644603377805,0.06452440491760392,0.06452440491760392,0.003968261089436709,0.003968261089436709,-0.0003370000000000317,0.0003370000000000317,0.001192000000000526,0.001192000000000526,-0.0002937752105172109,0.0002937752105172109,-0.0043723524775085565,0.0043723524775085565
2025-05-22,2025-05-23,4.2447,4.2541,Naive,4.2447,4.2447,4.2504800000000005,4.251094106817041,4.246542494992671,4.309224404917604,4.2178587378580215,4.246408,4.247976000000001,4.244905380705165,4.2405860538283555,-0.009400000000000297,0.009400000000000297,-0.009400000000000297,0.009400000000000297,-0.0036199999999997345,0.0036199999999997345,-0.003005893182959518,0.003005893182959518,-0.007557505007329546,0.007557505007329546,0.05512440491760362,0.05512440491760362,-0.03624126214197876,0.03624126214197876,-0.007692000000000476,0.007692000000000476,-0.006123999999998908,0.006123999999998908,-0.009194619294834894,0.009194619294834894,-0.013513946171644697,0.013513946171644697
2025-05-23,2025-05-26,4.2541,4.2514,Naive,4.2541,4.2541,4.2534600000000005,4.251640632850306,4.251835228671291,4.309224404917604,4.260741490783662,4.254859999999997,4.2550159999999995,4.2581178019290205,4.24427333469987,0.0026999999999999247,0.0026999999999999247,0.0026999999999999247,0.0026999999999999247,0.002060000000000173,0.002060000000000173,0.00024063285030528903,0.00024063285030528903,0.00043522867129031084,0.00043522867129031084,0.057824404917603545,0.057824404917603545,0.009341490783661754,0.009341490783661754,0.00345999999999691,0.00345999999999691,0.0036159999999991754,0.0036159999999991754,0.006717801929020162,0.006717801929020162,-0.007126665300130064,0.007126665300130064
2025-05-26,2025-05-27,4.2514,4.2479,Naive,4.2514,4.2514,4.2480400000000005,4.251596881422977,4.253208846291858,4.309224404917604,4.279775624055436,4.251999000000001,4.256446999999997,4.253202187893419,4.2447242087210055,0.0035000000000007248,0.0035000000000007248,0.0035000000000007248,0.0035000000000007248,0.00014000000000091717,0.00014000000000091717,0.00369688142297786,0.00369688142297786,0.005308846291858238,0.005308846291858238,0.06132440491760427,0.06132440491760427,0.03187562405543609,0.03187562405543609,0.004099000000001851,0.004099000000001851,0.008546999999997418,0.008546999999997418,0.005302187893419408,0.005302187893419408,-0.0031757912789940335,0.0031757912789940335
2025-05-27,2025-05-28,4.2479,4.2447,Naive,4.2479,4.2479,4.24768,4.250924721164254,4.246883646513543,4.309224404917604,4.253880966490381,4.244986000000003,4.249847999999999,4.248654594897084,4.243880414679813,0.0031999999999996476,0.0031999999999996476,0.0031999999999996476,0.0031999999999996476,0.0029799999999999827,0.0029799999999999827,0.006224721164254099,0.006224721164254099,0.0021836465135427474,0.0021836465135427474,0.06452440491760392,0.06452440491760392,0.009180966490380804,0.009180966490380804,0.000286000000002673,0.000286000000002673,0.005147999999999264,0.005147999999999264,0.00395459489708383,0.00395459489708383,-0.0008195853201868886,0.0008195853201868886
2025-05-28,2025-05-29,4.2447,4.2369,Naive,4.2447,4.2447,4.24856,4.249792953679844,4.245062620665626,4.309224404917604,4.196609601736666,4.251212000000001,4.247193000000001,4.245068428098895,4.241335468350809,0.007799999999999585,0.007799999999999585,0.007799999999999585,0.007799999999999585,0.011660000000000004,0.011660000000000004,0.012892953679843444,0.012892953679843444,0.008162620665626008,0.008162620665626008,0.0723244049176035,0.0723244049176035,-0.040290398263334026,0.040290398263334026,0.014312000000000324,0.014312000000000324,0.010293000000000774,0.010293000000000774,0.008168428098894509,0.008168428098894509,0.004435468350808769,0.004435468350808769
2025-05-29,2025-05-30,4.2369,4.2507,Naive,4.2369,4.2369,4.247,4.247448780283508,4.237729836375492,4.309224404917604,4.18459297796635,4.243704999999999,4.241034,4.2411828901937785,4.237136973385949,-0.013799999999999812,0.013799999999999812,-0.013799999999999812,0.013799999999999812,-0.0037000000000002586,0.0037000000000002586,-0.003251219716491782,0.003251219716491782,-0.012970163624507869,0.012970163624507869,0.05852440491760369,0.05852440491760369,-0.06610702203365015,0.06610702203365015,-0.006995000000000751,0.006995000000000751,-0.009666000000000174,0.009666000000000174,-0.009517109806221669,0.009517109806221669,-0.013563026614050955,0.013563026614050955
2025-05-30,2025-06-02,4.2507,4.2578,Naive,4.2507,4.2507,4.24632,4.248039911141052,4.25197990700422,4.309224404917604,4.285710590247326,4.251366999999998,4.254148999999999,4.252067301745464,4.244760086411817,-0.00709999999999944,0.00709999999999944,-0.00709999999999944,0.00709999999999944,-0.011479999999999713,0.011479999999999713,-0.009760088858947746,0.009760088858947746,-0.005820092995779902,0.005820092995779902,0.05142440491760425,0.05142440491760425,0.027910590247326006,0.027910590247326006,-0.006433000000001243,0.006433000000001243,-0.003651000000000515,0.003651000000000515,-0.005732698254535151,0.005732698254535151,-0.013039913588182905,0.013039913588182905
2025-06-02,2025-06-03,4.2578,4.2721,Naive,4.2578,4.2578,4.2476,4.249814472751769,4.258001519458309,4.309224404917604,4.278252594047029,4.260126,4.260614,4.262134297347344,4.250489526400221,-0.014300000000000423,0.014300000000000423,-0.014300000000000423,0.014300000000000423,-0.024499999999999744,0.024499999999999744,-0.022285527248230963,0.022285527248230963,-0.014098480541690606,0.014098480541690606,0.037124404917603826,0.037124404917603826,0.0061525940470286145,0.0061525940470286145,-0.011974000000000373,0.011974000000000373,-0.011485999999999663,0.011485999999999663,-0.009965702652656283,0.009965702652656283,-0.021610473599778857,0.021610473599778857
2025-06-03,2025-06-04,4.2721,4.2778,Naive,4.2721,4.2721,4.25244,4.2538663867969015,4.27319419534021,4.309224404917604,4.26134278663532,4.270165,4.270718,4.27704284989263,4.259146984594214,-0.005700000000000038,0.005700000000000038,-0.005700000000000038,0.005700000000000038,-0.02536000000000005,0.02536000000000005,-0.023933613203098503,0.023933613203098503,-0.0046058046597901026,0.0046058046597901026,0.03142440491760379,0.03142440491760379,-0.016457213364679646,0.016457213364679646,-0.007634999999999614,0.007634999999999614,-0.007082000000000477,0.007082000000000477,-0.000757150107370208,0.000757150107370208,-0.018653015405786455,0.018653015405786455
2025-06-04,2025-06-05,4.2778,4.2791,Naive,4.2778,4.2778,4.25906,4.258217952833828,4.27999218073014,4.309224404917604,4.279990441750936,4.274709,4.278444,4.27416847233006,4.2651862000933,-0.0012999999999996348,0.0012999999999996348,-0.0012999999999996348,0.0012999999999996348,-0.020039999999999836,0.020039999999999836,-0.020882047166171702,0.020882047166171702,0.0008921807301405238,0.0008921807301405238,0.030124404917604153,0.030124404917604153,0.0008904417509363327,0.0008904417509363327,-0.004391000000000034,0.004391000000000034,-0.0006559999999993238,0.0006559999999993238,-0.0049315276699397614,0.0049315276699397614,-0.013913799906699609,0.013913799906699609
2025-06-05,2025-06-06,4.2791,4.2881,Naive,4.2791,4.2791,4.2675,4.262014688682223,4.280804608062745,4.309224404917604,4.286867326059726,4.278277999999999,4.282723999999999,4.283269108388664,4.272226322557815,-0.009000000000000341,0.009000000000000341,-0.009000000000000341,0.009000000000000341,-0.02059999999999995,0.02059999999999995,-0.026085311317777027,0.026085311317777027,-0.007295391937255147,0.007295391937255147,0.021124404917603812,0.021124404917603812,-0.0012326739402741538,0.0012326739402741538,-0.009822000000000664,0.009822000000000664,-0.005376000000000936,0.005376000000000936,-0.004830891611335986,0.004830891611335986,-0.01587367744218504,0.01587367744218504
2025-06-06,2025-06-09,4.2881,4.2772,Naive,4.2881,4.2881,4.274979999999999,4.266757472558182,4.286362534964699,4.309224404917604,4.298953233610694,4.285976,4.288059000000001,4.285230159770737,4.281691408730974,0.010900000000000354,0.010900000000000354,0.010900000000000354,0.010900000000000354,-0.002220000000000333,0.002220000000000333,-0.010442527441817617,0.010442527441817617,0.009162534964699098,0.009162534964699098,0.032024404917604166,0.032024404917604166,0.0217532336106947,0.0217532336106947,0.008776000000000117,0.008776000000000117,0.010859000000001728,0.010859000000001728,0.008030159770737733,0.008030159770737733,0.0044914087309742,0.0044914087309742
2025-06-09,2025-06-10,4.2772,4.2611,Naive,4.2772,4.2772,4.27886,4.26865611391124,4.279117018377315,4.309224404917604,4.256954289347581,4.277170000000001,4.279832,4.27800863434942,4.2782794866499385,0.01609999999999978,0.01609999999999978,0.01609999999999978,0.01609999999999978,0.017759999999999998,0.017759999999999998,0.00755611391123967,0.00755611391123967,0.018017018377315175,0.018017018377315175,0.04812440491760395,0.04812440491760395,-0.004145710652418977,0.004145710652418977,0.016070000000000917,0.016070000000000917,0.01873199999999997,0.01873199999999997,0.016908634349420026,0.016908634349420026,0.017179486649938625,0.017179486649938625
2025-06-10,2025-06-11,4.2611,4.2643,Naive,4.2611,4.2611,4.27666,4.267282275018287,4.261609790036511,4.309224404917604,4.304198768343918,4.264581000000003,4.265553000000001,4.265507135241607,4.269943062032588,-0.0032000000000005357,0.0032000000000005357,-0.0032000000000005357,0.0032000000000005357,0.01235999999999926,0.01235999999999926,0.0029822750182866287,0.0029822750182866287,-0.002690209963489565,0.002690209963489565,0.04492440491760341,0.04492440491760341,0.03989876834391737,0.03989876834391737,0.0002810000000028623,0.0002810000000028623,0.0012530000000001706,0.0012530000000001706,0.0012071352416063164,0.0012071352416063164,0.00564306203258802,0.00564306203258802
2025-06-11,2025-06-12,4.2643,4.2631,Naive,4.2643,4.2643,4.273960000000001,4.26674004319678,4.268536872079292,4.309224404917604,4.28159450392916,4.266327,4.262556999999999,4.270852145229749,4.269057311709013,0.001200000000000756,0.001200000000000756,0.001200000000000756,0.001200000000000756,0.01086000000000098,0.01086000000000098,0.0036400431967802405,0.0036400431967802405,0.005436872079292776,0.005436872079292776,0.04612440491760417,0.04612440491760417,0.01849450392916019,0.01849450392916019,0.003227000000000757,0.003227000000000757,-0.0005430000000004043,0.0005430000000004043,0.007752145229749097,0.007752145229749097,0.005957311709013702,0.005957311709013702
2025-06-12,2025-06-13,4.2631,4.272,Naive,4.2631,4.2631,4.27076,4.266078217161001,4.262066800815189,4.309224404917604,4.254167755704954,4.263557000000001,4.260299000000001,4.265007804286552,4.263113526448718,-0.008900000000000574,0.008900000000000574,-0.008900000000000574,0.008900000000000574,-0.0012400000000001299,0.0012400000000001299,-0.005921782838998801,0.005921782838998801,-0.009933199184811059,0.009933199184811059,0.03722440491760359,0.03722440491760359,-0.017832244295045818,0.017832244295045818,-0.008442999999998868,0.008442999999998868,-0.011700999999999517,0.011700999999999517,-0.006992195713448446,0.006992195713448446,-0.008886473551282137,0.008886473551282137
2025-06-13,2025-06-16,4.272,4.2612,Naive,4.272,4.272,4.26754,4.26715490494991,4.270135977925899,4.309224404917604,4.279207132150713,4.273438,4.269146000000001,4.274459095861581,4.275445072821892,0.010800000000000587,0.010800000000000587,0.010800000000000587,0.010800000000000587,0.006340000000000678,0.006340000000000678,0.005954904949910578,0.005954904949910578,0.008935977925899508,0.008935977925899508,0.04802440491760418,0.04802440491760418,0.018007132150713367,0.018007132150713367,0.012237999999999971,0.012237999999999971,0.007946000000001341,0.007946000000001341,0.013259095861581471,0.013259095861581471,0.014245072821892357,0.014245072821892357
2025-06-16,2025-06-17,4.2612,4.275,Naive,4.2612,4.2612,4.26434,4.266072194959017,4.262663116083214,4.309224404917604,4.240000929763256,4.257781000000001,4.257264000000003,4.262450643648026,4.262383536495984,-0.0138000000000007,0.0138000000000007,-0.0138000000000007,0.0138000000000007,-0.010660000000000558,0.010660000000000558,-0.008927805040983117,0.008927805040983117,-0.012336883916786334,0.012336883916786334,0.03422440491760348,0.03422440491760348,-0.03499907023674442,0.03499907023674442,-0.017218999999998985,0.017218999999998985,-0.01773599999999753,0.01773599999999753,-0.012549356351974517,0.012549356351974517,-0.012616463504016018,0.012616463504016018
2025-06-17,2025-06-18,4.275,4.2717,Naive,4.275,4.275,4.26712,4.267695432239195,4.274728685163526,4.309224404917604,4.271762370440396,4.273601,4.275190999999999,4.278887258543617,4.27386301122766,0.0033000000000003027,0.0033000000000003027,0.0033000000000003027,0.0033000000000003027,-0.0045799999999998064,0.0045799999999998064,-0.0040045677608047114,0.0040045677608047114,0.00302868516352639,0.00302868516352639,0.03752440491760378,0.03752440491760378,6.23704403963643e-05,6.23704403963643e-05,0.0019010000000001526,0.0019010000000001526,0.0034909999999985786,0.0034909999999985786,0.007187258543616792,0.007187258543616792,0.00216301122766005,0.00216301122766005
2025-06-18,2025-06-20,4.2717,4.2709,Naive,4.2717,4.2717,4.2686,4.268423535468433,4.2723895223707675,4.309224404917604,4.245960996186495,4.272458000000001,4.266471,4.274654253600344,4.273583525445046,0.0007999999999999119,0.0007999999999999119,0.0007999999999999119,0.0007999999999999119,-0.0022999999999999687,0.0022999999999999687,-0.0024764645315675793,0.0024764645315675793,0.0014895223707673821,0.0014895223707673821,0.038324404917603694,0.038324404917603694,-0.02493900381350489,0.02493900381350489,0.0015580000000010585,0.0015580000000010585,-0.004429000000000016,0.004429000000000016,0.003754253600344093,0.003754253600344093,0.002683525445045909,0.002683525445045909
2025-06-20,2025-06-23,4.2709,4.2727,Naive,4.2709,4.2709,4.270160000000001,4.268873801746899,4.270474912010904,4.309224404917604,4.250170823142097,4.269813999999998,4.266523999999999,4.267918225492397,4.269907139017849,-0.0018000000000002458,0.0018000000000002458,-0.0018000000000002458,0.0018000000000002458,-0.0025399999999997647,0.0025399999999997647,-0.003826198253101154,0.003826198253101154,-0.002225087989096153,0.002225087989096153,0.03652440491760345,0.03652440491760345,-0.02252917685790301,0.02252917685790301,-0.0028860000000019426,0.0028860000000019426,-0.006176000000001736,0.006176000000001736,-0.004781774507603309,0.004781774507603309,-0.0027928609821517014,0.0027928609821517014
2025-06-23,2025-06-24,4.2727,4.2604,Naive,4.2727,4.2727,4.270300000000001,4.269569474156554,4.275546640289472,4.309224404917604,4.255055801422791,4.2672310000000016,4.267447,4.2726904414978755,4.275688867121284,0.012300000000000644,0.012300000000000644,0.012300000000000644,0.012300000000000644,0.009900000000000908,0.009900000000000908,0.009169474156554003,0.009169474156554003,0.015146640289472657,0.015146640289472657,0.04882440491760409,0.04882440491760409,-0.005344198577208914,0.005344198577208914,0.006831000000001808,0.006831000000001808,0.0070470000000000255,0.0070470000000000255,0.012290441497875726,0.012290441497875726,0.015288867121284078,0.015288867121284078
2025-06-24,2025-06-25,4.2604,4.2479,Naive,4.2604,4.2604,4.2701400000000005,4.26790229703718,4.26206317879324,4.309224404917604,4.280725751781779,4.260533000000001,4.260609000000001,4.260937799583731,4.26156118744633,0.012500000000000178,0.012500000000000178,0.012500000000000178,0.012500000000000178,0.022240000000000926,0.022240000000000926,0.020002297037180483,0.020002297037180483,0.014163178793240583,0.014163178793240583,0.06132440491760427,0.06132440491760427,0.03282575178177982,0.03282575178177982,0.012633000000001005,0.012633000000001005,0.012709000000001858,0.012709000000001858,0.013037799583731413,0.013037799583731413,0.01366118744633038,0.01366118744633038
2025-06-25,2025-06-26,4.2479,4.2479,Naive,4.2479,4.2479,4.26472,4.2642655157576925,4.252101445219332,4.309224404917604,4.21372022950237,4.248623,4.250593000000002,4.249245026599808,4.246768882628013,0.0,0.0,0.0,0.0,0.016820000000000057,0.016820000000000057,0.01636551575769296,0.01636551575769296,0.0042014452193326335,0.0042014452193326335,0.06132440491760427,0.06132440491760427,-0.034179770497629214,0.034179770497629214,0.0007230000000006953,0.0007230000000006953,0.002693000000002499,0.002693000000002499,0.0013450265998082855,0.0013450265998082855,-0.0011311173719867895,0.0011311173719867895
2025-06-26,2025-06-27,4.2479,4.2362,Naive,4.2479,4.2479,4.25996,4.261289967438112,4.249454535332931,4.309224404917604,4.247082528727276,4.245921,4.248518000000002,4.251905821889785,4.247858224469426,0.011699999999999378,0.011699999999999378,0.011699999999999378,0.011699999999999378,0.023760000000000225,0.023760000000000225,0.025089967438112204,0.025089967438112204,0.01325453533293075,0.01325453533293075,0.07302440491760365,0.07302440491760365,0.010882528727275798,0.010882528727275798,0.009720999999999869,0.009720999999999869,0.012318000000001383,0.012318000000001383,0.0157058218897852,0.0157058218897852,0.011658224469425882,0.011658224469425882
2025-06-27,2025-06-30,4.2362,4.2419,Naive,4.2362,4.2362,4.253019999999999,4.256728155176637,4.235665550296322,4.309224404917604,4.207125113568763,4.2454839999999985,4.243824,4.241270853391907,4.236903052652661,-0.005700000000000038,0.005700000000000038,-0.005700000000000038,0.005700000000000038,0.01111999999999913,0.01111999999999913,0.014828155176636493,0.014828155176636493,-0.0062344497036779245,0.0062344497036779245,0.06732440491760361,0.06732440491760361,-0.034774886431237384,0.034774886431237384,0.0035839999999982552,0.0035839999999982552,0.0019239999999998147,0.0019239999999998147,-0.0006291466080936559,0.0006291466080936559,-0.004996947347339464,0.004996947347339464
2025-06-30,2025-07-01,4.2419,4.2415,Naive,4.2419,4.2419,4.24686,4.254032126962703,4.24562693614121,4.309224404917604,4.240231961460233,4.247084999999998,4.248193,4.246420099180995,4.237559736908463,0.00039999999999995595,0.00039999999999995595,0.00039999999999995595,0.00039999999999995595,0.005359999999999587,0.005359999999999587,0.012532126962702783,0.012532126962702783,0.004126936141209292,0.004126936141209292,0.06772440491760356,0.06772440491760356,-0.0012680385397674243,0.0012680385397674243,0.005584999999997287,0.005584999999997287,0.006692999999999394,0.006692999999999394,0.004920099180994342,0.004920099180994342,-0.003940263091537055,0.003940263091537055
2025-07-01,2025-07-02,4.2415,4.25,Naive,4.2415,4.2415,4.243080000000001,4.25175355842403,4.242970935997841,4.309224404917604,4.255513837844657,4.246685999999999,4.249253999999999,4.246237077603563,4.23978310173445,-0.00849999999999973,0.00849999999999973,-0.00849999999999973,0.00849999999999973,-0.006919999999999149,0.006919999999999149,0.0017535584240295776,0.0017535584240295776,-0.007029064002159302,0.007029064002159302,0.059224404917603835,0.059224404917603835,0.00551383784465731,0.00551383784465731,-0.0033140000000013714,0.0033140000000013714,-0.0007460000000012457,0.0007460000000012457,-0.0037629223964366076,0.0037629223964366076,-0.010216898265549723,0.010216898265549723
2025-07-02,2025-07-03,4.25,4.2634,Naive,4.25,4.25,4.2435,4.25143472961966,4.251840750998026,4.309224404917604,4.248230426298225,4.253870999999998,4.249971,4.253718575705353,4.245248041048568,-0.013399999999999856,0.013399999999999856,-0.013399999999999856,0.013399999999999856,-0.019899999999999807,0.019899999999999807,-0.011965270380339454,0.011965270380339454,-0.011559249001973804,0.011559249001973804,0.04582440491760398,0.04582440491760398,-0.015169573701775185,0.015169573701775185,-0.009529000000001453,0.009529000000001453,-0.01342899999999947,0.01342899999999947,-0.009681424294647023,0.009681424294647023,-0.018151958951431624,0.018151958951431624
2025-07-03,2025-07-04,4.2634,4.2515,Naive,4.2634,4.2634,4.246599999999999,4.253610233325176,4.265493263238916,4.309224404917604,4.235943164968349,4.270298,4.271483,4.265524363744506,4.262082950983499,0.0118999999999998,0.0118999999999998,0.0118999999999998,0.0118999999999998,-0.004900000000001015,0.004900000000001015,0.002110233325176125,0.002110233325176125,0.013993263238916143,0.013993263238916143,0.05772440491760378,0.05772440491760378,-0.015556835031651062,0.015556835031651062,0.018798000000000314,0.018798000000000314,0.019982999999999862,0.019982999999999862,0.014024363744505663,0.014024363744505663,0.010582950983499373,0.010582950983499373
2025-07-04,2025-07-07,4.2515,4.2524,Naive,4.2515,4.2515,4.24966,4.25322655453878,4.251131444104898,4.309224404917604,4.260283104275768,4.254582999999998,4.250154999999998,4.254522146027105,4.254787851690988,-0.0008999999999996788,0.0008999999999996788,-0.0008999999999996788,0.0008999999999996788,-0.0027399999999992986,0.0027399999999992986,0.000826554538780222,0.000826554538780222,-0.001268555895101997,0.001268555895101997,0.0568244049176041,0.0568244049176041,0.007883104275768105,0.007883104275768105,0.0021829999999978256,0.0021829999999978256,-0.002245000000002051,0.002245000000002051,0.002122146027105032,0.002122146027105032,0.0023878516909885406,0.0023878516909885406
2025-07-07,2025-07-08,4.2524,4.2455,Naive,4.2524,4.2524,4.25176,4.253076271895365,4.25601072278786,4.309224404917604,4.265633178566222,4.2589879999999996,4.258995999999999,4.254349848290086,4.253546529001429,0.006899999999999906,0.006899999999999906,0.006899999999999906,0.006899999999999906,0.006260000000000154,0.006260000000000154,0.007576271895365139,0.007576271895365139,0.010510722787859805,0.010510722787859805,0.063724404917604,0.063724404917604,0.020133178566221765,0.020133178566221765,0.013487999999999722,0.013487999999999722,0.013495999999999064,0.013495999999999064,0.008849848290085838,0.008849848290085838,0.008046529001429548,0.008046529001429548
2025-07-08,2025-07-09,4.2455,4.2399,Naive,4.2455,4.2455,4.25256,4.251698767914389,4.24803413850576,4.309224404917604,4.249327861557652,4.247736000000001,4.247348999999999,4.246028549479053,4.246315281696939,0.005600000000000271,0.005600000000000271,0.005600000000000271,0.005600000000000271,0.012660000000000338,0.012660000000000338,0.011798767914389607,0.011798767914389607,0.008134138505760724,0.008134138505760724,0.06932440491760428,0.06932440491760428,0.009427861557652406,0.009427861557652406,0.007836000000001064,0.007836000000001064,0.007448999999999373,0.007448999999999373,0.006128549479053724,0.006128549479053724,0.006415281696939168,0.006415281696939168
2025-07-09,2025-07-10,4.2399,4.2464,Naive,4.2399,4.2399,4.250539999999999,4.2495535373845,4.243726857635921,4.309224404917604,4.232320687763966,4.242917000000002,4.244208000000001,4.244336502524629,4.238397503565437,-0.0065000000000008384,0.0065000000000008384,-0.0065000000000008384,0.0065000000000008384,0.0041399999999987,0.0041399999999987,0.0031535373844997494,0.0031535373844997494,-0.0026731423640793395,0.0026731423640793395,0.06282440491760344,0.06282440491760344,-0.014079312236034092,0.014079312236034092,-0.0034829999999983485,0.0034829999999983485,-0.0021919999999990836,0.0021919999999990836,-0.0020634974753717117,0.0020634974753717117,-0.008002496434563078,0.008002496434563078
2025-07-10,2025-07-11,4.2464,4.2563,Naive,4.2464,4.2464,4.24714,4.248980166950955,4.2477777820212195,4.309224404917604,4.22408858840255,4.246608000000002,4.2471270000000025,4.249029227032703,4.244319878892584,-0.00990000000000002,0.00990000000000002,-0.00990000000000002,0.00990000000000002,-0.009160000000000501,0.009160000000000501,-0.007319833049045599,0.007319833049045599,-0.008522217978780944,0.008522217978780944,0.05292440491760342,0.05292440491760342,-0.03221141159745056,0.03221141159745056,-0.00969199999999848,0.00969199999999848,-0.009172999999997877,0.009172999999997877,-0.00727077296729739,0.00727077296729739,-0.011980121107415975,0.011980121107415975
2025-07-11,2025-07-14,4.2563,4.2614,Naive,4.2563,4.2563,4.2481,4.250311045687145,4.256165876712035,4.309224404917604,4.280608589761043,4.255425999999998,4.253777999999998,4.257651637436559,4.255793329542448,-0.00509999999999966,0.00509999999999966,-0.00509999999999966,0.00509999999999966,-0.01330000000000009,0.01330000000000009,-0.011088954312855392,0.011088954312855392,-0.005234123287965353,0.005234123287965353,0.04782440491760376,0.04782440491760376,0.01920858976104256,0.01920858976104256,-0.005974000000001922,0.005974000000001922,-0.007622000000002238,0.007622000000002238,-0.003748362563441354,0.003748362563441354,-0.005606670457551921,0.005606670457551921
2025-07-14,2025-07-15,4.2614,4.2538,Naive,4.2614,4.2614,4.2499,4.252327219198573,4.262109225772834,4.309224404917604,4.294005137372447,4.266973999999998,4.267185,4.261804852356535,4.2615601099057985,0.007600000000000051,0.007600000000000051,0.007600000000000051,0.007600000000000051,-0.0038999999999997925,0.0038999999999997925,-0.0014727808014267652,0.0014727808014267652,0.008309225772833884,0.008309225772833884,0.05542440491760381,0.05542440491760381,0.04020513737244702,0.04020513737244702,0.013173999999997577,0.013173999999997577,0.013384999999999536,0.013384999999999536,0.008004852356535253,0.008004852356535253,0.007760109905798451,0.007760109905798451
2025-07-15,2025-07-16,4.2538,4.2585,Naive,4.2538,4.2538,4.25156,4.2525949975261055,4.255438041720542,4.309224404917604,4.2574949203606804,4.259388,4.258022999999998,4.256698088798051,4.252322869279616,-0.004699999999999704,0.004699999999999704,-0.004699999999999704,0.004699999999999704,-0.006940000000000168,0.006940000000000168,-0.00590500247389425,0.00590500247389425,-0.003061958279457322,0.003061958279457322,0.050724404917604105,0.050724404917604105,-0.001005079639319284,0.001005079639319284,0.000888000000000666,0.000888000000000666,-0.00047700000000183707,0.00047700000000183707,-0.001801911201948947,0.001801911201948947,-0.00617713072038395,0.00617713072038395
2025-07-16,2025-07-17,4.2585,4.2559,Naive,4.2585,4.2585,4.255280000000001,4.25366863433954,4.260794655384221,4.309224404917604,4.245330455527153,4.261168,4.261183999999997,4.259986735767402,4.257844197736079,0.0026000000000001577,0.0026000000000001577,0.0026000000000001577,0.0026000000000001577,-0.0006199999999987327,0.0006199999999987327,-0.002231365660459339,0.002231365660459339,0.0048946553842217355,0.0048946553842217355,0.05332440491760426,0.05332440491760426,-0.010569544472846637,0.010569544472846637,0.00526800000000005,0.00526800000000005,0.005283999999997846,0.005283999999997846,0.004086735767402594,0.004086735767402594,0.001944197736079012,0.001944197736079012
2025-07-17,2025-07-18,4.2559,4.2509,Naive,4.2559,4.2559,4.25718,4.254074337186896,4.2574941157659305,4.309224404917604,4.2120554104247905,4.254997000000003,4.257024,4.258300546242606,4.255583549428214,0.004999999999999893,0.004999999999999893,0.004999999999999893,0.004999999999999893,0.006280000000000285,0.006280000000000285,0.0031743371868966364,0.0031743371868966364,0.00659411576593083,0.00659411576593083,0.058324404917604156,0.058324404917604156,-0.0388445895752092,0.0388445895752092,0.004097000000003348,0.004097000000003348,0.0061240000000006845,0.0061240000000006845,0.007400546242606332,0.007400546242606332,0.004683549428214029,0.004683549428214029
2025-07-18,2025-07-21,4.2509,4.2445,Naive,4.2509,4.2509,4.2561,4.2534971849710965,4.251687392208727,4.309224404917604,4.26601816255494,4.252999,4.2517679999999975,4.253236682074468,4.251494524934043,0.006399999999999295,0.006399999999999295,0.006399999999999295,0.006399999999999295,0.01159999999999961,0.01159999999999961,0.00899718497109614,0.00899718497109614,0.007187392208726884,0.007187392208726884,0.06472440491760345,0.06472440491760345,0.021518162554939657,0.021518162554939657,0.00849899999999959,0.00849899999999959,0.007267999999997166,0.007267999999997166,0.008736682074467872,0.008736682074467872,0.006994524934042623,0.006994524934042623
2025-07-21,2025-07-22,4.2445,4.2531,Naive,4.2445,4.2445,4.252719999999999,4.251861333158169,4.248169882132867,4.309224404917604,4.229107765614383,4.245471000000002,4.249696,4.246646816556692,4.242132997796854,-0.008599999999999497,0.008599999999999497,-0.008599999999999497,0.008599999999999497,-0.0003800000000007131,0.0003800000000007131,-0.0012386668418304936,0.0012386668418304936,-0.004930117867132822,0.004930117867132822,0.056124404917603954,0.056124404917603954,-0.023992234385616484,0.023992234385616484,-0.0076289999999978875,0.0076289999999978875,-0.0034039999999997406,0.0034039999999997406,-0.006453183443308141,0.006453183443308141,-0.010967002203146059,0.010967002203146059
2025-07-22,2025-07-23,4.2531,4.2544,Naive,4.2531,4.2531,4.25258,4.252086545311229,4.254686983370761,4.309224404917604,4.288568700730245,4.256956999999999,4.259022999999998,4.258822031715189,4.254593923325888,-0.001300000000000523,0.001300000000000523,-0.001300000000000523,0.001300000000000523,-0.0018200000000003769,0.0018200000000003769,-0.0023134546887710883,0.0023134546887710883,0.00028698337076082936,0.00028698337076082936,0.05482440491760343,0.05482440491760343,0.034168700730244694,0.034168700730244694,0.002556999999998588,0.002556999999998588,0.004622999999997823,0.004622999999997823,0.0044220317151886235,0.0044220317151886235,0.00019392332588719086,0.00019392332588719086
2025-07-23,2025-07-24,4.2544,4.2514,Naive,4.2544,4.2544,4.25176,4.25250717343646,4.2576297862263,4.309224404917604,4.237524113079261,4.256980000000002,4.256958,4.258176719681681,4.254809298544949,0.0030000000000001137,0.0030000000000001137,0.0030000000000001137,0.0030000000000001137,0.0003599999999996939,0.0003599999999996939,0.0011071734364600516,0.0011071734364600516,0.006229786226299439,0.006229786226299439,0.057824404917603545,0.057824404917603545,-0.013875886920739156,0.013875886920739156,0.005580000000001917,0.005580000000001917,0.00555799999999973,0.00555799999999973,0.0067767196816808095,0.0067767196816808095,0.0034092985449483137,0.0034092985449483137
2025-07-24,2025-07-25,4.2514,4.2544,Naive,4.2514,4.2514,4.25086,4.252305869175285,4.252898545822247,4.309224404917604,4.262002805045527,4.256381000000001,4.256417,4.2515610960756165,4.252405844293847,-0.0030000000000001137,0.0030000000000001137,-0.0030000000000001137,0.0030000000000001137,-0.0035400000000000986,0.0035400000000000986,-0.0020941308247151014,0.0020941308247151014,-0.0015014541777533807,0.0015014541777533807,0.05482440491760343,0.05482440491760343,0.007602805045526573,0.007602805045526573,0.0019810000000006767,0.0019810000000006767,0.0020169999999994914,0.0020169999999994914,-0.0028389039243839065,0.0028389039243839065,-0.0019941557061535775,0.0019941557061535775
2025-07-25,2025-07-28,4.2544,4.2565,Naive,4.2544,4.2544,4.25156,4.252686620234324,4.254088281280106,4.309224404917604,4.279766725917932,4.254827999999998,4.252318999999998,4.256085128980774,4.25388685150599,-0.0020999999999995467,0.0020999999999995467,-0.0020999999999995467,0.0020999999999995467,-0.0049400000000003885,0.0049400000000003885,-0.0038133797656758617,0.0038133797656758617,-0.002411718719893763,0.002411718719893763,0.052724404917603884,0.052724404917603884,0.02326672591793244,0.02326672591793244,-0.0016720000000018942,0.0016720000000018942,-0.004181000000001767,0.004181000000001767,-0.00041487101922577097,0.00041487101922577097,-0.0026131484940101757,0.0026131484940101757
2025-07-28,2025-07-29,4.2565,4.2737,Naive,4.2565,4.2565,4.25396,4.253379962009901,4.2590472057307585,4.309224404917604,4.258740444070176,4.258641999999998,4.256289999999998,4.2601159802703314,4.254219865034234,-0.017199999999999882,0.017199999999999882,-0.017199999999999882,0.017199999999999882,-0.019739999999999647,0.019739999999999647,-0.02032003799009896,0.02032003799009896,-0.014652794269241376,0.014652794269241376,0.035524404917604,0.035524404917604,-0.01495955592982412,0.01495955592982412,-0.01505800000000157,0.01505800000000157,-0.017410000000001702,0.017410000000001702,-0.013584019729668384,0.013584019729668384,-0.019480134965765394,0.019480134965765394
2025-07-29,2025-07-30,4.2737,4.2732,Naive,4.2737,4.2737,4.25808,4.257074514371737,4.274978882510592,4.309224404917604,4.313396369365398,4.273127,4.274451999999998,4.280583899054235,4.2716886539831345,0.0004999999999997229,0.0004999999999997229,0.0004999999999997229,0.0004999999999997229,-0.015120000000000466,0.015120000000000466,-0.016125485628263547,0.016125485628263547,0.0017788825105915507,0.0017788825105915507,0.036024404917603725,0.036024404917603725,0.04019636936539772,0.04019636936539772,-7.300000000043383e-05,7.300000000043383e-05,0.0012519999999982545,0.0012519999999982545,0.007383899054234533,0.007383899054234533,-0.0015113460168656445,0.0015113460168656445
2025-07-30,2025-07-31,4.2732,4.2661,Naive,4.2732,4.2732,4.261840000000001,4.260006420849603,4.276717359360393,4.309224404917604,4.256833931949572,4.2704309999999985,4.269651999999999,4.272161087750381,4.274049172433731,0.007100000000000328,0.007100000000000328,0.007100000000000328,0.007100000000000328,-0.004259999999998598,0.004259999999998598,-0.006093579150396877,0.006093579150396877,0.010617359360392875,0.010617359360392875,0.04312440491760405,0.04312440491760405,-0.009266068050427734,0.009266068050427734,0.0043309999999987525,0.0043309999999987525,0.0035519999999991114,0.0035519999999991114,0.006061087750381056,0.006061087750381056,0.007949172433731277,0.007949172433731277
2025-07-31,2025-08-01,4.2661,4.2813,Naive,4.2661,4.2661,4.26478,4.261114344331493,4.268570954436412,4.309224404917604,4.324152153060219,4.269242,4.2687300000000015,4.266767535320106,4.2667546929161295,-0.015200000000000102,0.015200000000000102,-0.015200000000000102,0.015200000000000102,-0.016519999999999868,0.016519999999999868,-0.02018565566850672,0.02018565566850672,-0.012729045563587782,0.012729045563587782,0.02792440491760395,0.02792440491760395,0.0428521530602195,0.0428521530602195,-0.01205799999999968,0.01205799999999968,-0.012569999999998416,0.012569999999998416,-0.014532464679893664,0.014532464679893664,-0.014545307083870362,0.014545307083870362
2025-08-01,2025-08-04,4.2813,4.2734,Naive,4.2813,4.2813,4.27016,4.264784463543949,4.281527851984587,4.309224404917604,4.262564133375321,4.282841000000001,4.279963999999999,4.2822277657296315,4.280232375547972,0.00790000000000024,0.00790000000000024,0.00790000000000024,0.00790000000000024,-0.0032399999999999096,0.0032399999999999096,-0.008615536456050954,0.008615536456050954,0.008127851984587764,0.008127851984587764,0.03582440491760419,0.03582440491760419,-0.010835866624678836,0.010835866624678836,0.009441000000001587,0.009441000000001587,0.006563999999999126,0.006563999999999126,0.008827765729631842,0.008827765729631842,0.006832375547972447,0.006832375547972447
2025-08-04,2025-08-05,4.2734,4.2763,Naive,4.2734,4.2734,4.27354,4.266350924717776,4.275732939084156,4.309224404917604,4.304318900194954,4.270591999999998,4.271243999999999,4.275555308597937,4.2771133150036915,-0.0029000000000003467,0.0029000000000003467,-0.0029000000000003467,0.0029000000000003467,-0.0027600000000003178,0.0027600000000003178,-0.009949075282223774,0.009949075282223774,-0.0005670609158441309,0.0005670609158441309,0.032924404917603844,0.032924404917603844,0.028018900194953567,0.028018900194953567,-0.005708000000002045,0.005708000000002045,-0.0050560000000006156,0.0050560000000006156,-0.0007446914020627915,0.0007446914020627915,0.0008133150036915282,0.0008133150036915282
2025-08-05,2025-08-06,4.2763,4.282,Naive,4.2763,4.2763,4.27406,4.268159847496362,4.277474259289368,4.309224404917604,4.277037592247314,4.272509,4.276997000000001,4.274003675111764,4.276180186129851,-0.005700000000000038,0.005700000000000038,-0.005700000000000038,0.005700000000000038,-0.007939999999999614,0.007939999999999614,-0.013840152503638237,0.013840152503638237,-0.004525740710631609,0.004525740710631609,0.027224404917603806,0.027224404917603806,-0.004962407752685749,0.004962407752685749,-0.009490999999999694,0.009490999999999694,-0.005002999999999425,0.005002999999999425,-0.007996324888235762,0.007996324888235762,-0.005819813870148849,0.005819813870148849
2025-08-06,2025-08-07,4.282,4.2618,Naive,4.282,4.282,4.27582,4.270676238860659,4.285260400338725,4.309224404917604,4.272793488975967,4.282484999999998,4.2788640000000004,4.283998573873308,4.281245614459436,0.020199999999999996,0.020199999999999996,0.020199999999999996,0.020199999999999996,0.014020000000000366,0.014020000000000366,0.008876238860659136,0.008876238860659136,0.023460400338724874,0.023460400338724874,0.0474244049176038,0.0474244049176038,0.010993488975967303,0.010993488975967303,0.020684999999997622,0.020684999999997622,0.017064000000000412,0.017064000000000412,0.02219857387330837,0.02219857387330837,0.019445614459436378,0.019445614459436378
2025-08-07,2025-08-08,4.2618,4.2566,Naive,4.2618,4.2618,4.27496,4.26906237724963,4.262370827922226,4.309224404917604,4.244558504251668,4.263938000000002,4.271710999999999,4.268702545141168,4.272294365218319,0.0052000000000003155,0.0052000000000003155,0.0052000000000003155,0.0052000000000003155,0.018360000000000376,0.018360000000000376,0.012462377249629952,0.012462377249629952,0.005770827922225941,0.005770827922225941,0.05262440491760412,0.05262440491760412,-0.012041495748332132,0.012041495748332132,0.007338000000002509,0.007338000000002509,0.015110999999999208,0.015110999999999208,0.012102545141168264,0.012102545141168264,0.01569436521831946,0.01569436521831946
2025-08-08,2025-08-11,4.2566,4.2533,Naive,4.2566,4.2566,4.27002,4.2667964904769695,4.257528445498511,4.309224404917604,4.260237497164772,4.257188,4.259372,4.258183918679659,4.25824244319628,0.0032999999999994145,0.0032999999999994145,0.0032999999999994145,0.0032999999999994145,0.016719999999999402,0.016719999999999402,0.013496490476969214,0.013496490476969214,0.004228445498510425,0.004228445498510425,0.05592440491760353,0.05592440491760353,0.006937497164771322,0.006937497164771322,0.0038879999999998915,0.0038879999999998915,0.006071999999999633,0.006071999999999633,0.004883918679658983,0.004883918679658983,0.004942443196279456,0.004942443196279456
2025-08-11,2025-08-12,4.2533,4.2626,Naive,4.2533,4.2533,4.266,4.264342583117521,4.255683307674552,4.309224404917604,4.315622125215979,4.257500000000002,4.256635,4.258895524684951,4.250308254165124,-0.009299999999999642,0.009299999999999642,-0.009299999999999642,0.009299999999999642,0.0034000000000000696,0.0034000000000000696,0.0017425831175206241,0.0017425831175206241,-0.006916692325448004,0.006916692325448004,0.04662440491760389,0.04662440491760389,0.053022125215979266,0.053022125215979266,-0.005099999999997884,0.005099999999997884,-0.005964999999999776,0.005964999999999776,-0.003704475315048583,0.003704475315048583,-0.012291745834875911,0.012291745834875911
2025-08-12,2025-08-13,4.2626,4.2586,Naive,4.2626,4.2626,4.26326,4.264025749823426,4.262932761501551,4.309224404917604,4.27078281754371,4.264811,4.265854999999999,4.265020665974984,4.26145634846191,0.0039999999999995595,0.0039999999999995595,0.0039999999999995595,0.0039999999999995595,0.004659999999999442,0.004659999999999442,0.005425749823425363,0.005425749823425363,0.004332761501550486,0.004332761501550486,0.05062440491760345,0.05062440491760345,0.012182817543709312,0.012182817543709312,0.0062109999999995225,0.0062109999999995225,0.007254999999998901,0.007254999999998901,0.006420665974983919,0.006420665974983919,0.002856348461909519,0.002856348461909519
2025-08-13,2025-08-14,4.2586,4.2639,Naive,4.2586,4.2586,4.25858,4.26303924985553,4.262355888873766,4.309224404917604,4.220663382077096,4.254591,4.254551000000001,4.261674943456999,4.26022063465868,-0.005299999999999194,0.005299999999999194,-0.005299999999999194,0.005299999999999194,-0.005319999999999325,0.005319999999999325,-0.0008607501444695131,0.0008607501444695131,-0.0015441111262335383,0.0015441111262335383,0.045324404917604255,0.045324404917604255,-0.04323661792290334,0.04323661792290334,-0.009309000000000012,0.009309000000000012,-0.009348999999998497,0.009348999999998497,-0.0022250565430006475,0.0022250565430006475,-0.0036793653413198513,0.0036793653413198513
2025-08-14,2025-08-18,4.2639,4.2558,Naive,4.2639,4.2639,4.259,4.263195749881797,4.266659195678732,4.309224404917604,4.22530123195153,4.262787000000002,4.26088,4.266919307048064,4.263628096356213,0.008099999999999774,0.008099999999999774,0.008099999999999774,0.008099999999999774,0.0032000000000005357,0.0032000000000005357,0.007395749881797364,0.007395749881797364,0.010859195678731837,0.010859195678731837,0.05342440491760403,0.05342440491760403,-0.03049876804846985,0.03049876804846985,0.006987000000002297,0.006987000000002297,0.0050800000000004175,0.0050800000000004175,0.011119307048064186,0.011119307048064186,0.00782809635621362,0.00782809635621362
2025-08-18,2025-08-19,4.2558,4.242,Naive,4.2558,4.2558,4.25884,4.2618510680851065,4.258213149817288,4.309224404917604,4.287256656743442,4.253786000000001,4.251881000000002,4.258821721280649,4.258093458768139,0.013799999999999812,0.013799999999999812,0.013799999999999812,0.013799999999999812,0.016840000000000188,0.016840000000000188,0.019851068085106505,0.019851068085106505,0.016213149817287942,0.016213149817287942,0.06722440491760384,0.06722440491760384,0.045256656743442036,0.045256656743442036,0.01178600000000074,0.01178600000000074,0.009881000000001805,0.009881000000001805,0.016821721280648738,0.016821721280648738,0.016093458768138724,0.016093458768138724
2025-08-19,2025-08-20,4.242,4.2524,Naive,4.242,4.242,4.2565800000000005,4.258241782978724,4.244742186175146,4.309224404917604,4.205370247427597,4.247641000000001,4.246836000000001,4.246394309767414,4.244054114841931,-0.010399999999999743,0.010399999999999743,-0.010399999999999743,0.010399999999999743,0.004180000000000739,0.004180000000000739,0.005841782978723842,0.005841782978723842,-0.007657813824853754,0.007657813824853754,0.0568244049176041,0.0568244049176041,-0.04702975257240283,0.04702975257240283,-0.0047589999999990695,0.0047589999999990695,-0.005563999999998792,0.005563999999998792,-0.006005690232585792,0.006005690232585792,-0.008345885158068889,0.008345885158068889
2025-08-20,2025-08-21,4.2524,4.2521,Naive,4.2524,4.2524,4.25454,4.257179640618956,4.256007609357333,4.309224404917604,4.263544473014456,4.257104999999999,4.253328999999998,4.255768523462544,4.2501102306215985,0.0002999999999993008,0.0002999999999993008,0.0002999999999993008,0.0002999999999993008,0.0024399999999999977,0.0024399999999999977,0.005079640618955494,0.005079640618955494,0.0039076093573324755,0.0039076093573324755,0.0571244049176034,0.0571244049176034,0.01144447301445517,0.01144447301445517,0.005004999999998816,0.005004999999998816,0.0012289999999977042,0.0012289999999977042,0.00366852346254376,0.00366852346254376,-0.0019897693784018955,0.0019897693784018955
2025-08-21,2025-08-22,4.2521,4.267,Naive,4.2521,4.2521,4.25324,4.256256069597328,4.253924137760313,4.309224404917604,4.251017820780563,4.255069,4.252700999999998,4.254949770645271,4.250455938951154,-0.014899999999999913,0.014899999999999913,-0.014899999999999913,0.014899999999999913,-0.013760000000000439,0.013760000000000439,-0.010743930402671964,0.010743930402671964,-0.013075862239687375,0.013075862239687375,0.042224404917603486,0.042224404917603486,-0.015982179219437675,0.015982179219437675,-0.01193100000000058,0.01193100000000058,-0.01429900000000206,0.01429900000000206,-0.012050229354729325,0.012050229354729325,-0.016544061048846537,0.016544061048846537
2025-08-22,2025-08-25,4.267,4.2627,Naive,4.267,4.267,4.25386,4.258209511488722,4.267744941984137,4.309224404917604,4.266625005817776,4.273280000000001,4.2735740000000035,4.271110484703353,4.25738742781097,0.004300000000000637,0.004300000000000637,0.004300000000000637,0.004300000000000637,-0.008839999999999293,0.008839999999999293,-0.004490488511277313,0.004490488511277313,0.00504494198413763,0.00504494198413763,0.04652440491760412,0.04652440491760412,0.003925005817776217,0.003925005817776217,0.010580000000000922,0.010580000000000922,0.010874000000003825,0.010874000000003825,0.008410484703353482,0.008410484703353482,-0.005312572189029474,0.005312572189029474
2025-08-25,2025-08-26,4.2627,4.2657,Naive,4.2627,4.2627,4.25524,4.259025963945318,4.265333369222584,4.309224404917604,4.311020876350825,4.2651720000000015,4.263082,4.264713244813071,4.262808618423931,-0.0030000000000001137,0.0030000000000001137,-0.0030000000000001137,0.0030000000000001137,-0.010460000000000136,0.010460000000000136,-0.0066740360546821975,0.0066740360546821975,-0.0003666307774157218,0.0003666307774157218,0.04352440491760401,0.04352440491760401,0.045320876350825046,0.045320876350825046,-0.0005279999999983076,0.0005279999999983076,-0.002618000000000009,0.002618000000000009,-0.0009867551869291447,0.0009867551869291447,-0.002891381576068497,0.002891381576068497
2025-08-26,2025-08-27,4.2657,4.2639,Naive,4.2657,4.2657,4.2599800000000005,4.260239425046169,4.266054452733256,4.309224404917604,4.2758345708989784,4.269068,4.269070000000002,4.269028367103962,4.2645828319132315,0.0018000000000002458,0.0018000000000002458,0.0018000000000002458,0.0018000000000002458,-0.003919999999999035,0.003919999999999035,-0.00366057495383032,0.00366057495383032,0.002154452733256207,0.002154452733256207,0.045324404917604255,0.045324404917604255,0.011934570898978869,0.011934570898978869,0.0051680000000002835,0.0051680000000002835,0.005170000000002339,0.005170000000002339,0.005128367103962361,0.005128367103962361,0.0006828319132319294,0.0006828319132319294
2025-08-27,2025-08-28,4.2639,4.2681,Naive,4.2639,4.2639,4.26228,4.260904984128684,4.267189371589285,4.309224404917604,4.251911618149098,4.266077000000001,4.264925000000002,4.26856690146633,4.263320557948442,-0.0041999999999999815,0.0041999999999999815,-0.0041999999999999815,0.0041999999999999815,-0.005819999999999936,0.005819999999999936,-0.0071950158713152135,0.0071950158713152135,-0.0009106284107147644,0.0009106284107147644,0.041124404917604274,0.041124404917604274,-0.016188381850901656,0.016188381850901656,-0.0020229999999985537,0.0020229999999985537,-0.0031749999999979295,0.0031749999999979295,0.00046690146633032725,0.00046690146633032725,-0.004779442051557226,0.004779442051557226
2025-08-28,2025-08-29,4.2681,4.2684,Naive,4.2681,4.2681,4.265479999999999,4.262213168832559,4.269135436790578,4.309224404917604,4.238392184199158,4.264957000000001,4.2694589999999994,4.269594853020106,4.266677180839641,-0.000300000000000189,0.000300000000000189,-0.000300000000000189,0.000300000000000189,-0.0029200000000004778,0.0029200000000004778,-0.00618683116744112,0.00618683116744112,0.0007354367905785253,0.0007354367905785253,0.040824404917604085,0.040824404917604085,-0.030007815800841442,0.030007815800841442,-0.0034429999999989747,0.0034429999999989747,0.001058999999999699,0.001058999999999699,0.0011948530201060237,0.0011948530201060237,-0.0017228191603591014,0.0017228191603591014
2025-08-29,2025-09-01,4.2684,4.2574,Naive,4.2684,4.2684,4.265759999999999,4.263338047226639,4.266313844119081,4.309224404917604,4.286386633905748,4.264250999999999,4.266675,4.269938495903453,4.267961772815827,0.01100000000000012,0.01100000000000012,0.01100000000000012,0.01100000000000012,0.008359999999999701,0.008359999999999701,0.005938047226639043,0.005938047226639043,0.008913844119081027,0.008913844119081027,0.051824404917604205,0.051824404917604205,0.02898663390574807,0.02898663390574807,0.006850999999999274,0.006850999999999274,0.009275000000000588,0.009275000000000588,0.012538495903453573,0.012538495903453573,0.010561772815827375,0.010561772815827375
2025-09-01,2025-09-02,4.2574,4.2651,Naive,4.2574,4.2574,4.2647,4.26225840227634,4.260656084381411,4.309224404917604,4.2627797085707915,4.254417000000002,4.258078000000003,4.260867946497738,4.257222981395805,-0.007700000000000706,0.007700000000000706,-0.007700000000000706,0.007700000000000706,-0.00039999999999995595,0.00039999999999995595,-0.0028415977236599943,0.0028415977236599943,-0.004443915618589145,0.004443915618589145,0.0441244049176035,0.0441244049176035,-0.002320291429208865,0.002320291429208865,-0.010682999999998444,0.010682999999998444,-0.007021999999997419,0.007021999999997419,-0.00423205350226219,0.00423205350226219,-0.007877018604195207,0.007877018604195207
2025-09-02,2025-09-03,4.2651,4.2589,Naive,4.2651,4.2651,4.2645800000000005,4.262775056407914,4.265805002842848,4.309224404917604,4.286663918071023,4.267178,4.265298000000002,4.2688269370718555,4.263450435827924,0.0062000000000006494,0.0062000000000006494,0.0062000000000006494,0.0062000000000006494,0.0056800000000007955,0.0056800000000007955,0.0038750564079146343,0.0038750564079146343,0.00690500284284834,0.00690500284284834,0.05032440491760415,0.05032440491760415,0.027763918071022964,0.027763918071022964,0.008278000000000674,0.008278000000000674,0.006398000000002568,0.006398000000002568,0.009926937071855768,0.009926937071855768,0.0045504358279240265,0.0045504358279240265
2025-09-03,2025-09-04,4.2589,4.2553,Naive,4.2589,4.2589,4.263579999999999,4.2620705006973845,4.261542703170289,4.309224404917604,4.2561615579804615,4.254248999999999,4.257680000000001,4.260292073643185,4.262840216843194,0.0035999999999996035,0.0035999999999996035,0.0035999999999996035,0.0035999999999996035,0.008279999999999177,0.008279999999999177,0.006770500697384385,0.006770500697384385,0.006242703170288522,0.006242703170288522,0.05392440491760375,0.05392440491760375,0.0008615579804613915,0.0008615579804613915,-0.0010510000000012454,0.0010510000000012454,0.002380000000000493,0.002380000000000493,0.004992073643184547,0.004992073643184547,0.0075402168431937255,0.0075402168431937255
2025-09-04,2025-09-05,4.2553,4.2476,Naive,4.2553,4.2553,4.26102,4.260839500570588,4.256392350684438,4.309224404917604,4.262508552762274,4.250740000000002,4.251656000000002,4.257150769552842,4.256575406182307,0.007699999999999818,0.007699999999999818,0.007699999999999818,0.007699999999999818,0.013419999999999987,0.013419999999999987,0.013239500570588092,0.013239500570588092,0.008792350684437622,0.008792350684437622,0.06162440491760357,0.06162440491760357,0.01490855276227343,0.01490855276227343,0.003140000000001919,0.003140000000001919,0.004056000000002058,0.004056000000002058,0.009550769552841842,0.009550769552841842,0.008975406182306855,0.008975406182306855
2025-09-05,2025-09-08,4.2476,4.2484,Naive,4.2476,4.2476,4.2568600000000005,4.258432318648662,4.247946337735731,4.309224404917604,4.242815496721277,4.246333,4.250588999999998,4.248999586382569,4.2488563350604,-0.0007999999999999119,0.0007999999999999119,-0.0007999999999999119,0.0007999999999999119,0.008460000000000356,0.008460000000000356,0.010032318648661942,0.010032318648661942,-0.000453662264269461,0.000453662264269461,0.06082440491760366,0.06082440491760366,-0.005584503278723396,0.005584503278723396,-0.002067000000000263,0.002067000000000263,0.002188999999997776,0.002188999999997776,0.0005995863825685177,0.0005995863825685177,0.00045633506039965965,0.00045633506039965965
2025-09-08,2025-09-09,4.2484,4.254,Naive,4.2484,4.2484,4.25506,4.256608260712541,4.250459511645241,4.309224404917604,4.259486306191908,4.248680000000001,4.252597000000001,4.253647016682787,4.24664944194836,-0.005599999999999383,0.005599999999999383,-0.005599999999999383,0.005599999999999383,0.001060000000000727,0.001060000000000727,0.002608260712541721,0.002608260712541721,-0.0035404883547585086,0.0035404883547585086,0.055224404917604275,0.055224404917604275,0.0054863061919085965,0.0054863061919085965,-0.005319999999998437,0.005319999999998437,-0.0014029999999989329,0.0014029999999989329,-0.000352983317212896,0.000352983317212896,-0.007350558051639311,0.007350558051639311
2025-09-09,2025-09-10,4.254,4.2604,Naive,4.254,4.254,4.25284,4.256134031492079,4.255721340856789,4.309224404917604,4.257624705793547,4.255847,4.256488999999999,4.2601660621177935,4.251733629527772,-0.006400000000000183,0.006400000000000183,-0.006400000000000183,0.006400000000000183,-0.007559999999999789,0.007559999999999789,-0.0042659685079211584,0.0042659685079211584,-0.004678659143210417,0.004678659143210417,0.04882440491760409,0.04882440491760409,-0.0027752942064527275,0.0027752942064527275,-0.004552999999999585,0.004552999999999585,-0.003911000000000442,0.003911000000000442,-0.00023393788220626988,0.00023393788220626988,-0.008666370472227847,0.008666370472227847
2025-09-10,2025-09-11,4.2604,4.2626,Naive,4.2604,4.2604,4.25314,4.256909662129882,4.2637444429150655,4.309224404917604,4.238751717514222,4.261802999999998,4.265302999999999,4.262140157172116,4.259426624597128,-0.002200000000000202,0.002200000000000202,-0.002200000000000202,0.002200000000000202,-0.009459999999999802,0.009459999999999802,-0.0056903378701180785,0.0056903378701180785,0.0011444429150655466,0.0011444429150655466,0.04662440491760389,0.04662440491760389,-0.023848282485777972,0.023848282485777972,-0.0007970000000021571,0.0007970000000021571,0.002702999999999456,0.002702999999999456,-0.0004598428278841382,0.0004598428278841382,-0.0031733754028717698,0.0031733754028717698
2025-09-11,2025-09-12,4.2626,4.2593,Naive,4.2626,4.2626,4.2546,4.257944269015358,4.26356104771984,4.309224404917604,4.287064132385196,4.265870000000001,4.26398,4.264195889445621,4.263891179443812,0.0033000000000003027,0.0033000000000003027,0.0033000000000003027,0.0033000000000003027,-0.004699999999999704,0.004699999999999704,-0.001355730984641923,0.001355730984641923,0.00426104771984015,0.00426104771984015,0.04992440491760419,0.04992440491760419,0.027764132385196483,0.027764132385196483,0.006570000000001741,0.006570000000001741,0.004680000000000462,0.004680000000000462,0.004895889445621471,0.004895889445621471,0.0045911794438122655,0.0045911794438122655
2025-09-12,2025-09-15,4.2593,4.2476,Naive,4.2593,4.2593,4.256939999999999,4.25819076555802,4.260489771767214,4.309224404917604,4.247108810018253,4.2546979999999985,4.254047999999999,4.260684359472021,4.260397261469698,0.011699999999999378,0.011699999999999378,0.011699999999999378,0.011699999999999378,0.009339999999999016,0.009339999999999016,0.0105907655580193,0.0105907655580193,0.012889771767214064,0.012889771767214064,0.06162440491760357,0.06162440491760357,-0.00049118998174702,0.00049118998174702,0.007097999999998272,0.007097999999998272,0.006447999999998899,0.006447999999998899,0.013084359472021134,0.013084359472021134,0.012797261469697396,0.012797261469697396
2025-09-15,2025-09-16,4.2476,4.2504,Naive,4.2476,4.2476,4.25678,4.256265171820198,4.2502479939887525,4.309224404917604,4.256299298776751,4.246625,4.2521169999999975,4.250512883496735,4.247681284644934,-0.0027999999999996916,0.0027999999999996916,-0.0027999999999996916,0.0027999999999996916,0.006380000000000052,0.006380000000000052,0.0058651718201980785,0.0058651718201980785,-0.00015200601124742974,0.00015200601124742974,0.05882440491760388,0.05882440491760388,0.005899298776751216,0.005899298776751216,-0.003775000000000084,0.003775000000000084,0.001716999999997526,0.001716999999997526,0.00011288349673499454,0.00011288349673499454,-0.0027187153550656262,0.0027187153550656262
2025-09-16,2025-09-17,4.2504,4.2559,Naive,4.2504,4.2504,4.25606,4.255198776943798,4.252617151221191,4.309224404917604,4.271213815307027,4.255392000000001,4.256876,4.252505877392151,4.2485750661369845,-0.005499999999999616,0.005499999999999616,-0.005499999999999616,0.005499999999999616,0.00016000000000016001,0.00016000000000016001,-0.00070122305620135,0.00070122305620135,-0.003282848778808578,0.003282848778808578,0.05332440491760426,0.05332440491760426,0.015313815307027134,0.015313815307027134,-0.0005079999999981766,0.0005079999999981766,0.000976000000000532,0.000976000000000532,-0.0033941226078484377,0.0033941226078484377,-0.007324933863015026,0.007324933863015026
2025-09-17,2025-09-18,4.2559,4.2564,Naive,4.2559,4.2559,4.25516,4.255326272044925,4.258702892471245,4.309224404917604,4.242293962001106,4.255979999999999,4.254459,4.259364750501539,4.25430689148373,-0.0005000000000006111,0.0005000000000006111,-0.0005000000000006111,0.0005000000000006111,-0.0012400000000001299,0.0012400000000001299,-0.0010737279550747658,0.0010737279550747658,0.0023028924712447107,0.0023028924712447107,0.05282440491760365,0.05282440491760365,-0.014106037998893761,0.014106037998893761,-0.00042000000000097515,0.00042000000000097515,-0.0019410000000004146,0.0019410000000004146,0.00296475050153866,0.00296475050153866,-0.0020931085162700924,0.0020931085162700924
2025-09-18,2025-09-19,4.2564,4.2666,Naive,4.2564,4.2564,4.25392,4.255521495309484,4.257850809829522,4.309224404917604,4.27670825477497,4.254099000000001,4.252712999999999,4.259046726892662,4.2552542511329445,-0.010200000000000209,0.010200000000000209,-0.010200000000000209,0.010200000000000209,-0.012680000000000469,0.012680000000000469,-0.01107850469051641,0.01107850469051641,-0.008749190170478371,0.008749190170478371,0.04262440491760344,0.04262440491760344,0.010108254774969794,0.010108254774969794,-0.01250099999999943,0.01250099999999943,-0.013887000000001315,0.013887000000001315,-0.007553273107338221,0.007553273107338221,-0.01134574886705586,0.01134574886705586
2025-09-19,2025-09-22,4.2666,4.2645,Naive,4.2666,4.2666,4.255380000000001,4.257535768889578,4.266487144938389,4.309224404917604,4.245036699785722,4.272925000000001,4.27151,4.269507045961578,4.265786450371641,0.002100000000000435,0.002100000000000435,0.002100000000000435,0.002100000000000435,-0.00911999999999935,0.00911999999999935,-0.006964231110422325,0.006964231110422325,0.0019871449383890294,0.0019871449383890294,0.04472440491760388,0.04472440491760388,-0.019463300214278334,0.019463300214278334,0.008425000000000793,0.008425000000000793,0.007010000000000183,0.007010000000000183,0.005007045961577639,0.005007045961577639,0.0012864503716407683,0.0012864503716407683
2025-09-22,2025-09-23,4.2645,4.2552,Naive,4.2645,4.2645,4.25876,4.258801992727836,4.266000906941317,4.309224404917604,4.28726817270063,4.267064000000001,4.267269,4.267610895126302,4.263998473689559,0.009299999999999642,0.009299999999999642,0.009299999999999642,0.009299999999999642,0.0035599999999993415,0.0035599999999993415,0.003601992727835679,0.003601992727835679,0.010800906941316413,0.010800906941316413,0.05402440491760352,0.05402440491760352,0.03206817270062956,0.03206817270062956,0.011864000000000985,0.011864000000000985,0.012068999999999441,0.012068999999999441,0.012410895126302002,0.012410895126302002,0.008798473689558328,0.008798473689558328
2025-09-23,2025-09-24,4.2552,4.2676,Naive,4.2552,4.2552,4.25972,4.2581470849591385,4.256605940635413,4.309224404917604,4.246325706215858,4.2562630000000015,4.2579030000000015,4.25864389027935,4.2557583522272555,-0.012399999999999523,0.012399999999999523,-0.012399999999999523,0.012399999999999523,-0.00788000000000011,0.00788000000000011,-0.00945291504086132,0.00945291504086132,-0.010994059364587194,0.010994059364587194,0.041624404917603997,0.041624404917603997,-0.021274293784141918,0.021274293784141918,-0.011336999999998376,0.011336999999998376,-0.00969699999999829,0.00969699999999829,-0.008956109720649863,0.008956109720649863,-0.011841647772744324,0.011841647772744324
2025-09-24,2025-09-25,4.2676,4.2619,Naive,4.2676,4.2676,4.26206,4.25986579678475,4.2699795148502835,4.309224404917604,4.237012490872555,4.271037999999999,4.272312000000002,4.272256124736114,4.26523810431605,0.005700000000000038,0.005700000000000038,0.005700000000000038,0.005700000000000038,0.00016000000000016001,0.00016000000000016001,-0.002034203215250052,0.002034203215250052,0.008079514850283687,0.008079514850283687,0.047324404917604035,0.047324404917604035,-0.02488750912744475,0.02488750912744475,0.009137999999999202,0.009137999999999202,0.010412000000002308,0.010412000000002308,0.01035612473611458,0.01035612473611458,0.0033381043160503054,0.0033381043160503054
2025-09-25,2025-09-26,4.2619,4.2668,Naive,4.2619,4.2619,4.26316,4.260235651914795,4.263824539948011,4.309224404917604,4.274324504778178,4.261415000000002,4.259631999999999,4.263481589392922,4.26211216242221,-0.0049000000000001265,0.0049000000000001265,-0.0049000000000001265,0.0049000000000001265,-0.0036399999999998656,0.0036399999999998656,-0.006564348085205118,0.006564348085205118,-0.0029754600519886765,0.0029754600519886765,0.04242440491760391,0.04242440491760391,0.0075245047781784535,0.0075245047781784535,-0.005384999999997753,0.005384999999997753,-0.007168000000000951,0.007168000000000951,-0.0033184106070782704,0.0033184106070782704,-0.0046878375777898995,0.0046878375777898995
2025-09-26,2025-09-29,4.2668,4.2688,Naive,4.2668,4.2668,4.263199999999999,4.261429169748468,4.26680271615317,4.309224404917604,4.238340214008476,4.266474,4.267762999999999,4.268813513697383,4.2652666359180635,-0.0019999999999997797,0.0019999999999997797,-0.0019999999999997797,0.0019999999999997797,-0.005600000000000271,0.005600000000000271,-0.007370830251531402,0.007370830251531402,-0.001997283846829845,0.001997283846829845,0.04042440491760413,0.04042440491760413,-0.03045978599152388,0.03045978599152388,-0.0023260000000000502,0.0023260000000000502,-0.0010370000000010648,0.0010370000000010648,1.3513697383338297e-05,1.3513697383338297e-05,-0.0035333640819361634,0.0035333640819361634
2025-09-29,2025-09-30,4.2688,4.2692,Naive,4.2688,4.2688,4.264059999999999,4.262769320703292,4.271956990838577,4.309224404917604,4.289918166690751,4.267019999999999,4.266823999999998,4.269518531681818,4.267729548558368,-0.00039999999999995595,0.00039999999999995595,-0.00039999999999995595,0.00039999999999995595,-0.005140000000000811,0.005140000000000811,-0.006430679296707709,0.006430679296707709,0.002756990838577167,0.002756990838577167,0.04002440491760417,0.04002440491760417,0.02071816669075144,0.02071816669075144,-0.002180000000000959,0.002180000000000959,-0.00237600000000171,0.00237600000000171,0.00031853168181861236,0.00031853168181861236,-0.001470451441631937,0.001470451441631937
2025-09-30,2025-10-01,4.2692,4.2586,Naive,4.2692,4.2692,4.266859999999999,4.263938535120875,4.2660721990583665,4.309224404917604,4.252527484750298,4.264960999999998,4.265579999999999,4.269515593539818,4.269244596671499,0.010599999999999277,0.010599999999999277,0.010599999999999277,0.010599999999999277,0.008259999999999046,0.008259999999999046,0.005338535120874788,0.005338535120874788,0.007472199058366158,0.007472199058366158,0.05062440491760345,0.05062440491760345,-0.006072515249702093,0.006072515249702093,0.0063609999999973965,0.0063609999999973965,0.006979999999998654,0.006979999999998654,0.01091559353981797,0.01091559353981797,0.010644596671498974,0.010644596671498974
2025-10-01,2025-10-02,4.2586,4.256,Naive,4.2586,4.2586,4.26506,4.262967892371625,4.261662675006688,4.309224404917604,4.272899095995692,4.256199000000002,4.258275000000003,4.259971042088379,4.264786566356617,0.0026000000000001577,0.0026000000000001577,0.0026000000000001577,0.0026000000000001577,0.009059999999999846,0.009059999999999846,0.006967892371624984,0.006967892371624984,0.005662675006687934,0.005662675006687934,0.05322440491760361,0.05322440491760361,0.016899095995691837,0.016899095995691837,0.00019900000000205864,0.00019900000000205864,0.0022750000000026915,0.0022750000000026915,0.003971042088378951,0.003971042088378951,0.008786566356616454,0.008786566356616454
2025-10-02,2025-10-03,4.256,4.2559,Naive,4.256,4.256,4.26388,4.261701002849511,4.257497017816524,4.309224404917604,4.223585306120125,4.253094000000001,4.253699000000001,4.258126072941328,4.261394396384625,0.00010000000000065512,0.00010000000000065512,0.00010000000000065512,0.00010000000000065512,0.007980000000000764,0.007980000000000764,0.005801002849511683,0.005801002849511683,0.0015970178165245486,0.0015970178165245486,0.05332440491760426,0.05332440491760426,-0.032314693879874845,0.032314693879874845,-0.002805999999998754,0.002805999999998754,-0.002200999999998565,0.002200999999998565,0.002226072941328816,0.002226072941328816,0.005494396384625233,0.005494396384625233
2025-10-03,2025-10-06,4.2559,4.2521,Naive,4.2559,4.2559,4.2617,4.260646275058691,4.255284891303469,4.309224404917604,4.259865345242935,4.251839000000001,4.250763999999997,4.2580771227040115,4.259844974000384,0.0037999999999991374,0.0037999999999991374,0.0037999999999991374,0.0037999999999991374,0.009599999999999831,0.009599999999999831,0.008546275058690433,0.008546275058690433,0.00318489130346844,0.00318489130346844,0.0571244049176034,0.0571244049176034,0.007765345242934707,0.007765345242934707,-0.00026099999999917856,0.00026099999999917856,-0.0013360000000037786,0.0013360000000037786,0.005977122704011073,0.005977122704011073,0.007744974000383209,0.007744974000383209
2025-10-06,2025-10-07,4.2521,4.2559,Naive,4.2521,4.2521,4.258360000000001,4.259092406866201,4.254544005615645,4.309224404917604,4.2632261360012516,4.253466999999999,4.255047999999999,4.255328643138625,4.252707071383946,-0.0037999999999991374,0.0037999999999991374,-0.0037999999999991374,0.0037999999999991374,0.002460000000001017,0.002460000000001017,0.0031924068662014804,0.0031924068662014804,-0.0013559943843546307,0.0013559943843546307,0.05332440491760426,0.05332440491760426,0.007326136001251982,0.007326136001251982,-0.0024330000000007956,0.0024330000000007956,-0.0008520000000009631,0.0008520000000009631,-0.0005713568613749942,0.0005713568613749942,-0.003192928616053692,0.003192928616053692
2025-10-07,2025-10-08,4.2559,4.2533,Naive,4.2559,4.2559,4.2557,4.258511969254164,4.257511267915549,4.309224404917604,4.274875334171481,4.2532939999999995,4.253079000000001,4.2604888804767835,4.254696520471274,0.0025999999999992696,0.0025999999999992696,0.0025999999999992696,0.0025999999999992696,0.0023999999999997357,0.0023999999999997357,0.005211969254164117,0.005211969254164117,0.004211267915549044,0.004211267915549044,0.05592440491760353,0.05592440491760353,0.021575334171481053,0.021575334171481053,-6.000000000838668e-06,6.000000000838668e-06,-0.0002209999999989165,0.0002209999999989165,0.007188880476783233,0.007188880476783233,0.00139652047127381,0.00139652047127381
2025-10-08,2025-10-09,4.2533,4.2569,Naive,4.2533,4.2533,4.25464,4.257564338480679,4.2553405651950085,4.309224404917604,4.2607267523932055,4.252859999999999,4.253551,4.260113311435933,4.25416503655391,-0.0035999999999996035,0.0035999999999996035,-0.0035999999999996035,0.0035999999999996035,-0.0022599999999997067,0.0022599999999997067,0.0006643384806794828,0.0006643384806794828,-0.001559434804991433,0.001559434804991433,0.05232440491760393,0.05232440491760393,0.0038267523932056235,0.0038267523932056235,-0.00404000000000071,0.00404000000000071,-0.0033490000000000464,0.0033490000000000464,0.003213311435932731,0.003213311435932731,-0.002734963446090255,0.002734963446090255
2025-10-09,2025-10-10,4.2569,4.2583,Naive,4.2569,4.2569,4.25482,4.25744354966601,4.258578084393618,4.309224404917604,4.234876561708672,4.251357,4.251466999999999,4.260293531645046,4.256103442058175,-0.00140000000000029,0.00140000000000029,-0.00140000000000029,0.00140000000000029,-0.0034800000000005937,0.0034800000000005937,-0.0008564503339902885,0.0008564503339902885,0.00027808439361809434,0.00027808439361809434,0.05092440491760364,0.05092440491760364,-0.02342343829132787,0.02342343829132787,-0.006943000000000588,0.006943000000000588,-0.006833000000001199,0.006833000000001199,0.0019935316450458984,0.0019935316450458984,-0.0021965579418248282,0.0021965579418248282
2025-10-10,2025-10-13,4.2583,4.2592,Naive,4.2583,4.2583,4.2553,4.257599267908553,4.258167096074772,4.309224404917604,4.258364990853548,4.252691999999999,4.252735999999998,4.2615831479512725,4.257997137899285,-0.0008999999999996788,0.0008999999999996788,-0.0008999999999996788,0.0008999999999996788,-0.0038999999999997925,0.0038999999999997925,-0.0016007320914468437,0.0016007320914468437,-0.0010329039252274796,0.0010329039252274796,0.05002440491760396,0.05002440491760396,-0.0008350091464519593,0.0008350091464519593,-0.0065080000000010685,0.0065080000000010685,-0.006464000000002024,0.006464000000002024,0.0023831479512725906,0.0023831479512725906,-0.001202862100714519,0.001202862100714519
2025-10-13,2025-10-14,4.2592,4.2645,Naive,4.2592,4.2592,4.25672,4.257890310106998,4.26107327198699,4.309224404917604,4.299296725317797,4.254425,4.256020000000001,4.26216328220315,4.257113400700147,-0.005300000000000082,0.005300000000000082,-0.005300000000000082,0.005300000000000082,-0.007780000000000342,0.007780000000000342,-0.006609689893002368,0.006609689893002368,-0.0034267280130100275,0.0034267280130100275,0.04472440491760388,0.04472440491760388,0.034796725317796984,0.034796725317796984,-0.010074999999999612,0.010074999999999612,-0.00847999999999871,0.00847999999999871,-0.002336717796850074,0.002336717796850074,-0.0073865992998527474,0.0073865992998527474
2025-10-14,2025-10-15,4.2645,4.2556,Naive,4.2645,4.2645,4.25844,4.259092071905725,4.266127689804494,4.309224404917604,4.286405038206414,4.264784000000002,4.26814,4.267894777010857,4.26193502917897,0.008899999999999686,0.008899999999999686,0.008899999999999686,0.008899999999999686,0.0028399999999999537,0.0028399999999999537,0.0034920719057245364,0.0034920719057245364,0.010527689804494145,0.010527689804494145,0.05362440491760356,0.05362440491760356,0.030805038206414004,0.030805038206414004,0.00918400000000208,0.00918400000000208,0.012539999999999552,0.012539999999999552,0.01229477701085635,0.01229477701085635,0.006335029178969442,0.006335029178969442
2025-10-15,2025-10-16,4.2556,4.2517,Naive,4.2556,4.2556,4.2589,4.258457149741048,4.258993969573308,4.309224404917604,4.267873844033071,4.255368000000002,4.255324000000001,4.257277946505786,4.259077258136598,0.0039000000000006807,0.0039000000000006807,0.0039000000000006807,0.0039000000000006807,0.007200000000000095,0.007200000000000095,0.006757149741048352,0.006757149741048352,0.007293969573308523,0.007293969573308523,0.057524404917604244,0.057524404917604244,0.016173844033071205,0.016173844033071205,0.003668000000002003,0.003668000000002003,0.003624000000001182,0.003624000000001182,0.0055779465057863575,0.0055779465057863575,0.007377258136598286,0.007377258136598286
2025-10-16,2025-10-17,4.2517,4.2565,Naive,4.2517,4.2517,4.257859999999999,4.257228577060857,4.252725139137961,4.309224404917604,4.223285421202016,4.254068,4.252884999999999,4.2543142573235535,4.251867825333987,-0.0048000000000003595,0.0048000000000003595,-0.0048000000000003595,0.0048000000000003595,0.0013599999999991397,0.0013599999999991397,0.0007285770608573827,0.0007285770608573827,-0.0037748608620393753,0.0037748608620393753,0.052724404917603884,0.052724404917603884,-0.03321457879798384,0.03321457879798384,-0.0024319999999997677,0.0024319999999997677,-0.003615000000000812,0.003615000000000812,-0.002185742676446445,0.002185742676446445,-0.004632174666013178,0.004632174666013178
2025-10-17,2025-10-20,4.2565,4.2396,Naive,4.2565,4.2565,4.2575,4.257096108504338,4.256943327373044,4.309224404917604,4.264640805208417,4.252595,4.247936999999996,4.2585624040444285,4.254849084084616,0.016899999999999693,0.016899999999999693,0.016899999999999693,0.016899999999999693,0.017900000000000027,0.017900000000000027,0.01749610850433747,0.01749610850433747,0.01734332737304367,0.01734332737304367,0.06962440491760358,0.06962440491760358,0.025040805208417005,0.025040805208417005,0.01299500000000009,0.01299500000000009,0.008336999999995598,0.008336999999995598,0.018962404044428283,0.018962404044428283,0.01524908408461556,0.01524908408461556
2025-10-20,2025-10-21,4.2396,4.2392,Naive,4.2396,4.2396,4.25358,4.253914997867185,4.241113730140281,4.309224404917604,4.2345472163898235,4.241516,4.243846000000001,4.245621156297064,4.243117845837226,0.00039999999999995595,0.00039999999999995595,0.00039999999999995595,0.00039999999999995595,0.01438000000000006,0.01438000000000006,0.014714997867184998,0.014714997867184998,0.0019137301402807338,0.0019137301402807338,0.07002440491760353,0.07002440491760353,-0.004652783610176847,0.004652783610176847,0.0023159999999995406,0.0023159999999995406,0.004646000000001038,0.004646000000001038,0.006421156297063746,0.006421156297063746,0.003917845837225542,0.003917845837225542
2025-10-21,2025-10-22,4.2392,4.2438,Naive,4.2392,4.2392,4.24852,4.251239543709515,4.240815373459522,4.309224404917604,4.26985376920942,4.241842000000002,4.2458490000000015,4.246265340984305,4.2378109065901794,-0.0045999999999999375,0.0045999999999999375,-0.0045999999999999375,0.0045999999999999375,0.0047199999999998354,0.0047199999999998354,0.007439543709514496,0.007439543709514496,-0.0029846265404778194,0.0029846265404778194,0.0654244049176036,0.0654244049176036,0.02605376920941982,0.02605376920941982,-0.00195799999999835,0.00195799999999835,0.0020490000000012998,0.0020490000000012998,0.0024653409843047314,0.0024653409843047314,-0.005989093409820789,0.005989093409820789
2025-10-22,2025-10-23,4.2438,4.2347,Naive,4.2438,4.2438,4.246160000000001,4.249886899398693,4.246400971889434,4.309224404917604,4.267038469764119,4.242106000000002,4.245048000000002,4.2457552624833035,4.241113448811121,0.009100000000000108,0.009100000000000108,0.009100000000000108,0.009100000000000108,0.01146000000000047,0.01146000000000047,0.015186899398693221,0.015186899398693221,0.011700971889434086,0.011700971889434086,0.0745244049176037,0.0745244049176037,0.03233846976411847,0.03233846976411847,0.007406000000002244,0.007406000000002244,0.010348000000002244,0.010348000000002244,0.011055262483303352,0.011055262483303352,0.0064134488111209365,0.0064134488111209365
2025-10-23,2025-10-24,4.2347,4.2353,Naive,4.2347,4.2347,4.2427600000000005,4.247125644962567,4.235619597426834,4.309224404917604,4.213597163047396,4.240592,4.238413999999999,4.241055722119163,4.234751340704037,-0.0005999999999994898,0.0005999999999994898,-0.0005999999999994898,0.0005999999999994898,0.00746000000000091,0.00746000000000091,0.011825644962567772,0.011825644962567772,0.00031959742683440595,0.00031959742683440595,0.07392440491760421,0.07392440491760421,-0.021702836952603555,0.021702836952603555,0.0052920000000007406,0.0052920000000007406,0.003113999999999173,0.003113999999999173,0.005755722119163309,0.005755722119163309,-0.0005486592959629277,0.0005486592959629277
2025-10-24,2025-10-27,4.2353,4.2353,Naive,4.2353,4.2353,4.23852,4.244975527696646,4.235503899960627,4.309224404917604,4.221676401320146,4.239148000000002,4.239415999999999,4.2367628929242125,4.232578114279229,0.0,0.0,0.0,0.0,0.0032200000000006668,0.0032200000000006668,0.009675527696646036,0.009675527696646036,0.0002038999606277514,0.0002038999606277514,0.07392440491760421,0.07392440491760421,-0.013623598679853188,0.013623598679853188,0.003848000000002294,0.003848000000002294,0.0041159999999997865,0.0041159999999997865,0.0014628929242128663,0.0014628929242128663,-0.0027218857207707003,0.0027218857207707003
2025-10-27,2025-10-28,4.2353,4.2345,Naive,4.2353,4.2353,4.23766,4.24321634084271,4.2373990090775555,4.309224404917604,4.251014947946151,4.240122000000003,4.238584,4.238008450021059,4.233460885063089,0.0007999999999999119,0.0007999999999999119,0.0007999999999999119,0.0007999999999999119,0.0031600000000002737,0.0031600000000002737,0.008716340842710224,0.008716340842710224,0.002899009077555803,0.002899009077555803,0.07472440491760413,0.07472440491760413,0.016514947946151715,0.016514947946151715,0.0056220000000033465,0.0056220000000033465,0.004084000000000643,0.004084000000000643,0.003508450021059595,0.003508450021059595,-0.001039114936911112,0.001039114936911112
2025-10-28,2025-10-29,4.2345,4.2374,Naive,4.2345,4.2345,4.23672,4.241631551598581,4.235818500788633,4.309224404917604,4.240432006385855,4.242450000000002,4.239620000000001,4.2387572526750015,4.232931812299668,-0.0029000000000003467,0.0029000000000003467,-0.0029000000000003467,0.0029000000000003467,-0.0006800000000000139,0.0006800000000000139,0.004231551598580907,0.004231551598580907,-0.0015814992113671877,0.0015814992113671877,0.07182440491760378,0.07182440491760378,0.0030320063858546575,0.0030320063858546575,0.005050000000001553,0.005050000000001553,0.002220000000001221,0.002220000000001221,0.001357252675001419,0.001357252675001419,-0.00446818770033186,0.00446818770033186
2025-10-29,2025-10-30,4.2374,4.2425,Naive,4.2374,4.2374,4.23544,4.240862178580657,4.2411048346249824,4.309224404917604,4.233126265364938,4.242331,4.240738999999998,4.239747924618441,4.2347783501562715,-0.00509999999999966,0.00509999999999966,-0.00509999999999966,0.00509999999999966,-0.007060000000000066,0.007060000000000066,-0.0016378214193428775,0.0016378214193428775,-0.001395165375017271,0.001395165375017271,0.06672440491760412,0.06672440491760412,-0.009373734635061304,0.009373734635061304,-0.00016899999999964166,0.00016899999999964166,-0.0017610000000019,0.0017610000000019,-0.0027520753815588606,0.0027520753815588606,-0.007721649843728251,0.007721649843728251
2025-10-30,2025-10-31,4.2425,4.2543,Naive,4.2425,4.2425,4.237,4.2411599642932645,4.244152117870778,4.309224404917604,4.241302653516777,4.245566000000002,4.2410689999999995,4.240934171096761,4.239531019074981,-0.011800000000000033,0.011800000000000033,-0.011800000000000033,0.011800000000000033,-0.01729999999999965,0.01729999999999965,-0.013140035706735276,0.013140035706735276,-0.010147882129222019,0.010147882129222019,0.054924404917604086,0.054924404917604086,-0.012997346483222927,0.012997346483222927,-0.008733999999997799,0.008733999999997799,-0.013231000000000215,0.013231000000000215,-0.013365828903238786,0.013365828903238786,-0.01476898092501866,0.01476898092501866
2025-10-31,2025-11-03,4.2543,4.2527,Naive,4.2543,4.2543,4.2408,4.243549061694489,4.249139148642627,4.309224404917604,4.165529415349411,4.251726999999999,4.248856999999998,4.257909239202303,4.255326427914253,0.0015999999999998238,0.0015999999999998238,0.0015999999999998238,0.0015999999999998238,-0.0118999999999998,0.0118999999999998,-0.009150938305510614,0.009150938305510614,-0.0035608513573732736,0.0035608513573732736,0.05652440491760391,0.05652440491760391,-0.0871705846505888,0.0871705846505888,-0.0009730000000010008,0.0009730000000010008,-0.003843000000001595,0.003843000000001595,0.005209239202303095,0.005209239202303095,0.002626427914252716,0.002626427914252716
2025-11-03,2025-11-04,4.2527,4.2575,Naive,4.2527,4.2527,4.24428,4.245212868659127,4.255241884626525,4.309224404917604,4.281998410528098,4.255925999999999,4.255071000000002,4.253901716994641,4.252248587251731,-0.0048000000000003595,0.0048000000000003595,-0.0048000000000003595,0.0048000000000003595,-0.013220000000000454,0.013220000000000454,-0.012287131340873003,0.012287131340873003,-0.0022581153734755333,0.0022581153734755333,0.05172440491760355,0.05172440491760355,0.02449841052809809,0.02449841052809809,-0.0015740000000015186,0.0015740000000015186,-0.00242899999999846,0.00242899999999846,-0.0035982830053589154,0.0035982830053589154,-0.005251412748269679,0.005251412748269679
2025-11-04,2025-11-05,4.2575,4.2597,Naive,4.2575,4.2575,4.24888,4.247446892539286,4.258120465206189,4.309224404917604,4.265968430608725,4.260719999999997,4.261143000000001,4.260965934099797,4.256742745560183,-0.0021999999999993136,0.0021999999999993136,-0.0021999999999993136,0.0021999999999993136,-0.01081999999999983,0.01081999999999983,-0.012253107460713508,0.012253107460713508,-0.0015795347938105664,0.0015795347938105664,0.04952440491760424,0.04952440491760424,0.006268430608725062,0.006268430608725062,0.0010199999999978004,0.0010199999999978004,0.0014430000000009713,0.0014430000000009713,0.0012659340997975832,0.0012659340997975832,-0.0029572544398162037,0.0029572544398162037
2025-11-05,2025-11-06,4.2597,4.2566,Naive,4.2597,4.2597,4.25334,4.249674730259415,4.261882923711724,4.309224404917604,4.221919143527919,4.260209999999999,4.263878000000002,4.261244569944429,4.259430727144414,0.0030999999999998806,0.0030999999999998806,0.0030999999999998806,0.0030999999999998806,-0.0032600000000000406,0.0032600000000000406,-0.006925269740584383,0.006925269740584383,0.00528292371172423,0.00528292371172423,0.05262440491760412,0.05262440491760412,-0.034680856472080634,0.034680856472080634,0.003609999999999225,0.003609999999999225,0.007278000000002116,0.007278000000002116,0.0046445699444293,0.0046445699444293,0.0028307271444143467,0.0028307271444143467
2025-11-06,2025-11-07,4.2566,4.2483,Naive,4.2566,4.2566,4.25616,4.250933870212249,4.2577074849932774,4.309224404917604,4.258299714889558,4.25514,4.254546000000001,4.257789317428711,4.257112633303499,0.008299999999999308,0.008299999999999308,0.008299999999999308,0.008299999999999308,0.007859999999999978,0.007859999999999978,0.002633870212248368,0.002633870212248368,0.009407484993277038,0.009407484993277038,0.060924404917603425,0.060924404917603425,0.009999714889557865,0.009999714889557865,0.006839999999999513,0.006839999999999513,0.006246000000000862,0.006246000000000862,0.009489317428710287,0.009489317428710287,0.008812633303498352,0.008812633303498352
2025-11-07,2025-11-10,4.2483,4.2351,Naive,4.2483,4.2483,4.25496,4.250454984719113,4.247689698077903,4.309224404917604,4.235701286854747,4.249626999999999,4.250457,4.251459635497806,4.286277081669336,0.013200000000000323,0.013200000000000323,0.013200000000000323,0.013200000000000323,0.019859999999999545,0.019859999999999545,0.015354984719112785,0.015354984719112785,0.012589698077903222,0.012589698077903222,0.07412440491760375,0.07412440491760375,0.0006012868547466965,0.0006012868547466965,0.01452699999999929,0.01452699999999929,0.015356999999999843,0.015356999999999843,0.016359635497805947,0.016359635497805947,0.05117708166933621,0.05117708166933621
2025-11-10,2025-11-12,4.2351,4.2312,Naive,4.2351,4.2351,4.2514400000000006,4.247663169315637,4.238119070622758,4.309224404917604,4.279779630822182,4.241479999999999,4.236371,4.2393487941562125,4.233153808301639,0.0038999999999997925,0.0038999999999997925,0.0038999999999997925,0.0038999999999997925,0.020240000000000258,0.020240000000000258,0.01646316931563696,0.01646316931563696,0.006919070622757317,0.006919070622757317,0.07802440491760354,0.07802440491760354,0.04857963082218131,0.04857963082218131,0.010279999999998957,0.010279999999998957,0.005170999999999815,0.005170999999999815,0.008148794156212169,0.008148794156212169,0.0019538083016383823,0.0019538083016383823
2025-11-12,2025-11-13,4.2312,4.2304,Naive,4.2312,4.2312,4.246180000000001,4.244669865803703,4.234011062867533,4.309224404917604,4.23778041159353,4.237254999999998,4.234748999999998,4.240417797711234,4.228690812281653,0.0007999999999999119,0.0007999999999999119,0.0007999999999999119,0.0007999999999999119,0.01578000000000035,0.01578000000000035,0.014269865803703041,0.014269865803703041,0.003611062867532766,0.003611062867532766,0.07882440491760345,0.07882440491760345,0.0073804115935294234,0.0073804115935294234,0.006854999999998057,0.006854999999998057,0.004348999999997716,0.004348999999997716,0.010017797711233456,0.010017797711233456,-0.0017091877183474935,0.0017091877183474935
2025-11-13,2025-11-14,4.2304,4.2274,Naive,4.2304,4.2304,4.2403200000000005,4.242075344748485,4.231059289277913,4.309224404917604,4.23626399753193,4.231263999999999,4.2300569999999995,4.227244490770771,4.229926732040471,0.0030000000000001137,0.0030000000000001137,0.0030000000000001137,0.0030000000000001137,0.012920000000000265,0.012920000000000265,0.01467534474848442,0.01467534474848442,0.003659289277912592,0.003659289277912592,0.08182440491760357,0.08182440491760357,0.00886399753192979,0.00886399753192979,0.0038639999999983132,0.0038639999999983132,0.0026569999999992433,0.0026569999999992433,-0.00015550922922891175,0.00015550922922891175,0.002526732040470492,0.002526732040470492
2025-11-14,2025-11-17,4.2274,4.2231,Naive,4.2274,4.2274,4.23448,4.23940710024876,4.2267056592308325,4.309224404917604,4.205480693495338,4.226103999999999,4.229921000000001,4.224524267262189,4.2259824453044255,0.004300000000000637,0.004300000000000637,0.004300000000000637,0.004300000000000637,0.011379999999999946,0.011379999999999946,0.016307100248760698,0.016307100248760698,0.0036056592308328916,0.0036056592308328916,0.0861244049176042,0.0861244049176042,-0.01761930650466148,0.01761930650466148,0.0030039999999997846,0.0030039999999997846,0.006821000000001298,0.006821000000001298,0.0014242672621893604,0.0014242672621893604,0.002882445304425829,0.002882445304425829
2025-11-17,2025-11-18,4.2231,4.2331,Naive,4.2231,4.2231,4.229439999999999,4.236442172930803,4.225197175850365,4.309224404917604,4.2150188274263805,4.224545,4.224099000000002,4.223973220275553,4.220517968166438,-0.010000000000000675,0.010000000000000675,-0.010000000000000675,0.010000000000000675,-0.0036600000000008848,0.0036600000000008848,0.003342172930802967,0.003342172930802967,-0.007902824149635279,0.007902824149635279,0.07612440491760353,0.07612440491760353,-0.018081172573619853,0.018081172573619853,-0.008555000000000312,0.008555000000000312,-0.009000999999998704,0.009000999999998704,-0.009126779724446976,0.009126779724446976,-0.012582031833562546,0.012582031833562546
2025-11-18,2025-11-19,4.2331,4.2424,Naive,4.2331,4.2331,4.22904,4.235834505125203,4.233997285756689,4.309224404917604,4.2319532322854565,4.239844999999999,4.234171999999999,4.238688601581819,4.236655264101404,-0.009299999999999642,0.009299999999999642,-0.009299999999999642,0.009299999999999642,-0.013359999999999594,0.013359999999999594,-0.006565494874797295,0.006565494874797295,-0.00840271424331096,0.00840271424331096,0.06682440491760389,0.06682440491760389,-0.010446767714543448,0.010446767714543448,-0.002555000000000973,0.002555000000000973,-0.00822800000000079,0.00822800000000079,-0.0037113984181811333,0.0037113984181811333,-0.005744735898596254,0.005744735898596254
2025-11-19,2025-11-20,4.2424,4.2289,Naive,4.2424,4.2424,4.23128,4.237028231466074,4.244915774138389,4.309224404917604,4.228258886699038,4.240436999999999,4.236796999999998,4.242477992933986,4.246965781996777,0.013499999999999623,0.013499999999999623,0.013499999999999623,0.013499999999999623,0.0023799999999996047,0.0023799999999996047,0.008128231466073998,0.008128231466073998,0.016015774138388394,0.016015774138388394,0.08032440491760351,0.08032440491760351,-0.0006411133009622816,0.0006411133009622816,0.011536999999998798,0.011536999999998798,0.007896999999998044,0.007896999999998044,0.013577992933985428,0.013577992933985428,0.018065781996776664,0.018065781996776664
2025-11-20,2025-11-21,4.2289,4.2489,Naive,4.2289,4.2289,4.230980000000001,4.235550371199516,4.231189595643782,4.309224404917604,4.222876634158046,4.226933,4.229999999999999,4.224701265419952,4.223068252119993,-0.019999999999999574,0.019999999999999574,-0.019999999999999574,0.019999999999999574,-0.01791999999999927,0.01791999999999927,-0.013349628800483515,0.013349628800483515,-0.017710404356217957,0.017710404356217957,0.060324404917603935,0.060324404917603935,-0.026023365841953527,0.026023365841953527,-0.02196700000000007,0.02196700000000007,-0.01890000000000125,0.01890000000000125,-0.02419873458004762,0.02419873458004762,-0.025831747880006972,0.025831747880006972
2025-11-21,2025-11-24,4.2489,4.2345,Naive,4.2489,4.2489,4.23528,4.237977576435967,4.248996131913292,4.309224404917604,4.211173180507505,4.246263999999999,4.244408999999999,4.253014091993147,4.2494095433949655,0.01440000000000019,0.01440000000000019,0.01440000000000019,0.01440000000000019,0.000780000000000669,0.000780000000000669,0.0034775764359675776,0.0034775764359675776,0.014496131913292132,0.014496131913292132,0.07472440491760413,0.07472440491760413,-0.023326819492494266,0.023326819492494266,0.011763999999999442,0.011763999999999442,0.009908999999999502,0.009908999999999502,0.01851409199314702,0.01851409199314702,0.014909543394965752,0.014909543394965752
2025-11-24,2025-11-25,4.2345,4.2301,Naive,4.2345,4.2345,4.23756,4.237345289811246,4.237235445713192,4.309224404917604,4.238817045858537,4.243574,4.236796000000001,4.237226734506164,4.242434914693867,0.004399999999999515,0.004399999999999515,0.004399999999999515,0.004399999999999515,0.007460000000000022,0.007460000000000022,0.007245289811245392,0.007245289811245392,0.007135445713191579,0.007135445713191579,0.07912440491760364,0.07912440491760364,0.008717045858536387,0.008717045858536387,0.013473999999999542,0.013473999999999542,0.006696000000000701,0.006696000000000701,0.0071267345061638565,0.0071267345061638565,0.012334914693866494,0.012334914693866494
2025-11-25,2025-11-26,4.2301,4.233,Naive,4.2301,4.2301,4.236960000000001,4.236027964391019,4.231681924671567,4.309224404917604,4.22362403186861,4.228654,4.228991,4.225674695132935,4.22926433086065,-0.0028999999999994586,0.0028999999999994586,-0.0028999999999994586,0.0028999999999994586,0.003960000000001074,0.003960000000001074,0.0030279643910189336,0.0030279643910189336,-0.001318075328432755,0.001318075328432755,0.07622440491760418,0.07622440491760418,-0.009375968131389634,0.009375968131389634,-0.004345999999999961,0.004345999999999961,-0.004008999999999929,0.004008999999999929,-0.00732530486706473,0.00732530486706473,-0.003735669139349973,0.003735669139349973
2025-11-26,2025-11-27,4.233,4.227,Naive,4.233,4.233,4.235079999999999,4.235477425410833,4.236529320034497,4.309224404917604,4.208500740736441,4.243074999999999,4.236372999999999,4.235460949910883,4.230658980716853,0.005999999999999339,0.005999999999999339,0.005999999999999339,0.005999999999999339,0.008079999999998755,0.008079999999998755,0.00847742541083285,0.00847742541083285,0.009529320034496358,0.009529320034496358,0.08222440491760352,0.08222440491760352,-0.01849925926355933,0.01849925926355933,0.01607499999999895,0.01607499999999895,0.0093729999999983,0.0093729999999983,0.008460949910882753,0.008460949910882753,0.0036589807168523336,0.0036589807168523336
2025-11-27,2025-11-28,4.227,4.2369,Naive,4.227,4.227,4.234699999999999,4.233936075336136,4.2267238259462205,4.309224404917604,4.2381839121742075,4.224237,4.2276929999999995,4.2242803095392585,4.226662756560213,-0.00990000000000002,0.00990000000000002,-0.00990000000000002,0.00990000000000002,-0.00220000000000109,0.00220000000000109,-0.0029639246638639705,0.0029639246638639705,-0.010176174053779796,0.010176174053779796,0.0723244049176035,0.0723244049176035,0.0012839121742072024,0.0012839121742072024,-0.012663000000000757,0.012663000000000757,-0.009207000000000853,0.009207000000000853,-0.01261969046074185,0.01261969046074185,-0.010237243439787491,0.010237243439787491
2025-11-28,2025-12-01,4.2369,4.2286,Naive,4.2369,4.2369,4.2323,4.234474970729566,4.231509290452166,4.309224404917604,4.180983393509376,4.240780000000001,4.237793999999999,4.23650944312895,4.231537227138303,0.008300000000000196,0.008300000000000196,0.008300000000000196,0.008300000000000196,0.0037000000000002586,0.0037000000000002586,0.005874970729565554,0.005874970729565554,0.0029092904521661467,0.0029092904521661467,0.0806244049176037,0.0806244049176037,-0.04761660649062449,0.04761660649062449,0.012180000000000746,0.012180000000000746,0.009193999999999036,0.009193999999999036,0.007909443128950144,0.007909443128950144,0.0029372271383030224,0.0029372271383030224
2025-12-01,2025-12-02,4.2286,4.239,Naive,4.2286,4.2286,4.23112,4.2334067942332805,4.229989246473505,4.309224404917604,4.2499869673266115,4.222287999999999,4.225297999999999,4.221481991876658,4.2295718925920855,-0.010399999999999743,0.010399999999999743,-0.010399999999999743,0.010399999999999743,-0.00788000000000011,0.00788000000000011,-0.0055932057667194,0.0055932057667194,-0.009010753526494497,0.009010753526494497,0.07022440491760396,0.07022440491760396,0.01098696732661164,0.01098696732661164,-0.01671200000000095,0.01671200000000095,-0.013702000000001213,0.013702000000001213,-0.01751800812334192,0.01751800812334192,-0.009428107407914332,0.009428107407914332
2025-12-02,2025-12-03,4.239,4.2312,Naive,4.239,4.239,4.2329,4.23442374073632,4.238021995692482,4.309224404917604,4.279718201937528,4.241452,4.244199999999999,4.240902140006965,4.232420796082029,0.007799999999999585,0.007799999999999585,0.007799999999999585,0.007799999999999585,0.0016999999999995907,0.0016999999999995907,0.0032237407363195913,0.0032237407363195913,0.006821995692481764,0.006821995692481764,0.07802440491760354,0.07802440491760354,0.04851820193752765,0.04851820193752765,0.010251999999999484,0.010251999999999484,0.012999999999999012,0.012999999999999012,0.00970214000696501,0.00970214000696501,0.0012207960820287411,0.0012207960820287411
2025-12-03,2025-12-04,4.2312,4.2299,Naive,4.2312,4.2312,4.23254,4.233837606056989,4.233764992249007,4.309224404917604,4.192637036210943,4.236459,4.229809999999999,4.234785613136727,4.233686494642089,0.001300000000000523,0.001300000000000523,0.001300000000000523,0.001300000000000523,0.00264000000000042,0.00264000000000042,0.003937606056989118,0.003937606056989118,0.003864992249007493,0.003864992249007493,0.07932440491760406,0.07932440491760406,-0.03726296378905669,0.03726296378905669,0.0065590000000002036,0.0065590000000002036,-9.00000000010337e-05,9.00000000010337e-05,0.004885613136726974,0.004885613136726974,0.003786494642088911,0.003786494642088911
2025-12-04,2025-12-05,4.2299,4.2321,Naive,4.2299,4.2299,4.23312,4.23312167768299,4.230725501751972,4.309224404917604,4.24617617615673,4.230543000000001,4.229216000000001,4.2238873161998045,4.2298899121001226,-0.002200000000000202,0.002200000000000202,-0.002200000000000202,0.002200000000000202,0.001020000000000465,0.001020000000000465,0.0010216776829903296,0.0010216776829903296,-0.0013744982480279333,0.0013744982480279333,0.07712440491760386,0.07712440491760386,0.014076176156730291,0.014076176156730291,-0.0015569999999991424,0.0015569999999991424,-0.0028839999999989985,0.0028839999999989985,-0.008212683800195464,0.008212683800195464,-0.002210087899877422,0.002210087899877422
2025-12-05,2025-12-08,4.2321,4.2289,Naive,4.2321,4.2321,4.23216,4.232935918104264,4.23142413029914,4.309224404917604,4.190327125065743,4.239903999999999,4.234211999999999,4.236768480063286,4.2308496766594015,0.0031999999999996476,0.0031999999999996476,0.0031999999999996476,0.0031999999999996476,0.0032600000000000406,0.0032600000000000406,0.004035918104263736,0.004035918104263736,0.002524130299139671,0.002524130299139671,0.08032440491760351,0.08032440491760351,-0.03857287493425776,0.03857287493425776,0.011003999999998904,0.011003999999998904,0.005311999999999095,0.005311999999999095,0.007868480063285332,0.007868480063285332,0.001949676659401156,0.001949676659401156
2025-12-08,2025-12-09,4.2289,4.234,Naive,4.2289,4.2289,4.23222,4.23220211481258,4.231416407947081,4.309224404917604,4.230580756053845,4.221551,4.227392999999999,4.221698249254725,4.231031875312496,-0.00509999999999966,0.00509999999999966,-0.00509999999999966,0.00509999999999966,-0.0017800000000001148,0.0017800000000001148,-0.0017978851874200785,0.0017978851874200785,-0.002583592052919137,0.002583592052919137,0.07522440491760385,0.07522440491760385,-0.003419243946154893,0.003419243946154893,-0.012449000000000154,0.012449000000000154,-0.006607000000000696,0.006607000000000696,-0.012301750745274731,0.012301750745274731,-0.002968124687503959,0.002968124687503959
2025-12-09,2025-12-10,4.234,4.2274,Naive,4.234,4.234,4.23122,4.232529003028475,4.234679132646442,4.309224404917604,4.275092331582654,4.241002000000002,4.237184,4.235470347858749,4.2326549496371255,0.006599999999999717,0.006599999999999717,0.006599999999999717,0.006599999999999717,0.0038200000000001566,0.0038200000000001566,0.005129003028474521,0.005129003028474521,0.007279132646441866,0.007279132646441866,0.08182440491760357,0.08182440491760357,0.0476923315826534,0.0476923315826534,0.013602000000001446,0.013602000000001446,0.009783999999999793,0.009783999999999793,0.008070347858748939,0.008070347858748939,0.00525494963712525,0.00525494963712525
2025-12-10,2025-12-11,4.2274,4.2284,Naive,4.2274,4.2274,4.230460000000001,4.231596457023297,4.230041387672591,4.309224404917604,4.194420455906272,4.222099,4.223908999999999,4.222487820843915,4.2322810415479655,-0.0009999999999994458,0.0009999999999994458,-0.0009999999999994458,0.0009999999999994458,0.002060000000001061,0.002060000000001061,0.0031964570232974054,0.0031964570232974054,0.0016413876725911436,0.0016413876725911436,0.08082440491760412,0.08082440491760412,-0.03397954409372783,0.03397954409372783,-0.006300999999999668,0.006300999999999668,-0.004491000000000689,0.004491000000000689,-0.005912179156084996,0.005912179156084996,0.003881041547965758,0.003881041547965758
2025-12-11,2025-12-12,4.2284,4.2271,Naive,4.2284,4.2284,4.23016,4.231015283019061,4.228928175965805,4.309224404917604,4.225776807148767,4.222065999999999,4.221444,4.223682050616914,4.2286833104922685,0.0012999999999996348,0.0012999999999996348,0.0012999999999996348,0.0012999999999996348,0.0030599999999996186,0.0030599999999996186,0.003915283019060745,0.003915283019060745,0.001828175965805201,0.001828175965805201,0.08212440491760375,0.08212440491760375,-0.001323192851232946,0.001323192851232946,-0.005034000000001093,0.005034000000001093,-0.005656000000000105,0.005656000000000105,-0.0034179493830857055,0.0034179493830857055,0.0015833104922684527,0.0015833104922684527
2025-12-12,2025-12-15,4.2271,4.2192,Naive,4.2271,4.2271,4.22916,4.230303413379231,4.226759449584948,4.309224404917604,4.176792257693835,4.221365,4.222519,4.222603274930335,4.228742600614345,0.00790000000000024,0.00790000000000024,0.00790000000000024,0.00790000000000024,0.009960000000000413,0.009960000000000413,0.011103413379231597,0.011103413379231597,0.007559449584948474,0.007559449584948474,0.090024404917604,0.090024404917604,-0.04240774230616484,0.04240774230616484,0.0021649999999997505,0.0021649999999997505,0.003319000000000294,0.003319000000000294,0.0034032749303349874,0.0034032749303349874,0.009542600614345531,0.009542600614345531
2025-12-15,2025-12-16,4.2192,4.2239,Naive,4.2192,4.2192,4.22722,4.228284610946644,4.220013967048937,4.309224404917604,4.220862371542236,4.2165409999999985,4.216504000000001,4.220886846956908,4.22851823413862,-0.004700000000000593,0.004700000000000593,-0.004700000000000593,0.004700000000000593,0.0033199999999995455,0.0033199999999995455,0.004384610946643441,0.004384610946643441,-0.0038860329510637115,0.0038860329510637115,0.0853244049176034,0.0853244049176034,-0.003037628457764008,0.003037628457764008,-0.007359000000001892,0.007359000000001892,-0.00739599999999907,0.00739599999999907,-0.0030131530430921316,0.0030131530430921316,0.004618234138619393,0.004618234138619393
2025-12-16,2025-12-17,4.2239,4.2149,Naive,4.2239,4.2239,4.2252,4.227487408956345,4.225273894460651,4.309224404917604,4.2759254554542085,4.219898,4.216963,4.2209166493848,4.22129177711102,0.009000000000000341,0.009000000000000341,0.009000000000000341,0.009000000000000341,0.010299999999999976,0.010299999999999976,0.012587408956345136,0.012587408956345136,0.010373894460650845,0.010373894460650845,0.09432440491760374,0.09432440491760374,0.061025455454208455,0.061025455454208455,0.004997999999999614,0.004997999999999614,0.002062999999999704,0.002062999999999704,0.006016649384799955,0.006016649384799955,0.006391777111019792,0.006391777111019792
2025-12-17,2025-12-18,4.2149,4.2076,Naive,4.2149,4.2149,4.222700000000001,4.2251987891461,4.217267015428027,4.309224404917604,4.175639436646167,4.214135,4.209904,4.212133208717188,4.218649596608976,0.007299999999999862,0.007299999999999862,0.007299999999999862,0.007299999999999862,0.015100000000000335,0.015100000000000335,0.017598789146100025,0.017598789146100025,0.00966701542802717,0.00966701542802717,0.1016244049176036,0.1016244049176036,-0.03196056335383357,0.03196056335383357,0.006534999999999513,0.006534999999999513,0.0023039999999996397,0.0023039999999996397,0.0045332087171878754,0.0045332087171878754,0.01104959660897542,0.01104959660897542
2025-12-18,2025-12-19,4.2076,4.2094,Naive,4.2076,4.2076,4.21854,4.221999009301355,4.20844008680965,4.309224404917604,4.22126017109048,4.208135,4.204987999999999,4.203238066090532,4.212286590597862,-0.0017999999999993577,0.0017999999999993577,-0.0017999999999993577,0.0017999999999993577,0.00914000000000037,0.00914000000000037,0.012599009301355046,0.012599009301355046,-0.0009599131903499369,0.0009599131903499369,0.09982440491760425,0.09982440491760425,0.011860171090479987,0.011860171090479987,-0.0012649999999991834,0.0012649999999991834,-0.004412000000000305,0.004412000000000305,-0.006161933909467621,0.006161933909467621,0.0028865905978623374,0.0028865905978623374
2025-12-19,2025-12-22,4.2094,4.2115,Naive,4.2094,4.2094,4.215000000000001,4.219708280337471,4.209651719804125,4.309224404917604,4.185007599853542,4.207945999999999,4.2038949999999975,4.20544453618248,4.206006148107332,-0.002100000000000435,0.002100000000000435,-0.002100000000000435,0.002100000000000435,0.0035000000000007248,0.0035000000000007248,0.00820828033747123,0.00820828033747123,-0.0018482801958752404,0.0018482801958752404,0.09772440491760381,0.09772440491760381,-0.026492400146458372,0.026492400146458372,-0.0035540000000011673,0.0035540000000011673,-0.007605000000002526,0.007605000000002526,-0.006055463817520312,0.006055463817520312,-0.005493851892667934,0.005493851892667934
2025-12-22,2025-12-23,4.2115,4.2274,Naive,4.2115,4.2115,4.21346,4.218215865730658,4.2121808097837645,4.309224404917604,4.2311542399344315,4.213229000000001,4.205936,4.21132410130348,4.208116889508852,-0.015900000000000247,0.015900000000000247,-0.015900000000000247,0.015900000000000247,-0.013939999999999841,0.013939999999999841,-0.009184134269342614,0.009184134269342614,-0.015219190216235745,0.015219190216235745,0.08182440491760357,0.08182440491760357,0.003754239934431247,0.003754239934431247,-0.014170999999999268,0.014170999999999268,-0.021463999999999928,0.021463999999999928,-0.016075898696520596,0.016075898696520596,-0.019283110491148392,0.019283110491148392
2025-12-23,2025-12-29,4.2274,4.2274,Naive,4.2274,4.2274,4.21416,4.219885708325084,4.227703731728036,4.309224404917604,4.039611706387129,4.220835000000001,4.2210040000000015,4.225435306872677,4.2203840965740635,0.0,0.0,0.0,0.0,-0.013240000000000585,0.013240000000000585,-0.007514291674916684,0.007514291674916684,0.00030373172803610515,0.00030373172803610515,0.08182440491760357,0.08182440491760357,-0.1877882936128712,0.1877882936128712,-0.006564999999999266,0.006564999999999266,-0.006395999999998736,0.006395999999998736,-0.0019646931273236135,0.0019646931273236135,-0.00701590342593672,0.00701590342593672
2025-12-29,2025-12-30,4.2274,4.2293,Naive,4.2274,4.2274,4.21666,4.221251943175068,4.228700229707275,4.309224404917604,4.2253712807592505,4.219525000000002,4.217187000000002,4.222463047805677,4.228135433665694,-0.0019000000000000128,0.0019000000000000128,-0.0019000000000000128,0.0019000000000000128,-0.012640000000000207,0.012640000000000207,-0.008048056824931926,0.008048056824931926,-0.0005997702927249549,0.0005997702927249549,0.07992440491760355,0.07992440491760355,-0.003928719240749778,0.003928719240749778,-0.009774999999998535,0.009774999999998535,-0.012112999999998486,0.012112999999998486,-0.006836952194323231,0.006836952194323231,-0.0011645663343058388,0.0011645663343058388
2025-12-30,2025-12-31,4.2293,4.2267,Naive,4.2293,4.2293,4.221,4.222715226234147,4.230239678864462,4.309224404917604,4.244941541328603,4.2200429999999995,4.21935,4.221637829927174,4.228418358705459,0.0026000000000001577,0.0026000000000001577,0.0026000000000001577,0.0026000000000001577,-0.005700000000000038,0.005700000000000038,-0.003984773765853156,0.003984773765853156,0.003539678864461493,0.003539678864461493,0.08252440491760371,0.08252440491760371,0.018241541328603006,0.018241541328603006,-0.006657000000000579,0.006657000000000579,-0.007349999999999746,0.007349999999999746,-0.005062170072825722,0.005062170072825722,0.0017183587054585558,0.0017183587054585558
2025-12-31,2026-01-02,4.2267,4.2156,Naive,4.2267,4.2267,4.2244600000000005,4.223439730555211,4.231382481454255,4.309224404917604,4.441766300505687,4.219833,4.219629000000001,4.220489238567961,4.226595261683265,0.011099999999999888,0.011099999999999888,0.011099999999999888,0.011099999999999888,0.008860000000000312,0.008860000000000312,0.0078397305552107,0.0078397305552107,0.01578248145425487,0.01578248145425487,0.0936244049176036,0.0936244049176036,0.2261663005056871,0.2261663005056871,0.004233000000000153,0.004233000000000153,0.0040290000000009485,0.0040290000000009485,0.004889238567960419,0.004889238567960419,0.010995261683264701,0.010995261683264701
2026-01-02,2026-01-05,4.2156,4.211,Naive,4.2156,4.2156,4.225280000000001,4.2220143249997175,4.214919352519644,4.309224404917604,4.242953509546902,4.215635999999998,4.212244999999999,4.212953491600036,4.215000416893782,0.0045999999999999375,0.0045999999999999375,0.0045999999999999375,0.0045999999999999375,0.014280000000000292,0.014280000000000292,0.011014324999717218,0.011014324999717218,0.003919352519643482,0.003919352519643482,0.09822440491760354,0.09822440491760354,0.031953509546902126,0.031953509546902126,0.004635999999997864,0.004635999999997864,0.0012449999999990524,0.0012449999999990524,0.0019534916000356617,0.0019534916000356617,0.004000416893781278,0.004000416893781278
2026-01-05,2026-01-07,4.211,4.2105,Naive,4.211,4.211,4.222,4.220011720454314,4.214040298662716,4.309224404917604,4.260561614687687,4.209236999999998,4.207945999999999,4.20716140076412,4.209846462868349,0.0005000000000006111,0.0005000000000006111,0.0005000000000006111,0.0005000000000006111,0.011500000000000732,0.011500000000000732,0.009511720454314698,0.009511720454314698,0.0035402986627159905,0.0035402986627159905,0.09872440491760415,0.09872440491760415,0.050061614687686884,0.050061614687686884,-0.0012630000000015684,0.0012630000000015684,-0.0025540000000008334,0.0025540000000008334,-0.003338599235879869,0.003338599235879869,-0.0006535371316509497,0.0006535371316509497
2026-01-07,2026-01-08,4.2105,4.2119,Naive,4.2105,4.2105,4.21862,4.218282316735348,4.212681628211012,4.309224404917604,4.167743813271725,4.209953999999999,4.206014,4.2075597734767305,4.210549988051121,-0.00140000000000029,0.00140000000000029,-0.00140000000000029,0.00140000000000029,0.006719999999999615,0.006719999999999615,0.006382316735347615,0.006382316735347615,0.0007816282110120198,0.0007816282110120198,0.09732440491760386,0.09732440491760386,-0.044156186728274704,0.044156186728274704,-0.0019460000000011135,0.0019460000000011135,-0.00588600000000028,0.00588600000000028,-0.004340226523269486,0.004340226523269486,-0.0013500119488787377,0.0013500119488787377
2026-01-08,2026-01-09,4.2119,4.2127,Naive,4.2119,4.2119,4.21514,4.217121895510738,4.212304164113055,4.309224404917604,4.188955146162218,4.213152999999999,4.209932000000002,4.213437746098627,4.2101845945679806,-0.0007999999999999119,0.0007999999999999119,-0.0007999999999999119,0.0007999999999999119,0.0024399999999999977,0.0024399999999999977,0.0044218955107382385,0.0044218955107382385,-0.0003958358869446954,0.0003958358869446954,0.09652440491760395,0.09652440491760395,-0.023744853837781577,0.023744853837781577,0.00045299999999937057,0.00045299999999937057,-0.0027679999999978833,0.0027679999999978833,0.0007377460986273121,0.0007377460986273121,-0.0025154054320193353,0.0025154054320193353
2026-01-09,2026-01-12,4.2127,4.2097,Naive,4.2127,4.2127,4.21234,4.216317914508785,4.2111239871725346,4.309224404917604,4.234643565354218,4.2148140000000005,4.212115000000001,4.215109370008522,4.2119614670244525,0.0030000000000001137,0.0030000000000001137,0.0030000000000001137,0.0030000000000001137,0.00264000000000042,0.00264000000000042,0.006617914508785461,0.006617914508785461,0.0014239871725347797,0.0014239871725347797,0.09952440491760406,0.09952440491760406,0.024943565354218045,0.024943565354218045,0.005114000000000729,0.005114000000000729,0.002415000000000944,0.002415000000000944,0.005409370008521819,0.005409370008521819,0.0022614670244527346,0.0022614670244527346
2026-01-12,2026-01-13,4.2097,4.2116,Naive,4.2097,4.2097,4.21116,4.215114657325369,4.210364753377069,4.309224404917604,4.164613810320347,4.210217000000001,4.20363,4.209069601347113,4.208340606266252,-0.0019000000000000128,0.0019000000000000128,-0.0019000000000000128,0.0019000000000000128,-0.000440000000000218,0.000440000000000218,0.0035146573253692637,0.0035146573253692637,-0.0012352466229303971,0.0012352466229303971,0.09762440491760405,0.09762440491760405,-0.046986189679652846,0.046986189679652846,-0.0013829999999988019,0.0013829999999988019,-0.007969999999999366,0.007969999999999366,-0.002530398652886845,0.002530398652886845,-0.0032593937337477286,0.0032593937337477286
2026-01-13,2026-01-14,4.2116,4.211,Naive,4.2116,4.2116,4.21128,4.214475628720756,4.211488670040187,4.309224404917604,4.198535486315602,4.214073000000002,4.211231,4.214047795469625,4.211048038224509,0.0005999999999994898,0.0005999999999994898,0.0005999999999994898,0.0005999999999994898,0.000280000000000058,0.000280000000000058,0.0034756287207553527,0.0034756287207553527,0.0004886700401867117,0.0004886700401867117,0.09822440491760354,0.09822440491760354,-0.012464513684398604,0.012464513684398604,0.0030730000000014357,0.0030730000000014357,0.0002309999999994261,0.0002309999999994261,0.003047795469624859,0.003047795469624859,4.8038224508495375e-05,4.8038224508495375e-05
2026-01-14,2026-01-15,4.211,4.2068,Naive,4.211,4.211,4.21138,4.213843696226073,4.213037863391953,4.309224404917604,4.179049477465959,4.2111680000000025,4.209623000000001,4.209336153835985,4.21032188491866,0.0041999999999999815,0.0041999999999999815,0.0041999999999999815,0.0041999999999999815,0.0045799999999998064,0.0045799999999998064,0.007043696226072704,0.007043696226072704,0.006237863391953091,0.006237863391953091,0.10242440491760352,0.10242440491760352,-0.02775052253404109,0.02775052253404109,0.004368000000002148,0.004368000000002148,0.002823000000000242,0.002823000000000242,0.0025361538359849334,0.0025361538359849334,0.003521884918659346,0.003521884918659346
2026-01-15,2026-01-16,4.2068,4.2192,Naive,4.2068,4.2068,4.21036,4.212563024184968,4.208223250904735,4.309224404917604,4.182907753995963,4.204346000000002,4.200652,4.200406899766228,4.205337148604736,-0.012399999999999523,0.012399999999999523,-0.012399999999999523,0.012399999999999523,-0.008840000000000181,0.008840000000000181,-0.006636975815031754,0.006636975815031754,-0.010976749095265248,0.010976749095265248,0.090024404917604,0.090024404917604,-0.03629224600403713,0.03629224600403713,-0.014853999999997924,0.014853999999997924,-0.01854800000000001,0.01854800000000001,-0.01879310023377201,0.01879310023377201,-0.013862851395264109,0.013862851395264109
2026-01-16,2026-01-19,4.2192,4.2231,Naive,4.2192,4.2192,4.21166,4.213769747060429,4.218691817624244,4.309224404917604,4.250692596261516,4.2190140000000005,4.217063000000002,4.2226867248075735,4.21909615404155,-0.0038999999999997925,0.0038999999999997925,-0.0038999999999997925,0.0038999999999997925,-0.01143999999999945,0.01143999999999945,-0.009330252939570904,0.009330252939570904,-0.00440818237575602,0.00440818237575602,0.0861244049176042,0.0861244049176042,0.027592596261516,0.027592596261516,-0.004085999999999146,0.004085999999999146,-0.0060369999999974056,0.0060369999999974056,-0.00041327519242617683,0.00041327519242617683,-0.004003845958449936,0.004003845958449936
2026-01-19,2026-01-20,4.2231,4.2279,Naive,4.2231,4.2231,4.21434,4.215466156685805,4.224600438631304,4.309224404917604,4.183392925481851,4.218842000000001,4.217534999999999,4.220851242085619,4.22145455002635,-0.0048000000000003595,0.0048000000000003595,-0.0048000000000003595,0.0048000000000003595,-0.013560000000000016,0.013560000000000016,-0.012433843314195059,0.012433843314195059,-0.0032995613686956915,0.0032995613686956915,0.08132440491760384,0.08132440491760384,-0.04450707451814928,0.04450707451814928,-0.009057999999998678,0.009057999999998678,-0.010365000000001068,0.010365000000001068,-0.0070487579143811985,0.0070487579143811985,-0.006445449973649708,0.006445449973649708
2026-01-20,2026-01-21,4.2279,4.2271,Naive,4.2279,4.2279,4.2176,4.217726855470204,4.228713862173206,4.309224404917604,4.223675852435672,4.219684000000002,4.219931999999999,4.220934204412604,4.22958921107174,0.0007999999999999119,0.0007999999999999119,0.0007999999999999119,0.0007999999999999119,-0.009500000000000064,0.009500000000000064,-0.009373144529796207,0.009373144529796207,0.0016138621732055825,0.0016138621732055825,0.08212440491760375,0.08212440491760375,-0.0034241475643277397,0.0034241475643277397,-0.007415999999998313,0.007415999999998313,-0.007168000000000951,0.007168000000000951,-0.006165795587396161,0.006165795587396161,0.0024892110717402716,0.0024892110717402716
2026-01-21,2026-01-22,4.2271,4.2128,Naive,4.2271,4.2271,4.220820000000001,4.21943106356653,4.229053028162349,4.309224404917604,4.186411670303746,4.219315000000002,4.220707000000002,4.2205752213881516,4.227701921628433,0.014300000000000423,0.014300000000000423,0.014300000000000423,0.014300000000000423,0.008020000000001026,0.008020000000001026,0.006631063566530315,0.006631063566530315,0.016253028162349636,0.016253028162349636,0.09642440491760418,0.09642440491760418,-0.026388329696253265,0.026388329696253265,0.006515000000002047,0.006515000000002047,0.007907000000002107,0.007907000000002107,0.007775221388151898,0.007775221388151898,0.014901921628433179,0.014901921628433179
2026-01-22,2026-01-23,4.2128,4.205,Naive,4.2128,4.2128,4.22202,4.218225415645343,4.213696326390368,4.309224404917604,4.187264574593189,4.213595999999999,4.210907,4.2133566550968515,4.208226826925548,0.007799999999999585,0.007799999999999585,0.007799999999999585,0.007799999999999585,0.01701999999999959,0.01701999999999959,0.013225415645343297,0.013225415645343297,0.008696326390367659,0.008696326390367659,0.10422440491760376,0.10422440491760376,-0.017735425406811167,0.017735425406811167,0.008595999999998938,0.008595999999998938,0.0059069999999996625,0.0059069999999996625,0.008356655096851462,0.008356655096851462,0.0032268269255482096,0.0032268269255482096
2026-01-23,2026-01-26,4.205,4.2118,Naive,4.205,4.205,4.21918,4.215820794618916,4.204175178807125,4.309224404917604,4.222471391048805,4.2039480000000005,4.202766,4.2009718743765525,4.2035061948928725,-0.006800000000000139,0.006800000000000139,-0.006800000000000139,0.006800000000000139,0.007379999999999498,0.007379999999999498,0.004020794618916135,0.004020794618916135,-0.007624821192875331,0.007624821192875331,0.09742440491760362,0.09742440491760362,0.010671391048805212,0.010671391048805212,-0.007851999999999748,0.007851999999999748,-0.009034000000000653,0.009034000000000653,-0.010828125623447704,0.010828125623447704,-0.008293805107127739,0.008293805107127739
2026-01-26,2026-01-27,4.2118,4.2032,Naive,4.2118,4.2118,4.21692,4.21508974105184,4.2130846147512635,4.309224404917604,4.159412117540044,4.212743999999999,4.210807000000002,4.213479121248741,4.214190339752323,0.008600000000000385,0.008600000000000385,0.008600000000000385,0.008600000000000385,0.013720000000000176,0.013720000000000176,0.011889741051840375,0.011889741051840375,0.009884614751263676,0.009884614751263676,0.10602440491760401,0.10602440491760401,-0.043787882459955796,0.043787882459955796,0.009543999999999109,0.009543999999999109,0.007607000000001918,0.007607000000001918,0.010279121248741419,0.010279121248741419,0.010990339752322775,0.010990339752322775
2026-01-27,2026-01-28,4.2032,4.2009,Naive,4.2032,4.2032,4.2119800000000005,4.212927969951505,4.203465253213892,4.309224404917604,4.207457232017912,4.2044130000000015,4.200770999999998,4.199841539463193,4.198436046585227,0.0022999999999999687,0.0022999999999999687,0.0022999999999999687,0.0022999999999999687,0.011080000000000645,0.011080000000000645,0.012027969951505568,0.012027969951505568,0.002565253213892227,0.002565253213892227,0.10832440491760398,0.10832440491760398,0.006557232017912362,0.006557232017912362,0.0035130000000016537,0.0035130000000016537,-0.00012900000000204415,0.00012900000000204415,-0.0010584605368064715,0.0010584605368064715,-0.0024639534147725684,0.0024639534147725684
2026-01-28,2026-01-29,4.2009,4.2072,Naive,4.2009,4.2009,4.206739999999999,4.210741066323958,4.202918202125562,4.309224404917604,4.149057491712308,4.200003000000002,4.195876999999999,4.198433912796049,4.201297218302104,-0.006300000000000416,0.006300000000000416,-0.006300000000000416,0.006300000000000416,-0.0004600000000012372,0.0004600000000012372,0.0035410663239581197,0.0035410663239581197,-0.004281797874438276,0.004281797874438276,0.10202440491760356,0.10202440491760356,-0.058142508287692074,0.058142508287692074,-0.0071969999999978995,0.0071969999999978995,-0.01132300000000086,0.01132300000000086,-0.008766087203951223,0.008766087203951223,-0.0059027816978964864,0.0059027816978964864
2026-01-29,2026-01-30,4.2072,4.2131,Naive,4.2072,4.2072,4.205620000000001,4.210097236083239,4.207653781285013,4.309224404917604,4.170121533616621,4.2034259999999986,4.201825,4.20142151892603,4.205718337386226,-0.005899999999999572,0.005899999999999572,-0.005899999999999572,0.005899999999999572,-0.007479999999999265,0.007479999999999265,-0.0030027639167604647,0.0030027639167604647,-0.005446218714986628,0.005446218714986628,0.09612440491760399,0.09612440491760399,-0.042978466383378766,0.042978466383378766,-0.009674000000001293,0.009674000000001293,-0.01127499999999948,0.01127499999999948,-0.011678481073969849,0.011678481073969849,-0.007381662613774154,0.007381662613774154
2026-01-30,2026-02-02,4.2131,4.2106,Naive,4.2131,4.2131,4.2072400000000005,4.210643193159013,4.209408415084926,4.309224404917604,4.251233980366512,4.217979000000002,4.213969000000002,4.213279615581774,4.214324355116612,0.0024999999999995026,0.0024999999999995026,0.0024999999999995026,0.0024999999999995026,-0.0033599999999998076,0.0033599999999998076,4.31931590130219e-05,4.31931590130219e-05,-0.0011915849150740954,0.0011915849150740954,0.09862440491760349,0.09862440491760349,0.040633980366511224,0.040633980366511224,0.007379000000002023,0.007379000000002023,0.0033690000000019538,0.0033690000000019538,0.0026796155817736533,0.0026796155817736533,0.003724355116611733,0.003724355116611733
2026-02-02,2026-02-03,4.2106,4.2198,Naive,4.2106,4.2106,4.206999999999999,4.210635339857374,4.212474252777124,4.309224404917604,4.189683573398744,4.210599000000002,4.206734000000001,4.207376673478436,4.20934196584179,-0.009199999999999875,0.009199999999999875,-0.009199999999999875,0.009199999999999875,-0.012800000000001255,0.012800000000001255,-0.009164660142626069,0.009164660142626069,-0.0073257472228762666,0.0073257472228762666,0.08942440491760362,0.08942440491760362,-0.03011642660125613,0.03011642660125613,-0.009200999999998238,0.009200999999998238,-0.013065999999999356,0.013065999999999356,-0.012423326521564526,0.012423326521564526,-0.010458034158210339,0.010458034158210339
2026-02-03,2026-02-04,4.2198,4.2241,Naive,4.2198,4.2198,4.21032,4.212301641701488,4.220571110192431,4.309224404917604,4.264594131640397,4.2200250000000015,4.218396,4.2207443646860945,4.22122400185035,-0.0042999999999997485,0.0042999999999997485,-0.0042999999999997485,0.0042999999999997485,-0.013779999999999681,0.013779999999999681,-0.01179835829851239,0.01179835829851239,-0.0035288898075691577,0.0035288898075691577,0.08512440491760387,0.08512440491760387,0.04049413164039706,0.04049413164039706,-0.0040749999999984965,0.0040749999999984965,-0.005703999999999709,0.005703999999999709,-0.0033556353139054806,0.0033556353139054806,-0.0028759981496495612,0.0028759981496495612
2026-02-04,2026-02-05,4.2241,4.2175,Naive,4.2241,4.2241,4.2149600000000005,4.2144467977557625,4.226315379395526,4.309224404917604,4.20318482181443,4.220794000000001,4.217036,4.2216460126683435,4.2245303538605485,0.006599999999999717,0.006599999999999717,0.006599999999999717,0.006599999999999717,-0.0025399999999997647,0.0025399999999997647,-0.0030532022442377738,0.0030532022442377738,0.008815379395525902,0.008815379395525902,0.09172440491760359,0.09172440491760359,-0.014315178185570154,0.014315178185570154,0.003294000000000352,0.003294000000000352,-0.00046400000000001995,0.00046400000000001995,0.004146012668343246,0.004146012668343246,0.0070303538605482885,0.0070303538605482885
2026-02-05,2026-02-06,4.2175,4.2155,Naive,4.2175,4.2175,4.217020000000001,4.215001925436533,4.219382992699657,4.309224404917604,4.182941008018922,4.215638000000001,4.215144,4.217326200098639,4.216600924783713,0.002000000000000668,0.002000000000000668,0.002000000000000668,0.002000000000000668,0.001520000000001076,0.001520000000001076,-0.0004980745634668438,0.0004980745634668438,0.003882992699657528,0.003882992699657528,0.09372440491760425,0.09372440491760425,-0.03255899198107759,0.03255899198107759,0.0001380000000015258,0.0001380000000015258,-0.00035600000000002296,0.00035600000000002296,0.001826200098639319,0.001826200098639319,0.0011009247837137082,0.0011009247837137082
2026-02-06,2026-02-09,4.2155,4.2142,Naive,4.2155,4.2155,4.2175,4.215092484448072,4.215484825197386,4.309224404917604,4.26299637839804,4.217344000000002,4.212655,4.213342809820409,4.214911532141554,0.0012999999999996348,0.0012999999999996348,0.0012999999999996348,0.0012999999999996348,0.0033000000000003027,0.0033000000000003027,0.0008924844480722172,0.0008924844480722172,0.0012848251973860414,0.0012848251973860414,0.09502440491760389,0.09502440491760389,0.0487963783980403,0.0487963783980403,0.003144000000002478,0.003144000000002478,-0.0015450000000001296,0.0015450000000001296,-0.0008571901795910719,0.0008571901795910719,0.0007115321415538389,0.0007115321415538389
2026-02-09,2026-02-10,4.2142,4.2148,Naive,4.2142,4.2142,4.21822,4.214930214548422,4.214906107640714,4.309224404917604,4.169892089017876,4.215019000000002,4.212131,4.211767233416438,4.215210909900912,-0.000600000000000378,0.000600000000000378,-0.000600000000000378,0.000600000000000378,0.0034199999999993125,0.0034199999999993125,0.0001302145484221029,0.0001302145484221029,0.00010610764071383727,0.00010610764071383727,0.09442440491760351,0.09442440491760351,-0.044907910982124655,0.044907910982124655,0.0002190000000013015,0.0002190000000013015,-0.0026690000000000325,0.0026690000000000325,-0.0030327665835621076,0.0030327665835621076,0.0004109099009115269,0.0004109099009115269
2026-02-10,2026-02-11,4.2148,4.2174,Naive,4.2148,4.2148,4.217219999999999,4.214906539175982,4.215692152231706,4.309224404917604,4.244516754873827,4.216044000000004,4.2131229999999995,4.212354867600948,4.215108388040061,-0.0025999999999992696,0.0025999999999992696,-0.0025999999999992696,0.0025999999999992696,-0.00018000000000029104,0.00018000000000029104,-0.0024934608240174683,0.0024934608240174683,-0.001707847768293469,0.001707847768293469,0.09182440491760424,0.09182440491760424,0.02711675487382781,0.02711675487382781,-0.001355999999995916,0.001355999999995916,-0.004277000000000086,0.004277000000000086,-0.005045132399051688,0.005045132399051688,-0.0022916119599383222,0.0022916119599383222
2026-02-11,2026-02-12,4.2174,4.2131,Naive,4.2174,4.2174,4.21588,4.21535989568944,4.218948412901623,4.309224404917604,4.172739855885907,4.215739000000002,4.215090000000001,4.217989513191216,4.217704019224841,0.0042999999999997485,0.0042999999999997485,0.0042999999999997485,0.0042999999999997485,0.0027800000000004488,0.0027800000000004488,0.0022598956894404054,0.0022598956894404054,0.005848412901623412,0.005848412901623412,0.09612440491760399,0.09612440491760399,-0.04036014411409283,0.04036014411409283,0.0026390000000020564,0.0026390000000020564,0.0019900000000010465,0.0019900000000010465,0.0048895131912161105,0.0048895131912161105,0.004604019224840883,0.004604019224840883
2026-02-12,2026-02-13,4.2131,4.214,Naive,4.2131,4.2131,4.214999999999999,4.214949005564088,4.213162472081333,4.309224404917604,4.192332638165876,4.213902000000001,4.210756999999998,4.213774246450535,4.210837974278299,-0.000900000000000567,0.000900000000000567,-0.000900000000000567,0.000900000000000567,0.0009999999999985576,0.0009999999999985576,0.0009490055640872797,0.0009490055640872797,-0.0008375279186676465,0.0008375279186676465,0.09522440491760342,0.09522440491760342,-0.02166736183412432,0.02166736183412432,-9.799999999948739e-05,9.799999999948739e-05,-0.0032430000000021053,0.0032430000000021053,-0.00022575354946496873,0.00022575354946496873,-0.0031620257217017667,0.0031620257217017667
2026-02-13,2026-02-16,4.214,4.208,Naive,4.214,4.214,4.2147,4.21477645909789,4.21258136761512,4.309224404917604,4.271136824100697,4.214197000000002,4.211084999999998,4.213849750734993,4.215150663353743,0.006000000000000227,0.006000000000000227,0.006000000000000227,0.006000000000000227,0.006699999999999484,0.006699999999999484,0.00677645909788982,0.00677645909788982,0.004581367615119625,0.004581367615119625,0.10122440491760365,0.10122440491760365,0.0631368241006971,0.0631368241006971,0.0061970000000020065,0.0061970000000020065,0.003084999999997784,0.003084999999997784,0.005849750734992831,0.005849750734992831,0.007150663353742814,0.007150663353742814
2026-02-16,2026-02-17,4.208,4.2182,Naive,4.208,4.208,4.21346,4.213544375625546,4.209393305146342,4.309224404917604,4.190451729696626,4.204980000000001,4.201447999999999,4.200541935914896,4.20607205803764,-0.010200000000000209,0.010200000000000209,-0.010200000000000209,0.010200000000000209,-0.0047399999999999665,0.0047399999999999665,-0.004655624374453993,0.004655624374453993,-0.008806694853658037,0.008806694853658037,0.09102440491760344,0.09102440491760344,-0.027748270303374234,0.027748270303374234,-0.013219999999999565,0.013219999999999565,-0.01675200000000121,0.01675200000000121,-0.017658064085104286,0.017658064085104286,-0.012127941962360111,0.012127941962360111
2026-02-17,2026-02-18,4.2182,4.2148,Naive,4.2182,4.2182,4.21414,4.214390852784538,4.218149994237001,4.309224404917604,4.252284173102145,4.217833000000003,4.214852000000002,4.217312992891373,4.215675413245286,0.0034000000000000696,0.0034000000000000696,0.0034000000000000696,0.0034000000000000696,-0.0006599999999998829,0.0006599999999998829,-0.00040914721546236876,0.00040914721546236876,0.003349994237000331,0.003349994237000331,0.09442440491760351,0.09442440491760351,0.03748417310214425,0.03748417310214425,0.00303300000000295,0.00303300000000295,5.2000000001939384e-05,5.2000000001939384e-05,0.002512992891372967,0.002512992891372967,0.0008754132452857277,0.0008754132452857277
2026-02-18,2026-02-19,4.2148,4.222,Naive,4.2148,4.2148,4.213620000000001,4.214465243187349,4.21777024826018,4.309224404917604,4.182889449164117,4.217824000000002,4.212717,4.211638160474984,4.215676890975238,-0.007200000000000095,0.007200000000000095,-0.007200000000000095,0.007200000000000095,-0.008379999999999832,0.008379999999999832,-0.007534756812651366,0.007534756812651366,-0.004229751739820209,0.004229751739820209,0.08722440491760342,0.08722440491760342,-0.03911055083588355,0.03911055083588355,-0.004175999999998403,0.004175999999998403,-0.009283000000000818,0.009283000000000818,-0.010361839525016237,0.010361839525016237,-0.00632310902476263,0.00632310902476263
2026-02-19,2026-02-20,4.222,4.2241,Naive,4.222,4.222,4.215400000000001,4.215835198971467,4.222679000928506,4.309224404917604,4.199015601132352,4.221546000000002,4.219839,4.21954212058218,4.221369876704445,-0.0020999999999995467,0.0020999999999995467,-0.0020999999999995467,0.0020999999999995467,-0.008699999999999264,0.008699999999999264,-0.008264801028532887,0.008264801028532887,-0.0014209990714943999,0.0014209990714943999,0.08512440491760387,0.08512440491760387,-0.025084398867647906,0.025084398867647906,-0.002553999999998169,0.002553999999998169,-0.004260999999999626,0.004260999999999626,-0.004557879417819599,0.004557879417819599,-0.002730123295554776,0.002730123295554776
2026-02-20,2026-02-23,4.2241,4.2173,Naive,4.2241,4.2241,4.21742,4.217337890067563,4.22368406842258,4.309224404917604,4.28338254929329,4.221133000000002,4.217165999999999,4.2204020142980445,4.225431308795849,0.006800000000000139,0.006800000000000139,0.006800000000000139,0.006800000000000139,0.00011999999999989797,0.00011999999999989797,3.789006756349522e-05,3.789006756349522e-05,0.0063840684225802136,0.0063840684225802136,0.09192440491760401,0.09192440491760401,0.0660825492932906,0.0660825492932906,0.0038330000000019737,0.0038330000000019737,-0.00013400000000096668,0.00013400000000096668,0.0031020142980446863,0.0031020142980446863,0.008131308795849002,0.008131308795849002
2026-02-23,2026-02-24,4.2173,4.2193,Naive,4.2173,4.2173,4.21928,4.21733100096437,4.218899011602109,4.309224404917604,4.188213032917887,4.217261000000001,4.213904999999999,4.215298248414643,4.220319609731803,-0.0019999999999997797,0.0019999999999997797,-0.0019999999999997797,0.0019999999999997797,-1.9999999999242846e-05,1.9999999999242846e-05,-0.0019689990356299703,0.0019689990356299703,-0.00040098839789060037,0.00040098839789060037,0.08992440491760423,0.08992440491760423,-0.031086967082112338,0.031086967082112338,-0.002038999999999014,0.002038999999999014,-0.005395000000000927,0.005395000000000927,-0.004001751585356317,0.004001751585356317,0.0010196097318031505,0.0010196097318031505
2026-02-24,2026-02-25,4.2193,4.2183,Naive,4.2193,4.2193,4.2195,4.217689000789029,4.220358137878823,4.309224404917604,4.251917446693815,4.218297000000002,4.215344000000001,4.219321847252606,4.2193527721555935,0.0009999999999994458,0.0009999999999994458,0.0009999999999994458,0.0009999999999994458,0.0011999999999998678,0.0011999999999998678,-0.0006109992109708529,0.0006109992109708529,0.0020581378788229188,0.0020581378788229188,0.09092440491760367,0.09092440491760367,0.033617446693814834,0.033617446693814834,-2.9999999977547986e-06,2.9999999977547986e-06,-0.0029559999999992925,0.0029559999999992925,0.0010218472526055677,0.0010218472526055677,0.0010527721555932956,0.0010527721555932956
2026-02-25,2026-02-26,4.2183,4.2224,Naive,4.2183,4.2183,4.2202,4.21780009155466,4.220034794937655,4.309224404917604,4.177428250163676,4.216020000000003,4.213805000000001,4.220367859252797,4.2183443722284855,-0.004100000000000215,0.004100000000000215,-0.004100000000000215,0.004100000000000215,-0.002200000000000202,0.002200000000000202,-0.004599908445340084,0.004599908445340084,-0.002365205062345055,0.002365205062345055,0.08682440491760346,0.08682440491760346,-0.044971749836324015,0.044971749836324015,-0.006379999999997388,0.006379999999997388,-0.008594999999999686,0.008594999999999686,-0.0020321407472030373,0.0020321407472030373,-0.004055627771514914,0.004055627771514914
2026-02-26,2026-02-27,4.2224,4.2233,Naive,4.2224,4.2224,4.22028,4.218636438544722,4.2230219290314395,4.309224404917604,4.210701863352487,4.2199940000000025,4.218196000000001,4.221474839026429,4.221329855858485,-0.0008999999999996788,0.0008999999999996788,-0.0008999999999996788,0.0008999999999996788,-0.0030200000000002447,0.0030200000000002447,-0.004663561455277687,0.004663561455277687,-0.0002780709685605842,0.0002780709685605842,0.08592440491760378,0.08592440491760378,-0.012598136647513414,0.012598136647513414,-0.0033059999999975886,0.0033059999999975886,-0.005103999999999331,0.005103999999999331,-0.0018251609735706609,0.0018251609735706609,-0.0019701441415147514,0.0019701441415147514
2026-02-27,2026-03-02,4.2233,4.2304,Naive,4.2233,4.2233,4.22012,4.219484358809318,4.223037620381452,4.309224404917604,4.26011584598494,4.219130000000002,4.218284,4.222342540351988,4.222427568244676,-0.007100000000000328,0.007100000000000328,-0.007100000000000328,0.007100000000000328,-0.010280000000000733,0.010280000000000733,-0.010915641190682557,0.010915641190682557,-0.007362379618548687,0.007362379618548687,0.07882440491760345,0.07882440491760345,0.02971584598493937,0.02971584598493937,-0.011269999999998781,0.011269999999998781,-0.012116000000000682,0.012116000000000682,-0.008057459648012077,0.008057459648012077,-0.007972431755324472,0.007972431755324472
2026-03-02,2026-03-03,4.2304,4.2732,Naive,4.2304,4.2304,4.22274,4.221469020843987,4.2312678279296785,4.309224404917604,4.230207897813888,4.225725000000004,4.223905000000002,4.222478466378362,4.229213721183109,-0.04279999999999973,0.04279999999999973,-0.04279999999999973,0.04279999999999973,-0.05046000000000017,0.05046000000000017,-0.05173097915601321,0.05173097915601321,-0.04193217207032163,0.04193217207032163,0.036024404917603725,0.036024404917603725,-0.042992102186111936,0.042992102186111936,-0.04747499999999594,0.04747499999999594,-0.04929499999999809,0.04929499999999809,-0.05072153362163778,0.05072153362163778,-0.04398627881689077,0.04398627881689077
2026-03-03,2026-03-04,4.2732,4.2685,Naive,4.2732,4.2732,4.23352,4.230874653417807,4.272603940158045,4.309224404917604,4.308346189604066,4.268554000000002,4.266704999999999,4.278125748854417,4.29676355242579,0.004699999999999704,0.004699999999999704,0.004699999999999704,0.004699999999999704,-0.03498000000000001,0.03498000000000001,-0.03762534658219341,0.03762534658219341,0.0041039401580444945,0.0041039401580444945,0.04072440491760343,0.04072440491760343,0.03984618960406561,0.03984618960406561,5.400000000133076e-05,5.400000000133076e-05,-0.0017950000000013233,0.0017950000000013233,0.009625748854416472,0.009625748854416472,0.028263552425789484,0.028263552425789484
2026-03-04,2026-03-05,4.2685,4.2739,Naive,4.2685,4.2685,4.24356,4.23771562552366,4.270457338893201,4.309224404917604,4.20004494922113,4.268073,4.2661289999999985,4.26623337392628,4.269843719591229,-0.005399999999999849,0.005399999999999849,-0.005399999999999849,0.005399999999999849,-0.03033999999999981,0.03033999999999981,-0.03618437447634015,0.03618437447634015,-0.0034426611067992496,0.0034426611067992496,0.03532440491760358,0.03532440491760358,-0.07385505077887,0.07385505077887,-0.005827000000000027,0.005827000000000027,-0.007771000000001749,0.007771000000001749,-0.007666626073720373,0.007666626073720373,-0.004056280408771151,0.004056280408771151
2026-03-05,2026-03-06,4.2739,4.2782,Naive,4.2739,4.2739,4.25386,4.244294602701176,4.274295325669748,4.309224404917604,4.2535374973085,4.2631840000000025,4.262921,4.2708812594932075,4.276786844828674,-0.0042999999999997485,0.0042999999999997485,-0.0042999999999997485,0.0042999999999997485,-0.024339999999999584,0.024339999999999584,-0.033905397298823914,0.033905397298823914,-0.0039046743302524334,0.0039046743302524334,0.03102440491760383,0.03102440491760383,-0.024662502691500165,0.024662502691500165,-0.015015999999997476,0.015015999999997476,-0.015278999999999598,0.015278999999999598,-0.007318740506792487,0.007318740506792487,-0.0014131551713258972,0.0014131551713258972
2026-03-06,2026-03-09,4.2782,4.2836,Naive,4.2782,4.2782,4.26484,4.250459220391871,4.278232325473524,4.309224404917604,4.281504574434851,4.267368000000002,4.269742999999998,4.268552500739777,4.2816635105911915,-0.005399999999999849,0.005399999999999849,-0.005399999999999849,0.005399999999999849,-0.018759999999999444,0.018759999999999444,-0.03314077960812867,0.03314077960812867,-0.005367674526476129,0.005367674526476129,0.025624404917603982,0.025624404917603982,-0.0020954255651490783,0.0020954255651490783,-0.016231999999997804,0.016231999999997804,-0.013857000000001563,0.013857000000001563,-0.01504749926022253,0.01504749926022253,-0.0019364894088083062,0.0019364894088083062
2026-03-09,2026-03-10,4.2836,4.2555,Naive,4.2836,4.2836,4.27548,4.2564848166842575,4.283626790328897,4.309224404917604,4.286245353725641,4.283798999999999,4.284696,4.281651092006565,4.287521197456347,0.028100000000000236,0.028100000000000236,0.028100000000000236,0.028100000000000236,0.01998000000000033,0.01998000000000033,0.000984816684257872,0.000984816684257872,0.028126790328897755,0.028126790328897755,0.05372440491760422,0.05372440491760422,0.030745353725641245,0.030745353725641245,0.02829899999999963,0.02829899999999963,0.029196000000000666,0.029196000000000666,0.026151092006565513,0.026151092006565513,0.03202119745634757,0.03202119745634757
2026-03-10,2026-03-11,4.2555,4.274,Naive,4.2555,4.2555,4.27194,4.2563057591053015,4.257460619946254,4.309224404917604,4.141876591082887,4.261842000000001,4.263723,4.256562546644616,4.263954432440291,-0.018500000000000405,0.018500000000000405,-0.018500000000000405,0.018500000000000405,-0.002060000000000173,0.002060000000000173,-0.01769424089469851,0.01769424089469851,-0.016539380053745667,0.016539380053745667,0.03522440491760381,0.03522440491760381,-0.1321234089171126,0.1321234089171126,-0.012157999999999447,0.012157999999999447,-0.010277000000000314,0.010277000000000314,-0.017437453355383603,0.017437453355383603,-0.010045567559709312,0.010045567559709312
2026-03-11,2026-03-12,4.274,4.2629,Naive,4.274,4.274,4.27304,4.259522893813428,4.275322268272604,4.309224404917604,4.258402818089763,4.274679,4.2730500000000005,4.27205716025161,4.274357421046427,0.011099999999999888,0.011099999999999888,0.011099999999999888,0.011099999999999888,0.010139999999999816,0.010139999999999816,-0.003377106186571943,0.003377106186571943,0.012422268272604065,0.012422268272604065,0.0463244049176037,0.0463244049176037,-0.004497181910236847,0.004497181910236847,0.011778999999999762,0.011778999999999762,0.010150000000000325,0.010150000000000325,0.009157160251610286,0.009157160251610286,0.011457421046427108,0.011457421046427108
2026-03-12,2026-03-13,4.2629,4.2693,Naive,4.2629,4.2629,4.27084,4.2601369131200775,4.262691283836027,4.309224404917604,4.2216224308677495,4.265551000000002,4.2662070000000005,4.260617337146132,4.273637099419144,-0.006400000000000183,0.006400000000000183,-0.006400000000000183,0.006400000000000183,0.0015399999999994307,0.0015399999999994307,-0.009163086879922844,0.009163086879922844,-0.006608716163973405,0.006608716163973405,0.03992440491760352,0.03992440491760352,-0.04767756913225085,0.04767756913225085,-0.003748999999998226,0.003748999999998226,-0.0030929999999997904,0.0030929999999997904,-0.008682662853868095,0.008682662853868095,0.00433709941914362,0.00433709941914362
2026-03-13,2026-03-16,4.2693,4.2694,Naive,4.2693,4.2693,4.2690600000000005,4.261802928916427,4.266963685708674,4.309224404917604,4.254011124585929,4.268756999999999,4.261195,4.266967658263921,4.270051395015165,-9.999999999976694e-05,9.999999999976694e-05,-9.999999999976694e-05,9.999999999976694e-05,-0.0003399999999995629,0.0003399999999995629,-0.007597071083573326,0.007597071083573326,-0.0024363142913257363,0.0024363142913257363,0.03982440491760375,0.03982440491760375,-0.015388875414070746,0.015388875414070746,-0.0006430000000010594,0.0006430000000010594,-0.00820500000000024,0.00820500000000024,-0.002432341736079202,0.002432341736079202,0.0006513950151649794,0.0006513950151649794
2026-03-16,2026-03-17,4.2694,4.2666,Naive,4.2694,4.2694,4.266220000000001,4.2631842145679855,4.270244331228666,4.309224404917604,4.2361086663008685,4.269379999999999,4.265668,4.266810227075341,4.273428490682403,0.0027999999999996916,0.0027999999999996916,0.0027999999999996916,0.0027999999999996916,-0.0003799999999998249,0.0003799999999998249,-0.0034157854320149283,0.0034157854320149283,0.003644331228665365,0.003644331228665365,0.04262440491760344,0.04262440491760344,-0.03049133369913193,0.03049133369913193,0.0027799999999986724,0.0027799999999986724,-0.000932000000000599,0.000932000000000599,0.00021022707534079643,0.00021022707534079643,0.006828490682402766,0.006828490682402766
2026-03-17,2026-03-18,4.2666,4.2613,Naive,4.2666,4.2666,4.26844,4.263805266464715,4.264604887255034,4.309224404917604,4.247111796363736,4.2709579999999985,4.268968999999999,4.266898325832738,4.270490170019019,0.005300000000000082,0.005300000000000082,0.005300000000000082,0.005300000000000082,0.007139999999999702,0.007139999999999702,0.002505266464714495,0.002505266464714495,0.0033048872550338615,0.0033048872550338615,0.047924404917603525,0.047924404917603525,-0.014188203636264163,0.014188203636264163,0.009657999999998168,0.009657999999998168,0.007668999999999038,0.007668999999999038,0.005598325832737672,0.005598325832737672,0.009190170019018673,0.009190170019018673
2026-03-18,2026-03-19,4.2613,4.2782,Naive,4.2613,4.2613,4.2659,4.26334976347113,4.263866330284304,4.309224404917604,4.272002891112661,4.26205,4.261245999999999,4.260291472666147,4.265716564552338,-0.016899999999999693,0.016899999999999693,-0.016899999999999693,0.016899999999999693,-0.012299999999999756,0.012299999999999756,-0.014850236528870298,0.014850236528870298,-0.01433366971569594,0.01433366971569594,0.03102440491760383,0.03102440491760383,-0.006197108887339375,0.006197108887339375,-0.016149999999999665,0.016149999999999665,-0.016954000000001024,0.016954000000001024,-0.017908527333853286,0.017908527333853286,-0.012483435447662394,0.012483435447662394
2026-03-19,2026-03-20,4.2782,4.2768,Naive,4.2782,4.2782,4.268960000000001,4.266049806476379,4.278964952012382,4.309224404917604,4.255428364384121,4.275339999999999,4.273245999999998,4.2754406539446785,4.277240955664952,0.00140000000000029,0.00140000000000029,0.00140000000000029,0.00140000000000029,-0.007839999999998959,0.007839999999998959,-0.010750193523620943,0.010750193523620943,0.002164952012382315,0.002164952012382315,0.03242440491760412,0.03242440491760412,-0.021371635615878404,0.021371635615878404,-0.001460000000000683,0.001460000000000683,-0.0035540000000020555,0.0035540000000020555,-0.0013593460553211756,0.0013593460553211756,0.00044095566495272465,0.00044095566495272465
2026-03-20,2026-03-23,4.2768,4.2867,Naive,4.2768,4.2768,4.27046,4.268004387117037,4.275771070865358,4.309224404917604,4.273035962015173,4.27816,4.279004999999997,4.275807119908989,4.282296644407679,-0.00990000000000002,0.00990000000000002,-0.00990000000000002,0.00990000000000002,-0.01623999999999981,0.01623999999999981,-0.018695612882963175,0.018695612882963175,-0.01092892913464194,0.01092892913464194,0.0225244049176041,0.0225244049176041,-0.013664037984826294,0.013664037984826294,-0.008539999999999992,0.008539999999999992,-0.007695000000002672,0.007695000000002672,-0.01089288009101086,0.01089288009101086,-0.004403355592320857,0.004403355592320857
2026-03-23,2026-03-24,4.2867,4.2728,Naive,4.2867,4.2867,4.27392,4.271403589459394,4.288165894135562,4.309224404917604,4.302061124643036,4.287574000000002,4.290817000000001,4.285716949629422,4.287884568049025,0.01389999999999958,0.01389999999999958,0.01389999999999958,0.01389999999999958,0.001120000000000232,0.001120000000000232,-0.001396410540606574,0.001396410540606574,0.015365894135562108,0.015365894135562108,0.03642440491760368,0.03642440491760368,0.02926112464303543,0.02926112464303543,0.014774000000001841,0.014774000000001841,0.018017000000001282,0.018017000000001282,0.012916949629421914,0.012916949629421914,0.015084568049024583,0.015084568049024583
2026-03-24,2026-03-25,4.2728,4.2692,Naive,4.2728,4.2728,4.27516,4.271657482284958,4.27460025975922,4.309224404917604,4.237093325538021,4.268367999999999,4.268210999999999,4.274829694044563,4.283654471220411,0.0036000000000004917,0.0036000000000004917,0.0036000000000004917,0.0036000000000004917,0.005959999999999965,0.005959999999999965,0.0024574822849583455,0.0024574822849583455,0.005400259759220205,0.005400259759220205,0.04002440491760417,0.04002440491760417,-0.03210667446197846,0.03210667446197846,-0.0008320000000008321,0.0008320000000008321,-0.0009890000000005728,0.0009890000000005728,0.005629694044563038,0.005629694044563038,0.014454471220411769,0.014454471220411769
2026-03-25,2026-03-26,4.2692,4.271,Naive,4.2692,4.2692,4.27674,4.271210667324056,4.269041875791591,4.309224404917604,4.219666977835273,4.2710279999999985,4.265738999999998,4.267505240207017,4.266541868223176,-0.0018000000000002458,0.0018000000000002458,-0.0018000000000002458,0.0018000000000002458,0.0057400000000003,0.0057400000000003,0.00021066732405650157,0.00021066732405650157,-0.001958124208409018,0.001958124208409018,0.03822440491760393,0.03822440491760393,-0.05133302216472657,0.05133302216472657,2.7999999998584713e-05,2.7999999998584713e-05,-0.0052610000000017365,0.0052610000000017365,-0.003494759792983082,0.003494759792983082,-0.004458131776823748,0.004458131776823748
2026-03-26,2026-03-27,4.271,4.2858,Naive,4.271,4.271,4.2753,4.271172364174228,4.273212788323501,4.309224404917604,4.267080810004282,4.274385999999998,4.265726999999999,4.272532901058271,4.270911981510439,-0.014800000000000146,0.014800000000000146,-0.014800000000000146,0.014800000000000146,-0.010500000000000398,0.010500000000000398,-0.014627635825772423,0.014627635825772423,-0.012587211676499344,0.012587211676499344,0.02342440491760378,0.02342440491760378,-0.018719189995717755,0.018719189995717755,-0.011414000000002034,0.011414000000002034,-0.020073000000000896,0.020073000000000896,-0.013267098941729394,0.013267098941729394,-0.014888018489561006,0.014888018489561006
2026-03-27,2026-03-30,4.2858,4.2832,Naive,4.2858,4.2858,4.2771,4.273831934324368,4.2815119855842045,4.309224404917604,4.2732711342915914,4.284223,4.288467000000001,4.286297644979277,4.275004071933596,0.0026000000000001577,0.0026000000000001577,0.0026000000000001577,0.0026000000000001577,-0.006099999999999994,0.006099999999999994,-0.009368065675632309,0.009368065675632309,-0.001688014415795358,0.001688014415795358,0.026024404917603938,0.026024404917603938,-0.009928865708408452,0.009928865708408452,0.0010229999999999961,0.0010229999999999961,0.005267000000000799,0.005267000000000799,0.0030976449792774474,0.0030976449792774474,-0.008195928066403901,0.008195928066403901
2026-03-30,2026-03-31,4.2832,4.2894,Naive,4.2832,4.2832,4.276400000000001,4.2755352189926645,4.283684559950785,4.309224404917604,4.256268352342021,4.283008999999999,4.286077999999999,4.2838171769541145,4.278065737149269,-0.006199999999999761,0.006199999999999761,-0.006199999999999761,0.006199999999999761,-0.012999999999999012,0.012999999999999012,-0.013864781007335125,0.013864781007335125,-0.005715440049214315,0.005715440049214315,0.019824404917604177,0.019824404917604177,-0.033131647657978824,0.033131647657978824,-0.006391000000000702,0.006391000000000702,-0.0033220000000007133,0.0033220000000007133,-0.005582823045885199,0.005582823045885199,-0.011334262850730248,0.011334262850730248
2026-03-31,2026-04-01,4.2894,4.2874,Naive,4.2894,4.2894,4.27972,4.278056088266725,4.290494034970799,4.309224404917604,4.3567823601756945,4.291388000000003,4.292678000000002,4.291411438968088,4.286784113555428,0.0019999999999997797,0.0019999999999997797,0.0019999999999997797,0.0019999999999997797,-0.007679999999999687,0.007679999999999687,-0.009343911733274979,0.009343911733274979,0.0030940349707995196,0.0030940349707995196,0.021824404917603957,0.021824404917603957,0.06938236017569466,0.06938236017569466,0.003988000000003211,0.003988000000003211,0.005278000000002336,0.005278000000002336,0.004011438968087866,0.004011438968087866,-0.0006158864445717782,0.0006158864445717782
2026-04-01,2026-04-02,4.2874,4.2869,Naive,4.2874,4.2874,4.28336,4.2797549813091385,4.289104878686293,4.309224404917604,4.2507616384390525,4.288622000000001,4.292992,4.285490190891298,4.284233929982886,0.0004999999999997229,0.0004999999999997229,0.0004999999999997229,0.0004999999999997229,-0.0035400000000000986,0.0035400000000000986,-0.007145018690861704,0.007145018690861704,0.0022048786862924885,0.0022048786862924885,0.02232440491760368,0.02232440491760368,-0.03613836156094763,0.03613836156094763,0.0017220000000008895,0.0017220000000008895,0.006091999999999764,0.006091999999999764,-0.0014098091087024756,0.0014098091087024756,-0.002666070017114386,0.002666070017114386
2026-04-02,2026-04-03,4.2869,4.2776,Naive,4.2869,4.2869,4.2865400000000005,4.281054075616568,4.2847081067155965,4.309224404917604,4.229201013702765,4.288290000000002,4.289432,4.2866551081068245,4.288765551752998,0.00930000000000053,0.00930000000000053,0.00930000000000053,0.00930000000000053,0.008940000000000836,0.008940000000000836,0.0034540756165686304,0.0034540756165686304,0.007108106715596918,0.007108106715596918,0.03162440491760421,0.03162440491760421,-0.048398986297234714,0.048398986297234714,0.010690000000002087,0.010690000000002087,0.011832000000000065,0.011832000000000065,0.00905510810682486,0.00905510810682486,0.011165551752998049,0.011165551752998049
2026-04-03,2026-04-07,4.2776,4.2694,Naive,4.2776,4.2776,4.2849,4.280426061868101,4.277351786898908,4.309224404917604,4.3249501728040105,4.276019999999999,4.276742999999999,4.274621096511455,4.280461374333586,0.008199999999999541,0.008199999999999541,0.008199999999999541,0.008199999999999541,0.015500000000000291,0.015500000000000291,0.011026061868101067,0.011026061868101067,0.007951786898908075,0.007951786898908075,0.03982440491760375,0.03982440491760375,0.05555017280401042,0.05555017280401042,0.00661999999999896,0.00661999999999896,0.007342999999998767,0.007342999999998767,0.005221096511454526,0.005221096511454526,0.011061374333586116,0.011061374333586116
2026-04-07,2026-04-08,4.2694,4.2623,Naive,4.2694,4.2694,4.28214,4.278421323346628,4.268692747838761,4.309224404917604,4.231236568051289,4.271209999999997,4.270123999999998,4.267976598857712,4.2681915416733585,0.007100000000000328,0.007100000000000328,0.007100000000000328,0.007100000000000328,0.019840000000000302,0.019840000000000302,0.016121323346628635,0.016121323346628635,0.006392747838761537,0.006392747838761537,0.04692440491760408,0.04692440491760408,-0.031063431948711084,0.031063431948711084,0.008909999999997531,0.008909999999997531,0.007823999999998499,0.007823999999998499,0.005676598857712101,0.005676598857712101,0.005891541673358702,0.005891541673358702
2026-04-08,2026-04-09,4.2623,4.261,Naive,4.2623,4.2623,4.276719999999999,4.275490173647241,4.265240554355353,4.309224404917604,4.26838820425346,4.2642430000000004,4.265587,4.2619699990340285,4.262839142011559,0.0012999999999996348,0.0012999999999996348,0.0012999999999996348,0.0012999999999996348,0.015719999999999068,0.015719999999999068,0.014490173647240923,0.014490173647240923,0.004240554355352977,0.004240554355352977,0.048224404917603714,0.048224404917603714,0.007388204253460096,0.007388204253460096,0.003243000000000329,0.003243000000000329,0.004586999999999897,0.004586999999999897,0.0009699990340283904,0.0009699990340283904,0.0018391420115584367,0.0018391420115584367
2026-04-09,2026-04-10,4.261,4.2534,Naive,4.261,4.261,4.27144,4.27285559662047,4.261157565524807,4.309224404917604,4.215264083125199,4.261985999999999,4.262098,4.263573719175862,4.260285623505453,0.007600000000000051,0.007600000000000051,0.007600000000000051,0.007600000000000051,0.018040000000000056,0.018040000000000056,0.01945559662047014,0.01945559662047014,0.0077575655248072195,0.0077575655248072195,0.055824404917603765,0.055824404917603765,-0.038135916874801445,0.038135916874801445,0.008585999999999316,0.008585999999999316,0.008697999999999873,0.008697999999999873,0.010173719175861962,0.010173719175861962,0.006885623505453076,0.006885623505453076
2026-04-10,2026-04-13,4.2534,4.2507,Naive,4.2534,4.2534,4.264740000000001,4.269318215416748,4.2521898359993004,4.309224404917604,4.241534714794609,4.255970000000001,4.255180000000001,4.258350284156597,4.254344654669395,0.0026999999999999247,0.0026999999999999247,0.0026999999999999247,0.0026999999999999247,0.014040000000000497,0.014040000000000497,0.018618215416747574,0.018618215416747574,0.001489835999300304,0.001489835999300304,0.05852440491760369,0.05852440491760369,-0.009165285205391172,0.009165285205391172,0.005270000000001218,0.005270000000001218,0.004480000000000928,0.004480000000000928,0.007650284156596854,0.007650284156596854,0.0036446546693946758,0.0036446546693946758
2026-04-13,2026-04-14,4.2507,4.2436,Naive,4.2507,4.2507,4.25936,4.265933085340976,4.250631160820883,4.309224404917604,4.255674307080736,4.251945000000001,4.254986,4.250389959606645,4.248500709713537,0.007100000000000328,0.007100000000000328,0.007100000000000328,0.007100000000000328,0.01576000000000022,0.01576000000000022,0.022333085340975778,0.022333085340975778,0.0070311608208832865,0.0070311608208832865,0.06562440491760402,0.06562440491760402,0.01207430708073609,0.01207430708073609,0.008345000000001157,0.008345000000001157,0.011385999999999896,0.011385999999999896,0.006789959606645191,0.006789959606645191,0.004900709713536955,0.004900709713536955
2026-04-14,2026-04-15,4.2436,4.237,Naive,4.2436,4.2436,4.2542,4.261872524369889,4.2449648194206135,4.309224404917604,4.1944129677264,4.246339000000001,4.241467000000001,4.243438015385441,4.2422020850227975,0.006599999999999717,0.006599999999999717,0.006599999999999717,0.006599999999999717,0.017199999999999882,0.017199999999999882,0.02487252436988907,0.02487252436988907,0.007964819420613445,0.007964819420613445,0.07222440491760374,0.07222440491760374,-0.042587032273599945,0.042587032273599945,0.009339000000000652,0.009339000000000652,0.004467000000000887,0.004467000000000887,0.006438015385440643,0.006438015385440643,0.005202085022797398,0.005202085022797398
2026-04-15,2026-04-16,4.237,4.2411,Naive,4.237,4.237,4.24914,4.257350247211727,4.238347941440241,4.309224404917604,4.210066552237351,4.2464949999999995,4.24169,4.23888627928011,4.234237344942754,-0.004100000000000215,0.004100000000000215,-0.004100000000000215,0.004100000000000215,0.008039999999999381,0.008039999999999381,0.016250247211726965,0.016250247211726965,-0.0027520585597589076,0.0027520585597589076,0.06812440491760352,0.06812440491760352,-0.031033447762649047,0.031033447762649047,0.0053949999999991505,0.0053949999999991505,0.0005899999999998684,0.0005899999999998684,-0.002213720719890233,0.002213720719890233,-0.006862655057246592,0.006862655057246592
2026-04-16,2026-04-17,4.2411,4.2355,Naive,4.2411,4.2411,4.24516,4.254395656809595,4.2429050949799585,4.309224404917604,4.2145437230876865,4.247565,4.248774000000001,4.244305144246359,4.239290949857944,0.005600000000000271,0.005600000000000271,0.005600000000000271,0.005600000000000271,0.009660000000000224,0.009660000000000224,0.01889565680959482,0.01889565680959482,0.007405094979958449,0.007405094979958449,0.07372440491760379,0.07372440491760379,-0.0209562769123135,0.0209562769123135,0.01206499999999977,0.01206499999999977,0.013274000000000896,0.013274000000000896,0.008805144246358587,0.008805144246358587,0.003790949857943815,0.003790949857943815
2026-04-17,2026-04-20,4.2355,4.2346,Naive,4.2355,4.2355,4.241580000000001,4.250960082844214,4.234263778684209,4.309224404917604,4.232335043195742,4.242084000000001,4.243771000000002,4.238432208648872,4.232878921561357,0.0008999999999996788,0.0008999999999996788,0.0008999999999996788,0.0008999999999996788,0.00698000000000043,0.00698000000000043,0.016360082844213863,0.016360082844213863,-0.00033622131579136294,0.00033622131579136294,0.07462440491760347,0.07462440491760347,-0.0022649568042583113,0.0022649568042583113,0.007484000000000712,0.007484000000000712,0.009171000000002039,0.009171000000002039,0.003832208648871571,0.003832208648871571,-0.0017210784386429978,0.0017210784386429978
2026-04-20,2026-04-21,4.2346,4.232,Naive,4.2346,4.2346,4.23836,4.247985522327085,4.236792984661895,4.309224404917604,4.214537155697633,4.2415210000000005,4.240886000000002,4.2400738767660435,4.2327115425504065,0.0026000000000001577,0.0026000000000001577,0.0026000000000001577,0.0026000000000001577,0.006359999999999921,0.006359999999999921,0.01598552232708439,0.01598552232708439,0.004792984661894373,0.004792984661894373,0.07722440491760363,0.07722440491760363,-0.017462844302366776,0.017462844302366776,0.009521000000000335,0.009521000000000335,0.00888600000000217,0.00888600000000217,0.00807387676604332,0.00807387676604332,0.0007115425504062856,0.0007115425504062856
2026-04-21,2026-04-22,4.232,4.2408,Naive,4.232,4.232,4.23604,4.24507906372216,4.233029709835471,4.309224404917604,4.192688925427496,4.2416209999999985,4.236853000000002,4.2377976841977105,4.227056277353942,-0.008799999999999919,0.008799999999999919,-0.008799999999999919,0.008799999999999919,-0.0047600000000000975,0.0047600000000000975,0.004279063722159471,0.004279063722159471,-0.0077702901645286815,0.0077702901645286815,0.06842440491760371,0.06842440491760371,-0.04811107457250419,0.04811107457250419,0.0008209999999984063,0.0008209999999984063,-0.0039469999999983685,0.0039469999999983685,-0.0030023158022896013,0.0030023158022896013,-0.013743722646058387,0.013743722646058387
2026-04-22,2026-04-23,4.2408,4.2501,Naive,4.2408,4.2408,4.236800000000001,4.244301052136312,4.242990056581451,4.309224404917604,4.192244470938227,4.244668000000002,4.243126,4.244640009972386,4.2384286074181405,-0.009299999999999642,0.009299999999999642,-0.009299999999999642,0.009299999999999642,-0.013299999999999201,0.013299999999999201,-0.005798947863687509,0.005798947863687509,-0.007109943418548426,0.007109943418548426,0.05912440491760407,0.05912440491760407,-0.05785552906177305,0.05785552906177305,-0.005431999999998105,0.005431999999998105,-0.006973999999999592,0.006973999999999592,-0.00545999002761377,0.00545999002761377,-0.01167139258185923,0.01167139258185923
2026-04-23,2026-04-24,4.2501,4.2428,Naive,4.2501,4.2501,4.2386,4.245355406293346,4.250044254214937,4.309224404917604,4.2107538607562365,4.250621000000001,4.246590000000001,4.247765298139922,4.250812418054147,0.007299999999999862,0.007299999999999862,0.007299999999999862,0.007299999999999862,-0.0041999999999999815,0.0041999999999999815,0.002555406293345719,0.002555406293345719,0.007244254214937129,0.007244254214937129,0.06642440491760393,0.06642440491760393,-0.03204613924376343,0.03204613924376343,0.007821000000000744,0.007821000000000744,0.0037900000000012923,0.0037900000000012923,0.00496529813992197,0.00496529813992197,0.008012418054146764,0.008012418054146764
2026-04-24,2026-04-27,4.2428,4.2445,Naive,4.2428,4.2428,4.24006,4.244890786967282,4.242080973866134,4.309224404917604,4.227039314994585,4.2425099999999984,4.244176,4.241533746729111,4.2389333881870055,-0.001700000000000479,0.001700000000000479,-0.001700000000000479,0.001700000000000479,-0.004440000000000666,0.004440000000000666,0.00039078696728189755,0.00039078696728189755,-0.0024190261338663532,0.0024190261338663532,0.06472440491760345,0.06472440491760345,-0.017460685005415755,0.017460685005415755,-0.0019900000000019347,0.0019900000000019347,-0.00032399999999999096,0.00032399999999999096,-0.0029662532708893963,0.0029662532708893963,-0.005566611812994893,0.005566611812994893
2026-04-27,2026-04-28,4.2445,4.247,Naive,4.2445,4.2445,4.24204,4.244819734791412,4.245444932336313,4.309224404917604,4.239200047878806,4.2415769999999995,4.2456850000000035,4.245489370339113,4.242384296052131,-0.0024999999999995026,0.0024999999999995026,-0.0024999999999995026,0.0024999999999995026,-0.004959999999999631,0.004959999999999631,-0.002180265208587606,0.002180265208587606,-0.0015550676636868488,0.0015550676636868488,0.06222440491760395,0.06222440491760395,-0.007799952121193776,0.007799952121193776,-0.0054230000000004,0.0054230000000004,-0.0013149999999964024,0.0013149999999964024,-0.0015106296608866643,0.0015106296608866643,-0.004615703947869143,0.004615703947869143
2026-04-28,2026-04-29,4.247,4.2537,Naive,4.247,4.247,4.24504,4.245216146647519,4.247701516687143,4.309224404917604,4.2196463852189865,4.247201000000001,4.246646000000003,4.248676849419744,4.247708380979048,-0.006700000000000372,0.006700000000000372,-0.006700000000000372,0.006700000000000372,-0.00865999999999989,0.00865999999999989,-0.008483853352481141,0.008483853352481141,-0.005998483312857239,0.005998483312857239,0.055524404917603576,0.055524404917603576,-0.034053614781013763,0.034053614781013763,-0.006498999999998922,0.006498999999998922,-0.007053999999997451,0.007053999999997451,-0.005023150580256264,0.005023150580256264,-0.005991619020952577,0.005991619020952577
2026-04-29,2026-04-30,4.2537,4.2589,Naive,4.2537,4.2537,4.24762,4.246758665438879,4.25488880818215,4.309224404917604,4.207898702071956,4.2583459999999995,4.258172000000002,4.256793533058506,4.257233879581383,-0.005199999999999427,0.005199999999999427,-0.005199999999999427,0.005199999999999427,-0.01127999999999929,0.01127999999999929,-0.012141334561120765,0.012141334561120765,-0.004011191817849813,0.004011191817849813,0.05032440491760415,0.05032440491760415,-0.05100129792804342,0.05100129792804342,-0.0005540000000001655,0.0005540000000001655,-0.0007279999999978415,0.0007279999999978415,-0.0021064669414938564,0.0021064669414938564,-0.001666120418616579,0.001666120418616579
2026-04-30,2026-05-04,4.2589,4.2544,Naive,4.2589,4.2589,4.24938,4.248966180813628,4.263496177714466,4.309224404917604,4.220560225439428,4.257581999999997,4.260943,4.258491154654804,4.262533371414137,0.004499999999999282,0.004499999999999282,0.004499999999999282,0.004499999999999282,-0.0050200000000000244,0.0050200000000000244,-0.005433819186372091,0.005433819186372091,0.009096177714465803,0.009096177714465803,0.05482440491760343,0.05482440491760343,-0.03383977456057252,0.03383977456057252,0.0031819999999962434,0.0031819999999962434,0.0065429999999997435,0.0065429999999997435,0.004091154654803475,0.004091154654803475,0.008133371414136725,0.008133371414136725
2026-05-04,2026-05-05,4.2544,4.2551,Naive,4.2544,4.2544,4.2517000000000005,4.249954147938423,4.255743716012609,4.309224404917604,4.274350241203857,4.257580000000002,4.256180999999999,4.256848017312195,4.256043914142094,-0.0006999999999992568,0.0006999999999992568,-0.0006999999999992568,0.0006999999999992568,-0.0033999999999991815,0.0033999999999991815,-0.0051458520615765835,0.0051458520615765835,0.0006437160126093744,0.0006437160126093744,0.054124404917604174,0.054124404917604174,0.01925024120385732,0.01925024120385732,0.002480000000002036,0.002480000000002036,0.0010809999999992215,0.0010809999999992215,0.0017480173121953158,0.0017480173121953158,0.0009439141420939379,0.0009439141420939379
2026-05-05,2026-05-06,4.2551,4.2351,Naive,4.2551,4.2551,4.25382,4.250889757404164,4.255912452809376,4.309224404917604,4.237730137941083,4.257450000000001,4.255402000000001,4.256903289986684,4.254880515432656,0.019999999999999574,0.019999999999999574,0.019999999999999574,0.019999999999999574,0.01872000000000007,0.01872000000000007,0.015789757404164106,0.015789757404164106,0.020812452809376047,0.020812452809376047,0.07412440491760375,0.07412440491760375,0.0026301379410833547,0.0026301379410833547,0.022350000000001202,0.022350000000001202,0.02030200000000093,0.02030200000000093,0.021803289986683794,0.021803289986683794,0.019780515432655577,0.019780515432655577
2026-05-06,2026-05-07,4.2351,4.2286,Naive,4.2351,4.2351,4.2514400000000006,4.248018892421589,4.237984355011087,4.309224404917604,4.156048610719032,4.241681000000001,4.239115999999999,4.24197639923596,4.233111307665935,0.00649999999999995,0.00649999999999995,0.00649999999999995,0.00649999999999995,0.022840000000000416,0.022840000000000416,0.019418892421589007,0.019418892421589007,0.009384355011087031,0.009384355011087031,0.0806244049176037,0.0806244049176037,-0.07255138928096816,0.07255138928096816,0.013081000000000564,0.013081000000000564,0.010515999999999082,0.010515999999999082,0.013376399235959902,0.013376399235959902,0.004511307665934439,0.004511307665934439
2026-05-07,2026-05-08,4.2286,4.2284,Naive,4.2286,4.2286,4.2464200000000005,4.2444881847085725,4.229853194068741,4.309224404917604,4.210594898568328,4.228297000000001,4.228946,4.2268929519196154,4.2271510009614355,0.00020000000000042206,0.00020000000000042206,0.00020000000000042206,0.00020000000000042206,0.018020000000000813,0.018020000000000813,0.01608818470857276,0.01608818470857276,0.001453194068741226,0.001453194068741226,0.08082440491760412,0.08082440491760412,-0.01780510143167202,0.01780510143167202,-0.00010299999999840992,0.00010299999999840992,0.0005459999999999354,0.0005459999999999354,-0.0015070480803842656,0.0015070480803842656,-0.0012489990385642358,0.0012489990385642358
2026-05-08,2026-05-11,4.2284,4.2386,Naive,4.2284,4.2284,4.24032,4.241563060216104,4.228394315992913,4.309224404917604,4.217614404880466,4.226782000000002,4.229424,4.225238652422167,4.227687850985469,-0.010200000000000209,0.010200000000000209,-0.010200000000000209,0.010200000000000209,0.0017199999999997218,0.0017199999999997218,0.002963060216104374,0.002963060216104374,-0.010205684007086546,0.010205684007086546,0.07062440491760391,0.07062440491760391,-0.020985595119533684,0.020985595119533684,-0.011817999999998108,0.011817999999998108,-0.009176000000000073,0.009176000000000073,-0.013361347577832916,0.013361347577832916,-0.010912149014530748,0.010912149014530748
2026-05-11,2026-05-12,4.2386,4.2478,Naive,4.2386,4.2386,4.23716,4.241024321994994,4.24011156048326,4.309224404917604,4.227376661157519,4.240658,4.244933,4.240264870822431,4.23865329360555,-0.009199999999999875,0.009199999999999875,-0.009199999999999875,0.009199999999999875,-0.010639999999999539,0.010639999999999539,-0.006775678005006114,0.006775678005006114,-0.007688439516739365,0.007688439516739365,0.061424404917604036,0.061424404917604036,-0.020423338842480376,0.020423338842480376,-0.007141999999999982,0.007141999999999982,-0.002867000000000175,0.002867000000000175,-0.007535129177568933,0.007535129177568933,-0.009146706394449922,0.009146706394449922
2026-05-12,2026-05-13,4.2478,4.2524,Naive,4.2478,4.2478,4.2357,4.242256263450449,4.249300073580597,4.309224404917604,4.236186843612694,4.242908999999998,4.250853000000001,4.247195729081628,4.250570309518824,-0.0045999999999999375,0.0045999999999999375,-0.0045999999999999375,0.0045999999999999375,-0.01670000000000016,0.01670000000000016,-0.010143736549550475,0.010143736549550475,-0.003099926419403154,0.003099926419403154,0.0568244049176041,0.0568244049176041,-0.01621315638730536,0.01621315638730536,-0.00949100000000147,0.00949100000000147,-0.0015469999999986328,0.0015469999999986328,-0.005204270918372167,0.005204270918372167,-0.001829690481176094,0.001829690481176094
2026-05-13,2026-05-14,4.2524,4.2401,Naive,4.2524,4.2524,4.23916,4.244100579186731,4.254749892856735,4.309224404917604,4.237508213382007,4.254908,4.250865000000001,4.250348341589219,4.2548533648607885,0.012299999999999756,0.012299999999999756,0.012299999999999756,0.012299999999999756,-0.0009399999999999409,0.0009399999999999409,0.004000579186731024,0.004000579186731024,0.014649892856734681,0.014649892856734681,0.06912440491760385,0.06912440491760385,-0.002591786617992753,0.002591786617992753,0.014808000000000376,0.014808000000000376,0.010765000000001024,0.010765000000001024,0.010248341589218946,0.010248341589218946,0.014753364860788487,0.014753364860788487
2026-05-14,2026-05-15,4.2401,4.2489,Naive,4.2401,4.2401,4.241459999999999,4.24337320115278,4.241707547760611,4.309224404917604,4.237923977028182,4.237721,4.241231999999999,4.2414047054298205,4.24121300885452,-0.008799999999999919,0.008799999999999919,-0.008799999999999919,0.008799999999999919,-0.007440000000000779,0.007440000000000779,-0.005526798847220071,0.005526798847220071,-0.007192452239388913,0.007192452239388913,0.060324404917603935,0.060324404917603935,-0.010976022971817656,0.010976022971817656,-0.011179000000000272,0.011179000000000272,-0.007668000000000674,0.007668000000000674,-0.007495294570179389,0.007495294570179389,-0.007686991145479993,0.007686991145479993
2026-05-15,2026-05-18,4.2489,4.2434,Naive,4.2489,4.2489,4.245559999999999,4.244378073670456,4.249031153490197,4.309224404917604,4.275566933469628,4.248582000000001,4.255272,4.252097067576544,4.249282690770091,0.005499999999999616,0.005499999999999616,0.005499999999999616,0.005499999999999616,0.0021599999999990516,0.0021599999999990516,0.0009780736704554371,0.0009780736704554371,0.005631153490196716,0.005631153490196716,0.06582440491760355,0.06582440491760355,0.032166933469627956,0.032166933469627956,0.005182000000000464,0.005182000000000464,0.011871999999999439,0.011871999999999439,0.008697067576544093,0.008697067576544093,0.005882690770090626,0.005882690770090626
2026-05-18,2026-05-19,4.2434,4.2389,Naive,4.2434,4.2434,4.246519999999999,4.244200242094009,4.246222594482525,4.309224404917604,4.268597064898289,4.250125000000001,4.252337000000001,4.245646276208357,4.243485153131302,0.0045000000000001705,0.0045000000000001705,0.0045000000000001705,0.0045000000000001705,0.007619999999999294,0.007619999999999294,0.005300242094008922,0.005300242094008922,0.0073225944825248135,0.0073225944825248135,0.07032440491760372,0.07032440491760372,0.02969706489828905,0.02969706489828905,0.011225000000000485,0.011225000000000485,0.013437000000000587,0.013437000000000587,0.006746276208357216,0.006746276208357216,0.004585153131301922,0.004585153131301922
2026-05-19,2026-05-20,4.2389,4.2546,Naive,4.2389,4.2389,4.24474,4.24323656171328,4.241027985245472,4.309224404917604,4.218836759446692,4.247663999999999,4.248666,4.2454862113986565,4.238219138140889,-0.015699999999999825,0.015699999999999825,-0.015699999999999825,0.015699999999999825,-0.009859999999999758,0.009859999999999758,-0.01136343828672004,0.01136343828672004,-0.013572014754528183,0.013572014754528183,0.0546244049176039,0.0546244049176039,-0.03576324055330815,0.03576324055330815,-0.006936000000000497,0.006936000000000497,-0.005933999999999884,0.005933999999999884,-0.009113788601343487,0.009113788601343487,-0.01638086185911103,0.01638086185911103
2026-05-20,2026-05-21,4.2546,4.246,Naive,4.2546,4.2546,4.24518,4.245302641401774,4.257840805219807,4.309224404917604,4.23090735171057,4.255431999999998,4.260426000000001,4.260664956497957,4.254820057488605,0.008599999999999497,0.008599999999999497,0.008599999999999497,0.008599999999999497,-0.0008200000000000429,0.0008200000000000429,-0.0006973585982263941,0.0006973585982263941,0.011840805219806683,0.011840805219806683,0.0632244049176034,0.0632244049176034,-0.015092648289430244,0.015092648289430244,0.009431999999997664,0.009431999999997664,0.014426000000000272,0.014426000000000272,0.014664956497956183,0.014664956497956183,0.00882005748860415,0.00882005748860415
2026-05-21,2026-05-22,4.246,4.2453,Naive,4.246,4.246,4.24636,4.245429433874179,4.246726194024991,4.309224404917604,4.237183693730135,4.243916000000001,4.248216000000002,4.243289959994149,4.245087973586582,0.000700000000000145,0.000700000000000145,0.000700000000000145,0.000700000000000145,0.0010599999999998388,0.0010599999999998388,0.0001294338741786305,0.0001294338741786305,0.001426194024991112,0.001426194024991112,0.06392440491760354,0.06392440491760354,-0.008116306269865703,0.008116306269865703,-0.0013839999999989416,0.0013839999999989416,0.002916000000001695,0.002916000000001695,-0.0020100400058513657,0.0020100400058513657,-0.00021202641341844242,0.00021202641341844242
2026-05-22,2026-05-25,4.2453,4.2352,Naive,4.2453,4.2453,4.24564,4.24540590044251,4.2446374328285685,4.309224404917604,4.247940141545398,4.243879000000001,4.249681999999997,4.242927432012635,4.2441367408717205,0.010100000000000442,0.010100000000000442,0.010100000000000442,0.010100000000000442,0.010440000000000005,0.010440000000000005,0.010205900442509908,0.010205900442509908,0.009437432828568681,0.009437432828568681,0.07402440491760398,0.07402440491760398,0.012740141545398487,0.012740141545398487,0.00867900000000077,0.00867900000000077,0.014481999999997441,0.014481999999997441,0.007727432012635482,0.007727432012635482,0.008936740871720694,0.008936740871720694
2026-05-25,2026-05-26,4.2352,4.2352,Naive,4.2352,4.2352,4.244,4.243550282180235,4.2369691187174086,4.309224404917604,4.290599221219221,4.240186000000003,4.237247,4.238954340924546,4.234912218312631,0.0,0.0,0.0,0.0,0.008799999999999919,0.008799999999999919,0.008350282180234814,0.008350282180234814,0.001769118717408702,0.001769118717408702,0.07402440491760398,0.07402440491760398,0.05539922121922114,0.05539922121922114,0.004986000000003266,0.004986000000003266,0.002047000000000132,0.002047000000000132,0.0037543409245461845,0.0037543409245461845,-0.00028778168736920406,0.00028778168736920406
2026-05-26,2026-05-27,4.2352,4.2393,Naive,4.2352,4.2352,4.24326,4.242032049056555,4.235579992156116,4.309224404917604,4.21368573061539,4.242335000000001,4.238279000000002,4.240522162759098,4.233535022744358,-0.004100000000000215,0.004100000000000215,-0.004100000000000215,0.004100000000000215,0.003960000000000186,0.003960000000000186,0.002732049056555219,0.002732049056555219,-0.0037200078438841544,0.0037200078438841544,0.06992440491760377,0.06992440491760377,-0.025614269384609756,0.025614269384609756,0.003035000000000565,0.003035000000000565,-0.0010209999999979402,0.0010209999999979402,0.0012221627590980333,0.0012221627590980333,-0.0057649772556418455,0.0057649772556418455
2026-05-27,2026-05-28,4.2393,4.2355,Naive,4.2393,4.2393,4.2402,4.241535312864454,4.2419783481894555,4.309224404917604,4.210572270107251,4.2442020000000005,4.244809,4.242268986283751,4.237660704954849,0.0038000000000000256,0.0038000000000000256,0.0038000000000000256,0.0038000000000000256,0.004699999999999704,0.004699999999999704,0.006035312864454134,0.006035312864454134,0.006478348189455474,0.006478348189455474,0.07372440491760379,0.07372440491760379,-0.02492772989274883,0.02492772989274883,0.008702000000000432,0.008702000000000432,0.009309000000000012,0.009309000000000012,0.0067689862837507775,0.0067689862837507775,0.002160704954849102,0.002160704954849102
2026-05-28,2026-05-29,4.2355,4.2322,Naive,4.2355,4.2355,4.2381,4.240437983252735,4.23781130582309,4.309224404917604,4.216087987304613,4.241443999999999,4.2388829999999995,4.237192099063081,4.237999037996897,0.0033000000000003027,0.0033000000000003027,0.0033000000000003027,0.0033000000000003027,0.00590000000000046,0.00590000000000046,0.008237983252735503,0.008237983252735503,0.00561130582309044,0.00561130582309044,0.0770244049176041,0.0770244049176041,-0.016112012695386646,0.016112012695386646,0.00924399999999892,0.00924399999999892,0.0066829999999997725,0.0066829999999997725,0.004992099063080957,0.004992099063080957,0.00579903799689685,0.00579903799689685
2026-05-29,2026-06-01,4.2322,4.2341,Naive,4.2322,4.2322,4.23548,4.2389401681158745,4.23460346639892,4.309224404917604,4.238078726055245,4.237315000000001,4.237562000000002,4.236863113211879,4.233835578329087,-0.0019000000000000128,0.0019000000000000128,-0.0019000000000000128,0.0019000000000000128,0.0013800000000001589,0.0013800000000001589,0.004840168115874732,0.004840168115874732,0.0005034663989205157,0.0005034663989205157,0.07512440491760408,0.07512440491760408,0.003978726055245296,0.003978726055245296,0.003215000000000856,0.003215000000000856,0.0034620000000025186,0.0034620000000025186,0.0027631132118788315,0.0027631132118788315,-0.0002644216709128955,0.0002644216709128955
2026-06-01,2026-06-02,4.2341,4.2334,Naive,4.2341,4.2341,4.235259999999999,4.238060137549351,4.237277103377849,4.309224404917604,4.209499322364717,4.237790000000002,4.237993000000002,4.236886101852379,4.236189364489637,0.000700000000000145,0.000700000000000145,0.000700000000000145,0.000700000000000145,0.0018599999999997507,0.0018599999999997507,0.004660137549351795,0.004660137549351795,0.0038771033778495223,0.0038771033778495223,0.07582440491760423,0.07582440491760423,-0.023900677635282364,0.023900677635282364,0.0043900000000025585,0.0043900000000025585,0.004593000000002512,0.004593000000002512,0.0034861018523795195,0.0034861018523795195,0.0027893644896375136,0.0027893644896375136
2026-06-02,2026-06-03,4.2334,4.2433,Naive,4.2334,4.2334,4.2349000000000006,4.237212839813106,4.234694449718157,4.309224404917604,4.238927956025931,4.238701000000002,4.238775,4.2369962993437325,4.233867485408305,-0.00990000000000002,0.00990000000000002,-0.00990000000000002,0.00990000000000002,-0.008399999999999075,0.008399999999999075,-0.006087160186893925,0.006087160186893925,-0.008605550281842511,0.008605550281842511,0.0659244049176042,0.0659244049176042,-0.004372043974068873,0.004372043974068873,-0.004598999999998021,0.004598999999998021,-0.004524999999999224,0.004524999999999224,-0.006303700656267175,0.006303700656267175,-0.009432514591694918,0.009432514591694918
