date,target_date,y_t,true_target,best_model,pred_best,pred_Naive,pred_SMA,pred_EMA,pred_Ridge,pred_ElasticNet,pred_MLPRegressor,pred_RandomForest,pred_ExtraTrees,pred_HistGB,pred_SARIMAX,err_pred_best,abs_err_pred_best,err_pred_Naive,abs_err_pred_Naive,err_pred_SMA,abs_err_pred_SMA,err_pred_EMA,abs_err_pred_EMA,err_pred_Ridge,abs_err_pred_Ridge,err_pred_ElasticNet,abs_err_pred_ElasticNet,err_pred_MLPRegressor,abs_err_pred_MLPRegressor,err_pred_RandomForest,abs_err_pred_RandomForest,err_pred_ExtraTrees,abs_err_pred_ExtraTrees,err_pred_HistGB,abs_err_pred_HistGB,err_pred_SARIMAX,abs_err_pred_SARIMAX
2023-12-06,2025-05-22,4.3382,4.2447,ElasticNet,4.345077907333538,4.3382,4.338760000000001,4.348478332187227,4.230197170822367,4.345077907333538,4.0961520010741115,4.262103999999998,4.2530509999999975,4.305410832970887,3.8665751712289924,0.10037790733353802,0.10037790733353802,0.0934999999999997,0.0934999999999997,0.0940600000000007,0.0940600000000007,0.1037783321872272,0.1037783321872272,-0.01450282917763257,0.01450282917763257,0.10037790733353802,0.10037790733353802,-0.14854799892588844,0.14854799892588844,0.0174039999999982,0.0174039999999982,0.008350999999997555,0.008350999999997555,0.060710832970887196,0.060710832970887196,-0.3781248287710075,0.3781248287710075
2023-12-07,2025-05-23,4.3334,4.2541,ElasticNet,4.345077907333538,4.3334,4.3356,4.345736817244094,4.230929359742897,4.345077907333538,3.997155775156895,4.264486999999999,4.253388999999999,4.326903822766241,3.826520247663632,0.09097790733353772,0.09097790733353772,0.07929999999999993,0.07929999999999993,0.08150000000000013,0.08150000000000013,0.091636817244094,0.091636817244094,-0.023170640257102804,0.023170640257102804,0.09097790733353772,0.09097790733353772,-0.2569442248431053,0.2569442248431053,0.010386999999998814,0.010386999999998814,-0.0007110000000007943,0.0007110000000007943,0.07280382276624042,0.07280382276624042,-0.427579752336368,0.427579752336368
2023-12-08,2025-05-26,4.3303,4.2514,ElasticNet,4.345077907333538,4.3303,4.33178,4.3429301231997135,4.232044019365997,4.345077907333538,4.214358052377847,4.276236,4.263266000000001,4.335118076596161,3.8239739229752234,0.09367790733353765,0.09367790733353765,0.07889999999999997,0.07889999999999997,0.0803799999999999,0.0803799999999999,0.09153012319971321,0.09153012319971321,-0.019355980634003345,0.019355980634003345,0.09367790733353765,0.09367790733353765,-0.037041947622153515,0.037041947622153515,0.024835999999999636,0.024835999999999636,0.011866000000000376,0.011866000000000376,0.0837180765961607,0.0837180765961607,-0.42742607702477686,0.42742607702477686
2023-12-11,2025-05-27,4.3366,4.2479,ElasticNet,4.345077907333538,4.3366,4.33236,4.341779191708856,4.239770370292031,4.345077907333538,4.108267986752707,4.274937000000001,4.2702,4.335537739885284,3.8309977777580517,0.09717790733353837,0.09717790733353837,0.08870000000000022,0.08870000000000022,0.08446000000000087,0.08446000000000087,0.09387919170885617,0.09387919170885617,-0.00812962970796871,0.00812962970796871,0.09717790733353837,0.09717790733353837,-0.1396320132472928,0.1396320132472928,0.027037000000001754,0.027037000000001754,0.02230000000000043,0.02230000000000043,0.08763773988528456,0.08763773988528456,-0.41690222224194784,0.41690222224194784
2023-12-12,2025-05-28,4.3396,4.2447,ElasticNet,4.345077907333538,4.3396,4.3356200000000005,4.341382975034518,4.244605761184357,4.345077907333538,3.752281042235088,4.2781720000000005,4.259216,4.334180627944291,3.829479273578639,0.10037790733353802,0.10037790733353802,0.09489999999999998,0.09489999999999998,0.09092000000000056,0.09092000000000056,0.09668297503451839,0.09668297503451839,-9.423881564263326e-05,9.423881564263326e-05,0.10037790733353802,0.10037790733353802,-0.49241895776491207,0.49241895776491207,0.03347200000000061,0.03347200000000061,0.014516000000000417,0.014516000000000417,0.08948062794429124,0.08948062794429124,-0.415220726421361,0.415220726421361
2023-12-13,2025-05-29,4.3309,4.2369,ElasticNet,4.345077907333538,4.3309,4.33416,4.339476979573696,4.236439179560506,4.345077907333538,3.8954879482103197,4.275667999999999,4.266644000000001,4.337645065121661,3.804364945530188,0.1081779073335376,0.1081779073335376,0.09399999999999942,0.09399999999999942,0.09725999999999946,0.09725999999999946,0.10257697957369594,0.10257697957369594,-0.00046082043949446927,0.00046082043949446927,0.1081779073335376,0.1081779073335376,-0.3414120517896806,0.3414120517896806,0.03876799999999836,0.03876799999999836,0.02974400000000088,0.02974400000000088,0.10074506512166082,0.10074506512166082,-0.43253505446981233,0.43253505446981233
2023-12-14,2025-05-30,4.3053,4.2507,ElasticNet,4.345077907333538,4.3053,4.32854,4.333262983287569,4.217649064969024,4.345077907333538,3.9903372043905723,4.2704949999999995,4.269767000000002,4.342132821512535,3.75137565928983,0.09437790733353779,0.09437790733353779,0.05459999999999976,0.05459999999999976,0.07784000000000013,0.07784000000000013,0.08256298328756895,0.08256298328756895,-0.03305093503097645,0.03305093503097645,0.09437790733353779,0.09437790733353779,-0.2603627956094279,0.2603627956094279,0.01979499999999934,0.01979499999999934,0.0190670000000015,0.0190670000000015,0.09143282151253462,0.09143282151253462,-0.49932434071016996,0.49932434071016996
2023-12-15,2025-06-02,4.3103,4.2578,ElasticNet,4.345077907333538,4.3103,4.32454,4.329087895417102,4.224803955669622,4.345077907333538,4.210229976445195,4.280533,4.288178000000001,4.341432858336217,3.781176783285209,0.08727790733353835,0.08727790733353835,0.05250000000000021,0.05250000000000021,0.06674000000000024,0.06674000000000024,0.07128789541710212,0.07128789541710212,-0.032996044330377394,0.032996044330377394,0.08727790733353835,0.08727790733353835,-0.047570023554804663,0.047570023554804663,0.02273300000000056,0.02273300000000056,0.03037800000000157,0.03037800000000157,0.08363285833621781,0.08363285833621781,-0.4766232167147906,0.4766232167147906
2023-12-18,2025-06-03,4.3269,4.2721,ElasticNet,4.345077907333538,4.3269,4.3226,4.328690096250355,4.235422650196846,4.345077907333538,4.112231523218216,4.278873999999999,4.276532000000002,4.3572229933709625,3.81063936204242,0.07297790733353793,0.07297790733353793,0.05480000000000018,0.05480000000000018,0.05050000000000043,0.05050000000000043,0.05659009625035516,0.05659009625035516,-0.036677349803153625,0.036677349803153625,0.07297790733353793,0.07297790733353793,-0.15986847678178417,0.15986847678178417,0.00677399999999917,0.00677399999999917,0.004432000000002212,0.004432000000002212,0.08512299337096252,0.08512299337096252,-0.46146063795757986,0.46146063795757986
2023-12-19,2025-06-04,4.3321,4.2778,ElasticNet,4.345077907333538,4.3321,4.3211,4.32931007875029,4.23973597783485,4.345077907333538,3.8635937585473097,4.275002999999999,4.2849020000000015,4.373685910660442,3.8148267091687735,0.06727790733353789,0.06727790733353789,0.05429999999999957,0.05429999999999957,0.04330000000000034,0.04330000000000034,0.051510078750290234,0.051510078750290234,-0.038064022165150035,0.038064022165150035,0.06727790733353789,0.06727790733353789,-0.41420624145269036,0.41420624145269036,-0.0027970000000010486,0.0027970000000010486,0.007102000000001496,0.007102000000001496,0.09588591066044216,0.09588591066044216,-0.4629732908312265,0.4629732908312265
2023-12-20,2025-06-05,4.3341,4.2791,ElasticNet,4.345077907333538,4.3341,4.32174,4.330180973522965,4.234467679784008,4.345077907333538,3.8098830112840196,4.283283999999998,4.282922000000002,4.365145448958738,3.8315125087840123,0.06597790733353825,0.06597790733353825,0.055000000000000604,0.055000000000000604,0.042640000000000455,0.042640000000000455,0.051080973522965145,0.051080973522965145,-0.044632320215991506,0.044632320215991506,0.06597790733353825,0.06597790733353825,-0.46921698871598005,0.46921698871598005,0.004183999999998633,0.004183999999998633,0.0038220000000022125,0.0038220000000022125,0.08604544895873811,0.08604544895873811,-0.4475874912159874,0.4475874912159874
2023-12-21,2025-06-06,4.3387,4.2881,ElasticNet,4.345077907333538,4.3387,4.32842,4.33172988742788,4.245538001383917,4.345077907333538,3.7732862048537097,4.282458999999999,4.275240000000004,4.363379004558029,3.845001925216641,0.056977907333537914,0.056977907333537914,0.0506000000000002,0.0506000000000002,0.040320000000000356,0.040320000000000356,0.043629887427879765,0.043629887427879765,-0.04256199861608323,0.04256199861608323,0.056977907333537914,0.056977907333537914,-0.5148137951462903,0.5148137951462903,-0.005641000000000673,0.005641000000000673,-0.012859999999996319,0.012859999999996319,0.07527900455802872,0.07527900455802872,-0.44309807478335905,0.44309807478335905
2023-12-22,2025-06-09,4.3288,4.2772,ElasticNet,4.345077907333538,4.3288,4.332120000000001,4.33119718062281,4.257779848956941,4.345077907333538,3.888633429274929,4.278247999999999,4.2684010000000026,4.36986901752488,3.809604997172719,0.06787790733353827,0.06787790733353827,0.051600000000000534,0.051600000000000534,0.05492000000000097,0.05492000000000097,0.05399718062280989,0.05399718062280989,-0.019420151043058276,0.019420151043058276,0.06787790733353827,0.06787790733353827,-0.3885665707250707,0.3885665707250707,0.0010479999999990497,0.0010479999999990497,-0.008798999999997115,0.008798999999997115,0.0926690175248801,0.0926690175248801,-0.46759500282728084,0.46759500282728084
2023-12-27,2025-06-10,4.3311,4.2611,ElasticNet,4.345077907333538,4.3311,4.33296,4.331179511418663,4.261733554391065,4.345077907333538,3.8660982110809963,4.275336999999999,4.272442000000003,4.371853156526234,3.8219679669406164,0.08397790733353805,0.08397790733353805,0.07000000000000028,0.07000000000000028,0.07186000000000003,0.07186000000000003,0.07007951141866275,0.07007951141866275,0.0006335543910651609,0.0006335543910651609,0.08397790733353805,0.08397790733353805,-0.3950017889190036,0.3950017889190036,0.014236999999998723,0.014236999999998723,0.011342000000003516,0.011342000000003516,0.11075315652623452,0.11075315652623452,-0.43913203305938353,0.43913203305938353
2023-12-28,2025-06-11,4.3392,4.2643,ElasticNet,4.345077907333538,4.3392,4.33438,4.332637782069814,4.27431406940304,4.345077907333538,3.572030096882416,4.276869999999999,4.2798050000000005,4.371007029187613,3.858054546093963,0.08077790733353751,0.08077790733353751,0.07489999999999952,0.07489999999999952,0.07007999999999992,0.07007999999999992,0.06833778206981389,0.06833778206981389,0.010014069403039727,0.010014069403039727,0.08077790733353751,0.08077790733353751,-0.6922699031175843,0.6922699031175843,0.012569999999998416,0.012569999999998416,0.015505000000000102,0.015505000000000102,0.10670702918761243,0.10670702918761243,-0.4062454539060374,0.4062454539060374
2023-12-29,2025-06-12,4.348,4.2631,ElasticNet,4.345077907333538,4.348,4.33716,4.335430912602575,4.281276485114027,4.345077907333538,3.677473049794368,4.275634999999999,4.277531000000002,4.3763027611677225,3.8982429245940966,0.08197790733353827,0.08197790733353827,0.0849000000000002,0.0849000000000002,0.07406000000000024,0.07406000000000024,0.07233091260257574,0.07233091260257574,0.018176485114027585,0.018176485114027585,0.08197790733353827,0.08197790733353827,-0.5856269502056315,0.5856269502056315,0.01253499999999974,0.01253499999999974,0.014431000000002747,0.014431000000002747,0.11320276116772288,0.11320276116772288,-0.36485707540590306,0.36485707540590306
2024-01-02,2025-06-13,4.3434,4.272,ElasticNet,4.345077907333538,4.3434,4.3381,4.3368798375839255,4.297823219465656,4.345077907333538,3.907957119836726,4.279889999999998,4.290174000000002,4.374456174293018,3.9043570214611094,0.0730779073335377,0.0730779073335377,0.07139999999999969,0.07139999999999969,0.0660999999999996,0.0660999999999996,0.06487983758392524,0.06487983758392524,0.025823219465655356,0.025823219465655356,0.0730779073335377,0.0730779073335377,-0.36404288016327424,0.36404288016327424,0.007889999999997954,0.007889999999997954,0.01817400000000191,0.01817400000000191,0.10245617429301745,0.10245617429301745,-0.36764297853889083,0.36764297853889083
2024-01-03,2025-06-16,4.3646,4.2612,ElasticNet,4.345077907333538,4.3646,4.34526,4.341919867114121,4.294587657232065,4.345077907333538,4.089037141775568,4.268913999999998,4.292694000000001,4.37679891084039,3.9831109989988587,0.08387790733353828,0.08387790733353828,0.1034000000000006,0.1034000000000006,0.08406000000000002,0.08406000000000002,0.08071986711412116,0.08071986711412116,0.03338765723206549,0.03338765723206549,0.08387790733353828,0.08387790733353828,-0.17216285822443123,0.17216285822443123,0.007713999999998222,0.007713999999998222,0.03149400000000124,0.03149400000000124,0.11559891084039009,0.11559891084039009,-0.278089001001141,0.278089001001141
2024-01-04,2025-06-17,4.3525,4.275,ElasticNet,4.345077907333538,4.3525,4.34954,4.343843527638826,4.294830203249912,4.345077907333538,4.061134132285874,4.257716999999999,4.283835000000002,4.260747222969349,3.9105650158941887,0.07007790733353758,0.07007790733353758,0.07749999999999968,0.07749999999999968,0.07453999999999983,0.07453999999999983,0.06884352763882529,0.06884352763882529,0.019830203249911804,0.019830203249911804,0.07007790733353758,0.07007790733353758,-0.21386586771412652,0.21386586771412652,-0.017283000000001714,0.017283000000001714,0.008835000000001259,0.008835000000001259,-0.014252777030651309,0.014252777030651309,-0.36443498410581165,0.36443498410581165
2024-01-05,2025-06-18,4.3484,4.2717,ElasticNet,4.345077907333538,4.3484,4.351380000000001,4.344671977159039,4.297696237535291,4.345077907333538,3.9587023857399957,4.259946999999999,4.283828000000002,4.263808234031166,3.856572164736442,0.07337790733353788,0.07337790733353788,0.07669999999999977,0.07669999999999977,0.07968000000000064,0.07968000000000064,0.07297197715903891,0.07297197715903891,0.025996237535291122,0.025996237535291122,0.07337790733353788,0.07337790733353788,-0.3129976142600044,0.3129976142600044,-0.011753000000001457,0.011753000000001457,0.012128000000002359,0.012128000000002359,-0.007891765968834008,0.007891765968834008,-0.4151278352635579,0.4151278352635579
2024-01-08,2025-06-20,4.3548,4.2709,ElasticNet,4.345077907333538,4.3548,4.35274,4.346513435857395,4.29714109284284,4.345077907333538,3.9532081274965485,4.260113999999999,4.282676000000004,4.256710379927261,3.862210401601817,0.0741779073335378,0.0741779073335378,0.08389999999999986,0.08389999999999986,0.08183999999999969,0.08183999999999969,0.07561343585739522,0.07561343585739522,0.02624109284283982,0.02624109284283982,0.0741779073335378,0.0741779073335378,-0.31769187250345166,0.31769187250345166,-0.010786000000001295,0.010786000000001295,0.011776000000003783,0.011776000000003783,-0.01418962007273894,0.01418962007273894,-0.4086895983981833,0.4086895983981833
2024-01-09,2025-06-23,4.3351,4.2727,ElasticNet,4.345077907333538,4.3351,4.3510800000000005,4.344438265701505,4.284891626292092,4.345077907333538,4.149543530826655,4.261815999999998,4.284937000000003,4.255321508872209,3.831402480862582,0.07237790733353755,0.07237790733353755,0.062399999999999345,0.062399999999999345,0.07838000000000012,0.07838000000000012,0.07173826570150421,0.07173826570150421,0.012191626292091584,0.012191626292091584,0.07237790733353755,0.07237790733353755,-0.12315646917334533,0.12315646917334533,-0.010884000000002558,0.010884000000002558,0.012237000000002496,0.012237000000002496,-0.017378491127791662,0.017378491127791662,-0.44129751913741844,0.44129751913741844
2024-01-10,2025-06-24,4.3413,4.2604,ElasticNet,4.345077907333538,4.3413,4.34642,4.343867671937594,4.295428502151181,4.345077907333538,4.325240354817618,4.261649999999998,4.282709000000002,4.260652306039744,3.8629769092423456,0.0846779073335382,0.0846779073335382,0.08090000000000064,0.08090000000000064,0.08602000000000043,0.08602000000000043,0.08346767193759419,0.08346767193759419,0.035028502151181584,0.035028502151181584,0.0846779073335382,0.0846779073335382,0.06484035481761818,0.06484035481761818,0.001249999999997975,0.001249999999997975,0.022309000000002577,0.022309000000002577,0.0002523060397443544,0.0002523060397443544,-0.39742309075765414,0.39742309075765414
2024-01-11,2025-06-25,4.3505,4.2479,ElasticNet,4.345077907333538,4.3505,4.34602,4.345073549767122,4.3001927213291475,4.345077907333538,4.151041686226915,4.262004999999999,4.280983000000002,4.257200411460857,3.883846642180813,0.09717790733353837,0.09717790733353837,0.10260000000000069,0.10260000000000069,0.09812000000000065,0.09812000000000065,0.09717354976712222,0.09717354976712222,0.05229272132914797,0.05229272132914797,0.09717790733353837,0.09717790733353837,-0.09685831377308496,0.09685831377308496,0.014104999999999812,0.014104999999999812,0.033083000000002194,0.033083000000002194,0.009300411460857028,0.009300411460857028,-0.36405335781918646,0.36405335781918646
2024-01-12,2025-06-26,4.3574,4.2479,ElasticNet,4.345077907333538,4.3574,4.3478200000000005,4.347314722536736,4.298542928495225,4.345077907333538,3.8912668777222716,4.261544,4.282045000000002,4.249718078013532,3.9176029566306907,0.09717790733353837,0.09717790733353837,0.1095000000000006,0.1095000000000006,0.0999200000000009,0.0999200000000009,0.09941472253673656,0.09941472253673656,0.05064292849522545,0.05064292849522545,0.09717790733353837,0.09717790733353837,-0.3566331222777279,0.3566331222777279,0.013644000000000212,0.013644000000000212,0.03414500000000231,0.03414500000000231,0.0018180780135326202,0.0018180780135326202,-0.3302970433693089,0.3302970433693089
2024-01-15,2025-06-27,4.3748,4.2362,ElasticNet,4.345077907333538,4.3748,4.35182,4.352312045711875,4.296166295991927,4.345077907333538,3.9984955222083345,4.261184999999999,4.291097000000003,4.247691737072779,3.9516132149897096,0.10887790733353775,0.10887790733353775,0.1385999999999994,0.1385999999999994,0.11561999999999983,0.11561999999999983,0.1161120457118745,0.1161120457118745,0.059966295991927154,0.059966295991927154,0.10887790733353775,0.10887790733353775,-0.2377044777916657,0.2377044777916657,0.024984999999999147,0.024984999999999147,0.05489700000000308,0.05489700000000308,0.011491737072779173,0.011491737072779173,-0.28458678501029055,0.28458678501029055
2024-01-16,2025-06-30,4.3934,4.2419,ElasticNet,4.345077907333538,4.3934,4.36348,4.3597825828551695,4.289005755708243,4.345077907333538,4.2810179223472264,4.262213999999999,4.293840000000001,4.2479708214870495,3.9610521103507117,0.10317790733353771,0.10317790733353771,0.15149999999999952,0.15149999999999952,0.1215799999999998,0.1215799999999998,0.11788258285516928,0.11788258285516928,0.047105755708242825,0.047105755708242825,0.10317790733353771,0.10317790733353771,0.03911792234722622,0.03911792234722622,0.020313999999999055,0.020313999999999055,0.051940000000000985,0.051940000000000985,0.006070821487049294,0.006070821487049294,-0.28084788964928853,0.28084788964928853
2024-01-17,2025-07-01,4.3978,4.2415,ElasticNet,4.345077907333538,4.3978,4.37478,4.366694840517866,4.307311411531257,4.345077907333538,4.4586051721826525,4.2630930000000005,4.295894000000003,4.247674698318655,3.967008205191944,0.10357790733353767,0.10357790733353767,0.15629999999999988,0.15629999999999988,0.13328000000000007,0.13328000000000007,0.12519484051786556,0.12519484051786556,0.06581141153125714,0.06581141153125714,0.10357790733353767,0.10357790733353767,0.21710517218265224,0.21710517218265224,0.021593000000000195,0.021593000000000195,0.05439400000000294,0.05439400000000294,0.006174698318655025,0.006174698318655025,-0.2744917948080561,0.2744917948080561
2024-01-18,2025-07-02,4.4016,4.25,ElasticNet,4.345077907333538,4.4016,4.385,4.373041233150981,4.318083514577598,4.345077907333538,4.413305025029823,4.262383999999999,4.297990000000002,4.2408338881869,3.9930852493294497,0.09507790733353794,0.09507790733353794,0.15160000000000018,0.15160000000000018,0.1349999999999998,0.1349999999999998,0.12304123315098092,0.12304123315098092,0.06808351457759798,0.06808351457759798,0.09507790733353794,0.09507790733353794,0.16330502502982291,0.16330502502982291,0.012383999999999062,0.012383999999999062,0.0479900000000022,0.0479900000000022,-0.009166111813099675,0.009166111813099675,-0.25691475067055025,0.25691475067055025
2024-01-19,2025-07-03,4.3846,4.2634,ElasticNet,4.345077907333538,4.3846,4.39044,4.375142827123529,4.3251509505943995,4.345077907333538,4.19462411711963,4.260343999999999,4.295612000000002,4.245491085257372,3.9522234898639876,0.08167790733353808,0.08167790733353808,0.12119999999999997,0.12119999999999997,0.12704000000000004,0.12704000000000004,0.11174282712352923,0.11174282712352923,0.06175095059439961,0.06175095059439961,0.08167790733353808,0.08167790733353808,-0.06877588288037018,0.06877588288037018,-0.003056000000000836,0.003056000000000836,0.03221200000000213,0.03221200000000213,-0.01790891474262768,0.01790891474262768,-0.3111765101360122,0.3111765101360122
2024-01-22,2025-07-04,4.356,4.2515,ElasticNet,4.345077907333538,4.356,4.38668,4.371662313101069,4.306914519702736,4.345077907333538,4.082932254530741,4.262377999999998,4.304013000000001,4.2469070945366845,3.8697657978675633,0.09357790733353788,0.09357790733353788,0.10449999999999982,0.10449999999999982,0.13518000000000008,0.13518000000000008,0.12016231310106917,0.12016231310106917,0.05541451970273581,0.05541451970273581,0.09357790733353788,0.09357790733353788,-0.16856774546925912,0.16856774546925912,0.010877999999998167,0.010877999999998167,0.05251300000000114,0.05251300000000114,-0.004592905463315589,0.004592905463315589,-0.3817342021324368,0.3817342021324368
2024-01-23,2025-07-07,4.3697,4.2524,ElasticNet,4.345077907333538,4.3697,4.38194,4.371305528900875,4.3140411566337695,4.345077907333538,4.232687058199769,4.2625519999999995,4.3009650000000015,4.254860215526387,3.906774421466398,0.0926779073335382,0.0926779073335382,0.11730000000000018,0.11730000000000018,0.12954000000000043,0.12954000000000043,0.11890552890087491,0.11890552890087491,0.06164115663376979,0.06164115663376979,0.0926779073335382,0.0926779073335382,-0.019712941800230865,0.019712941800230865,0.010151999999999717,0.010151999999999717,0.048565000000001746,0.048565000000001746,0.0024602155263870884,0.0024602155263870884,-0.34562557853360154,0.34562557853360154
2024-01-24,2025-07-08,4.3755,4.2455,ElasticNet,4.345077907333538,4.3755,4.37748,4.372068160009806,4.340156920550675,4.345077907333538,4.301699893016247,4.263453999999999,4.301811000000002,4.257328042679963,3.91325497118982,0.09957790733353811,0.09957790733353811,0.1299999999999999,0.1299999999999999,0.13198000000000043,0.13198000000000043,0.12656816000980609,0.12656816000980609,0.09465692055067532,0.09465692055067532,0.09957790733353811,0.09957790733353811,0.05619989301624706,0.05619989301624706,0.01795399999999958,0.01795399999999958,0.056311000000001776,0.056311000000001776,0.011828042679963069,0.011828042679963069,-0.3322450288101799,0.3322450288101799
2024-01-25,2025-07-09,4.379,4.2399,ElasticNet,4.345077907333538,4.379,4.37296,4.373328494553477,4.361682841674108,4.345077907333538,4.356563144680624,4.266744999999999,4.310288000000001,4.256444450365128,3.9134941615062164,0.10517790733353838,0.10517790733353838,0.1391,0.1391,0.1330600000000004,0.1330600000000004,0.1334284945534776,0.1334284945534776,0.12178284167410869,0.12178284167410869,0.10517790733353838,0.10517790733353838,0.11666314468062478,0.11666314468062478,0.026844999999999786,0.026844999999999786,0.07038800000000123,0.07038800000000123,0.01654445036512886,0.01654445036512886,-0.32640583849378313,0.32640583849378313
2024-01-26,2025-07-10,4.3802,4.2464,ElasticNet,4.345077907333538,4.3802,4.37208,4.374577859180118,4.360498749594496,4.345077907333538,4.190771060054195,4.2663780000000004,4.308691000000001,4.253489617196047,3.9128133952628157,0.09867790733353754,0.09867790733353754,0.13379999999999992,0.13379999999999992,0.12568000000000001,0.12568000000000001,0.12817785918011726,0.12817785918011726,0.11409874959449517,0.11409874959449517,0.09867790733353754,0.09867790733353754,-0.0556289399458052,0.0556289399458052,0.01997800000000005,0.01997800000000005,0.062291000000000984,0.062291000000000984,0.007089617196046838,0.007089617196046838,-0.3335866047371847,0.3335866047371847
2024-01-29,2025-07-11,4.3653,4.2563,ElasticNet,4.345077907333538,4.3653,4.37394,4.372890975692823,4.358992363446209,4.345077907333538,3.954300206597281,4.266444,4.314171000000001,4.254570258750983,3.8668387528442283,0.08877790733353752,0.08877790733353752,0.10899999999999999,0.10899999999999999,0.11763999999999974,0.11763999999999974,0.11659097569282295,0.11659097569282295,0.10269236344620847,0.10269236344620847,0.08877790733353752,0.08877790733353752,-0.30199979340271943,0.30199979340271943,0.010143999999999487,0.010143999999999487,0.05787100000000045,0.05787100000000045,-0.0017297412490178132,0.0017297412490178132,-0.38946124715577213,0.38946124715577213
2024-01-30,2025-07-14,4.3634,4.2614,ElasticNet,4.345077907333538,4.3634,4.37268,4.3711653437486735,4.354467524994284,4.345077907333538,4.06737358897472,4.26614,4.306498,4.256672001463754,3.857504403310218,0.08367790733353786,0.08367790733353786,0.10200000000000031,0.10200000000000031,0.11127999999999982,0.11127999999999982,0.10976534374867342,0.10976534374867342,0.09306752499428406,0.09306752499428406,0.08367790733353786,0.08367790733353786,-0.1940264110252805,0.1940264110252805,0.0047399999999999665,0.0047399999999999665,0.045098000000000305,0.045098000000000305,-0.004727998536246503,0.004727998536246503,-0.4038955966897819,0.4038955966897819
2024-01-31,2025-07-15,4.3434,4.2538,ElasticNet,4.345077907333538,4.3434,4.36626,4.366117099430733,4.341439539080087,4.345077907333538,4.298125664143713,4.265900999999999,4.306279000000001,4.254356078242922,3.8242344323408055,0.09127790733353791,0.09127790733353791,0.0895999999999999,0.0895999999999999,0.11245999999999956,0.11245999999999956,0.11231709943073298,0.11231709943073298,0.08763953908008659,0.08763953908008659,0.09127790733353791,0.09127790733353791,0.044325664143713084,0.044325664143713084,0.012100999999998585,0.012100999999998585,0.05247900000000083,0.05247900000000083,0.0005560782429219202,0.0005560782429219202,-0.4295655676591945,0.4295655676591945
2024-02-01,2025-07-16,4.3247,4.2585,ElasticNet,4.345077907333538,4.3247,4.3554,4.3585867177160535,4.3268432205779055,4.345077907333538,4.460291397961294,4.267897,4.296622999999999,4.25581307052692,3.7723680257102443,0.0865779073335382,0.0865779073335382,0.06620000000000026,0.06620000000000026,0.09690000000000065,0.09690000000000065,0.10008671771605382,0.10008671771605382,0.06834322057790576,0.06834322057790576,0.0865779073335382,0.0865779073335382,0.2017913979612942,0.2017913979612942,0.009396999999999878,0.009396999999999878,0.038122999999999685,0.038122999999999685,-0.00268692947307958,0.00268692947307958,-0.4861319742897554,0.4861319742897554
2024-02-02,2025-07-17,4.3173,4.2559,ElasticNet,4.345077907333538,4.3173,4.342820000000001,4.3510800417676805,4.321435188299268,4.345077907333538,4.62681669466803,4.267535999999999,4.299994,4.2554370291128585,3.7437152401895526,0.08917790733353836,0.08917790733353836,0.06140000000000079,0.06140000000000079,0.086920000000001,0.086920000000001,0.09518004176768091,0.09518004176768091,0.0655351882992683,0.0655351882992683,0.08917790733353836,0.08917790733353836,0.37091669466803,0.37091669466803,0.011635999999999314,0.011635999999999314,0.0440940000000003,0.0440940000000003,-0.0004629708871410898,0.0004629708871410898,-0.512184759810447,0.512184759810447
2024-02-05,2025-07-18,4.3278,4.2509,ElasticNet,4.345077907333538,4.3278,4.33532,4.3468473069008295,4.327671490799012,4.345077907333538,4.0587894465841075,4.2677109999999985,4.29878,4.252604375417232,3.7844773302094863,0.09417790733353826,0.09417790733353826,0.07690000000000019,0.07690000000000019,0.0844200000000006,0.0844200000000006,0.09594730690082987,0.09594730690082987,0.07677149079901202,0.07677149079901202,0.09417790733353826,0.09417790733353826,-0.19211055341589223,0.19211055341589223,0.0168109999999988,0.0168109999999988,0.047880000000000145,0.047880000000000145,0.001704375417232562,0.001704375417232562,-0.4664226697905134,0.4664226697905134
2024-02-06,2025-07-21,4.3435,4.2445,ElasticNet,4.345077907333538,4.3435,4.33134,4.346238705646133,4.343233780422226,4.345077907333538,4.188462507497664,4.266335999999998,4.293627,4.257600267878376,3.817351257681793,0.10057790733353755,0.10057790733353755,0.09899999999999931,0.09899999999999931,0.08683999999999958,0.08683999999999958,0.10173870564613274,0.10173870564613274,0.09873378042222569,0.09873378042222569,0.10057790733353755,0.10057790733353755,-0.05603749250233658,0.05603749250233658,0.021835999999997746,0.021835999999997746,0.04912699999999948,0.04912699999999948,0.013100267878376037,0.013100267878376037,-0.4271487423182072,0.4271487423182072
2024-02-07,2025-07-22,4.3466,4.2531,ElasticNet,4.345077907333538,4.3466,4.33198,4.346304395528654,4.349112862692897,4.345077907333538,4.47796006438838,4.265326999999998,4.301514,4.2592314053420575,3.8311037206190504,0.09197790733353806,0.09197790733353806,0.0934999999999997,0.0934999999999997,0.07887999999999984,0.07887999999999984,0.09320439552865434,0.09320439552865434,0.09601286269289755,0.09601286269289755,0.09197790733353806,0.09197790733353806,0.22486006438838047,0.22486006438838047,0.012226999999998434,0.012226999999998434,0.04841400000000018,0.04841400000000018,0.006131405342057583,0.006131405342057583,-0.4219962793809495,0.4219962793809495
2024-02-08,2025-07-23,4.3449,4.2544,ElasticNet,4.345077907333538,4.3449,4.33602,4.34604905088708,4.35653607306346,4.345077907333538,4.530635851708579,4.261860999999999,4.3021650000000005,4.261939784664576,3.825205419867853,0.09067790733353753,0.09067790733353753,0.09049999999999958,0.09049999999999958,0.08162000000000003,0.08162000000000003,0.09164905088707975,0.09164905088707975,0.10213607306345995,0.10213607306345995,0.09067790733353753,0.09067790733353753,0.276235851708579,0.276235851708579,0.007460999999998386,0.007460999999998386,0.04776500000000006,0.04776500000000006,0.0075397846645754996,0.0075397846645754996,-0.4291945801321475,0.4291945801321475
2024-02-09,2025-07-24,4.3167,4.2514,ElasticNet,4.345077907333538,4.3167,4.3359000000000005,4.340712859816701,4.364097956253783,4.345077907333538,4.416488760877803,4.258702999999998,4.303914000000001,4.263468660595255,3.7606217079992676,0.09367790733353765,0.09367790733353765,0.06529999999999969,0.06529999999999969,0.08450000000000024,0.08450000000000024,0.089312859816701,0.089312859816701,0.11269795625378265,0.11269795625378265,0.09367790733353765,0.09367790733353765,0.16508876087780244,0.16508876087780244,0.007302999999997617,0.007302999999997617,0.052514000000000394,0.052514000000000394,0.012068660595255132,0.012068660595255132,-0.49077829200073264,0.49077829200073264
2024-02-12,2025-07-25,4.328,4.2544,ElasticNet,4.345077907333538,4.328,4.33594,4.338401430759119,4.363561507187534,4.345077907333538,4.060504898208896,4.259165999999997,4.304303000000001,4.262590338753682,3.8108221350226965,0.09067790733353753,0.09067790733353753,0.07359999999999989,0.07359999999999989,0.0815399999999995,0.0815399999999995,0.08400143075911881,0.08400143075911881,0.10916150718753403,0.10916150718753403,0.09067790733353753,0.09067790733353753,-0.1938951017911048,0.1938951017911048,0.004765999999996495,0.004765999999996495,0.049903000000000475,0.049903000000000475,0.008190338753681914,0.008190338753681914,-0.4435778649773039,0.4435778649773039
2024-02-13,2025-07-28,4.3214,4.2565,ElasticNet,4.345077907333538,4.3214,4.331519999999999,4.335310261530188,4.367270639872712,4.345077907333538,4.265975548169859,4.261539999999999,4.300086999999999,4.261849106690703,3.7465699465937146,0.08857790733353799,0.08857790733353799,0.06489999999999974,0.06489999999999974,0.07501999999999942,0.07501999999999942,0.07881026153018844,0.07881026153018844,0.11077063987271174,0.11077063987271174,0.08857790733353799,0.08857790733353799,0.00947554816985896,0.00947554816985896,0.005039999999999267,0.005039999999999267,0.04358699999999871,0.04358699999999871,0.005349106690703209,0.005349106690703209,-0.5099300534062854,0.5099300534062854
2024-02-14,2025-07-29,4.3435,4.2737,ElasticNet,4.345077907333538,4.3435,4.3309,4.336799304888336,4.378339581041226,4.345077907333538,4.251253713382629,4.2595139999999985,4.301831,4.262202922350456,3.7703179106564217,0.0713779073335381,0.0713779073335381,0.06979999999999986,0.06979999999999986,0.05719999999999992,0.05719999999999992,0.06309930488833615,0.06309930488833615,0.10463958104122639,0.10463958104122639,0.0713779073335381,0.0713779073335381,-0.022446286617371136,0.022446286617371136,-0.014186000000001364,0.014186000000001364,0.028131000000000128,0.028131000000000128,-0.011497077649543996,0.011497077649543996,-0.5033820893435781,0.5033820893435781
2024-02-15,2025-07-30,4.3463,4.2732,ElasticNet,4.345077907333538,4.3463,4.331180000000001,4.338526703999547,4.3793844706399545,4.345077907333538,4.199862788891651,4.259018999999998,4.300110999999998,4.2633804350330164,3.7835459959551536,0.07187790733353783,0.07187790733353783,0.07310000000000016,0.07310000000000016,0.05798000000000059,0.05798000000000059,0.06532670399954732,0.06532670399954732,0.1061844706399544,0.1061844706399544,0.07187790733353783,0.07187790733353783,-0.07333721110834901,0.07333721110834901,-0.014181000000002442,0.014181000000002442,0.026910999999997465,0.026910999999997465,-0.009819564966983663,0.009819564966983663,-0.4896540040448465,0.4896540040448465
2024-02-16,2025-07-31,4.3414,4.2661,ElasticNet,4.345077907333538,4.3414,4.336119999999999,4.339049121454175,4.385421635845355,4.345077907333538,3.9557664216804076,4.259605999999998,4.304886999999999,4.262992756624437,3.774091070383128,0.07897790733353816,0.07897790733353816,0.07530000000000037,0.07530000000000037,0.07001999999999953,0.07001999999999953,0.07294912145417509,0.07294912145417509,0.11932163584535527,0.11932163584535527,0.07897790733353816,0.07897790733353816,-0.3103335783195922,0.3103335783195922,-0.006494000000001776,0.006494000000001776,0.03878699999999924,0.03878699999999924,-0.0031072433755623408,0.0031072433755623408,-0.4920089296168717,0.4920089296168717
2024-02-19,2025-08-01,4.339,4.2813,ElasticNet,4.345077907333538,4.339,4.33832,4.339040190280689,4.400603189111768,4.345077907333538,3.6680260644232017,4.259926999999998,4.306027999999999,4.260688261251261,3.7210057789744613,0.06377790733353805,0.06377790733353805,0.05770000000000053,0.05770000000000053,0.057020000000000515,0.057020000000000515,0.057740190280688886,0.057740190280688886,0.1193031891117684,0.1193031891117684,0.06377790733353805,0.06377790733353805,-0.6132739355767982,0.6132739355767982,-0.021373000000002307,0.021373000000002307,0.02472799999999875,0.02472799999999875,-0.020611738748739228,0.020611738748739228,-0.5602942210255386,0.5602942210255386
2024-02-20,2025-08-04,4.3186,4.2734,ElasticNet,4.345077907333538,4.3186,4.33776,4.335323792047836,4.388889946141343,4.345077907333538,3.9348371033307212,4.260717999999999,4.298508999999998,4.260395733919323,3.6391861127605662,0.0716779073335383,0.0716779073335383,0.04520000000000035,0.04520000000000035,0.06436000000000064,0.06436000000000064,0.06192379204783638,0.06192379204783638,0.11548994614134322,0.11548994614134322,0.0716779073335383,0.0716779073335383,-0.3385628966692784,0.3385628966692784,-0.012682000000000748,0.012682000000000748,0.025108999999998716,0.025108999999998716,-0.013004266080677063,0.013004266080677063,-0.6342138872394334,0.6342138872394334
2024-02-21,2025-08-05,4.3163,4.2763,ElasticNet,4.345077907333538,4.3163,4.33232,4.331864920766411,4.378887179610578,4.345077907333538,4.088122674556018,4.259828999999997,4.301824999999999,4.258743880778732,3.6547018716082484,0.06877790733353795,0.06877790733353795,0.040000000000000036,0.040000000000000036,0.05602000000000018,0.05602000000000018,0.05556492076641106,0.05556492076641106,0.10258717961057773,0.10258717961057773,0.06877790733353795,0.06877790733353795,-0.18817732544398158,0.18817732544398158,-0.01647100000000279,0.01647100000000279,0.02552499999999913,0.02552499999999913,-0.017556119221268318,0.017556119221268318,-0.6215981283917515,0.6215981283917515
2024-02-22,2025-08-06,4.3199,4.282,ElasticNet,4.345077907333538,4.3199,4.32704,4.329689480627064,4.379439396170982,4.345077907333538,4.148454687312258,4.261651999999998,4.301317999999998,4.259415222771385,3.693530032653491,0.06307790733353791,0.06307790733353791,0.0378999999999996,0.0378999999999996,0.04504000000000019,0.04504000000000019,0.047689480627063574,0.047689480627063574,0.09743939617098185,0.09743939617098185,0.06307790733353791,0.06307790733353791,-0.13354531268774217,0.13354531268774217,-0.02034800000000203,0.02034800000000203,0.019317999999998392,0.019317999999998392,-0.02258477722861496,0.02258477722861496,-0.588469967346509,0.588469967346509
2024-02-23,2025-08-07,4.3326,4.2618,ElasticNet,4.345077907333538,4.3326,4.325279999999999,4.330218665967597,4.381244592717199,4.345077907333538,3.842584058353295,4.261811999999998,4.3033,4.257835773512539,3.7101696024572055,0.0832779073335379,0.0832779073335379,0.0708000000000002,0.0708000000000002,0.06347999999999931,0.06347999999999931,0.06841866596759694,0.06841866596759694,0.11944459271719854,0.11944459271719854,0.0832779073335379,0.0832779073335379,-0.41921594164670495,0.41921594164670495,1.1999999998124622e-05,1.1999999998124622e-05,0.04150000000000009,0.04150000000000009,-0.0039642264874606425,0.0039642264874606425,-0.5516303975427945,0.5516303975427945
2024-02-26,2025-08-08,4.3117,4.2566,ElasticNet,4.345077907333538,4.3117,4.31982,4.3268516357916695,4.372556000305085,4.345077907333538,3.4532857701501163,4.259330999999999,4.298594999999999,4.258276747709296,3.6504854158119837,0.08847790733353822,0.08847790733353822,0.05510000000000037,0.05510000000000037,0.06322000000000028,0.06322000000000028,0.07025163579166982,0.07025163579166982,0.11595600030508546,0.11595600030508546,0.08847790733353822,0.08847790733353822,-0.8033142298498834,0.8033142298498834,0.0027309999999989287,0.0027309999999989287,0.041994999999999116,0.041994999999999116,0.0016767477092960448,0.0016767477092960448,-0.606114584188016,0.606114584188016
2024-02-27,2025-08-11,4.3067,4.2533,ElasticNet,4.345077907333538,4.3067,4.31744,4.323187702011365,4.368410659259079,4.345077907333538,3.852576829810038,4.258735999999999,4.297987,4.254429479729065,3.6720906196091705,0.09177790733353763,0.09177790733353763,0.05339999999999989,0.05339999999999989,0.06414000000000009,0.06414000000000009,0.06988770201136507,0.06988770201136507,0.11511065925907893,0.11511065925907893,0.09177790733353763,0.09177790733353763,-0.4007231701899623,0.4007231701899623,0.005435999999998664,0.005435999999998664,0.0446869999999997,0.0446869999999997,0.0011294797290650749,0.0011294797290650749,-0.5812093803908298,0.5812093803908298
2024-02-28,2025-08-12,4.3116,4.2626,ElasticNet,4.345077907333538,4.3116,4.3165,4.321080847100208,4.3635941525632,4.345077907333538,4.047047594271328,4.259532999999999,4.2981349999999985,4.258221109704323,3.693559713389601,0.08247790733353799,0.08247790733353799,0.04900000000000038,0.04900000000000038,0.053899999999999615,0.053899999999999615,0.05848084710020807,0.05848084710020807,0.10099415256320032,0.10099415256320032,0.08247790733353799,0.08247790733353799,-0.21555240572867174,0.21555240572867174,-0.003067000000000597,0.003067000000000597,0.03553499999999854,0.03553499999999854,-0.004378890295677174,0.004378890295677174,-0.5690402866103987,0.5690402866103987
2024-02-29,2025-08-13,4.319,4.2586,ElasticNet,4.345077907333538,4.319,4.31632,4.320702511263806,4.364175426966899,4.345077907333538,3.8336480502092716,4.259786999999998,4.298486,4.256395933435717,3.7000349857355115,0.08647790733353755,0.08647790733353755,0.060399999999999565,0.060399999999999565,0.05771999999999977,0.05771999999999977,0.06210251126380584,0.06210251126380584,0.10557542696689826,0.10557542696689826,0.08647790733353755,0.08647790733353755,-0.4249519497907288,0.4249519497907288,0.0011869999999980507,0.0011869999999980507,0.0398859999999992,0.0398859999999992,-0.0022040665642837354,0.0022040665642837354,-0.5585650142644889,0.5585650142644889
2024-03-01,2025-08-14,4.3176,4.2639,ElasticNet,4.345077907333538,4.3176,4.31332,4.32013841830675,4.377019515159423,4.345077907333538,3.62632588163732,4.259056999999998,4.285867999999999,4.262930489134683,3.7014214781945576,0.08117790733353836,0.08117790733353836,0.05370000000000008,0.05370000000000008,0.049420000000000464,0.049420000000000464,0.05623841830675058,0.05623841830675058,0.11311951515942376,0.11311951515942376,0.08117790733353836,0.08117790733353836,-0.6375741183626795,0.6375741183626795,-0.004843000000001929,0.004843000000001929,0.02196799999999932,0.02196799999999932,-0.0009695108653167139,0.0009695108653167139,-0.562478521805442,0.562478521805442
2024-03-04,2025-08-18,4.3201,4.2558,ElasticNet,4.345077907333538,4.3201,4.315,4.320131433160068,4.383342473265038,4.345077907333538,3.9444488650211644,4.262280999999999,4.289341999999999,4.257096622957661,3.7470883966657698,0.08927790733353813,0.08927790733353813,0.06430000000000025,0.06430000000000025,0.059200000000000585,0.059200000000000585,0.06433143316006795,0.06433143316006795,0.12754247326503787,0.12754247326503787,0.08927790733353813,0.08927790733353813,-0.3113511349788354,0.3113511349788354,0.006480999999999071,0.006480999999999071,0.03354199999999885,0.03354199999999885,0.0012966229576614197,0.0012966229576614197,-0.50871160333423,0.50871160333423
2024-03-05,2025-08-19,4.3228,4.242,ElasticNet,4.345077907333538,4.3228,4.31822,4.320616627130964,4.384763796276546,4.345077907333538,3.7822017747365795,4.260620999999998,4.289591,4.257715907300355,3.7648314093227375,0.10307790733353794,0.10307790733353794,0.08079999999999998,0.08079999999999998,0.07622000000000018,0.07622000000000018,0.07861662713096429,0.07861662713096429,0.14276379627654645,0.14276379627654645,0.10307790733353794,0.10307790733353794,-0.4597982252634205,0.4597982252634205,0.018620999999997778,0.018620999999997778,0.04759099999999972,0.04759099999999972,0.015715907300354992,0.015715907300354992,-0.47716859067726247,0.47716859067726247
2024-03-06,2025-08-20,4.3106,4.2524,ElasticNet,4.345077907333538,4.3106,4.31802,4.318795422198061,4.373195458149003,4.345077907333538,3.8606635222403964,4.265851999999998,4.291613,4.256891684859008,3.7338001508863354,0.0926779073335382,0.0926779073335382,0.05820000000000025,0.05820000000000025,0.06562000000000001,0.06562000000000001,0.06639542219806138,0.06639542219806138,0.12079545814900339,0.12079545814900339,0.0926779073335382,0.0926779073335382,-0.3917364777596033,0.3917364777596033,0.013451999999998243,0.013451999999998243,0.039213000000000164,0.039213000000000164,0.004491684859008416,0.004491684859008416,-0.5185998491136643,0.5185998491136643
2024-03-07,2025-08-21,4.3045,4.2521,ElasticNet,4.345077907333538,4.3045,4.31512,4.3161962545256864,4.3628650798429645,4.345077907333538,3.7264155082194748,4.262344999999999,4.28839,4.259013260794847,3.757019009629915,0.0929779073335375,0.0929779073335375,0.05239999999999956,0.05239999999999956,0.06301999999999985,0.06301999999999985,0.06409625452568601,0.06409625452568601,0.11076507984296402,0.11076507984296402,0.0929779073335375,0.0929779073335375,-0.5256844917805257,0.5256844917805257,0.010244999999998505,0.010244999999998505,0.03628999999999927,0.03628999999999927,0.006913260794846998,0.006913260794846998,-0.49508099037008524,0.49508099037008524
2024-03-08,2025-08-22,4.3079,4.267,ElasticNet,4.345077907333538,4.3079,4.31318,4.314687844611925,4.371243246766326,4.345077907333538,3.648692237994389,4.265460999999998,4.289654,4.259786185430828,3.7842146674190613,0.07807790733353759,0.07807790733353759,0.040899999999999714,0.040899999999999714,0.046179999999999666,0.046179999999999666,0.04768784461192421,0.04768784461192421,0.1042432467663259,0.1042432467663259,0.07807790733353759,0.07807790733353759,-0.6183077620056112,0.6183077620056112,-0.0015390000000019555,0.0015390000000019555,0.022653999999999286,0.022653999999999286,-0.00721381456917225,0.00721381456917225,-0.48278533258093903,0.48278533258093903
2024-03-11,2025-08-25,4.2933,4.2627,ElasticNet,4.345077907333538,4.2933,4.30782,4.310799145591576,4.367017746980992,4.345077907333538,3.7973732013599286,4.267357999999999,4.289038,4.260684711893568,3.703805757659344,0.08237790733353823,0.08237790733353823,0.030600000000000627,0.030600000000000627,0.045120000000000715,0.045120000000000715,0.048099145591576686,0.048099145591576686,0.10431774698099261,0.10431774698099261,0.08237790733353823,0.08237790733353823,-0.4653267986400711,0.4653267986400711,0.004657999999999163,0.004657999999999163,0.026337999999999973,0.026337999999999973,-0.002015288106432145,0.002015288106432145,-0.5588942423406555,0.5588942423406555
2024-03-12,2025-08-26,4.2804,4.2657,ElasticNet,4.345077907333538,4.2804,4.29934,4.305272028211289,4.358772029899204,4.345077907333538,3.6259134669050956,4.270020999999999,4.291255999999999,4.259769249064444,3.6711940736099535,0.07937790733353811,0.07937790733353811,0.01470000000000038,0.01470000000000038,0.033640000000000114,0.033640000000000114,0.03957202821128902,0.03957202821128902,0.09307202989920427,0.09307202989920427,0.07937790733353811,0.07937790733353811,-0.6397865330949042,0.6397865330949042,0.004320999999999131,0.004320999999999131,0.025555999999999024,0.025555999999999024,-0.005930750935555729,0.005930750935555729,-0.5945059263900463,0.5945059263900463
2024-03-13,2025-08-27,4.2896,4.2639,ElasticNet,4.345077907333538,4.2896,4.29514,4.3024225685365085,4.362180376022467,4.345077907333538,3.6511114191596414,4.270423999999998,4.288882000000001,4.259179499932552,3.716649137212292,0.08117790733353836,0.08117790733353836,0.0257000000000005,0.0257000000000005,0.03124000000000038,0.03124000000000038,0.03852256853650893,0.03852256853650893,0.09828037602246731,0.09828037602246731,0.08117790733353836,0.08117790733353836,-0.6127885808403581,0.6127885808403581,0.006523999999998864,0.006523999999998864,0.024982000000001392,0.024982000000001392,-0.00472050006744773,0.00472050006744773,-0.5472508627877075,0.5472508627877075
2024-03-14,2025-08-28,4.287,4.2681,ElasticNet,4.345077907333538,4.287,4.291639999999999,4.299618465166234,4.3596968925425434,4.345077907333538,3.5458759226404957,4.269538999999997,4.287220000000001,4.260292425346447,3.702677342119543,0.07697790733353838,0.07697790733353838,0.01890000000000036,0.01890000000000036,0.023539999999999672,0.023539999999999672,0.03151846516623458,0.03151846516623458,0.09159689254254388,0.09159689254254388,0.07697790733353838,0.07697790733353838,-0.7222240773595039,0.7222240773595039,0.0014389999999977476,0.0014389999999977476,0.019120000000001802,0.019120000000001802,-0.007807574653552862,0.007807574653552862,-0.5654226578804566,0.5654226578804566
2024-03-15,2025-08-29,4.2929,4.2684,ElasticNet,4.345077907333538,4.2929,4.288640000000001,4.2983969260451005,4.3674739826426965,4.345077907333538,3.3629400917417147,4.269391999999999,4.289656000000001,4.260982025657943,3.735489614535305,0.07667790733353819,0.07667790733353819,0.024500000000000632,0.024500000000000632,0.020240000000001146,0.020240000000001146,0.029996926045100736,0.029996926045100736,0.09907398264269673,0.09907398264269673,0.07667790733353819,0.07667790733353819,-0.905459908258285,0.905459908258285,0.0009919999999992157,0.0009919999999992157,0.021256000000001052,0.021256000000001052,-0.007417974342057043,0.007417974342057043,-0.5329103854646946,0.5329103854646946
2024-03-18,2025-09-01,4.3086,4.2574,ElasticNet,4.345077907333538,4.3086,4.2917000000000005,4.300252030400537,4.362733136940409,4.345077907333538,3.862768808345127,4.272926999999999,4.289908999999999,4.2615529760505835,3.7782297738591186,0.08767790733353831,0.08767790733353831,0.05120000000000058,0.05120000000000058,0.034300000000000885,0.034300000000000885,0.04285203040053709,0.04285203040053709,0.10533313694040913,0.10533313694040913,0.08767790733353831,0.08767790733353831,-0.3946311916548728,0.3946311916548728,0.015526999999999624,0.015526999999999624,0.03250899999999923,0.03250899999999923,0.004152976050583845,0.004152976050583845,-0.479170226140881,0.479170226140881
2024-03-19,2025-09-02,4.3201,4.2651,ElasticNet,4.345077907333538,4.3201,4.29964,4.303860752145893,4.368194974310364,4.345077907333538,3.796837173798984,4.274788999999999,4.292016,4.261288307771426,3.8019194116847084,0.0799779073335376,0.0799779073335376,0.054999999999999716,0.054999999999999716,0.03453999999999979,0.03453999999999979,0.03876075214589303,0.03876075214589303,0.10309497431036352,0.10309497431036352,0.0799779073335376,0.0799779073335376,-0.4682628262010162,0.4682628262010162,0.009688999999998948,0.009688999999998948,0.02691599999999994,0.02691599999999994,-0.0038116922285746924,0.0038116922285746924,-0.46318058831529196,0.46318058831529196
2024-03-20,2025-09-03,4.3242,4.2589,ElasticNet,4.345077907333538,4.3242,4.30656,4.307558797210277,4.37220334498635,4.345077907333538,3.599795067929154,4.276018,4.2944939999999985,4.263896677739684,3.799087845967165,0.08617790733353825,0.08617790733353825,0.06530000000000058,0.06530000000000058,0.04766000000000048,0.04766000000000048,0.048658797210276994,0.048658797210276994,0.11330334498635075,0.11330334498635075,0.08617790733353825,0.08617790733353825,-0.6591049320708455,0.6591049320708455,0.017117999999999967,0.017117999999999967,0.03559399999999879,0.03559399999999879,0.004996677739684152,0.004996677739684152,-0.4598121540328348,0.4598121540328348
2024-03-21,2025-09-04,4.3031,4.2553,ElasticNet,4.345077907333538,4.3031,4.309780000000001,4.306748106808408,4.373836613919324,4.345077907333538,3.5794352216954635,4.2758959999999995,4.295369999999999,4.264014326009478,3.7329868806157824,0.08977790733353785,0.08977790733353785,0.04779999999999962,0.04779999999999962,0.05448000000000075,0.05448000000000075,0.051448106808408056,0.051448106808408056,0.11853661391932402,0.11853661391932402,0.08977790733353785,0.08977790733353785,-0.6758647783045366,0.6758647783045366,0.020595999999999393,0.020595999999999393,0.04006999999999916,0.04006999999999916,0.008714326009477524,0.008714326009477524,-0.5223131193842177,0.5223131193842177
2024-03-22,2025-09-05,4.3186,4.2476,ElasticNet,4.345077907333538,4.3186,4.314919999999999,4.308902996479606,4.3738494652196325,4.345077907333538,3.460360572195788,4.273457,4.289565999999999,4.26691858977304,3.7804560840293338,0.09747790733353767,0.09747790733353767,0.07099999999999973,0.07099999999999973,0.06731999999999871,0.06731999999999871,0.06130299647960591,0.06130299647960591,0.1262494652196322,0.1262494652196322,0.09747790733353767,0.09747790733353767,-0.7872394278042121,0.7872394278042121,0.025856999999999353,0.025856999999999353,0.041965999999998616,0.041965999999998616,0.019318589773039463,0.019318589773039463,-0.4671439159706665,0.4671439159706665
2024-03-25,2025-09-08,4.3091,4.2484,ElasticNet,4.345077907333538,4.3091,4.31502,4.308938815301496,4.362615321423746,4.345077907333538,3.7023550331556523,4.274083999999999,4.288108999999999,4.263434244397159,3.7386897928279126,0.09667790733353776,0.09667790733353776,0.060699999999999754,0.060699999999999754,0.06661999999999946,0.06661999999999946,0.06053881530149585,0.06053881530149585,0.11421532142374602,0.11421532142374602,0.09667790733353776,0.09667790733353776,-0.5460449668443479,0.5460449668443479,0.025683999999999152,0.025683999999999152,0.03970899999999844,0.03970899999999844,0.015034244397158503,0.015034244397158503,-0.5097102071720876,0.5097102071720876
2024-03-26,2025-09-09,4.3093,4.254,ElasticNet,4.345077907333538,4.3093,4.31286,4.309004485246678,4.363743352357891,4.345077907333538,3.7152923922622065,4.273517999999999,4.289366,4.262731410438274,3.7412570572823944,0.09107790733353838,0.09107790733353838,0.05530000000000079,0.05530000000000079,0.058860000000000134,0.058860000000000134,0.05500448524667867,0.05500448524667867,0.10974335235789123,0.10974335235789123,0.09107790733353838,0.09107790733353838,-0.538707607737793,0.538707607737793,0.019517999999999702,0.019517999999999702,0.035366000000000675,0.035366000000000675,0.008731410438274523,0.008731410438274523,-0.5127429427176051,0.5127429427176051
2024-03-27,2025-09-10,4.3153,4.2604,ElasticNet,4.345077907333538,4.3153,4.31108,4.310149124292736,4.3789931233112345,4.345077907333538,3.421351946914748,4.274147999999999,4.296892000000001,4.268198091526136,3.7686121520042453,0.0846779073335382,0.0846779073335382,0.05489999999999995,0.05489999999999995,0.050679999999999836,0.050679999999999836,0.04974912429273637,0.04974912429273637,0.11859312331123473,0.11859312331123473,0.0846779073335382,0.0846779073335382,-0.8390480530852518,0.8390480530852518,0.01374799999999965,0.01374799999999965,0.03649200000000086,0.03649200000000086,0.007798091526136197,0.007798091526136197,-0.4917878479957545,0.4917878479957545
2024-03-28,2025-09-11,4.3191,4.2626,ElasticNet,4.345077907333538,4.3191,4.314279999999999,4.311776556239511,4.388876331653576,4.345077907333538,3.4557553341413505,4.27613,4.292080000000001,4.26729748513242,3.798011545086297,0.08247790733353799,0.08247790733353799,0.05649999999999977,0.05649999999999977,0.05167999999999928,0.05167999999999928,0.04917655623951145,0.04917655623951145,0.12627633165357643,0.12627633165357643,0.08247790733353799,0.08247790733353799,-0.8068446658586494,0.8068446658586494,0.013530000000000264,0.013530000000000264,0.029480000000001283,0.029480000000001283,0.004697485132419743,0.004697485132419743,-0.46458845491370315,0.46458845491370315
2024-03-29,2025-09-12,4.3009,4.2593,ElasticNet,4.345077907333538,4.3009,4.310740000000001,4.3097990005596,4.387124294146391,4.345077907333538,3.4837473847393783,4.2749250000000005,4.295764,4.269507109150884,3.754418200900243,0.0857779073335383,0.0857779073335383,0.04160000000000075,0.04160000000000075,0.05144000000000126,0.05144000000000126,0.05049900055960066,0.05049900055960066,0.12782429414639118,0.12782429414639118,0.0857779073335383,0.0857779073335383,-0.7755526152606214,0.7755526152606214,0.015625000000000888,0.015625000000000888,0.036464000000000496,0.036464000000000496,0.010207109150884186,0.010207109150884186,-0.5048817990997567,0.5048817990997567
2024-04-02,2025-09-15,4.2934,4.2476,ElasticNet,4.345077907333538,4.2934,4.3076,4.306817364094218,4.381380447537899,4.345077907333538,3.6295816717272427,4.276339999999999,4.291883999999999,4.276507091905763,3.729668366913276,0.09747790733353767,0.09747790733353767,0.04579999999999984,0.04579999999999984,0.05999999999999961,0.05999999999999961,0.059217364094217295,0.059217364094217295,0.13378044753789897,0.13378044753789897,0.09747790733353767,0.09747790733353767,-0.6180183282727576,0.6180183282727576,0.0287399999999991,0.0287399999999991,0.044283999999998436,0.044283999999998436,0.02890709190576235,0.02890709190576235,-0.5179316330867243,0.5179316330867243
2024-04-03,2025-09-16,4.2923,4.2504,ElasticNet,4.345077907333538,4.2923,4.3042,4.304177843349815,4.369365042756535,4.345077907333538,3.4401041709508076,4.272488,4.296135999999999,4.273770657266771,3.7315117788075423,0.09467790733353798,0.09467790733353798,0.04190000000000005,0.04190000000000005,0.05379999999999985,0.05379999999999985,0.05377784334981506,0.05377784334981506,0.11896504275653541,0.11896504275653541,0.09467790733353798,0.09467790733353798,-0.8102958290491924,0.8102958290491924,0.022088000000000108,0.022088000000000108,0.04573599999999889,0.04573599999999889,0.023370657266770678,0.023370657266770678,-0.5188882211924577,0.5188882211924577
2024-04-04,2025-09-17,4.2921,4.2559,ElasticNet,4.345077907333538,4.2921,4.29956,4.301981871831667,4.368907768361533,4.345077907333538,3.3956080926166754,4.274994000000001,4.295860999999997,4.27494006633156,3.7378598055559022,0.08917790733353836,0.08917790733353836,0.03620000000000001,0.03620000000000001,0.04366000000000003,0.04366000000000003,0.04608187183166734,0.04608187183166734,0.11300776836153315,0.11300776836153315,0.08917790733353836,0.08917790733353836,-0.8602919073833242,0.8602919073833242,0.01909400000000172,0.01909400000000172,0.03996099999999725,0.03996099999999725,0.01904006633156019,0.01904006633156019,-0.5180401944440973,0.5180401944440973
2024-04-05,2025-09-18,4.2883,4.2564,ElasticNet,4.345077907333538,4.2883,4.2934,4.299494258771364,4.3711966327397915,4.345077907333538,3.2521535721353017,4.273566000000001,4.296561999999998,4.276055813000855,3.7235409312874865,0.08867790733353775,0.08867790733353775,0.03189999999999937,0.03189999999999937,0.03699999999999992,0.03699999999999992,0.043094258771363414,0.043094258771363414,0.11479663273979135,0.11479663273979135,0.08867790733353775,0.08867790733353775,-1.0042464278646985,1.0042464278646985,0.01716600000000046,0.01716600000000046,0.04016199999999781,0.04016199999999781,0.019655813000854394,0.019655813000854394,-0.5328590687125137,0.5328590687125137
2024-04-08,2025-09-19,4.2805,4.2666,ElasticNet,4.345077907333538,4.2805,4.289319999999999,4.29604075717657,4.36629763831009,4.345077907333538,3.3568501091899643,4.277223000000001,4.291618999999998,4.274635330216413,3.7118773373472083,0.07847790733353754,0.07847790733353754,0.01389999999999958,0.01389999999999958,0.02271999999999874,0.02271999999999874,0.029440757176569576,0.029440757176569576,0.09969763831009004,0.09969763831009004,0.07847790733353754,0.07847790733353754,-0.9097498908100361,0.9097498908100361,0.010623000000000715,0.010623000000000715,0.025018999999997682,0.025018999999997682,0.008035330216412895,0.008035330216412895,-0.5547226626527921,0.5547226626527921
2024-04-09,2025-09-22,4.2588,4.2645,ElasticNet,4.345077907333538,4.2588,4.2824,4.2892697104171935,4.34641462495445,4.345077907333538,3.208000497749567,4.276716,4.296125999999999,4.275775125955529,3.6622957343598452,0.08057790733353798,0.08057790733353798,-0.005700000000000038,0.005700000000000038,0.017900000000000027,0.017900000000000027,0.024769710417193558,0.024769710417193558,0.08191462495445023,0.08191462495445023,0.08057790733353798,0.08057790733353798,-1.0564995022504329,1.0564995022504329,0.012216000000000449,0.012216000000000449,0.031625999999999266,0.031625999999999266,0.011275125955529042,0.011275125955529042,-0.6022042656401547,0.6022042656401547
2024-04-10,2025-09-23,4.2641,4.2552,ElasticNet,4.345077907333538,4.2641,4.27676,4.284693399432249,4.346224034167013,4.345077907333538,3.205912533388725,4.278807,4.298160999999998,4.272450949490277,3.673886594318267,0.08987790733353762,0.08987790733353762,0.008899999999999686,0.008899999999999686,0.021560000000000024,0.021560000000000024,0.0294933994322486,0.0294933994322486,0.09102403416701232,0.09102403416701232,0.08987790733353762,0.08987790733353762,-1.0492874666112755,1.0492874666112755,0.023606999999999267,0.023606999999999267,0.04296099999999736,0.04296099999999736,0.01725094949027639,0.01725094949027639,-0.5813134056817333,0.5813134056817333
2024-04-11,2025-09-24,4.2649,4.2676,ElasticNet,4.345077907333538,4.2649,4.27132,4.281094599535476,4.354367229805813,4.345077907333538,3.2002147234439082,4.2799309999999995,4.297393999999998,4.274448982074538,3.6752717032908953,0.0774779073335381,0.0774779073335381,-0.0026999999999999247,0.0026999999999999247,0.0037200000000003897,0.0037200000000003897,0.013494599535476048,0.013494599535476048,0.08676722980581353,0.08676722980581353,0.0774779073335381,0.0774779073335381,-1.0673852765560916,1.0673852765560916,0.012330999999999648,0.012330999999999648,0.0297939999999981,0.0297939999999981,0.006848982074537879,0.006848982074537879,-0.5923282967091046,0.5923282967091046
2024-04-12,2025-09-25,4.2666,4.2619,ElasticNet,4.345077907333538,4.2666,4.26698,4.278459217801752,4.363329609887461,4.345077907333538,3.2694422114270827,4.277092000000001,4.295708999999999,4.2769902370526145,3.676249439423369,0.08317790733353814,0.08317790733353814,0.004700000000000593,0.004700000000000593,0.0050800000000004175,0.0050800000000004175,0.016559217801752624,0.016559217801752624,0.10142960988746097,0.10142960988746097,0.08317790733353814,0.08317790733353814,-0.9924577885729171,0.9924577885729171,0.01519200000000076,0.01519200000000076,0.03380899999999887,0.03380899999999887,0.015090237052614697,0.015090237052614697,-0.5856505605766307,0.5856505605766307
2024-04-15,2025-09-26,4.2851,4.2668,ElasticNet,4.345077907333538,4.2851,4.2679,4.279666632746888,4.364571332711594,4.345077907333538,3.3108885467856757,4.279655,4.297337999999997,4.278990774279771,3.7108538524315335,0.07827790733353801,0.07827790733353801,0.018299999999999983,0.018299999999999983,0.001100000000000101,0.001100000000000101,0.012866632746888484,0.012866632746888484,0.0977713327115941,0.0977713327115941,0.07827790733353801,0.07827790733353801,-0.9559114532143242,0.9559114532143242,0.01285500000000006,0.01285500000000006,0.03053799999999729,0.03053799999999729,0.012190774279771333,0.012190774279771333,-0.5559461475684664,0.5559461475684664
2024-04-16,2025-09-29,4.3197,4.2688,ElasticNet,4.345077907333538,4.3197,4.28008,4.286945426792908,4.348765625483395,4.345077907333538,3.5456665866327994,4.280634,4.297836999999999,4.285165250336361,3.801019143506437,0.07627790733353823,0.07627790733353823,0.05090000000000039,0.05090000000000039,0.011280000000000179,0.011280000000000179,0.018145426792908204,0.018145426792908204,0.07996562548339536,0.07996562548339536,0.07627790733353823,0.07627790733353823,-0.7231334133672003,0.7231334133672003,0.011834000000000344,0.011834000000000344,0.02903699999999887,0.02903699999999887,0.016365250336360937,0.016365250336360937,-0.4677808564935626,0.4677808564935626
2024-04-17,2025-09-30,4.3353,4.2692,ElasticNet,4.345077907333538,4.3353,4.29432,4.295737167376015,4.3326026538022075,4.345077907333538,3.465944462747487,4.280061,4.294236000000001,4.2814372549235,3.8450458774315486,0.07587790733353827,0.07587790733353827,0.06610000000000049,0.06610000000000049,0.025120000000000253,0.025120000000000253,0.026537167376015525,0.026537167376015525,0.06340265380220789,0.06340265380220789,0.07587790733353827,0.07587790733353827,-0.8032555372525128,0.8032555372525128,0.010861000000000232,0.010861000000000232,0.025036000000000946,0.025036000000000946,0.012237254923499918,0.012237254923499918,-0.4241541225684511,0.4241541225684511
2024-04-18,2025-10-01,4.3309,4.2586,ElasticNet,4.345077907333538,4.3309,4.30752,4.3021304096712845,4.330239772745864,4.345077907333538,3.3458787509936205,4.276984,4.291941,4.284820840128417,3.8568084388162416,0.08647790733353755,0.08647790733353755,0.07229999999999936,0.07229999999999936,0.04891999999999985,0.04891999999999985,0.043530409671284076,0.043530409671284076,0.07163977274586397,0.07163977274586397,0.08647790733353755,0.08647790733353755,-0.9127212490063799,0.9127212490063799,0.01838399999999929,0.01838399999999929,0.03334099999999918,0.03334099999999918,0.026220840128416967,0.026220840128416967,-0.4017915611837588,0.4017915611837588
2024-04-19,2025-10-02,4.3316,4.256,ElasticNet,4.345077907333538,4.3316,4.32052,4.307488517003778,4.347891564988341,4.345077907333538,3.3075008229000638,4.275937999999999,4.297905000000001,4.273352907904709,3.8782903881479456,0.08907790733353771,0.08907790733353771,0.07559999999999967,0.07559999999999967,0.06451999999999991,0.06451999999999991,0.051488517003777545,0.051488517003777545,0.09189156498834095,0.09189156498834095,0.08907790733353771,0.08907790733353771,-0.9484991770999365,0.9484991770999365,0.0199379999999989,0.0199379999999989,0.04190500000000075,0.04190500000000075,0.01735290790470856,0.01735290790470856,-0.37770961185205465,0.37770961185205465
2024-04-22,2025-10-03,4.3203,4.2559,ElasticNet,4.345077907333538,4.3203,4.32756,4.309817877548546,4.362869625238324,4.345077907333538,3.4523148201225498,4.263852000000001,4.291175999999999,4.272909909480823,3.8536414695142773,0.08917790733353836,0.08917790733353836,0.06440000000000001,0.06440000000000001,0.0716600000000005,0.0716600000000005,0.053917877548546045,0.053917877548546045,0.10696962523832454,0.10696962523832454,0.08917790733353836,0.08917790733353836,-0.8035851798774498,0.8035851798774498,0.007952000000001291,0.007952000000001291,0.03527599999999964,0.03527599999999964,0.017009909480823815,0.017009909480823815,-0.40225853048572224,0.40225853048572224
2024-04-23,2025-10-06,4.3335,4.2521,ElasticNet,4.345077907333538,4.3335,4.33032,4.314123717994264,4.363956181857431,4.345077907333538,3.6204655473667895,4.264110999999999,4.292229000000001,4.283338828757453,3.909671339744887,0.0929779073335375,0.0929779073335375,0.08139999999999947,0.08139999999999947,0.07821999999999996,0.07821999999999996,0.06202371799426398,0.06202371799426398,0.11185618185743085,0.11185618185743085,0.0929779073335375,0.0929779073335375,-0.6316344526332109,0.6316344526332109,0.01201099999999844,0.01201099999999844,0.0401290000000003,0.0401290000000003,0.031238828757452985,0.031238828757452985,-0.34242866025511365,0.34242866025511365
2024-04-24,2025-10-07,4.3177,4.2559,ElasticNet,4.345077907333538,4.3177,4.3268,4.314773951086217,4.366194067669851,4.345077907333538,3.7251367501414077,4.267993999999999,4.288154,4.2834428324430665,3.87187085406355,0.08917790733353836,0.08917790733353836,0.06180000000000074,0.06180000000000074,0.07090000000000085,0.07090000000000085,0.05887395108621707,0.05887395108621707,0.11029406766985161,0.11029406766985161,0.08917790733353836,0.08917790733353836,-0.5307632498585919,0.5307632498585919,0.012093999999999383,0.012093999999999383,0.032254000000000005,0.032254000000000005,0.027542832443066878,0.027542832443066878,-0.38402914593644955,0.38402914593644955
2024-04-25,2025-10-08,4.3198,4.2533,ElasticNet,4.345077907333538,4.3198,4.32458,4.3156877781614496,4.366135547818571,4.345077907333538,3.550405065782735,4.262136999999999,4.290621999999999,4.287172065229578,3.8859216520402855,0.09177790733353763,0.09177790733353763,0.06649999999999956,0.06649999999999956,0.07127999999999979,0.07127999999999979,0.06238777816144925,0.06238777816144925,0.11283554781857053,0.11283554781857053,0.09177790733353763,0.09177790733353763,-0.7028949342172655,0.7028949342172655,0.008836999999998874,0.008836999999998874,0.037321999999998745,0.037321999999998745,0.033872065229577863,0.033872065229577863,-0.3673783479597148,0.3673783479597148
2024-04-26,2025-10-09,4.3225,4.2569,ElasticNet,4.345077907333538,4.3225,4.32276,4.316926363950277,4.365909289338234,4.345077907333538,3.5864090314300894,4.2632959999999995,4.298201999999999,4.2772577444961675,3.9134190897949948,0.08817790733353803,0.08817790733353803,0.06559999999999988,0.06559999999999988,0.06585999999999981,0.06585999999999981,0.06002636395027672,0.06002636395027672,0.10900928933823373,0.10900928933823373,0.08817790733353803,0.08817790733353803,-0.6704909685699105,0.6704909685699105,0.006395999999999624,0.006395999999999624,0.04130199999999906,0.04130199999999906,0.020357744496167562,0.020357744496167562,-0.34348091020500515,0.34348091020500515
2024-04-29,2025-10-10,4.319,4.2583,ElasticNet,4.345077907333538,4.319,4.3225,4.3173033886865895,4.362905430875499,4.345077907333538,3.6481141111565725,4.269462999999999,4.312739999999998,4.266411830081344,3.912417368218446,0.08677790733353774,0.08677790733353774,0.060699999999999754,0.060699999999999754,0.06419999999999959,0.06419999999999959,0.059003388686589275,0.059003388686589275,0.10460543087549912,0.10460543087549912,0.08677790733353774,0.08677790733353774,-0.6101858888434277,0.6101858888434277,0.011162999999998924,0.011162999999998924,0.05443999999999782,0.05443999999999782,0.00811183008134364,0.00811183008134364,-0.3458826317815542,0.3458826317815542
2024-04-30,2025-10-13,4.3213,4.2592,ElasticNet,4.345077907333538,4.3213,4.32006,4.318030045289028,4.366193650061143,4.345077907333538,3.4581637423854046,4.272219,4.315179,4.268684620668723,3.908930031050844,0.08587790733353806,0.08587790733353806,0.062100000000000044,0.062100000000000044,0.060859999999999914,0.060859999999999914,0.05883004528902802,0.05883004528902802,0.10699365006114281,0.10699365006114281,0.08587790733353806,0.08587790733353806,-0.8010362576145953,0.8010362576145953,0.013018999999999892,0.013018999999999892,0.05597899999999978,0.05597899999999978,0.009484620668723132,0.009484620668723132,-0.35026996894915596,0.35026996894915596
2024-05-02,2025-10-14,4.3323,4.2645,ElasticNet,4.345077907333538,4.3323,4.322979999999999,4.320624582509204,4.3744698765066135,4.345077907333538,3.490317114295851,4.266989999999999,4.295840999999999,4.277279847905947,3.9560627855781214,0.08057790733353798,0.08057790733353798,0.06780000000000008,0.06780000000000008,0.05847999999999942,0.05847999999999942,0.056124582509204046,0.056124582509204046,0.1099698765066135,0.1099698765066135,0.08057790733353798,0.08057790733353798,-0.7741828857041488,0.7741828857041488,0.002489999999998993,0.002489999999998993,0.0313409999999994,0.0313409999999994,0.012779847905947328,0.012779847905947328,-0.30843721442187855,0.30843721442187855
2024-05-06,2025-10-15,4.3294,4.2556,ElasticNet,4.345077907333538,4.3294,4.3249,4.322220112962076,4.383952483962874,4.345077907333538,3.5222499217113223,4.269801999999999,4.295996999999999,4.267290704820882,3.9592332857560577,0.08947790733353767,0.08947790733353767,0.07379999999999942,0.07379999999999942,0.06930000000000014,0.06930000000000014,0.0666201129620756,0.0666201129620756,0.1283524839628738,0.1283524839628738,0.08947790733353767,0.08947790733353767,-0.7333500782886779,0.7333500782886779,0.01420199999999916,0.01420199999999916,0.040396999999998684,0.040396999999998684,0.011690704820881415,0.011690704820881415,-0.29636671424394256,0.29636671424394256
2024-05-07,2025-10-16,4.3116,4.2517,ElasticNet,4.345077907333538,4.3116,4.32272,4.320289183332608,4.3780797573218395,4.345077907333538,3.6014389254197323,4.278841999999999,4.295939999999998,4.269497977331349,3.9128617891882147,0.09337790733353835,0.09337790733353835,0.05990000000000073,0.05990000000000073,0.07102000000000075,0.07102000000000075,0.068589183332608,0.068589183332608,0.12637975732183993,0.12637975732183993,0.09337790733353835,0.09337790733353835,-0.6502610745802673,0.6502610745802673,0.027141999999999555,0.027141999999999555,0.0442399999999985,0.0442399999999985,0.017797977331349024,0.017797977331349024,-0.3388382108117849,0.3388382108117849
2024-05-08,2025-10-17,4.3195,4.2565,ElasticNet,4.345077907333538,4.3195,4.32282,4.320145695453951,4.373523545157506,4.345077907333538,3.5518919705509493,4.283805999999999,4.299035999999999,4.268233770003849,3.936181467884126,0.08857790733353799,0.08857790733353799,0.06299999999999972,0.06299999999999972,0.06632000000000016,0.06632000000000016,0.06364569545395149,0.06364569545395149,0.11702354515750635,0.11702354515750635,0.08857790733353799,0.08857790733353799,-0.7046080294490507,0.7046080294490507,0.027305999999999386,0.027305999999999386,0.04253599999999924,0.04253599999999924,0.011733770003848676,0.011733770003848676,-0.3203185321158739,0.3203185321158739
2024-05-09,2025-10-20,4.2993,4.2396,ElasticNet,4.345077907333538,4.2993,4.31842,4.316355569007778,4.361361608338466,4.345077907333538,3.667242714496704,4.264373999999998,4.3040449999999995,4.267107467419206,3.8845943786344916,0.10547790733353768,0.10547790733353768,0.05969999999999942,0.05969999999999942,0.07881999999999945,0.07881999999999945,0.07675556900777813,0.07675556900777813,0.12176160833846605,0.12176160833846605,0.10547790733353768,0.10547790733353768,-0.5723572855032963,0.5723572855032963,0.024773999999998075,0.024773999999998075,0.0644449999999992,0.0644449999999992,0.02750746741920551,0.02750746741920551,-0.3550056213655086,0.3550056213655086
2024-05-10,2025-10-21,4.2979,4.2392,ElasticNet,4.345077907333538,4.2979,4.31154,4.313000011006364,4.363130532228004,4.345077907333538,3.591704353922694,4.260778999999999,4.307760999999998,4.272805653492996,3.8851788367952578,0.10587790733353764,0.10587790733353764,0.058699999999999974,0.058699999999999974,0.07233999999999963,0.07233999999999963,0.07380001100636413,0.07380001100636413,0.12393053222800354,0.12393053222800354,0.10587790733353764,0.10587790733353764,-0.6474956460773065,0.6474956460773065,0.021578999999999127,0.021578999999999127,0.0685609999999981,0.0685609999999981,0.03360565349299538,0.03360565349299538,-0.35402116320474253,0.35402116320474253
2024-05-13,2025-10-22,4.2977,4.2438,ElasticNet,4.345077907333538,4.2977,4.3052,4.310218190823388,4.370821172846065,4.345077907333538,3.789733673234351,4.271962,4.304614999999998,4.2965702990534735,3.8880772715397374,0.1012779073335377,0.1012779073335377,0.053899999999999615,0.053899999999999615,0.0613999999999999,0.0613999999999999,0.06641819082338785,0.06641819082338785,0.12702117284606462,0.12702117284606462,0.1012779073335377,0.1012779073335377,-0.4540663267656493,0.4540663267656493,0.02816200000000002,0.02816200000000002,0.060814999999998065,0.060814999999998065,0.0527702990534733,0.0527702990534733,-0.35572272846026287,0.35572272846026287
2024-05-14,2025-10-23,4.2812,4.2347,ElasticNet,4.345077907333538,4.2812,4.299119999999999,4.304942156128226,4.360208867079669,4.345077907333538,3.650272845488055,4.277476,4.301446999999999,4.307469404210498,3.8718682446642356,0.1103779073335378,0.1103779073335378,0.046499999999999986,0.046499999999999986,0.06441999999999926,0.06441999999999926,0.07024215612822626,0.07024215612822626,0.12550886707966846,0.12550886707966846,0.1103779073335378,0.1103779073335378,-0.5844271545119453,0.5844271545119453,0.042775999999999925,0.042775999999999925,0.06674699999999856,0.06674699999999856,0.07276940421049805,0.07276940421049805,-0.3628317553357645,0.3628317553357645
2024-05-15,2025-10-24,4.2635,4.2353,ElasticNet,4.345077907333538,4.2635,4.28792,4.297407218650367,4.34236285239088,4.345077907333538,3.8059980811119773,4.281702,4.3002389999999995,4.291889310107696,3.8299831688311805,0.10977790733353832,0.10977790733353832,0.028200000000000003,0.028200000000000003,0.05262000000000011,0.05262000000000011,0.06210721865036728,0.06210721865036728,0.10706285239088054,0.10706285239088054,0.10977790733353832,0.10977790733353832,-0.42930191888802227,0.42930191888802227,0.0464020000000005,0.0464020000000005,0.06493899999999986,0.06493899999999986,0.05658931010769663,0.05658931010769663,-0.4053168311688191,0.4053168311688191
2024-05-16,2025-10-27,4.2617,4.2353,ElasticNet,4.345077907333538,4.2617,4.2804,4.290914997077573,4.329032263165979,4.345077907333538,3.8229249640372345,4.2749179999999996,4.298028999999999,4.287736740030088,3.860865582839008,0.10977790733353832,0.10977790733353832,0.026400000000000645,0.026400000000000645,0.045100000000000584,0.045100000000000584,0.05561499707757367,0.05561499707757367,0.09373226316597982,0.09373226316597982,0.10977790733353832,0.10977790733353832,-0.41237503596276515,0.41237503596276515,0.03961799999999993,0.03961799999999993,0.06272899999999915,0.06272899999999915,0.052436740030088025,0.052436740030088025,-0.37443441716099146,0.37443441716099146
2024-05-17,2025-10-28,4.2685,4.2345,ElasticNet,4.345077907333538,4.2685,4.27452,4.2868395430634685,4.342531101936745,4.345077907333538,3.623109757627057,4.2864249999999995,4.299534,4.292970244805153,3.8993119775044374,0.11057790733353823,0.11057790733353823,0.034000000000000696,0.034000000000000696,0.04002000000000017,0.04002000000000017,0.052339543063468774,0.052339543063468774,0.1080311019367457,0.1080311019367457,0.11057790733353823,0.11057790733353823,-0.6113902423729427,0.6113902423729427,0.05192499999999978,0.05192499999999978,0.0650340000000007,0.0650340000000007,0.058470244805153726,0.058470244805153726,-0.33518802249556234,0.33518802249556234
2024-05-20,2025-10-29,4.2575,4.2374,ElasticNet,4.345077907333538,4.2575,4.26648,4.281505080688293,4.357414298064508,4.345077907333538,3.677931939008618,4.297166999999999,4.291994999999999,4.2822712904562,3.859010462747965,0.10767790733353788,0.10767790733353788,0.02010000000000023,0.02010000000000023,0.02907999999999955,0.02907999999999955,0.04410508068829255,0.04410508068829255,0.12001429806450759,0.12001429806450759,0.10767790733353788,0.10767790733353788,-0.559468060991382,0.559468060991382,0.059766999999999015,0.059766999999999015,0.05459499999999906,0.05459499999999906,0.044871290456200086,0.044871290456200086,-0.37838953725203517,0.37838953725203517
2024-05-21,2025-10-30,4.2572,4.2425,ElasticNet,4.345077907333538,4.2572,4.26168,4.277085975108603,4.363563509178675,4.345077907333538,3.685194882541886,4.295871000000001,4.288269999999999,4.289488337005376,3.9000241435661986,0.10257790733353822,0.10257790733353822,0.01470000000000038,0.01470000000000038,0.01918000000000042,0.01918000000000042,0.034585975108603506,0.034585975108603506,0.12106350917867559,0.12106350917867559,0.10257790733353822,0.10257790733353822,-0.5573051174581138,0.5573051174581138,0.05337100000000117,0.05337100000000117,0.0457699999999992,0.0457699999999992,0.0469883370053763,0.0469883370053763,-0.3424758564338011,0.3424758564338011
2024-05-22,2025-10-31,4.2575,4.2543,ElasticNet,4.345077907333538,4.2575,4.26048,4.273524888725221,4.356909448394452,4.345077907333538,3.8574822838093086,4.303205,4.293081,4.281225088299103,3.9332418261595725,0.09077790733353819,0.09077790733353819,0.0032000000000005357,0.0032000000000005357,0.006180000000000518,0.006180000000000518,0.01922488872522088,0.01922488872522088,0.10260944839445241,0.10260944839445241,0.09077790733353819,0.09077790733353819,-0.39681771619069117,0.39681771619069117,0.04890500000000042,0.04890500000000042,0.038781000000000176,0.038781000000000176,0.02692508829910345,0.02692508829910345,-0.32105817384042723,0.32105817384042723
2024-05-23,2025-11-03,4.2699,4.2527,ElasticNet,4.345077907333538,4.2699,4.26212,4.272865818047907,4.345371821756479,4.345077907333538,3.748951209101621,4.293440000000003,4.295923000000001,4.28449088340442,3.946501281958745,0.09237790733353801,0.09237790733353801,0.017199999999999882,0.017199999999999882,0.009420000000000428,0.009420000000000428,0.02016581804790718,0.02016581804790718,0.09267182175647903,0.09267182175647903,0.09237790733353801,0.09237790733353801,-0.5037487908983791,0.5037487908983791,0.04074000000000311,0.04074000000000311,0.04322300000000112,0.04322300000000112,0.03179088340441982,0.03179088340441982,-0.3061987180412551,0.3061987180412551
2024-05-24,2025-11-04,4.2624,4.2575,ElasticNet,4.345077907333538,4.2624,4.2609,4.270962942039197,4.352899685259846,4.345077907333538,4.111356441686546,4.298380000000002,4.295378,4.288411657154365,3.8709396906279565,0.08757790733353765,0.08757790733353765,0.0049000000000001265,0.0049000000000001265,0.0034000000000000696,0.0034000000000000696,0.013462942039196513,0.013462942039196513,0.09539968525984577,0.09539968525984577,0.08757790733353765,0.08757790733353765,-0.1461435583134545,0.1461435583134545,0.04088000000000136,0.04088000000000136,0.03787800000000008,0.03787800000000008,0.03091165715436439,0.03091165715436439,-0.3865603093720438,0.3865603093720438
2024-05-27,2025-11-05,4.2528,4.2597,ElasticNet,4.345077907333538,4.2528,4.25996,4.267660588941161,4.362442342992515,4.345077907333538,3.7692433561425456,4.295054000000003,4.300833000000001,4.2873741386830115,3.8424285867356662,0.08537790733353834,0.08537790733353834,-0.006899999999999906,0.006899999999999906,0.00026000000000081513,0.00026000000000081513,0.007960588941161362,0.007960588941161362,0.10274234299251539,0.10274234299251539,0.08537790733353834,0.08537790733353834,-0.490456643857454,0.490456643857454,0.03535400000000344,0.03535400000000344,0.041133000000001196,0.041133000000001196,0.02767413868301194,0.02767413868301194,-0.41727141326433337,0.41727141326433337
2024-05-28,2025-11-06,4.2592,4.2566,ElasticNet,4.345077907333538,4.2592,4.26036,4.266122300042768,4.363757943099302,4.345077907333538,3.863605300197338,4.299613000000002,4.308184000000002,4.280020991703658,3.8818604139229183,0.08847790733353822,0.08847790733353822,0.0026000000000001577,0.0026000000000001577,0.0037600000000006517,0.0037600000000006517,0.009522300042767995,0.009522300042767995,0.1071579430993026,0.1071579430993026,0.08847790733353822,0.08847790733353822,-0.3929946998026619,0.3929946998026619,0.043013000000001966,0.043013000000001966,0.05158400000000185,0.05158400000000185,0.023420991703658522,0.023420991703658522,-0.37473958607708147,0.37473958607708147
2024-05-29,2025-11-07,4.2529,4.2483,ElasticNet,4.345077907333538,4.2529,4.25944,4.263718245489537,4.352266086261308,4.345077907333538,3.8470829520379732,4.304387000000002,4.308210000000002,4.2852191242421185,3.9075074536080017,0.09677790733353753,0.09677790733353753,0.0045999999999999375,0.0045999999999999375,0.011139999999999262,0.011139999999999262,0.01541824548953663,0.01541824548953663,0.10396608626130721,0.10396608626130721,0.09677790733353753,0.09677790733353753,-0.4012170479620272,0.4012170479620272,0.05608700000000155,0.05608700000000155,0.05991000000000124,0.05991000000000124,0.03691912424211807,0.03691912424211807,-0.34079254639199874,0.34079254639199874
2024-05-31,2025-11-10,4.2678,4.2351,ElasticNet,4.345077907333538,4.2678,4.2590200000000005,4.264460382673257,4.348187151622623,4.345077907333538,4.198190570045217,4.3034870000000005,4.305503000000003,4.283624175166567,3.9679249451621956,0.10997790733353785,0.10997790733353785,0.03270000000000017,0.03270000000000017,0.023920000000000385,0.023920000000000385,0.029360382673257135,0.029360382673257135,0.11308715162262306,0.11308715162262306,0.10997790733353785,0.10997790733353785,-0.03690942995478341,0.03690942995478341,0.06838700000000042,0.06838700000000042,0.07040300000000332,0.07040300000000332,0.04852417516656704,0.04852417516656704,-0.26717505483780446,0.26717505483780446
2024-06-03,2025-11-12,4.2817,4.2312,ElasticNet,4.345077907333538,4.2817,4.26288,4.267594858550846,4.351173025918581,4.345077907333538,3.8706054093361644,4.3005640000000005,4.314470000000002,4.283559568831009,3.9687410641254144,0.11387790733353764,0.11387790733353764,0.050499999999999545,0.050499999999999545,0.03167999999999971,0.03167999999999971,0.03639485855084601,0.03639485855084601,0.11997302591858094,0.11997302591858094,0.11387790733353764,0.11387790733353764,-0.3605945906638359,0.3605945906638359,0.0693640000000002,0.0693640000000002,0.08327000000000151,0.08327000000000151,0.05235956883100901,0.05235956883100901,-0.2624589358745859,0.2624589358745859
2024-06-04,2025-11-13,4.2923,4.2304,ElasticNet,4.345077907333538,4.2923,4.27078,4.272086702450692,4.356906260814191,4.345077907333538,3.9590088275848734,4.309172,4.310014000000002,4.286220423316676,3.954533181299741,0.11467790733353755,0.11467790733353755,0.06189999999999962,0.06189999999999962,0.04037999999999986,0.04037999999999986,0.041686702450691726,0.041686702450691726,0.1265062608141907,0.1265062608141907,0.11467790733353755,0.11467790733353755,-0.271391172415127,0.271391172415127,0.07877199999999984,0.07877199999999984,0.07961400000000118,0.07961400000000118,0.055820423316675694,0.055820423316675694,-0.2758668187002593,0.2758668187002593
2024-06-05,2025-11-14,4.3081,4.2274,ElasticNet,4.345077907333538,4.3081,4.28056,4.278634574732384,4.351326374866869,4.345077907333538,4.245633317989093,4.310785,4.3032030000000026,4.285275827337603,3.9941377946423007,0.11767790733353767,0.11767790733353767,0.08069999999999933,0.08069999999999933,0.053160000000000096,0.053160000000000096,0.051234574732383464,0.051234574732383464,0.12392637486686908,0.12392637486686908,0.11767790733353767,0.11767790733353767,0.018233317989092335,0.018233317989092335,0.08338499999999982,0.08338499999999982,0.07580300000000229,0.07580300000000229,0.05787582733760299,0.05787582733760299,-0.2332622053576996,0.2332622053576996
2024-06-06,2025-11-17,4.2997,4.2231,ElasticNet,4.345077907333538,4.2997,4.28992,4.282464652053768,4.356844384690374,4.345077907333538,4.228316629519651,4.318121000000001,4.305626000000001,4.286054506537543,3.971996712571687,0.1219779073335383,0.1219779073335383,0.0766,0.0766,0.06682000000000077,0.06682000000000077,0.05936465205376873,0.05936465205376873,0.13374438469037475,0.13374438469037475,0.1219779073335383,0.1219779073335383,0.005216629519651406,0.005216629519651406,0.0950210000000018,0.0950210000000018,0.08252600000000143,0.08252600000000143,0.06295450653754298,0.06295450653754298,-0.2511032874283128,0.2511032874283128
2024-06-07,2025-11-18,4.2891,4.2331,ElasticNet,4.345077907333538,4.2891,4.29418,4.283671078953083,4.359205863951884,4.345077907333538,4.461119653074775,4.318076000000001,4.311742000000001,4.289041358243083,3.9468067323967735,0.11197790733353763,0.11197790733353763,0.05600000000000005,0.05600000000000005,0.06107999999999958,0.06107999999999958,0.05057107895308288,0.05057107895308288,0.12610586395188328,0.12610586395188328,0.11197790733353763,0.11197790733353763,0.22801965307477445,0.22801965307477445,0.08497600000000105,0.08497600000000105,0.07864200000000032,0.07864200000000032,0.055941358243082995,0.055941358243082995,-0.2862932676032268,0.2862932676032268
2024-06-10,2025-11-19,4.3197,4.2424,ElasticNet,4.345077907333538,4.3197,4.301779999999999,4.290221791870704,4.357381729190381,4.345077907333538,4.092352542814182,4.322504000000002,4.315260000000001,4.286952581071676,4.012141130328539,0.10267790733353799,0.10267790733353799,0.07730000000000015,0.07730000000000015,0.0593799999999991,0.0593799999999991,0.04782179187070401,0.04782179187070401,0.11498172919038119,0.11498172919038119,0.10267790733353799,0.10267790733353799,-0.1500474571858179,0.1500474571858179,0.08010400000000217,0.08010400000000217,0.07286000000000126,0.07286000000000126,0.04455258107167648,0.04455258107167648,-0.23025886967146114,0.23025886967146114
2024-06-11,2025-11-20,4.3456,4.2289,ElasticNet,4.345077907333538,4.3456,4.3124400000000005,4.3002905569851215,4.344632044075427,4.345077907333538,4.170096882614414,4.328114000000002,4.3269220000000015,4.27609733063206,4.117827853059971,0.11617790733353761,0.11617790733353761,0.1166999999999998,0.1166999999999998,0.08354000000000017,0.08354000000000017,0.0713905569851212,0.0713905569851212,0.11573204407542637,0.11573204407542637,0.11617790733353761,0.11617790733353761,-0.058803117385586745,0.058803117385586745,0.09921400000000169,0.09921400000000169,0.09802200000000116,0.09802200000000116,0.04719733063206011,0.04719733063206011,-0.11107214694002909,0.11107214694002909
2024-06-12,2025-11-21,4.3354,4.2489,ElasticNet,4.345077907333538,4.3354,4.3179,4.306674092078736,4.327998158303982,4.345077907333538,4.282564342723667,4.321870000000001,4.316143,4.273742585911295,4.110645821754857,0.09617790733353804,0.09617790733353804,0.08650000000000002,0.08650000000000002,0.06899999999999995,0.06899999999999995,0.05777409207873596,0.05777409207873596,0.07909815830398248,0.07909815830398248,0.09617790733353804,0.09617790733353804,0.03366434272366714,0.03366434272366714,0.07297000000000153,0.07297000000000153,0.06724300000000039,0.06724300000000039,0.024842585911295068,0.024842585911295068,-0.13825417824514297,0.13825417824514297
2024-06-13,2025-11-24,4.3355,4.2345,ElasticNet,4.345077907333538,4.3355,4.32506,4.311915166246238,4.324563340044348,4.345077907333538,4.495210235727285,4.331511000000002,4.312594000000002,4.2731906374997655,4.129201521006268,0.11057790733353823,0.11057790733353823,0.10099999999999998,0.10099999999999998,0.09055999999999997,0.09055999999999997,0.07741516624623834,0.07741516624623834,0.09006334004434802,0.09006334004434802,0.11057790733353823,0.11057790733353823,0.26071023572728524,0.26071023572728524,0.09701100000000196,0.09701100000000196,0.07809400000000188,0.07809400000000188,0.038690637499765757,0.038690637499765757,-0.10529847899373213,0.10529847899373213
2024-06-14,2025-11-25,4.3581,4.2301,ElasticNet,4.345077907333538,4.3581,4.33886,4.320312408746922,4.340514629913296,4.345077907333538,4.741483516818194,4.327249000000002,4.3191890000000015,4.270277554716073,4.1739853811321606,0.11497790733353774,0.11497790733353774,0.1280000000000001,0.1280000000000001,0.10876000000000019,0.10876000000000019,0.09021240874692182,0.09021240874692182,0.1104146299132962,0.1104146299132962,0.11497790733353774,0.11497790733353774,0.5113835168181939,0.5113835168181939,0.0971490000000017,0.0971490000000017,0.0890890000000013,0.0890890000000013,0.04017755471607298,0.04017755471607298,-0.05611461886783964,0.05611461886783964
2024-06-17,2025-11-26,4.3608,4.233,ElasticNet,4.345077907333538,4.3608,4.34708,4.327673788974754,4.341535788837253,4.345077907333538,4.23300730664741,4.326994000000003,4.312625000000001,4.279245982167389,4.217579014171752,0.11207790733353828,0.11207790733353828,0.12780000000000058,0.12780000000000058,0.1140800000000004,0.1140800000000004,0.0946737889747542,0.0946737889747542,0.10853578883725312,0.10853578883725312,0.11207790733353828,0.11207790733353828,7.3066474106653345e-06,7.3066474106653345e-06,0.09399400000000302,0.09399400000000302,0.07962500000000095,0.07962500000000095,0.046245982167389066,0.046245982167389066,-0.015420985828247247,0.015420985828247247
2024-06-18,2025-11-27,4.3468,4.227,ElasticNet,4.345077907333538,4.3468,4.34732,4.331151281888435,4.335876518331593,4.345077907333538,4.1009791607287855,4.323150000000002,4.307159,4.292812728268402,4.20518797941768,0.11807790733353762,0.11807790733353762,0.11979999999999968,0.11979999999999968,0.12031999999999954,0.12031999999999954,0.10415128188843426,0.10415128188843426,0.10887651833159229,0.10887651833159229,0.11807790733353762,0.11807790733353762,-0.12602083927121477,0.12602083927121477,0.09615000000000151,0.09615000000000151,0.08015900000000009,0.08015900000000009,0.06581272826840134,0.06581272826840134,-0.021812020582320457,0.021812020582320457
2024-06-19,2025-11-28,4.3376,4.2369,ElasticNet,4.345077907333538,4.3376,4.34776,4.332323776090537,4.318777950330595,4.345077907333538,4.301063939060549,4.3188330000000015,4.306866000000001,4.295764482552638,4.140390821432791,0.1081779073335376,0.1081779073335376,0.10069999999999979,0.10069999999999979,0.11085999999999974,0.11085999999999974,0.09542377609053698,0.09542377609053698,0.08187795033059508,0.08187795033059508,0.1081779073335376,0.1081779073335376,0.06416393906054907,0.06416393906054907,0.08193300000000114,0.08193300000000114,0.06996600000000086,0.06996600000000086,0.058864482552637654,0.058864482552637654,-0.0965091785672092,0.0965091785672092
2024-06-20,2025-12-01,4.3238,4.2286,ElasticNet,4.345077907333538,4.3238,4.34542,4.330773998619531,4.2973325528631845,4.345077907333538,4.498050625934746,4.320239000000001,4.306170000000002,4.281759740378986,4.106848168284746,0.1164779073335378,0.1164779073335378,0.09520000000000017,0.09520000000000017,0.1168199999999997,0.1168199999999997,0.10217399861953069,0.10217399861953069,0.06873255286318436,0.06873255286318436,0.1164779073335378,0.1164779073335378,0.2694506259347458,0.2694506259347458,0.09163900000000069,0.09163900000000069,0.07757000000000147,0.07757000000000147,0.05315974037898563,0.05315974037898563,-0.12175183171525372,0.12175183171525372
2024-06-21,2025-12-02,4.3331,4.239,ElasticNet,4.345077907333538,4.3331,4.34042,4.331196907961434,4.316220109959102,4.345077907333538,4.702554411297482,4.314582000000001,4.305327000000002,4.281837142425708,4.1510243006980145,0.10607790733353806,0.10607790733353806,0.09410000000000007,0.09410000000000007,0.10142000000000007,0.10142000000000007,0.09219690796143443,0.09219690796143443,0.07722010995910189,0.07722010995910189,0.10607790733353806,0.10607790733353806,0.46355441129748254,0.46355441129748254,0.0755820000000007,0.0755820000000007,0.06632700000000202,0.06632700000000202,0.04283714242570813,0.04283714242570813,-0.08797569930198534,0.08797569930198534
2024-06-24,2025-12-03,4.3198,4.2312,ElasticNet,4.345077907333538,4.3198,4.33222,4.3291247428775375,4.319991661052949,4.345077907333538,4.462230895357395,4.320154000000002,4.3113100000000015,4.292607323900186,4.119797571331239,0.11387790733353764,0.11387790733353764,0.08859999999999957,0.08859999999999957,0.10102000000000011,0.10102000000000011,0.09792474287753716,0.09792474287753716,0.08879166105294889,0.08879166105294889,0.11387790733353764,0.11387790733353764,0.23103089535739496,0.23103089535739496,0.08895400000000198,0.08895400000000198,0.08011000000000124,0.08011000000000124,0.06140732390018577,0.06140732390018577,-0.11140242866876093,0.11140242866876093
2024-06-25,2025-12-04,4.2909,4.2299,ElasticNet,4.345077907333538,4.2909,4.32104,4.322174789627075,4.297655480121516,4.345077907333538,4.270560372100521,4.319823000000002,4.306464,4.295354097199626,4.070119465007437,0.11517790733353817,0.11517790733353817,0.06099999999999994,0.06099999999999994,0.09114000000000022,0.09114000000000022,0.09227478962707547,0.09227478962707547,0.06775548012151589,0.06775548012151589,0.11517790733353817,0.11517790733353817,0.04066037210052098,0.04066037210052098,0.08992300000000242,0.08992300000000242,0.0765640000000003,0.0765640000000003,0.06545409719962603,0.06545409719962603,-0.15978053499256273,0.15978053499256273
2024-06-26,2025-12-05,4.3087,4.2321,ElasticNet,4.345077907333538,4.3087,4.31526,4.319724827876698,4.303570205833411,4.345077907333538,4.21094881046241,4.3080940000000005,4.310689,4.291471500643003,4.12755946314895,0.11297790733353796,0.11297790733353796,0.0766,0.0766,0.08316000000000034,0.08316000000000034,0.08762482787669779,0.08762482787669779,0.07147020583341135,0.07147020583341135,0.11297790733353796,0.11297790733353796,-0.021151189537589765,0.021151189537589765,0.07599400000000056,0.07599400000000056,0.07858900000000002,0.07858900000000002,0.05937150064300312,0.05937150064300312,-0.10454053685104991,0.10454053685104991
2024-06-27,2025-12-08,4.3085,4.2289,ElasticNet,4.345077907333538,4.3085,4.3122,4.317683950080935,4.299615854556168,4.345077907333538,4.384723915295375,4.305822000000002,4.311254,4.293459138147952,4.1187165534810894,0.11617790733353761,0.11617790733353761,0.07960000000000012,0.07960000000000012,0.08329999999999949,0.08329999999999949,0.08878395008093509,0.08878395008093509,0.07071585455616791,0.07071585455616791,0.11617790733353761,0.11617790733353761,0.15582391529537443,0.15582391529537443,0.07692200000000149,0.07692200000000149,0.0823539999999996,0.0823539999999996,0.06455913814795178,0.06455913814795178,-0.11018344651891088,0.11018344651891088
2024-06-28,2025-12-09,4.313,4.234,ElasticNet,4.345077907333538,4.313,4.30818,4.316832322793492,4.318705619860224,4.345077907333538,4.587484721528419,4.312774,4.308256999999999,4.2897391162680645,4.143011480910876,0.11107790733353795,0.11107790733353795,0.07899999999999974,0.07899999999999974,0.07418000000000013,0.07418000000000013,0.08283232279349217,0.08283232279349217,0.08470561986022407,0.08470561986022407,0.11107790733353795,0.11107790733353795,0.35348472152841914,0.35348472152841914,0.07877400000000012,0.07877400000000012,0.07425699999999935,0.07425699999999935,0.05573911626806449,0.05573911626806449,-0.09098851908912398,0.09098851908912398
2024-07-01,2025-12-10,4.2981,4.2274,ElasticNet,4.345077907333538,4.2981,4.303839999999999,4.313426445921948,4.318470162670993,4.345077907333538,4.13670109852196,4.308759,4.309282,4.2879090300507094,4.095041857873004,0.11767790733353767,0.11767790733353767,0.07069999999999954,0.07069999999999954,0.07643999999999895,0.07643999999999895,0.08602644592194775,0.08602644592194775,0.09107016267099244,0.09107016267099244,0.11767790733353767,0.11767790733353767,-0.09069890147804038,0.09069890147804038,0.08135899999999996,0.08135899999999996,0.08188199999999934,0.08188199999999934,0.06050903005070918,0.06050903005070918,-0.13235814212699637,0.13235814212699637
2024-07-02,2025-12-11,4.3286,4.2284,ElasticNet,4.345077907333538,4.3286,4.31138,4.31618527393614,4.323853117911648,4.345077907333538,4.1668498636842735,4.306522999999999,4.3132540000000015,4.290643645323974,4.19575213884479,0.11667790733353822,0.11667790733353822,0.10020000000000007,0.10020000000000007,0.08298000000000005,0.08298000000000005,0.08778527393614066,0.08778527393614066,0.09545311791164846,0.09545311791164846,0.11667790733353822,0.11667790733353822,-0.061550136315726256,0.061550136315726256,0.07812299999999972,0.07812299999999972,0.08485400000000176,0.08485400000000176,0.062243645323974306,0.062243645323974306,-0.03264786115521012,0.03264786115521012
2024-07-03,2025-12-12,4.3021,4.2271,ElasticNet,4.345077907333538,4.3021,4.31006,4.31362431503866,4.324703091174546,4.345077907333538,4.554766281889275,4.310399000000001,4.300055,4.2807220016735865,4.105909751365747,0.11797790733353786,0.11797790733353786,0.07500000000000018,0.07500000000000018,0.08295999999999992,0.08295999999999992,0.08652431503865987,0.08652431503865987,0.09760309117454558,0.09760309117454558,0.11797790733353786,0.11797790733353786,0.32766628188927527,0.32766628188927527,0.08329900000000112,0.08329900000000112,0.07295500000000033,0.07295500000000033,0.05362200167358644,0.05362200167358644,-0.1211902486342531,0.1211902486342531
2024-07-04,2025-12-15,4.2975,4.2192,ElasticNet,4.345077907333538,4.2975,4.30786,4.310692621395267,4.324070889680155,4.345077907333538,4.468253396512489,4.315502,4.302262999999999,4.290681789479704,4.0715786900462625,0.1258779073335381,0.1258779073335381,0.07830000000000048,0.07830000000000048,0.08865999999999996,0.08865999999999996,0.09149262139526737,0.09149262139526737,0.10487088968015534,0.10487088968015534,0.1258779073335381,0.1258779073335381,0.24905339651248948,0.24905339651248948,0.09630200000000055,0.09630200000000055,0.08306299999999922,0.08306299999999922,0.07148178947970418,0.07148178947970418,-0.14762130995373735,0.14762130995373735
2024-07-05,2025-12-16,4.2858,4.2239,ElasticNet,4.345077907333538,4.2858,4.302420000000001,4.306166690232491,4.3228986098810145,4.345077907333538,4.2629589650427775,4.3102240000000025,4.3058879999999995,4.293910835746497,4.034312787865608,0.1211779073335375,0.1211779073335375,0.06189999999999962,0.06189999999999962,0.07852000000000015,0.07852000000000015,0.08226669023249045,0.08226669023249045,0.09899860988101405,0.09899860988101405,0.1211779073335375,0.1211779073335375,0.03905896504277706,0.03905896504277706,0.08632400000000207,0.08632400000000207,0.08198799999999906,0.08198799999999906,0.0700108357464968,0.0700108357464968,-0.18958721213439222,0.18958721213439222
2024-07-08,2025-12-17,4.278,4.2149,ElasticNet,4.345077907333538,4.278,4.2984,4.301045473826584,4.32534659009197,4.345077907333538,4.093242430037909,4.3099490000000005,4.309294000000001,4.297133043212723,4.0363718299392,0.13017790733353785,0.13017790733353785,0.06309999999999949,0.06309999999999949,0.08349999999999991,0.08349999999999991,0.08614547382658433,0.08614547382658433,0.11044659009196955,0.11044659009196955,0.13017790733353785,0.13017790733353785,-0.12165756996209076,0.12165756996209076,0.09504900000000038,0.09504900000000038,0.0943940000000012,0.0943940000000012,0.08223304321272273,0.08223304321272273,-0.17852817006080013,0.17852817006080013
2024-07-09,2025-12-18,4.2633,4.2076,ElasticNet,4.345077907333538,4.2633,4.285340000000001,4.294182660403568,4.330476754233964,4.345077907333538,4.227427985246864,4.310920000000001,4.315450000000001,4.300879804241968,4.022620919827671,0.1374779073335377,0.1374779073335377,0.05569999999999986,0.05569999999999986,0.07774000000000036,0.07774000000000036,0.08658266040356821,0.08658266040356821,0.12287675423396394,0.12287675423396394,0.1374779073335377,0.1374779073335377,0.01982798524686391,0.01982798524686391,0.10332000000000097,0.10332000000000097,0.10785000000000089,0.10785000000000089,0.09327980424196802,0.09327980424196802,-0.18497908017232945,0.18497908017232945
2024-07-10,2025-12-19,4.2529,4.2094,ElasticNet,4.345077907333538,4.2529,4.275499999999999,4.286676722148374,4.312900745466768,4.345077907333538,4.349287758852947,4.3049040000000005,4.3270290000000005,4.30529564939356,4.003541151962221,0.13567790733353835,0.13567790733353835,0.04350000000000076,0.04350000000000076,0.0660999999999996,0.0660999999999996,0.07727672214837433,0.07727672214837433,0.10350074546676868,0.10350074546676868,0.13567790733353835,0.13567790733353835,0.13988775885294746,0.13988775885294746,0.09550400000000092,0.09550400000000092,0.11762900000000087,0.11762900000000087,0.09589564939356077,0.09589564939356077,-0.20585884803777876,0.20585884803777876
2024-07-11,2025-12-22,4.2586,4.2115,ElasticNet,4.345077907333538,4.2586,4.26772,4.281571863575942,4.313692409766431,4.345077907333538,4.256545244653649,4.2977430000000005,4.326423999999999,4.305951795891278,3.983584906614616,0.13357790733353792,0.13357790733353792,0.047100000000000364,0.047100000000000364,0.056219999999999715,0.056219999999999715,0.07007186357594186,0.07007186357594186,0.10219240976643107,0.10219240976643107,0.13357790733353792,0.13357790733353792,0.04504524465364934,0.04504524465364934,0.08624300000000051,0.08624300000000051,0.11492399999999936,0.11492399999999936,0.09445179589127761,0.09445179589127761,-0.22791509338538418,0.22791509338538418
2024-07-12,2025-12-23,4.2567,4.2274,ElasticNet,4.345077907333538,4.2567,4.2619,4.277049706562134,4.323307724924845,4.345077907333538,4.326460409903447,4.295107000000002,4.330174000000001,4.312554137495236,3.9315255004331626,0.11767790733353767,0.11767790733353767,0.029300000000000104,0.029300000000000104,0.03449999999999953,0.03449999999999953,0.049649706562133744,0.049649706562133744,0.095907724924845,0.095907724924845,0.11767790733353767,0.11767790733353767,0.09906040990344689,0.09906040990344689,0.0677070000000013,0.0677070000000013,0.10277400000000103,0.10277400000000103,0.08515413749523582,0.08515413749523582,-0.29587449956683765,0.29587449956683765
2024-07-15,2025-12-29,4.2499,4.2274,ElasticNet,4.345077907333538,4.2499,4.25628,4.27211339627811,4.329634180442612,4.345077907333538,4.116886058502516,4.294424000000001,4.318081999999999,4.297813386017538,3.9195908738934047,0.11767790733353767,0.11767790733353767,0.022499999999999964,0.022499999999999964,0.028880000000000017,0.028880000000000017,0.04471339627810966,0.04471339627810966,0.10223418044261212,0.10223418044261212,0.11767790733353767,0.11767790733353767,-0.1105139414974845,0.1105139414974845,0.06702400000000086,0.06702400000000086,0.09068199999999838,0.09068199999999838,0.07041338601753733,0.07041338601753733,-0.3078091261065956,0.3078091261065956
2024-07-16,2025-12-30,4.2604,4.2293,ElasticNet,4.345077907333538,4.2604,4.2557,4.269983687863908,4.336141747048709,4.345077907333538,4.041962294751623,4.293653000000001,4.326991999999999,4.312544927033131,3.986697237159487,0.11577790733353766,0.11577790733353766,0.03109999999999946,0.03109999999999946,0.026399999999999757,0.026399999999999757,0.040683687863907636,0.040683687863907636,0.10684174704870841,0.10684174704870841,0.11577790733353766,0.11577790733353766,-0.18733770524837734,0.18733770524837734,0.06435300000000055,0.06435300000000055,0.09769199999999856,0.09769199999999856,0.0832449270331308,0.0832449270331308,-0.2426027628405132,0.2426027628405132
2024-07-17,2025-12-31,4.2904,4.2267,ElasticNet,4.345077907333538,4.2904,4.263199999999999,4.2736957446159245,4.3322254761459895,4.345077907333538,4.141866371126766,4.298941000000002,4.324959999999998,4.301846249977519,4.075553387187572,0.11837790733353781,0.11837790733353781,0.06369999999999987,0.06369999999999987,0.03649999999999931,0.03649999999999931,0.04699574461592437,0.04699574461592437,0.1055254761459894,0.1055254761459894,0.11837790733353781,0.11837790733353781,-0.08483362887323409,0.08483362887323409,0.07224100000000178,0.07224100000000178,0.09825999999999802,0.09825999999999802,0.07514624997751884,0.07514624997751884,-0.15114661281242814,0.15114661281242814
2024-07-18,2026-01-02,4.2954,4.2156,ElasticNet,4.345077907333538,4.2954,4.270560000000001,4.277641972867574,4.327857819884102,4.345077907333538,3.9399632999848015,4.2926400000000005,4.318392,4.302462720126576,4.084488857037778,0.1294779073335377,0.1294779073335377,0.07979999999999965,0.07979999999999965,0.05496000000000034,0.05496000000000034,0.06204197286757385,0.06204197286757385,0.11225781988410155,0.11225781988410155,0.1294779073335377,0.1294779073335377,-0.2756367000151987,0.2756367000151987,0.07704000000000022,0.07704000000000022,0.102792,0.102792,0.08686272012657614,0.08686272012657614,-0.13111114296222226,0.13111114296222226
2024-07-19,2026-01-05,4.293,4.211,ElasticNet,4.345077907333538,4.293,4.27782,4.280434341437106,4.327218459129718,4.345077907333538,3.746235704963831,4.288575000000002,4.313377,4.3017158778953855,4.095861606888209,0.13407790733353764,0.13407790733353764,0.08199999999999985,0.08199999999999985,0.06681999999999988,0.06681999999999988,0.06943434143710547,0.06943434143710547,0.11621845912971729,0.11621845912971729,0.13407790733353764,0.13407790733353764,-0.46476429503616945,0.46476429503616945,0.07757500000000128,0.07757500000000128,0.10237699999999972,0.10237699999999972,0.09071587789538516,0.09071587789538516,-0.11513839311179108,0.11513839311179108
2024-07-22,2026-01-07,4.2797,4.2105,ElasticNet,4.345077907333538,4.2797,4.28378,4.280300824812177,4.3441232625794735,4.345077907333538,3.663980444282354,4.2913190000000005,4.310769999999998,4.301732094607629,4.035086317570976,0.13457790733353825,0.13457790733353825,0.06920000000000037,0.06920000000000037,0.07328000000000046,0.07328000000000046,0.06980082481217753,0.06980082481217753,0.13362326257947377,0.13362326257947377,0.13457790733353825,0.13457790733353825,-0.5465195557176457,0.5465195557176457,0.08081900000000086,0.08081900000000086,0.1002699999999983,0.1002699999999983,0.09123209460762904,0.09123209460762904,-0.17541368242902333,0.17541368242902333
2024-07-23,2026-01-08,4.281,4.2119,ElasticNet,4.345077907333538,4.281,4.2879000000000005,4.2804279475736,4.3597846328115155,4.345077907333538,3.913443886963239,4.292351,4.317513,4.301046065228437,4.040263517319621,0.13317790733353796,0.13317790733353796,0.06909999999999972,0.06909999999999972,0.07600000000000051,0.07600000000000051,0.06852794757359959,0.06852794757359959,0.14788463281151554,0.14788463281151554,0.13317790733353796,0.13317790733353796,-0.2984561130367611,0.2984561130367611,0.08045100000000005,0.08045100000000005,0.10561299999999996,0.10561299999999996,0.08914606522843727,0.08914606522843727,-0.17163648268037868,0.17163648268037868
2024-07-24,2026-01-09,4.2796,4.2127,ElasticNet,4.345077907333538,4.2796,4.28574,4.280277411651126,4.355793713470787,4.345077907333538,3.8962902495892116,4.296926000000002,4.3180510000000005,4.3003273015029455,4.055365615636837,0.13237790733353805,0.13237790733353805,0.0669000000000004,0.0669000000000004,0.07303999999999977,0.07303999999999977,0.06757741165112652,0.06757741165112652,0.1430937134707868,0.1430937134707868,0.13237790733353805,0.13237790733353805,-0.31640975041078834,0.31640975041078834,0.08422600000000191,0.08422600000000191,0.10535100000000064,0.10535100000000064,0.08762730150294562,0.08762730150294562,-0.15733438436316316,0.15733438436316316
2024-07-25,2026-01-12,4.2971,4.2097,ElasticNet,4.345077907333538,4.2971,4.28608,4.283336064078195,4.35818247610499,4.345077907333538,3.6833768450689788,4.296657,4.318998000000001,4.300435475072053,4.083749394445999,0.13537790733353816,0.13537790733353816,0.08740000000000059,0.08740000000000059,0.07638000000000034,0.07638000000000034,0.07363606407819479,0.07363606407819479,0.14848247610499055,0.14848247610499055,0.13537790733353816,0.13537790733353816,-0.526323154931021,0.526323154931021,0.08695699999999995,0.08695699999999995,0.10929800000000078,0.10929800000000078,0.09073547507205326,0.09073547507205326,-0.12595060555400117,0.12595060555400117
2024-07-26,2026-01-13,4.2773,4.2116,ElasticNet,4.345077907333538,4.2773,4.28294,4.282238597882159,4.359428247151453,4.345077907333538,3.7843778261164447,4.294512,4.325924000000001,4.302983816916006,4.02385208604949,0.13347790733353815,0.13347790733353815,0.06570000000000054,0.06570000000000054,0.07134000000000018,0.07134000000000018,0.07063859788215954,0.07063859788215954,0.1478282471514536,0.1478282471514536,0.13347790733353815,0.13347790733353815,-0.4272221738835551,0.4272221738835551,0.08291200000000032,0.08291200000000032,0.11432400000000165,0.11432400000000165,0.09138381691600639,0.09138381691600639,-0.18774791395050983,0.18774791395050983
2024-07-29,2026-01-14,4.2847,4.211,ElasticNet,4.345077907333538,4.2847,4.283939999999999,4.282686125539948,4.364514093263396,4.345077907333538,4.002094926865384,4.300467999999999,4.323612,4.3011943711154546,4.049918841346698,0.13407790733353764,0.13407790733353764,0.07369999999999965,0.07369999999999965,0.07293999999999912,0.07293999999999912,0.07168612553994791,0.07168612553994791,0.1535140932633956,0.1535140932633956,0.13407790733353764,0.13407790733353764,-0.20890507313461626,0.20890507313461626,0.08946799999999833,0.08946799999999833,0.11261199999999949,0.11261199999999949,0.09019437111545425,0.09019437111545425,-0.1610811586533023,0.1610811586533023
2024-07-30,2026-01-15,4.2845,4.2068,ElasticNet,4.345077907333538,4.2845,4.28464,4.283015920896321,4.365385301060163,4.345077907333538,3.842748901681946,4.299067000000002,4.320896000000001,4.305749171941391,4.0469340366869275,0.13827790733353762,0.13827790733353762,0.0777000000000001,0.0777000000000001,0.07783999999999924,0.07783999999999924,0.07621592089632045,0.07621592089632045,0.158585301060163,0.158585301060163,0.13827790733353762,0.13827790733353762,-0.3640510983180545,0.3640510983180545,0.09226700000000143,0.09226700000000143,0.11409600000000086,0.11409600000000086,0.09894917194139108,0.09894917194139108,-0.1598659633130728,0.1598659633130728
2024-07-31,2026-01-16,4.2953,4.2192,ElasticNet,4.345077907333538,4.2953,4.287780000000001,4.285249389824262,4.360830859308889,4.345077907333538,4.077121632289025,4.2991480000000015,4.321478,4.305523252800316,4.098987371351258,0.1258779073335381,0.1258779073335381,0.07610000000000028,0.07610000000000028,0.06858000000000075,0.06858000000000075,0.06604938982426223,0.06604938982426223,0.14163085930888908,0.14163085930888908,0.1258779073335381,0.1258779073335381,-0.14207836771097515,0.14207836771097515,0.07994800000000168,0.07994800000000168,0.10227800000000009,0.10227800000000009,0.08632325280031594,0.08632325280031594,-0.12021262864874149,0.12021262864874149
2024-08-01,2026-01-19,4.2924,4.2231,ElasticNet,4.345077907333538,4.2924,4.28684,4.286549500765306,4.359959176935384,4.345077907333538,3.79277676229703,4.303842000000001,4.313042000000001,4.296336575828432,4.104784353790777,0.1219779073335383,0.1219779073335383,0.06930000000000014,0.06930000000000014,0.06374000000000013,0.06374000000000013,0.06344950076530598,0.06344950076530598,0.13685917693538396,0.13685917693538396,0.1219779073335383,0.1219779073335383,-0.43032323770296976,0.43032323770296976,0.08074200000000165,0.08074200000000165,0.08994200000000152,0.08994200000000152,0.07323657582843257,0.07323657582843257,-0.11831564620922297,0.11831564620922297
2024-08-02,2026-01-20,4.2903,4.2279,ElasticNet,4.345077907333538,4.2903,4.289440000000001,4.2872314097170685,4.359859746584185,4.345077907333538,3.8313230747075515,4.3098790000000005,4.315737000000001,4.2906928699973585,4.101365566055275,0.11717790733353795,0.11717790733353795,0.06240000000000023,0.06240000000000023,0.061540000000000816,0.061540000000000816,0.05933140971706852,0.05933140971706852,0.13195974658418486,0.13195974658418486,0.11717790733353795,0.11717790733353795,-0.3965769252924485,0.3965769252924485,0.08197900000000047,0.08197900000000047,0.08783700000000128,0.08783700000000128,0.06279286999735856,0.06279286999735856,-0.12653443394472497,0.12653443394472497
2024-08-05,2026-01-21,4.3073,4.2271,ElasticNet,4.345077907333538,4.3073,4.29396,4.290880244313965,4.358153240729791,4.345077907333538,4.175031973801859,4.302833000000001,4.322269,4.292614191956947,4.141824674064292,0.11797790733353786,0.11797790733353786,0.0801999999999996,0.0801999999999996,0.06686000000000014,0.06686000000000014,0.063780244313965,0.063780244313965,0.1310532407297913,0.1310532407297913,0.11797790733353786,0.11797790733353786,-0.05206802619814077,0.05206802619814077,0.0757330000000005,0.0757330000000005,0.09516900000000028,0.09516900000000028,0.06551419195694663,0.06551419195694663,-0.08527532593570797,0.08527532593570797
2024-08-06,2026-01-22,4.313,4.2128,ElasticNet,4.345077907333538,4.313,4.29966,4.294902018075062,4.356937812530864,4.345077907333538,4.176635209081663,4.302290000000002,4.3248419999999985,4.294369731479535,4.169209448093676,0.13227790733353828,0.13227790733353828,0.10020000000000007,0.10020000000000007,0.0868600000000006,0.0868600000000006,0.08210201807506223,0.08210201807506223,0.14413781253086455,0.14413781253086455,0.13227790733353828,0.13227790733353828,-0.036164790918336465,0.036164790918336465,0.08949000000000229,0.08949000000000229,0.11204199999999886,0.11204199999999886,0.08156973147953561,0.08156973147953561,-0.04359055190632333,0.04359055190632333
2024-08-07,2026-01-23,4.3158,4.205,ElasticNet,4.345077907333538,4.3158,4.3037600000000005,4.298701651152324,4.347637622460178,4.345077907333538,3.84986207402075,4.305329000000003,4.316902,4.29118334718452,4.165988703866754,0.14007790733353787,0.14007790733353787,0.11080000000000023,0.11080000000000023,0.0987600000000004,0.0987600000000004,0.09370165115232432,0.09370165115232432,0.1426376224601782,0.1426376224601782,0.14007790733353787,0.14007790733353787,-0.3551379259792502,0.3551379259792502,0.100329000000003,0.100329000000003,0.11190199999999972,0.11190199999999972,0.08618334718452036,0.08618334718452036,-0.039011296133246276,0.039011296133246276
2024-08-08,2026-01-26,4.3225,4.2118,ElasticNet,4.345077907333538,4.3225,4.30978,4.303028623670083,4.332636497039085,4.345077907333538,3.7567375925355684,4.303856000000002,4.3191440000000005,4.293136081738399,4.139958069018584,0.13327790733353773,0.13327790733353773,0.11069999999999958,0.11069999999999958,0.09797999999999973,0.09797999999999973,0.09122862367008278,0.09122862367008278,0.12083649703908517,0.12083649703908517,0.13327790733353773,0.13327790733353773,-0.45506240746443183,0.45506240746443183,0.09205600000000214,0.09205600000000214,0.10734400000000033,0.10734400000000033,0.08133608173839857,0.08133608173839857,-0.07184193098141645,0.07184193098141645
2024-08-09,2026-01-27,4.3238,4.2032,ElasticNet,4.345077907333538,4.3238,4.31648,4.306805237548249,4.340486576370304,4.345077907333538,3.9539244943739402,4.305500000000002,4.312617,4.297456877222608,4.129137189788448,0.1418779073335381,0.1418779073335381,0.12060000000000048,0.12060000000000048,0.11328000000000049,0.11328000000000049,0.10360523754824946,0.10360523754824946,0.13728657637030395,0.13728657637030395,0.1418779073335381,0.1418779073335381,-0.2492755056260596,0.2492755056260596,0.10230000000000228,0.10230000000000228,0.10941700000000054,0.10941700000000054,0.094256877222608,0.094256877222608,-0.0740628102115517,0.0740628102115517
2024-08-12,2026-01-28,4.3123,4.2009,ElasticNet,4.345077907333538,4.3123,4.317480000000001,4.307804285266749,4.34039849673053,4.345077907333538,4.299056522594743,4.301923000000001,4.312538,4.298915189867323,4.124866216403642,0.14417790733353808,0.14417790733353808,0.11139999999999972,0.11139999999999972,0.1165800000000008,0.1165800000000008,0.106904285266749,0.106904285266749,0.13949849673053016,0.13949849673053016,0.14417790733353808,0.14417790733353808,0.09815652259474295,0.09815652259474295,0.10102300000000142,0.10102300000000142,0.11163800000000013,0.11163800000000013,0.09801518986732294,0.09801518986732294,-0.07603378359635826,0.07603378359635826
2024-08-13,2026-01-29,4.2945,4.2072,ElasticNet,4.345077907333538,4.2945,4.31378,4.305385324309158,4.331800432372031,4.345077907333538,4.204108480785887,4.3054179999999995,4.311007,4.290721463776632,4.103566437649655,0.13787790733353766,0.13787790733353766,0.08729999999999993,0.08729999999999993,0.10658000000000012,0.10658000000000012,0.09818532430915816,0.09818532430915816,0.12460043237203067,0.12460043237203067,0.13787790733353766,0.13787790733353766,-0.003091519214112992,0.003091519214112992,0.09821799999999925,0.09821799999999925,0.10380699999999976,0.10380699999999976,0.0835214637766315,0.0835214637766315,-0.10363356235034527,0.10363356235034527
2024-08-14,2026-01-30,4.2933,4.2131,ElasticNet,4.345077907333538,4.2933,4.309279999999999,4.303187992616584,4.320548799926717,4.345077907333538,3.8955955573105903,4.309479,4.308618000000002,4.28742633967749,4.086311868586532,0.1319779073335381,0.1319779073335381,0.0802000000000005,0.0802000000000005,0.09617999999999949,0.09617999999999949,0.09008799261658407,0.09008799261658407,0.10744879992671752,0.10744879992671752,0.1319779073335381,0.1319779073335381,-0.3175044426894096,0.3175044426894096,0.09637899999999977,0.09637899999999977,0.09551800000000199,0.09551800000000199,0.0743263396774898,0.0743263396774898,-0.126788131413468,0.126788131413468
2024-08-16,2026-02-02,4.2732,4.2106,ElasticNet,4.345077907333538,4.2732,4.2994200000000005,4.297735630322659,4.300576565020136,4.345077907333538,4.072582695159702,4.3107359999999995,4.307207000000002,4.281369445198851,4.004513687363726,0.1344779073335376,0.1344779073335376,0.06259999999999977,0.06259999999999977,0.08882000000000012,0.08882000000000012,0.08713563032265892,0.08713563032265892,0.08997656502013562,0.08997656502013562,0.1344779073335376,0.1344779073335376,-0.1380173048402984,0.1380173048402984,0.10013599999999911,0.10013599999999911,0.09660700000000144,0.09660700000000144,0.07076944519885053,0.07076944519885053,-0.2060863126362742,0.2060863126362742
2024-08-19,2026-02-03,4.2693,4.2198,ElasticNet,4.345077907333538,4.2693,4.28852,4.29256551571854,4.31273240670416,4.345077907333538,4.299072540674201,4.309298000000002,4.310229,4.279741419630245,3.985306222154916,0.12527790733353772,0.12527790733353772,0.0495000000000001,0.0495000000000001,0.06871999999999989,0.06871999999999989,0.0727655157185394,0.0727655157185394,0.09293240670415948,0.09293240670415948,0.12527790733353772,0.12527790733353772,0.07927254067420098,0.07927254067420098,0.08949800000000163,0.08949800000000163,0.09042899999999943,0.09042899999999943,0.059941419630244575,0.059941419630244575,-0.2344937778450844,0.2344937778450844
2024-08-20,2026-02-04,4.2665,4.2241,ElasticNet,4.345077907333538,4.2665,4.27936,4.287826331042441,4.312609821484516,4.345077907333538,4.168825488897807,4.310581000000002,4.313676000000002,4.278773801103965,4.004263633391807,0.12097790733353797,0.12097790733353797,0.04239999999999977,0.04239999999999977,0.05525999999999964,0.05525999999999964,0.06372633104244141,0.06372633104244141,0.08850982148451614,0.08850982148451614,0.12097790733353797,0.12097790733353797,-0.05527451110219328,0.05527451110219328,0.0864810000000018,0.0864810000000018,0.08957600000000188,0.08957600000000188,0.05467380110396469,0.05467380110396469,-0.2198363666081926,0.2198363666081926
2024-08-21,2026-02-05,4.2879,4.2175,ElasticNet,4.345077907333538,4.2879,4.27804,4.287839725398361,4.310298076511195,4.345077907333538,4.274620474892503,4.314031000000001,4.311679000000002,4.27317183845644,4.071777393129744,0.1275779073335377,0.1275779073335377,0.07039999999999935,0.07039999999999935,0.060539999999999594,0.060539999999999594,0.07033972539836064,0.07033972539836064,0.09279807651119487,0.09279807651119487,0.1275779073335377,0.1275779073335377,0.05712047489250249,0.05712047489250249,0.09653100000000059,0.09653100000000059,0.09417900000000134,0.09417900000000134,0.05567183845643964,0.05567183845643964,-0.1457226068702564,0.1457226068702564
2024-08-22,2026-02-06,4.285,4.2155,ElasticNet,4.345077907333538,4.285,4.2763800000000005,4.287323411689568,4.307894820242408,4.345077907333538,4.212555425590841,4.311865000000001,4.315467,4.2864534413272795,4.034029872863404,0.12957790733353836,0.12957790733353836,0.06950000000000056,0.06950000000000056,0.06088000000000093,0.06088000000000093,0.07182341168956885,0.07182341168956885,0.09239482024240875,0.09239482024240875,0.12957790733353836,0.12957790733353836,-0.00294457440915874,0.00294457440915874,0.09636500000000137,0.09636500000000137,0.09996700000000036,0.09996700000000036,0.07095344132727988,0.07095344132727988,-0.1814701271365955,0.1814701271365955
2024-08-23,2026-02-09,4.2769,4.2142,ElasticNet,4.345077907333538,4.2769,4.277119999999999,4.285428245927828,4.309823199219135,4.345077907333538,4.041244368326575,4.314468000000001,4.307384999999997,4.285897247930678,3.997662240134046,0.130877907333538,0.130877907333538,0.06270000000000042,0.06270000000000042,0.0629199999999992,0.0629199999999992,0.07122824592782795,0.07122824592782795,0.0956231992191352,0.0956231992191352,0.130877907333538,0.130877907333538,-0.17295563167342465,0.17295563167342465,0.10026800000000069,0.10026800000000069,0.09318499999999741,0.09318499999999741,0.07169724793067811,0.07169724793067811,-0.21653775986595392,0.21653775986595392
2024-08-26,2026-02-10,4.2803,4.2148,ElasticNet,4.345077907333538,4.2803,4.27932,4.284495837577314,4.315658844669663,4.345077907333538,4.33841171020406,4.312088000000001,4.299226999999999,4.283514488537863,3.9854437232361204,0.1302779073335376,0.1302779073335376,0.06550000000000011,0.06550000000000011,0.06451999999999991,0.06451999999999991,0.06969583757731357,0.06969583757731357,0.10085884466966277,0.10085884466966277,0.1302779073335376,0.1302779073335376,0.12361171020405948,0.12361171020405948,0.09728800000000071,0.09728800000000071,0.08442699999999892,0.08442699999999892,0.06871448853786255,0.06871448853786255,-0.22935627676387993,0.22935627676387993
2024-08-27,2026-02-11,4.2802,4.2174,ElasticNet,4.345077907333538,4.2802,4.28206,4.28371477619962,4.333319102855667,4.345077907333538,4.287458786972996,4.310483000000002,4.300761999999999,4.282189711629738,4.002421796925525,0.12767790733353834,0.12767790733353834,0.06280000000000019,0.06280000000000019,0.06466000000000083,0.06466000000000083,0.06631477619962034,0.06631477619962034,0.11591910285566698,0.11591910285566698,0.12767790733353834,0.12767790733353834,0.0700587869729965,0.0700587869729965,0.09308300000000269,0.09308300000000269,0.08336199999999927,0.08336199999999927,0.06478971162973846,0.06478971162973846,-0.2149782030744749,0.2149782030744749
2024-08-28,2026-02-12,4.2938,4.2131,ElasticNet,4.345077907333538,4.2938,4.28324,4.2855484532542345,4.333282480086406,4.345077907333538,4.363099865413744,4.311292000000003,4.306269999999999,4.283910092628979,4.048497968027649,0.1319779073335381,0.1319779073335381,0.08070000000000022,0.08070000000000022,0.07014000000000031,0.07014000000000031,0.07244845325423466,0.07244845325423466,0.12018248008640597,0.12018248008640597,0.1319779073335381,0.1319779073335381,0.14999986541374444,0.14999986541374444,0.09819200000000272,0.09819200000000272,0.09316999999999886,0.09316999999999886,0.07081009262897897,0.07081009262897897,-0.16460203197235046,0.16460203197235046
2024-08-29,2026-02-13,4.2862,4.214,ElasticNet,4.345077907333538,4.2862,4.28348,4.285666916298919,4.330145418836797,4.345077907333538,4.662715168165674,4.312726000000003,4.308778,4.279486343816497,4.006108371169169,0.13107790733353752,0.13107790733353752,0.0721999999999996,0.0721999999999996,0.06947999999999954,0.06947999999999954,0.07166691629891897,0.07166691629891897,0.11614541883679674,0.11614541883679674,0.13107790733353752,0.13107790733353752,0.44871516816567336,0.44871516816567336,0.09872600000000276,0.09872600000000276,0.0947779999999998,0.0947779999999998,0.06548634381649698,0.06548634381649698,-0.207891628830831,0.207891628830831
2024-08-30,2026-02-16,4.2798,4.208,ElasticNet,4.345077907333538,4.2798,4.28406,4.28460020424457,4.327184013843654,4.345077907333538,4.392131900351281,4.316660000000002,4.306967000000001,4.278530240136911,4.003747271089361,0.13707790733353775,0.13707790733353775,0.07179999999999964,0.07179999999999964,0.07606000000000002,0.07606000000000002,0.0766002042445697,0.0766002042445697,0.11918401384365396,0.11918401384365396,0.13707790733353775,0.13707790733353775,0.18413190035128046,0.18413190035128046,0.1086600000000022,0.1086600000000022,0.09896700000000092,0.09896700000000092,0.070530240136911,0.070530240136911,-0.20425272891063884,0.20425272891063884
2024-09-02,2026-02-17,4.2812,4.2182,ElasticNet,4.345077907333538,4.2812,4.2842400000000005,4.283981985291011,4.323940642553305,4.345077907333538,4.464876360973729,4.317559000000003,4.308061,4.277779606446054,4.014572607326084,0.12687790733353754,0.12687790733353754,0.06299999999999972,0.06299999999999972,0.0660400000000001,0.0660400000000001,0.06578198529101087,0.06578198529101087,0.10574064255330473,0.10574064255330473,0.12687790733353754,0.12687790733353754,0.24667636097372903,0.24667636097372903,0.09935900000000242,0.09935900000000242,0.08986099999999997,0.08986099999999997,0.059579606446053646,0.059579606446053646,-0.2036273926739165,0.2036273926739165
2024-09-03,2026-02-18,4.2757,4.2148,ElasticNet,4.345077907333538,4.2757,4.28334,4.282476169783554,4.325010009917944,4.345077907333538,4.281261138251865,4.315924000000001,4.302304000000001,4.278964999951632,3.997259215758656,0.1302779073335376,0.1302779073335376,0.06089999999999929,0.06089999999999929,0.0685399999999996,0.0685399999999996,0.06767616978355395,0.06767616978355395,0.11021000991794327,0.11021000991794327,0.1302779073335376,0.1302779073335376,0.0664611382518645,0.0664611382518645,0.10112400000000044,0.10112400000000044,0.08750400000000091,0.08750400000000091,0.06416499995163161,0.06416499995163161,-0.21754078424134438,0.21754078424134438
2024-09-04,2026-02-19,4.2815,4.222,ElasticNet,4.345077907333538,4.2815,4.28088,4.282298684368362,4.3460525023974155,4.345077907333538,4.369790530247906,4.321814000000001,4.3145599999999975,4.281799309463658,4.0116833633025495,0.12307790733353752,0.12307790733353752,0.059499999999999886,0.059499999999999886,0.05887999999999938,0.05887999999999938,0.0602986843683615,0.0602986843683615,0.12405250239741505,0.12405250239741505,0.12307790733353752,0.12307790733353752,0.14779053024790567,0.14779053024790567,0.09981400000000029,0.09981400000000029,0.09255999999999709,0.09255999999999709,0.0597993094636573,0.0597993094636573,-0.21031663669745093,0.21031663669745093
2024-09-05,2026-02-20,4.2717,4.2241,ElasticNet,4.345077907333538,4.2717,4.27798,4.280371650846841,4.3414952492893,4.345077907333538,4.326630502301915,4.317342999999999,4.308272999999999,4.289444025785275,3.9846174640277283,0.12097790733353797,0.12097790733353797,0.04760000000000009,0.04760000000000009,0.05388000000000037,0.05388000000000037,0.05627165084684105,0.05627165084684105,0.11739524928930045,0.11739524928930045,0.12097790733353797,0.12097790733353797,0.1025305023019154,0.1025305023019154,0.0932429999999993,0.0932429999999993,0.08417299999999894,0.08417299999999894,0.06534402578527487,0.06534402578527487,-0.23948253597227165,0.23948253597227165
2024-09-06,2026-02-23,4.279,4.2173,ElasticNet,4.345077907333538,4.279,4.27782,4.280122259783779,4.339032157976482,4.345077907333538,4.433601818537918,4.318600000000002,4.300961999999998,4.291057334806219,4.002118429810414,0.1277779073335381,0.1277779073335381,0.06170000000000009,0.06170000000000009,0.06052000000000035,0.06052000000000035,0.06282225978377909,0.06282225978377909,0.12173215797648229,0.12173215797648229,0.1277779073335381,0.1277779073335381,0.21630181853791797,0.21630181853791797,0.10130000000000194,0.10130000000000194,0.08366199999999857,0.08366199999999857,0.07375733480621882,0.07375733480621882,-0.2151815701895856,0.2151815701895856
2024-09-09,2026-02-24,4.2818,4.2193,ElasticNet,4.345077907333538,4.2818,4.277939999999999,4.280427303459455,4.354256664752799,4.345077907333538,4.3505590837014765,4.333118000000002,4.312593999999998,4.292704568727168,4.0098897103767195,0.12577790733353833,0.12577790733353833,0.0625,0.0625,0.05863999999999958,0.05863999999999958,0.06112730345945572,0.06112730345945572,0.13495666475279933,0.13495666475279933,0.12577790733353833,0.12577790733353833,0.13125908370147688,0.13125908370147688,0.11381800000000197,0.11381800000000197,0.09329399999999843,0.09329399999999843,0.0734045687271685,0.0734045687271685,-0.20941028962328012,0.20941028962328012
2024-09-10,2026-02-25,4.2827,4.2183,ElasticNet,4.345077907333538,4.2827,4.27934,4.280840521012282,4.361258818238605,4.345077907333538,4.487644337671557,4.358370000000001,4.326094,4.319294256929686,4.017456864362846,0.12677790733353778,0.12677790733353778,0.06440000000000001,0.06440000000000001,0.061040000000000205,0.061040000000000205,0.06254052101228158,0.06254052101228158,0.142958818238605,0.142958818238605,0.12677790733353778,0.12677790733353778,0.26934433767155674,0.26934433767155674,0.14007000000000058,0.14007000000000058,0.10779400000000017,0.10779400000000017,0.10099425692968556,0.10099425692968556,-0.20084313563715384,0.20084313563715384
2024-09-11,2026-02-26,4.2864,4.2224,ElasticNet,4.345077907333538,4.2864,4.280320000000001,4.281851335373685,4.3627868643598715,4.345077907333538,4.575875581196094,4.366001999999998,4.341016999999999,4.314232831452917,4.0240583428587495,0.12267790733353756,0.12267790733353756,0.06400000000000006,0.06400000000000006,0.057920000000000194,0.057920000000000194,0.05945133537368452,0.05945133537368452,0.14038686435987113,0.14038686435987113,0.12267790733353756,0.12267790733353756,0.35347558119609346,0.35347558119609346,0.1436019999999978,0.1436019999999978,0.11861699999999864,0.11861699999999864,0.09183283145291643,0.09183283145291643,-0.19834165714125085,0.19834165714125085
2024-09-12,2026-02-27,4.2986,4.2233,ElasticNet,4.345077907333538,4.2986,4.2857,4.284896547123924,4.360712680804061,4.345077907333538,4.455731454098351,4.3740120000000005,4.334636,4.3426673491204415,3.997755902266765,0.12177790733353788,0.12177790733353788,0.07530000000000037,0.07530000000000037,0.06240000000000023,0.06240000000000023,0.061596547123923706,0.061596547123923706,0.13741268080406055,0.13741268080406055,0.12177790733353788,0.12177790733353788,0.23243145409835098,0.23243145409835098,0.1507120000000004,0.1507120000000004,0.11133599999999966,0.11133599999999966,0.11936734912044145,0.11936734912044145,-0.22554409773323503,0.22554409773323503
2024-09-13,2026-03-02,4.2883,4.2304,ElasticNet,4.345077907333538,4.2883,4.287560000000001,4.285515356737755,4.347988961715845,4.345077907333538,4.3305267244416115,4.4028800000000015,4.352763999999998,4.37413464420869,3.8482615186699167,0.11467790733353755,0.11467790733353755,0.057899999999999174,0.057899999999999174,0.057160000000000544,0.057160000000000544,0.055115356737754695,0.055115356737754695,0.11758896171584432,0.11758896171584432,0.11467790733353755,0.11467790733353755,0.10012672444161108,0.10012672444161108,0.17248000000000108,0.17248000000000108,0.12236399999999747,0.12236399999999747,0.1437346442086893,0.1437346442086893,-0.38213848133008366,0.38213848133008366
2024-09-16,2026-03-03,4.2753,4.2732,ElasticNet,4.345077907333538,4.2753,4.28626,4.283658019149072,4.3493653430191435,4.345077907333538,4.396161748535331,4.420669000000002,4.356587000000001,4.360608884843268,3.7992128076207603,0.07187790733353783,0.07187790733353783,0.0020999999999995467,0.0020999999999995467,0.013060000000000294,0.013060000000000294,0.010458019149071518,0.010458019149071518,0.07616534301914335,0.07616534301914335,0.07187790733353783,0.07187790733353783,0.1229617485353307,0.1229617485353307,0.14746900000000185,0.14746900000000185,0.08338700000000099,0.08338700000000099,0.08740888484326792,0.08740888484326792,-0.4739871923792398,0.4739871923792398
2024-09-17,2026-03-04,4.2748,4.2685,ElasticNet,4.345077907333538,4.2748,4.28468,4.282047470212877,4.348458635361652,4.345077907333538,4.291498855583847,4.394898000000003,4.347159000000001,4.411071940447727,3.7808562958841803,0.07657790733353753,0.07657790733353753,0.006299999999999528,0.006299999999999528,0.016179999999999417,0.016179999999999417,0.013547470212876611,0.013547470212876611,0.07995863536165171,0.07995863536165171,0.07657790733353753,0.07657790733353753,0.022998855583846733,0.022998855583846733,0.12639800000000267,0.12639800000000267,0.07865900000000092,0.07865900000000092,0.14257194044772703,0.14257194044772703,-0.48764370411582014,0.48764370411582014
2024-09-18,2026-03-05,4.2691,4.2739,ElasticNet,4.345077907333538,4.2691,4.281219999999999,4.279693384719627,4.353031522561667,4.345077907333538,4.137465597605087,4.406045000000002,4.341032000000001,4.392794309552888,3.679741734102455,0.07117790733353768,0.07117790733353768,-0.0048000000000003595,0.0048000000000003595,0.007319999999999105,0.007319999999999105,0.0057933847196265376,0.0057933847196265376,0.07913152256166711,0.07913152256166711,0.07117790733353768,0.07117790733353768,-0.13643440239491333,0.13643440239491333,0.13214500000000218,0.13214500000000218,0.06713200000000086,0.06713200000000086,0.11889430955288738,0.11889430955288738,-0.5941582658975451,0.5941582658975451
2024-09-19,2026-03-06,4.2693,4.2782,ElasticNet,4.345077907333538,4.2693,4.27536,4.277803678406968,4.3593927983603065,4.345077907333538,4.441735947489981,4.427508,4.346195000000002,4.365291552131193,3.743253859990218,0.06687790733353793,0.06687790733353793,-0.008899999999999686,0.008899999999999686,-0.0028399999999999537,0.0028399999999999537,-0.0003963215930316011,0.0003963215930316011,0.08119279836030646,0.08119279836030646,0.06687790733353793,0.06687790733353793,0.16353594748998113,0.16353594748998113,0.14930800000000044,0.14930800000000044,0.06799500000000158,0.06799500000000158,0.08709155213119324,0.08709155213119324,-0.5349461400097821,0.5349461400097821
2024-09-20,2026-03-09,4.2779,4.2836,ElasticNet,4.345077907333538,4.2779,4.27328,4.277821191423882,4.3654885605656375,4.345077907333538,4.290273768964941,4.437654,4.352621999999999,4.347800809066526,3.784740419065635,0.061477907333538084,0.061477907333538084,-0.005700000000000038,0.005700000000000038,-0.010320000000000107,0.010320000000000107,-0.005778808576117456,0.005778808576117456,0.08188856056563765,0.08188856056563765,0.061477907333538084,0.061477907333538084,0.006673768964940763,0.006673768964940763,0.15405400000000036,0.15405400000000036,0.06902199999999947,0.06902199999999947,0.06420080906652625,0.06420080906652625,-0.498859580934365,0.498859580934365
2024-09-23,2026-03-10,4.2785,4.2555,ElasticNet,4.345077907333538,4.2785,4.27392,4.277944611164995,4.367047506167644,4.345077907333538,4.237823236904778,4.438234000000001,4.367361000000002,4.359672632072568,3.7769494879694894,0.08957790733353832,0.08957790733353832,0.023000000000000576,0.023000000000000576,0.01842000000000077,0.01842000000000077,0.022444611164995187,0.022444611164995187,0.11154750616764453,0.11154750616764453,0.08957790733353832,0.08957790733353832,-0.01767676309522148,0.01767676309522148,0.18273400000000173,0.18273400000000173,0.11186100000000199,0.11186100000000199,0.10417263207256866,0.10417263207256866,-0.47855051203051024,0.47855051203051024
2024-09-24,2026-03-11,4.2668,4.274,ElasticNet,4.345077907333538,4.2668,4.27232,4.275918318225905,4.3616523078611005,4.345077907333538,4.108667074523742,4.444812,4.370149999999999,4.36198371043507,3.737467244716526,0.07107790733353792,0.07107790733353792,-0.007200000000000095,0.007200000000000095,-0.0016800000000003479,0.0016800000000003479,0.0019183182259050469,0.0019183182259050469,0.08765230786110045,0.08765230786110045,0.07107790733353792,0.07107790733353792,-0.16533292547625766,0.16533292547625766,0.17081199999999974,0.17081199999999974,0.09614999999999885,0.09614999999999885,0.08798371043507025,0.08798371043507025,-0.5365327552834742,0.5365327552834742
2024-09-25,2026-03-12,4.2634,4.2629,ElasticNet,4.345077907333538,4.2634,4.271179999999999,4.273642260366649,4.350675687425816,4.345077907333538,4.026418043352717,4.431532,4.364129999999999,4.385172771349417,3.715315098806265,0.0821779073335378,0.0821779073335378,0.0004999999999997229,0.0004999999999997229,0.008279999999999177,0.008279999999999177,0.010742260366648715,0.010742260366648715,0.08777568742581554,0.08777568742581554,0.0821779073335378,0.0821779073335378,-0.23648195664728355,0.23648195664728355,0.16863199999999967,0.16863199999999967,0.10122999999999927,0.10122999999999927,0.12227277134941694,0.12227277134941694,-0.5475849011937353,0.5475849011937353
2024-09-26,2026-03-13,4.2665,4.2693,ElasticNet,4.345077907333538,4.2665,4.270619999999999,4.272343667572713,4.346321712682229,4.345077907333538,4.2840740523667,4.430698999999999,4.367748999999998,4.379664107836436,3.720913485693673,0.07577790733353762,0.07577790733353762,-0.00280000000000058,0.00280000000000058,0.0013199999999988776,0.0013199999999988776,0.0030436675727125717,0.0030436675727125717,0.07702171268222902,0.07702171268222902,0.07577790733353762,0.07577790733353762,0.014774052366699486,0.014774052366699486,0.16139899999999852,0.16139899999999852,0.09844899999999779,0.09844899999999779,0.11036410783643547,0.11036410783643547,-0.5483865143063271,0.5483865143063271
2024-09-27,2026-03-16,4.2761,4.2694,ElasticNet,4.345077907333538,4.2761,4.27026,4.273026637104946,4.354460797335437,4.345077907333538,4.3900256147202175,4.428304999999999,4.380449,4.411632344512165,3.783299830457394,0.07567790733353785,0.07567790733353785,0.006699999999999484,0.006699999999999484,0.000860000000000305,0.000860000000000305,0.003626637104946262,0.003626637104946262,0.08506079733543714,0.08506079733543714,0.07567790733353785,0.07567790733353785,0.12062561472021738,0.12062561472021738,0.15890499999999896,0.15890499999999896,0.11104899999999951,0.11104899999999951,0.1422323445121645,0.1422323445121645,-0.48610016954260615,0.48610016954260615
2024-09-30,2026-03-17,4.2791,4.2666,ElasticNet,4.345077907333538,4.2791,4.270379999999999,4.274130884904047,4.355602988737481,4.345077907333538,4.127617785285677,4.442074,4.386351999999999,4.387651746665306,3.820715797199951,0.07847790733353754,0.07847790733353754,0.01249999999999929,0.01249999999999929,0.0037799999999990064,0.0037799999999990064,0.007530884904046964,0.007530884904046964,0.08900298873748103,0.08900298873748103,0.07847790733353754,0.07847790733353754,-0.13898221471432315,0.13898221471432315,0.17547399999999946,0.17547399999999946,0.1197519999999983,0.1197519999999983,0.12105174666530605,0.12105174666530605,-0.4458842028000496,0.4458842028000496
2024-10-01,2026-03-18,4.2846,4.2613,ElasticNet,4.345077907333538,4.2846,4.27394,4.276034360376038,4.343634088121413,4.345077907333538,4.129888407019758,4.426372000000001,4.373381999999999,4.342666930836357,3.848127593305847,0.08377790733353763,0.08377790733353763,0.023299999999999876,0.023299999999999876,0.012639999999999318,0.012639999999999318,0.014734360376037259,0.014734360376037259,0.08233408812141274,0.08233408812141274,0.08377790733353763,0.08377790733353763,-0.13141159298024263,0.13141159298024263,0.16507200000000033,0.16507200000000033,0.11208199999999913,0.11208199999999913,0.08136693083635649,0.08136693083635649,-0.41317240669415334,0.41317240669415334
2024-10-02,2026-03-19,4.2952,4.2782,ElasticNet,4.345077907333538,4.2952,4.2803,4.279519022125848,4.334873692935636,4.345077907333538,3.899436726488359,4.431906999999998,4.367082,4.397182913943736,3.8581816237826825,0.06687790733353793,0.06687790733353793,0.017000000000000348,0.017000000000000348,0.002100000000000435,0.002100000000000435,0.0013190221258483348,0.0013190221258483348,0.056673692935635955,0.056673692935635955,0.06687790733353793,0.06687790733353793,-0.3787632735116411,0.3787632735116411,0.15370699999999804,0.15370699999999804,0.0888819999999999,0.0888819999999999,0.11898291394373572,0.11898291394373572,-0.4200183762173175,0.4200183762173175
2024-10-03,2026-03-20,4.299,4.2768,ElasticNet,4.345077907333538,4.299,4.2868,4.283061018102966,4.342802742722436,4.345077907333538,4.053585025909751,4.421120000000001,4.3907680000000004,4.359048982037608,3.8543176724458896,0.06827790733353822,0.06827790733353822,0.022200000000000664,0.022200000000000664,0.010000000000000675,0.010000000000000675,0.006261018102966531,0.006261018102966531,0.06600274272243656,0.06600274272243656,0.06827790733353822,0.06827790733353822,-0.22321497409024893,0.22321497409024893,0.14432000000000134,0.14432000000000134,0.11396800000000074,0.11396800000000074,0.08224898203760844,0.08224898203760844,-0.4224823275541101,0.4224823275541101
2024-10-04,2026-03-23,4.313,4.2867,ElasticNet,4.345077907333538,4.313,4.29418,4.2885044693569725,4.340358076312862,4.345077907333538,4.160194311661808,4.416494,4.398922,4.362291900487019,3.8590125982874417,0.058377907333538204,0.058377907333538204,0.02629999999999999,0.02629999999999999,0.007480000000000153,0.007480000000000153,0.00180446935697276,0.00180446935697276,0.053658076312862235,0.053658076312862235,0.058377907333538204,0.058377907333538204,-0.12650568833819165,0.12650568833819165,0.1297940000000004,0.1297940000000004,0.11222200000000004,0.11222200000000004,0.07559190048701936,0.07559190048701936,-0.42768740171255804,0.42768740171255804
2024-10-07,2026-03-24,4.3185,4.2728,ElasticNet,4.345077907333538,4.3185,4.30206,4.293958202201159,4.341144877596286,4.345077907333538,4.191182480779223,4.421795,4.386856,4.370599531707376,3.865592878654051,0.07227790733353778,0.07227790733353778,0.045700000000000074,0.045700000000000074,0.02925999999999984,0.02925999999999984,0.021158202201158716,0.021158202201158716,0.06834487759628605,0.06834487759628605,0.07227790733353778,0.07227790733353778,-0.08161751922077709,0.08161751922077709,0.1489950000000002,0.1489950000000002,0.11405599999999971,0.11405599999999971,0.0977995317073761,0.0977995317073761,-0.40720712134594894,0.40720712134594894
2024-10-08,2026-03-25,4.3203,4.2692,ElasticNet,4.345077907333538,4.3203,4.3092,4.298747619982766,4.343665759230707,4.345077907333538,4.192401133296017,4.412418999999999,4.371836000000001,4.339674222596609,3.909779763786766,0.07587790733353827,0.07587790733353827,0.05109999999999992,0.05109999999999992,0.040000000000000036,0.040000000000000036,0.02954761998276645,0.02954761998276645,0.07446575923070764,0.07446575923070764,0.07587790733353827,0.07587790733353827,-0.0767988667039825,0.0767988667039825,0.14321899999999932,0.14321899999999932,0.10263600000000128,0.10263600000000128,0.07047422259660951,0.07047422259660951,-0.3594202362132335,0.3594202362132335
2024-10-09,2026-03-26,4.3026,4.271,ElasticNet,4.345077907333538,4.3026,4.31068,4.299448052713172,4.338076677722911,4.345077907333538,4.039891886856625,4.404656999999999,4.383425000000001,4.344306907655888,3.8547090857057404,0.07407790733353803,0.07407790733353803,0.03160000000000007,0.03160000000000007,0.039679999999999715,0.039679999999999715,0.028448052713172522,0.028448052713172522,0.06707667772291082,0.06707667772291082,0.07407790733353803,0.07407790733353803,-0.23110811314337454,0.23110811314337454,0.13365699999999947,0.13365699999999947,0.11242500000000089,0.11242500000000089,0.07330690765588788,0.07330690765588788,-0.41629091429425946,0.41629091429425946
2024-10-10,2026-03-27,4.3029,4.2858,ElasticNet,4.345077907333538,4.3029,4.311459999999999,4.300075679492595,4.33410916012314,4.345077907333538,4.234784120836929,4.4011619999999985,4.365510999999999,4.322679266223951,3.8451113976009825,0.05927790733353788,0.05927790733353788,0.017100000000000115,0.017100000000000115,0.02565999999999935,0.02565999999999935,0.014275679492595117,0.014275679492595117,0.04830916012314024,0.04830916012314024,0.05927790733353788,0.05927790733353788,-0.05101587916307082,0.05101587916307082,0.11536199999999841,0.11536199999999841,0.07971099999999876,0.07971099999999876,0.03687926622395121,0.03687926622395121,-0.4406886023990175,0.4406886023990175
2024-10-11,2026-03-30,4.2926,4.2832,ElasticNet,4.345077907333538,4.2926,4.30738,4.298716465039396,4.328965513863801,4.345077907333538,4.3975644570200565,4.410267000000002,4.37563,4.336594229942177,3.8500977445016096,0.06187790733353804,0.06187790733353804,0.009400000000000297,0.009400000000000297,0.024180000000000312,0.024180000000000312,0.015516465039396188,0.015516465039396188,0.04576551386380068,0.04576551386380068,0.06187790733353804,0.06187790733353804,0.1143644570200566,0.1143644570200566,0.12706700000000204,0.12706700000000204,0.09243000000000023,0.09243000000000023,0.05339422994217724,0.05339422994217724,-0.4331022554983903,0.4331022554983903
2024-10-14,2026-03-31,4.2928,4.2894,ElasticNet,4.345077907333538,4.2928,4.30224,4.297640744123142,4.336592350061476,4.345077907333538,4.30203018466927,4.393001000000002,4.377158000000002,4.3207344120998625,3.8661183880095717,0.05567790733353828,0.05567790733353828,0.0034000000000000696,0.0034000000000000696,0.012840000000000629,0.012840000000000629,0.008240744123142463,0.008240744123142463,0.047192350061476596,0.047192350061476596,0.05567790733353828,0.05567790733353828,0.012630184669270683,0.012630184669270683,0.10360100000000205,0.10360100000000205,0.08775800000000267,0.08775800000000267,0.031334412099862874,0.031334412099862874,-0.4232816119904279,0.4232816119904279
2024-10-15,2026-04-01,4.2913,4.2874,ElasticNet,4.345077907333538,4.2913,4.29644,4.296487881555298,4.339226448601345,4.345077907333538,4.193011307140344,4.384638000000001,4.375358,4.30236650474381,3.879802083301806,0.05767790733353806,0.05767790733353806,0.0038999999999997925,0.0038999999999997925,0.009039999999999715,0.009039999999999715,0.00908788155529816,0.00908788155529816,0.051826448601345554,0.051826448601345554,0.05767790733353806,0.05767790733353806,-0.09438869285965623,0.09438869285965623,0.09723800000000082,0.09723800000000082,0.08795800000000042,0.08795800000000042,0.01496650474381056,0.01496650474381056,-0.4075979166981938,0.4075979166981938
2024-10-16,2026-04-02,4.2955,4.2869,ElasticNet,4.345077907333538,4.2955,4.295019999999999,4.296308266727062,4.3374536034160585,4.345077907333538,4.14370163943302,4.391132,4.391708,4.351462164497597,3.9313387897578664,0.05817790733353778,0.05817790733353778,0.008599999999999497,0.008599999999999497,0.008119999999999017,0.008119999999999017,0.00940826672706141,0.00940826672706141,0.0505536034160583,0.0505536034160583,0.05817790733353778,0.05817790733353778,-0.14319836056697977,0.14319836056697977,0.10423199999999966,0.10423199999999966,0.10480800000000023,0.10480800000000023,0.06456216449759644,0.06456216449759644,-0.3555612102421337,0.3555612102421337
2024-10-17,2026-04-03,4.3174,4.2776,ElasticNet,4.345077907333538,4.3174,4.29792,4.300143127322141,4.33265973206027,4.345077907333538,4.320199276353381,4.389382,4.383343999999999,4.335857631598166,4.0350652600078805,0.06747790733353831,0.06747790733353831,0.0398000000000005,0.0398000000000005,0.020320000000000782,0.020320000000000782,0.022543127322141032,0.022543127322141032,0.05505973206027015,0.05505973206027015,0.06747790733353831,0.06747790733353831,0.04259927635338112,0.04259927635338112,0.11178200000000071,0.11178200000000071,0.10574399999999962,0.10574399999999962,0.05825763159816599,0.05825763159816599,-0.24253473999211916,0.24253473999211916
2024-10-18,2026-04-07,4.3048,4.2694,ElasticNet,4.345077907333538,4.3048,4.30036,4.300989831445388,4.332606182179016,4.345077907333538,4.285444514482094,4.368809000000002,4.39448,4.279198294026134,3.9760953841598474,0.07567790733353785,0.07567790733353785,0.0354000000000001,0.0354000000000001,0.03096000000000032,0.03096000000000032,0.03158983144538752,0.03158983144538752,0.06320618217901597,0.06320618217901597,0.07567790733353785,0.07567790733353785,0.016044514482094208,0.016044514482094208,0.0994090000000023,0.0994090000000023,0.12507999999999964,0.12507999999999964,0.00979829402613408,0.00979829402613408,-0.29330461584015266,0.29330461584015266
2024-10-21,2026-04-08,4.3178,4.2623,ElasticNet,4.345077907333538,4.3178,4.305359999999999,4.304046225728044,4.342972875581897,4.345077907333538,4.4506237887641324,4.366524000000001,4.376822,4.296634489654579,4.004134192022121,0.08277790733353818,0.08277790733353818,0.05550000000000033,0.05550000000000033,0.043059999999999654,0.043059999999999654,0.041746225728044095,0.041746225728044095,0.08067287558189751,0.08067287558189751,0.08277790733353818,0.08277790733353818,0.1883237887641327,0.1883237887641327,0.1042240000000012,0.1042240000000012,0.11452200000000001,0.11452200000000001,0.034334489654579414,0.034334489654579414,-0.25816580797787836,0.25816580797787836
2024-10-22,2026-04-09,4.3159,4.261,ElasticNet,4.345077907333538,4.3159,4.3102800000000006,4.306201457413854,4.345787182793023,4.345077907333538,4.455487807264454,4.373653999999999,4.381930999999999,4.32385482946074,4.085346925188582,0.08407790733353782,0.08407790733353782,0.05489999999999995,0.05489999999999995,0.049280000000000435,0.049280000000000435,0.04520145741385395,0.04520145741385395,0.08478718279302289,0.08478718279302289,0.08407790733353782,0.08407790733353782,0.19448780726445403,0.19448780726445403,0.11265399999999914,0.11265399999999914,0.12093099999999879,0.12093099999999879,0.06285482946073984,0.06285482946073984,-0.175653074811418,0.175653074811418
2024-10-23,2026-04-10,4.3344,4.2534,ElasticNet,4.345077907333538,4.3344,4.31806,4.311328465156789,4.3395651290117305,4.345077907333538,4.435285618094213,4.360856000000002,4.384118000000001,4.307675285962094,4.1896137307974035,0.09167790733353787,0.09167790733353787,0.08099999999999952,0.08099999999999952,0.06465999999999994,0.06465999999999994,0.057928465156789066,0.057928465156789066,0.08616512901173046,0.08616512901173046,0.09167790733353787,0.09167790733353787,0.18188561809421255,0.18188561809421255,0.10745600000000177,0.10745600000000177,0.13071800000000078,0.13071800000000078,0.05427528596209363,0.05427528596209363,-0.06378626920259656,0.06378626920259656
2024-10-24,2026-04-13,4.3396,4.2507,ElasticNet,4.345077907333538,4.3396,4.3225,4.316468744219191,4.333269424031009,4.345077907333538,4.420994367657684,4.351208000000002,4.397458999999999,4.299681697178769,4.186354000075987,0.09437790733353779,0.09437790733353779,0.08889999999999976,0.08889999999999976,0.07179999999999964,0.07179999999999964,0.06576874421919054,0.06576874421919054,0.08256942403100886,0.08256942403100886,0.09437790733353779,0.09437790733353779,0.17029436765768402,0.17029436765768402,0.10050800000000226,0.10050800000000226,0.14675899999999853,0.14675899999999853,0.048981697178768435,0.048981697178768435,-0.06434599992401324,0.06434599992401324
2024-10-25,2026-04-14,4.3533,4.2436,ElasticNet,4.345077907333538,4.3533,4.332199999999999,4.323165336179338,4.339938324996518,4.345077907333538,4.328470025811074,4.343860000000001,4.393352999999998,4.283823715911272,4.215221421905464,0.10147790733353812,0.10147790733353812,0.10970000000000013,0.10970000000000013,0.08859999999999957,0.08859999999999957,0.07956533617933825,0.07956533617933825,0.09633832499651795,0.09633832499651795,0.10147790733353812,0.10147790733353812,0.08487002581107461,0.08487002581107461,0.10026000000000135,0.10026000000000135,0.1497529999999978,0.1497529999999978,0.040223715911272606,0.040223715911272606,-0.02837857809453581,0.02837857809453581
2024-10-28,2026-04-15,4.3478,4.237,ElasticNet,4.345077907333538,4.3478,4.3382,4.327644365964913,4.344593624149005,4.345077907333538,4.3009316800785395,4.343598,4.407299999999999,4.29594500276768,4.179326415879651,0.10807790733353784,0.10807790733353784,0.11080000000000023,0.11080000000000023,0.10119999999999951,0.10119999999999951,0.09064436596491277,0.09064436596491277,0.10759362414900497,0.10759362414900497,0.10807790733353784,0.10807790733353784,0.06393168007853944,0.06393168007853944,0.10659799999999997,0.10659799999999997,0.17029999999999923,0.17029999999999923,0.05894500276767989,0.05894500276767989,-0.05767358412034884,0.05767358412034884
2024-10-29,2026-04-16,4.3542,4.2411,ElasticNet,4.345077907333538,4.3542,4.34586,4.332472663062201,4.3551911507029555,4.345077907333538,4.23866513003907,4.357118000000001,4.4033039999999986,4.285561663379154,4.208062233824406,0.10397790733353762,0.10397790733353762,0.11309999999999931,0.11309999999999931,0.10475999999999974,0.10475999999999974,0.09137266306220049,0.09137266306220049,0.11409115070295517,0.11409115070295517,0.10397790733353762,0.10397790733353762,-0.0024348699609300084,0.0024348699609300084,0.1160180000000004,0.1160180000000004,0.16220399999999824,0.16220399999999824,0.04446166337915347,0.04446166337915347,-0.033037766175594285,0.033037766175594285
2024-10-30,2026-04-17,4.335,4.2355,ElasticNet,4.345077907333538,4.335,4.345979999999999,4.332932178869073,4.3514655179262896,4.345077907333538,4.3852955689853,4.356041000000002,4.414378999999999,4.320388027241692,4.156659965679869,0.1095779073335379,0.1095779073335379,0.09949999999999992,0.09949999999999992,0.11047999999999902,0.11047999999999902,0.09743217886907285,0.09743217886907285,0.11596551792628951,0.11596551792628951,0.1095779073335379,0.1095779073335379,0.1497955689852999,0.1497955689852999,0.12054100000000201,0.12054100000000201,0.17887899999999934,0.17887899999999934,0.08488802724169187,0.08488802724169187,-0.0788400343201312,0.0788400343201312
2024-10-31,2026-04-20,4.353,4.2346,ElasticNet,4.345077907333538,4.353,4.348660000000001,4.33658087362015,4.353202598517528,4.345077907333538,4.242161637380943,4.347062000000001,4.418561999999998,4.337966025327422,4.177185828322504,0.11047790733353757,0.11047790733353757,0.1183999999999994,0.1183999999999994,0.11406000000000027,0.11406000000000027,0.10198087362014974,0.10198087362014974,0.11860259851752808,0.11860259851752808,0.11047790733353757,0.11047790733353757,0.007561637380942621,0.007561637380942621,0.11246200000000073,0.11246200000000073,0.18396199999999752,0.18396199999999752,0.10336602532742134,0.10336602532742134,-0.05741417167749674,0.05741417167749674
2024-11-04,2026-04-21,4.3443,4.232,ElasticNet,4.345077907333538,4.3443,4.34686,4.337984351143759,4.349354489224718,4.345077907333538,4.410255477677119,4.348987,4.420637,4.343230915415483,4.163604701921297,0.11307790733353773,0.11307790733353773,0.1122999999999994,0.1122999999999994,0.11486000000000018,0.11486000000000018,0.10598435114375881,0.10598435114375881,0.11735448922471736,0.11735448922471736,0.11307790733353773,0.11307790733353773,0.17825547767711836,0.17825547767711836,0.11698699999999995,0.11698699999999995,0.18863699999999994,0.18863699999999994,0.11123091541548291,0.11123091541548291,-0.06839529807870282,0.06839529807870282
2024-11-05,2026-04-22,4.3607,4.2408,ElasticNet,4.345077907333538,4.3607,4.34944,4.342114469117621,4.349270946110415,4.345077907333538,4.452259623710674,4.365292,4.420002,4.314261501326694,4.21212226983844,0.10427790733353781,0.10427790733353781,0.11989999999999945,0.11989999999999945,0.10864000000000029,0.10864000000000029,0.10131446911762065,0.10131446911762065,0.10847094611041452,0.10847094611041452,0.10427790733353781,0.10427790733353781,0.21145962371067384,0.21145962371067384,0.12449200000000005,0.12449200000000005,0.17920200000000008,0.17920200000000008,0.07346150132669393,0.07346150132669393,-0.028677730161559722,0.028677730161559722
2024-11-06,2026-04-23,4.3662,4.2501,ElasticNet,4.345077907333538,4.3662,4.35184,4.346493656550781,4.346899551213328,4.345077907333538,4.343193110144779,4.3687520000000015,4.420848,4.3181265938659,4.249506265053981,0.09497790733353817,0.09497790733353817,0.11610000000000031,0.11610000000000031,0.10174000000000039,0.10174000000000039,0.0963936565507808,0.0963936565507808,0.09679955121332817,0.09679955121332817,0.09497790733353817,0.09497790733353817,0.09309311014477917,0.09309311014477917,0.11865200000000176,0.11865200000000176,0.17074800000000057,0.17074800000000057,0.06802659386590015,0.06802659386590015,-0.0005937349460189978,0.0005937349460189978
2024-11-07,2026-04-24,4.3431,4.2428,ElasticNet,4.345077907333538,4.3431,4.35346,4.345876628087002,4.345248138472349,4.345077907333538,4.330240726222379,4.371637000000002,4.419676000000001,4.345971406174912,4.1946291409378995,0.10227790733353803,0.10227790733353803,0.10029999999999983,0.10029999999999983,0.1106600000000002,0.1106600000000002,0.10307662808700169,0.10307662808700169,0.10244813847234902,0.10244813847234902,0.10227790733353803,0.10227790733353803,0.08744072622237908,0.08744072622237908,0.12883700000000253,0.12883700000000253,0.17687600000000092,0.17687600000000092,0.10317140617491205,0.10317140617491205,-0.04817085906210039,0.04817085906210039
2024-11-08,2026-04-27,4.3244,4.2445,ElasticNet,4.345077907333538,4.3244,4.34774,4.341971786616638,4.327863372498102,4.345077907333538,4.251512752073288,4.369162000000002,4.42239,4.349297527596465,4.135831311260098,0.10057790733353755,0.10057790733353755,0.07989999999999942,0.07989999999999942,0.10323999999999955,0.10323999999999955,0.09747178661663725,0.09747178661663725,0.083363372498102,0.083363372498102,0.10057790733353755,0.10057790733353755,0.007012752073287665,0.007012752073287665,0.1246620000000016,0.1246620000000016,0.17788999999999966,0.17788999999999966,0.10479752759646477,0.10479752759646477,-0.10866868873990221,0.10866868873990221
2024-11-12,2026-04-28,4.357,4.247,ElasticNet,4.345077907333538,4.357,4.35028,4.344704189049976,4.337496993013356,4.345077907333538,4.336182645577298,4.380071000000001,4.4255520000000015,4.407740407817418,4.211068204601405,0.09807790733353805,0.09807790733353805,0.11000000000000032,0.11000000000000032,0.10327999999999982,0.10327999999999982,0.09770418904997591,0.09770418904997591,0.0904969930133559,0.0904969930133559,0.09807790733353805,0.09807790733353805,0.08918264557729838,0.08918264557729838,0.13307100000000105,0.13307100000000105,0.1785520000000016,0.1785520000000016,0.16074040781741772,0.16074040781741772,-0.0359317953985947,0.0359317953985947
2024-11-13,2026-04-29,4.3416,4.2537,ElasticNet,4.345077907333538,4.3416,4.34646,4.344139791040889,4.336428878888103,4.345077907333538,4.240215569915904,4.404865000000001,4.424463999999999,4.404928298170289,4.17624464694622,0.09137790733353768,0.09137790733353768,0.08789999999999942,0.08789999999999942,0.09276000000000018,0.09276000000000018,0.09043979104088873,0.09043979104088873,0.0827288788881031,0.0827288788881031,0.09137790733353768,0.09137790733353768,-0.013484430084096388,0.013484430084096388,0.15116500000000066,0.15116500000000066,0.17076399999999836,0.17076399999999836,0.15122829817028904,0.15122829817028904,-0.07745535305378048,0.07745535305378048
2024-11-14,2026-04-30,4.3365,4.2589,ElasticNet,4.345077907333538,4.3365,4.34052,4.342750738124363,4.343390703883419,4.345077907333538,4.274243532551196,4.408148000000001,4.435625,4.396736963462362,4.171606717903785,0.08617790733353825,0.08617790733353825,0.07760000000000034,0.07760000000000034,0.08162000000000003,0.08162000000000003,0.08385073812436339,0.08385073812436339,0.08449070388341973,0.08449070388341973,0.08617790733353825,0.08617790733353825,0.015343532551196581,0.015343532551196581,0.14924800000000094,0.14924800000000094,0.17672500000000024,0.17672500000000024,0.1378369634623624,0.1378369634623624,-0.08729328209621467,0.08729328209621467
2024-11-15,2026-05-04,4.3198,4.2544,ElasticNet,4.345077907333538,4.3198,4.33586,4.338577876647205,4.3385521786689765,4.345077907333538,4.315098476100783,4.408900000000003,4.424071000000001,4.350878794590092,4.12610925492607,0.09067790733353753,0.09067790733353753,0.06539999999999946,0.06539999999999946,0.08145999999999987,0.08145999999999987,0.084177876647205,0.084177876647205,0.08415217866897606,0.08415217866897606,0.09067790733353753,0.09067790733353753,0.06069847610078227,0.06069847610078227,0.1545000000000023,0.1545000000000023,0.16967100000000102,0.16967100000000102,0.09647879459009179,0.09647879459009179,-0.12829074507393035,0.12829074507393035
2024-11-18,2026-05-05,4.332,4.2551,ElasticNet,4.345077907333538,4.332,4.3373800000000005,4.337381899074986,4.344104147885317,4.345077907333538,4.467956298116999,4.411322000000002,4.4313780000000005,4.362733671598131,4.174864733777201,0.08997790733353828,0.08997790733353828,0.07690000000000019,0.07690000000000019,0.0822800000000008,0.0822800000000008,0.08228189907498606,0.08228189907498606,0.08900414788531741,0.08900414788531741,0.08997790733353828,0.08997790733353828,0.21285629811699902,0.21285629811699902,0.1562220000000023,0.1562220000000023,0.17627800000000082,0.17627800000000082,0.10763367159813164,0.10763367159813164,-0.08023526622279853,0.08023526622279853
2024-11-19,2026-05-06,4.3308,4.2351,ElasticNet,4.345077907333538,4.3308,4.33214,4.336185190152261,4.354474902073249,4.345077907333538,4.382147822270376,4.411278000000003,4.439245,4.381454914780827,4.200727128554258,0.10997790733353785,0.10997790733353785,0.0956999999999999,0.0956999999999999,0.0970399999999998,0.0970399999999998,0.10108519015226047,0.10108519015226047,0.11937490207324863,0.11937490207324863,0.10997790733353785,0.10997790733353785,0.14704782227037594,0.14704782227037594,0.17617800000000283,0.17617800000000283,0.20414499999999958,0.20414499999999958,0.14635491478082674,0.14635491478082674,-0.034372871445742526,0.034372871445742526
2024-11-20,2026-05-07,4.3404,4.2286,ElasticNet,4.345077907333538,4.3404,4.3319,4.336951519215486,4.353591875066479,4.345077907333538,4.4798260515065715,4.425161000000002,4.448813,4.4289774769122,4.210162391259821,0.1164779073335378,0.1164779073335378,0.11179999999999968,0.11179999999999968,0.10329999999999995,0.10329999999999995,0.10835151921548558,0.10835151921548558,0.12499187506647846,0.12499187506647846,0.1164779073335378,0.1164779073335378,0.2512260515065714,0.2512260515065714,0.19656100000000176,0.19656100000000176,0.22021300000000021,0.22021300000000021,0.20037747691219998,0.20037747691219998,-0.018437608740178746,0.018437608740178746
2024-11-21,2026-05-08,4.3469,4.2284,ElasticNet,4.345077907333538,4.3469,4.33398,4.338760333903579,4.3455510643367745,4.345077907333538,4.551292968092653,4.44106,4.4523340000000005,4.438684852990581,4.250830874772013,0.11667790733353822,0.11667790733353822,0.11850000000000005,0.11850000000000005,0.10558000000000067,0.10558000000000067,0.11036033390357947,0.11036033390357947,0.1171510643367748,0.1171510643367748,0.11667790733353822,0.11667790733353822,0.32289296809265355,0.32289296809265355,0.21266000000000052,0.21266000000000052,0.22393400000000074,0.22393400000000074,0.21028485299058097,0.21028485299058097,0.022430874772013,0.022430874772013
2024-11-22,2026-05-11,4.343,4.2386,ElasticNet,4.345077907333538,4.343,4.33862,4.339531182284746,4.351695587422191,4.345077907333538,4.376353680941247,4.459060999999999,4.445920999999999,4.439185122401065,4.269658977397015,0.10647790733353801,0.10647790733353801,0.10440000000000005,0.10440000000000005,0.10001999999999978,0.10001999999999978,0.10093118228474651,0.10093118228474651,0.11309558742219128,0.11309558742219128,0.10647790733353801,0.10647790733353801,0.1377536809412474,0.1377536809412474,0.22046099999999935,0.22046099999999935,0.20732099999999942,0.20732099999999942,0.20058512240106552,0.20058512240106552,0.031058977397014687,0.031058977397014687
2024-11-25,2026-05-12,4.3319,4.2478,ElasticNet,4.345077907333538,4.3319,4.3386000000000005,4.33814369459661,4.354196012422594,4.345077907333538,4.466150417979625,4.46471,4.450223999999999,4.402333883781783,4.258259015854393,0.09727790733353814,0.09727790733353814,0.08410000000000029,0.08410000000000029,0.09080000000000066,0.09080000000000066,0.09034369459661029,0.09034369459661029,0.10639601242259378,0.10639601242259378,0.09727790733353814,0.09727790733353814,0.21835041797962518,0.21835041797962518,0.21691000000000038,0.21691000000000038,0.20242399999999883,0.20242399999999883,0.15453388378178357,0.15453388378178357,0.01045901585439335,0.01045901585439335
2024-11-26,2026-05-13,4.3157,4.2524,ElasticNet,4.345077907333538,4.3157,4.33558,4.334063022851772,4.345492706167629,4.345077907333538,4.504627819064851,4.473641000000003,4.453012999999999,4.394905805047362,4.2290995123068775,0.0926779073335382,0.0926779073335382,0.06329999999999991,0.06329999999999991,0.08318000000000048,0.08318000000000048,0.08166302285177185,0.08166302285177185,0.09309270616762966,0.09309270616762966,0.0926779073335382,0.0926779073335382,0.25222781906485103,0.25222781906485103,0.22124100000000357,0.22124100000000357,0.2006129999999997,0.2006129999999997,0.142505805047362,0.142505805047362,-0.023300487693122207,0.023300487693122207
2024-11-27,2026-05-14,4.309,4.2401,ElasticNet,4.345077907333538,4.309,4.3293,4.329506109605995,4.337582495478438,4.345077907333538,4.351037377238657,4.461000000000002,4.4696310000000015,4.45200023613001,4.224850501083064,0.10497790733353796,0.10497790733353796,0.06890000000000018,0.06890000000000018,0.08919999999999995,0.08919999999999995,0.08940610960599482,0.08940610960599482,0.09748249547843812,0.09748249547843812,0.10497790733353796,0.10497790733353796,0.11093737723865704,0.11093737723865704,0.2209000000000021,0.2209000000000021,0.22953100000000148,0.22953100000000148,0.21190023613000974,0.21190023613000974,-0.015249498916936055,0.015249498916936055
2024-11-28,2026-05-15,4.3085,4.2489,ElasticNet,4.345077907333538,4.3085,4.32162,4.325686816950359,4.340376096292557,4.345077907333538,4.480139646870836,4.459226999999999,4.473506999999999,4.434886173132845,4.2277182496627725,0.09617790733353804,0.09617790733353804,0.05960000000000054,0.05960000000000054,0.07272000000000034,0.07272000000000034,0.07678681695035916,0.07678681695035916,0.09147609629255715,0.09147609629255715,0.09617790733353804,0.09617790733353804,0.23123964687083642,0.23123964687083642,0.2103269999999995,0.2103269999999995,0.2246069999999989,0.2246069999999989,0.1859861731328447,0.1859861731328447,-0.021181750337227356,0.021181750337227356
2024-11-29,2026-05-18,4.3043,4.2434,ElasticNet,4.345077907333538,4.3043,4.31388,4.321798304777566,4.342723936076622,4.345077907333538,4.509948258622899,4.468730999999998,4.492962999999998,4.458868106126455,4.204894243520896,0.10167790733353765,0.10167790733353765,0.06089999999999929,0.06089999999999929,0.07047999999999988,0.07047999999999988,0.07839830477756582,0.07839830477756582,0.0993239360766216,0.0993239360766216,0.10167790733353765,0.10167790733353765,0.26654825862289844,0.26654825862289844,0.22533099999999795,0.22533099999999795,0.24956299999999754,0.24956299999999754,0.21546810612645473,0.21546810612645473,-0.038505756479104036,0.038505756479104036
2024-12-02,2026-05-19,4.2923,4.2389,ElasticNet,4.345077907333538,4.2923,4.305960000000001,4.31643497663619,4.340294289189968,4.345077907333538,4.711945770347283,4.472337,4.489331999999998,4.464356883866855,4.17738868496952,0.10617790733353782,0.10617790733353782,0.05339999999999989,0.05339999999999989,0.06706000000000056,0.06706000000000056,0.07753497663618969,0.07753497663618969,0.10139428918996796,0.10139428918996796,0.10617790733353782,0.10617790733353782,0.4730457703472828,0.4730457703472828,0.23343699999999945,0.23343699999999945,0.2504319999999982,0.2504319999999982,0.2254568838668547,0.2254568838668547,-0.06151131503048024,0.06151131503048024
2024-12-03,2026-05-20,4.2927,4.2546,ElasticNet,4.345077907333538,4.2927,4.30136,4.312119526338701,4.336187536934772,4.345077907333538,4.563231048424635,4.478287999999999,4.492118999999999,4.467521242989246,4.187693369956572,0.090477907333538,0.090477907333538,0.03810000000000002,0.03810000000000002,0.04675999999999991,0.04675999999999991,0.05751952633870072,0.05751952633870072,0.08158753693477205,0.08158753693477205,0.090477907333538,0.090477907333538,0.30863104842463507,0.30863104842463507,0.22368799999999922,0.22368799999999922,0.23751899999999893,0.23751899999999893,0.2129212429892462,0.2129212429892462,-0.06690663004342756,0.06690663004342756
2024-12-04,2026-05-21,4.2899,4.246,ElasticNet,4.345077907333538,4.2899,4.29754,4.308079612458937,4.328005339168406,4.345077907333538,4.27488966590205,4.488112999999999,4.495526999999999,4.460648314952943,4.232576336125488,0.0990779073335375,0.0990779073335375,0.04389999999999983,0.04389999999999983,0.05153999999999925,0.05153999999999925,0.06207961245893667,0.06207961245893667,0.08200533916840591,0.08200533916840591,0.0990779073335375,0.0990779073335375,0.028889665902049444,0.028889665902049444,0.2421129999999989,0.2421129999999989,0.24952699999999872,0.24952699999999872,0.21464831495294234,0.21464831495294234,-0.013423663874512215,0.013423663874512215
2024-12-05,2026-05-22,4.2695,4.2453,ElasticNet,4.345077907333538,4.2695,4.28974,4.301065137466403,4.31472348220535,4.345077907333538,4.364971536912815,4.475971,4.505408,4.458497919022038,4.181543005371157,0.09977790733353764,0.09977790733353764,0.024199999999999555,0.024199999999999555,0.04443999999999981,0.04443999999999981,0.05576513746640277,0.05576513746640277,0.06942348220534988,0.06942348220534988,0.09977790733353764,0.09977790733353764,0.11967153691281496,0.11967153691281496,0.23067100000000007,0.23067100000000007,0.2601079999999998,0.2601079999999998,0.2131979190220381,0.2131979190220381,-0.06375699462884299,0.06375699462884299
2024-12-06,2026-05-25,4.2669,4.2352,ElasticNet,4.345077907333538,4.2669,4.282259999999999,4.294853294290693,4.305373488476534,4.345077907333538,4.294106384440516,4.482889999999999,4.4997159999999985,4.464198427775119,4.169211715836841,0.10987790733353808,0.10987790733353808,0.03169999999999984,0.03169999999999984,0.047059999999999214,0.047059999999999214,0.059653294290693104,0.059653294290693104,0.07017348847653437,0.07017348847653437,0.10987790733353808,0.10987790733353808,0.05890638444051621,0.05890638444051621,0.24768999999999952,0.24768999999999952,0.26451599999999864,0.26451599999999864,0.22899842777511914,0.22899842777511914,-0.06598828416315872,0.06598828416315872
2024-12-09,2026-05-26,4.2581,4.2352,ElasticNet,4.345077907333538,4.2581,4.27542,4.28817087714693,4.298035119149226,4.345077907333538,4.435732435831179,4.490570999999997,4.513226999999999,4.480082379404565,4.132145336288869,0.10987790733353808,0.10987790733353808,0.02289999999999992,0.02289999999999992,0.04022000000000059,0.04022000000000059,0.052970877146930384,0.052970877146930384,0.06283511914922624,0.06283511914922624,0.10987790733353808,0.10987790733353808,0.20053243583117908,0.20053243583117908,0.25537099999999757,0.25537099999999757,0.2780269999999989,0.2780269999999989,0.24488237940456514,0.24488237940456514,-0.1030546637111307,0.1030546637111307
2024-12-10,2026-05-27,4.2672,4.2393,ElasticNet,4.345077907333538,4.2672,4.27032,4.284357990392943,4.311365103367267,4.345077907333538,4.524794238655783,4.50752,4.526951999999998,4.498868442256957,4.148306013773314,0.10577790733353787,0.10577790733353787,0.027899999999999814,0.027899999999999814,0.031019999999999825,0.031019999999999825,0.04505799039294267,0.04505799039294267,0.07206510336726701,0.07206510336726701,0.10577790733353787,0.10577790733353787,0.28549423865578305,0.28549423865578305,0.26822000000000035,0.26822000000000035,0.2876519999999978,0.2876519999999978,0.2595684422569571,0.2595684422569571,-0.0909939862266862,0.0909939862266862
2024-12-11,2026-05-28,4.2661,4.2355,ElasticNet,4.345077907333538,4.2661,4.265559999999999,4.281038355776044,4.318877795457165,4.345077907333538,4.272538013030596,4.529183999999998,4.508769,4.494791982343031,4.172357963561328,0.1095779073335379,0.1095779073335379,0.03059999999999974,0.03059999999999974,0.030059999999998865,0.030059999999998865,0.045538355776043815,0.045538355776043815,0.08337779545716462,0.08337779545716462,0.1095779073335379,0.1095779073335379,0.03703801303059606,0.03703801303059606,0.29368399999999806,0.29368399999999806,0.273269,0.273269,0.2592919823430311,0.2592919823430311,-0.06314203643867167,0.06314203643867167
2024-12-12,2026-05-29,4.2818,4.2322,ElasticNet,4.345077907333538,4.2818,4.268019999999999,4.281176836544035,4.314880485325281,4.345077907333538,4.492993792041817,4.522145,4.515263999999998,4.527136497437579,4.218920804036365,0.1128779073335382,0.1128779073335382,0.049599999999999866,0.049599999999999866,0.0358199999999993,0.0358199999999993,0.04897683654403551,0.04897683654403551,0.08268048532528116,0.08268048532528116,0.1128779073335382,0.1128779073335382,0.2607937920418175,0.2607937920418175,0.28994500000000034,0.28994500000000034,0.28306399999999865,0.28306399999999865,0.294936497437579,0.294936497437579,-0.013279195963634471,0.013279195963634471
2024-12-13,2026-06-01,4.2722,4.2341,ElasticNet,4.345077907333538,4.2722,4.269080000000001,4.279544684445119,4.3188017970416075,4.345077907333538,4.321228055228007,4.5304269999999995,4.525908,4.495482328930893,4.179583489416855,0.11097790733353818,0.11097790733353818,0.03810000000000002,0.03810000000000002,0.0349800000000009,0.0349800000000009,0.045444684445119066,0.045444684445119066,0.08470179704160774,0.08470179704160774,0.11097790733353818,0.11097790733353818,0.08712805522800693,0.08712805522800693,0.2963269999999998,0.2963269999999998,0.2918080000000005,0.2918080000000005,0.2613823289308934,0.2613823289308934,-0.054516510583145106,0.054516510583145106
2024-12-16,2026-06-02,4.2622,4.2334,ElasticNet,4.345077907333538,4.2622,4.2699,4.276391105455097,4.3193771669550065,4.345077907333538,4.427006133952281,4.538736000000001,4.522960000000001,4.526259919865246,4.158951654952164,0.11167790733353833,0.11167790733353833,0.02880000000000038,0.02880000000000038,0.0365000000000002,0.0365000000000002,0.04299110545509777,0.04299110545509777,0.0859771669550069,0.0859771669550069,0.11167790733353833,0.11167790733353833,0.1936061339522812,0.1936061339522812,0.3053360000000014,0.3053360000000014,0.2895600000000016,0.2895600000000016,0.2928599198652462,0.2928599198652462,-0.07444834504783593,0.07444834504783593
2024-12-17,2026-06-03,4.2599,4.2433,ElasticNet,4.345077907333538,4.2599,4.26844,4.273392722645079,4.315906689520126,4.345077907333538,4.365943543403567,4.537198000000001,4.522719,4.513802046706565,4.15858365393542,0.10177790733353831,0.10177790733353831,0.016600000000000392,0.016600000000000392,0.025140000000000384,0.025140000000000384,0.03009272264507956,0.03009272264507956,0.07260668952012672,0.07260668952012672,0.10177790733353831,0.10177790733353831,0.12264354340356753,0.12264354340356753,0.2938980000000013,0.2938980000000013,0.27941900000000075,0.27941900000000075,0.2705020467065653,0.2705020467065653,-0.0847163460645799,0.0847163460645799
