date,target_date,y_t,true_target,best_model,pred_best,pred_Naive,pred_SMA,pred_EMA,pred_Ridge,pred_ElasticNet,pred_MLPRegressor,pred_RandomForest,pred_ExtraTrees,pred_HistGB,pred_SARIMAX,err_pred_best,abs_err_pred_best,err_pred_Naive,abs_err_pred_Naive,err_pred_SMA,abs_err_pred_SMA,err_pred_EMA,abs_err_pred_EMA,err_pred_Ridge,abs_err_pred_Ridge,err_pred_ElasticNet,abs_err_pred_ElasticNet,err_pred_MLPRegressor,abs_err_pred_MLPRegressor,err_pred_RandomForest,abs_err_pred_RandomForest,err_pred_ExtraTrees,abs_err_pred_ExtraTrees,err_pred_HistGB,abs_err_pred_HistGB,err_pred_SARIMAX,abs_err_pred_SARIMAX
2025-02-24,2025-02-25,4.1609,4.1339,Naive,4.1609,4.1609,4.16386,4.170983955425141,4.162513289343335,4.310548179643901,4.0870921890929415,4.160270999999998,4.160205999999997,4.1610603053398,4.157605236849463,0.027000000000000135,0.027000000000000135,0.027000000000000135,0.027000000000000135,0.029959999999999987,0.029959999999999987,0.037083955425141646,0.037083955425141646,0.02861328934333507,0.02861328934333507,0.17664817964390167,0.17664817964390167,-0.04680781090705821,0.04680781090705821,0.026370999999998368,0.026370999999998368,0.026305999999997276,0.026305999999997276,0.02716030533979996,0.02716030533979996,0.02370523684946324,0.02370523684946324
2025-02-25,2025-02-26,4.1339,4.1394,Naive,4.1339,4.1339,4.15916,4.164241418075116,4.135938240032302,4.310548179643901,4.074072502364696,4.137829999999998,4.134945000000001,4.1370684504189175,4.123251280876872,-0.0055000000000005045,0.0055000000000005045,-0.0055000000000005045,0.0055000000000005045,0.019759999999999778,0.019759999999999778,0.024841418075116195,0.024841418075116195,-0.0034617599676982636,0.0034617599676982636,0.17114817964390117,0.17114817964390117,-0.06532749763530443,0.06532749763530443,-0.0015700000000018477,0.0015700000000018477,-0.00445499999999921,0.00445499999999921,-0.002331549581082726,0.002331549581082726,-0.01614871912312843,0.01614871912312843
2025-02-26,2025-02-27,4.1394,4.1371,Naive,4.1394,4.1394,4.155399999999999,4.159724796606913,4.141064500055587,4.310548179643901,4.180345488903994,4.138574999999998,4.143067999999997,4.144414364260354,4.132778124375847,0.0022999999999999687,0.0022999999999999687,0.0022999999999999687,0.0022999999999999687,0.018299999999999095,0.018299999999999095,0.022624796606912412,0.022624796606912412,0.003964500055587017,0.003964500055587017,0.17344817964390113,0.17344817964390113,0.04324548890399349,0.04324548890399349,0.0014749999999974506,0.0014749999999974506,0.005967999999996643,0.005967999999996643,0.007314364260353479,0.007314364260353479,-0.004321875624153648,0.004321875624153648
2025-02-27,2025-02-28,4.1371,4.1575,Naive,4.1371,4.1371,4.148359999999999,4.155611197223838,4.137657645685822,4.310548179643901,4.138266680757763,4.139278999999998,4.142692999999998,4.1390221317233005,4.13151675606136,-0.02039999999999953,0.02039999999999953,-0.02039999999999953,0.02039999999999953,-0.00914000000000037,0.00914000000000037,-0.0018888027761621018,0.0018888027761621018,-0.01984235431417769,0.01984235431417769,0.1530481796439016,0.1530481796439016,-0.019233319242236924,0.019233319242236924,-0.018221000000001375,0.018221000000001375,-0.014807000000002013,0.014807000000002013,-0.018477868276699283,0.018477868276699283,-0.025983243938640044,0.025983243938640044
2025-02-28,2025-03-03,4.1575,4.1827,Naive,4.1575,4.1575,4.14576,4.155954615910412,4.154117477396885,4.310548179643901,4.136701870029868,4.160377999999999,4.150502,4.156591142069754,4.150131130540338,-0.02519999999999989,0.02519999999999989,-0.02519999999999989,0.02519999999999989,-0.03693999999999953,0.03693999999999953,-0.02674538408958771,0.02674538408958771,-0.02858252260311467,0.02858252260311467,0.12784817964390172,0.12784817964390172,-0.04599812997013153,0.04599812997013153,-0.02232200000000084,0.02232200000000084,-0.03219799999999928,0.03219799999999928,-0.026108857930245755,0.026108857930245755,-0.032568869459661975,0.032568869459661975
2025-03-03,2025-03-04,4.1827,4.1568,Naive,4.1827,4.1827,4.150119999999999,4.160817413017609,4.183529786772603,4.310548179643901,4.19813307558003,4.177879999999999,4.176861999999996,4.178803999361324,4.181996261173584,0.025900000000000034,0.025900000000000034,0.025900000000000034,0.025900000000000034,-0.006680000000000241,0.006680000000000241,0.004017413017609606,0.004017413017609606,0.02672978677260307,0.02672978677260307,0.15374817964390175,0.15374817964390175,0.041333075580030076,0.041333075580030076,0.021079999999999544,0.021079999999999544,0.020061999999996694,0.020061999999996694,0.022003999361324134,0.022003999361324134,0.02519626117358431,0.02519626117358431
2025-03-04,2025-03-05,4.1568,4.1545,Naive,4.1568,4.1568,4.1547,4.160086974287134,4.156893997041263,4.310548179643901,4.100087511585303,4.161634999999999,4.159071,4.152863903957803,4.152594702878532,0.0022999999999999687,0.0022999999999999687,0.0022999999999999687,0.0022999999999999687,0.00020000000000042206,0.00020000000000042206,0.005586974287134616,0.005586974287134616,0.002393997041263418,0.002393997041263418,0.15604817964390172,0.15604817964390172,-0.05441248841469637,0.05441248841469637,0.007134999999999003,0.007134999999999003,0.004571000000000325,0.004571000000000325,-0.001636096042196833,0.001636096042196833,-0.0019052971214676973,0.0019052971214676973
2025-03-05,2025-03-06,4.1545,4.1766,Naive,4.1545,4.1545,4.157719999999999,4.159071160780382,4.157429706293288,4.310548179643901,4.106565202073802,4.159651999999999,4.159707999999999,4.155406633820113,4.1520226278312276,-0.02210000000000001,0.02210000000000001,-0.02210000000000001,0.02210000000000001,-0.01888000000000023,0.01888000000000023,-0.017528839219617787,0.017528839219617787,-0.019170293706711306,0.019170293706711306,0.1339481796439017,0.1339481796439017,-0.07003479792619771,0.07003479792619771,-0.016948000000001073,0.016948000000001073,-0.01689200000000035,0.01689200000000035,-0.021193366179886652,0.021193366179886652,-0.024577372168772094,0.024577372168772094
2025-03-06,2025-03-07,4.1766,4.176,Naive,4.1766,4.1766,4.16562,4.162258222456676,4.176319770474002,4.310548179643901,4.197494823385187,4.179643999999999,4.176829000000001,4.1785546409003445,4.168706439697729,0.0005999999999994898,0.0005999999999994898,0.0005999999999994898,0.0005999999999994898,-0.0103800000000005,0.0103800000000005,-0.013741777543324396,0.013741777543324396,0.00031977047400211234,0.00031977047400211234,0.1345481796439012,0.1345481796439012,0.021494823385187267,0.021494823385187267,0.0036439999999986483,0.0036439999999986483,0.0008290000000004127,0.0008290000000004127,0.002554640900344296,0.002554640900344296,-0.007293560302271018,0.007293560302271018
2025-03-07,2025-03-10,4.176,4.1857,Naive,4.176,4.176,4.169320000000001,4.164756727464552,4.174198437925209,4.310548179643901,4.199714341641178,4.179372,4.176992000000002,4.175121975204642,4.170906557969924,-0.009699999999999598,0.009699999999999598,-0.009699999999999598,0.009699999999999598,-0.01637999999999895,0.01637999999999895,-0.020943272535447477,0.020943272535447477,-0.011501562074791138,0.011501562074791138,0.1248481796439016,0.1248481796439016,0.014014341641177985,0.014014341641177985,-0.006327999999999889,0.006327999999999889,-0.008707999999997718,0.008707999999997718,-0.010578024795357521,0.010578024795357521,-0.01479344203007571,0.01479344203007571
2025-03-10,2025-03-11,4.1857,4.1977,Naive,4.1857,4.1857,4.169919999999999,4.16856459519827,4.188217144442538,4.310548179643901,4.212061341460497,4.18373,4.185321999999999,4.183399584707364,4.180952507919437,-0.012000000000000455,0.012000000000000455,-0.012000000000000455,0.012000000000000455,-0.027780000000000804,0.027780000000000804,-0.029135404801730047,0.029135404801730047,-0.009482855557462422,0.009482855557462422,0.11284817964390115,0.11284817964390115,0.01436134146049639,0.01436134146049639,-0.013970000000000482,0.013970000000000482,-0.012378000000000888,0.012378000000000888,-0.01430041529263626,0.01430041529263626,-0.016747492080563475,0.016747492080563475
2025-03-11,2025-03-12,4.1977,4.2017,Naive,4.1977,4.1977,4.1781,4.173861941525857,4.198237606822017,4.310548179643901,4.209907760260095,4.197177,4.197845,4.195643502905701,4.199919900405119,-0.0039999999999995595,0.0039999999999995595,-0.0039999999999995595,0.0039999999999995595,-0.023600000000000065,0.023600000000000065,-0.02783805847414289,0.02783805847414289,-0.00346239317798247,0.00346239317798247,0.10884817964390159,0.10884817964390159,0.008207760260095398,0.008207760260095398,-0.004522999999999833,0.004522999999999833,-0.0038549999999997198,0.0038549999999997198,-0.006056497094299118,0.006056497094299118,-0.0017800995948809017,0.0017800995948809017
2025-03-12,2025-03-13,4.2017,4.196,Naive,4.2017,4.2017,4.18754,4.178923406702974,4.201792867054762,4.310548179643901,4.172250874886188,4.196721999999999,4.196589,4.19689556485665,4.205174493068937,0.005700000000000038,0.005700000000000038,0.005700000000000038,0.005700000000000038,-0.008459999999999468,0.008459999999999468,-0.017076593297026044,0.017076593297026044,0.005792867054762674,0.005792867054762674,0.11454817964390163,0.11454817964390163,-0.02374912511381133,0.02374912511381133,0.0007219999999996674,0.0007219999999996674,0.0005890000000006168,0.0005890000000006168,0.0008955648566502106,0.0008955648566502106,0.009174493068937473,0.009174493068937473
2025-03-13,2025-03-14,4.196,4.179,Naive,4.196,4.196,4.19142,4.182028241847887,4.196905634360189,4.310548179643901,4.2051276287773165,4.194065,4.192137999999998,4.194480417298048,4.196275629966538,0.01699999999999946,0.01699999999999946,0.01699999999999946,0.01699999999999946,0.012419999999999654,0.012419999999999654,0.003028241847887081,0.003028241847887081,0.017905634360189104,0.017905634360189104,0.1315481796439011,0.1315481796439011,0.026127628777316225,0.026127628777316225,0.015064999999999884,0.015064999999999884,0.013137999999997874,0.013137999999997874,0.015480417298047833,0.015480417298047833,0.01727562996653731,0.01727562996653731
2025-03-14,2025-03-17,4.179,4.1777,Naive,4.179,4.179,4.19202,4.181477652420998,4.176323753553525,4.310548179643901,4.125500829162681,4.1816330000000015,4.181781000000001,4.180284503862477,4.17991833348851,0.001300000000000523,0.001300000000000523,0.001300000000000523,0.001300000000000523,0.014320000000000555,0.014320000000000555,0.0037776524209984785,0.0037776524209984785,-0.0013762464464743829,0.0013762464464743829,0.1328481796439016,0.1328481796439016,-0.0521991708373184,0.0521991708373184,0.003933000000001741,0.003933000000001741,0.0040810000000011115,0.0040810000000011115,0.0025845038624776606,0.0025845038624776606,0.0022183334885106376,0.0022183334885106376
2025-03-17,2025-03-18,4.1777,4.1776,Naive,4.1777,4.1777,4.1904200000000005,4.180790806526272,4.17843694379247,4.310548179643901,4.213943223629145,4.1749430000000025,4.177877000000002,4.179943779455389,4.179868580194565,9.999999999976694e-05,9.999999999976694e-05,9.999999999976694e-05,9.999999999976694e-05,0.012820000000000498,0.012820000000000498,0.0031908065262724605,0.0031908065262724605,0.000836943792470457,0.000836943792470457,0.13294817964390138,0.13294817964390138,0.036343223629144994,0.036343223629144994,-0.002656999999997467,0.002656999999997467,0.0002770000000023032,0.0002770000000023032,0.0023437794553888835,0.0023437794553888835,0.0022685801945652173,0.0022685801945652173
2025-03-18,2025-03-19,4.1776,4.1945,Naive,4.1776,4.1776,4.1864,4.180210659885131,4.17860093020213,4.310548179643901,4.211271616014479,4.176361000000002,4.178985000000003,4.179502553008716,4.175082940908556,-0.016899999999999693,0.016899999999999693,-0.016899999999999693,0.016899999999999693,-0.008099999999999774,0.008099999999999774,-0.014289340114868487,0.014289340114868487,-0.015899069797869814,0.015899069797869814,0.11604817964390168,0.11604817964390168,0.01677161601447974,0.01677161601447974,-0.018138999999997907,0.018138999999997907,-0.015514999999997059,0.015514999999997059,-0.014997446991283248,0.014997446991283248,-0.019417059091443534,0.019417059091443534
2025-03-19,2025-03-20,4.1945,4.1972,Naive,4.1945,4.1945,4.18496,4.182808721724198,4.195548035721794,4.310548179643901,4.23104120995819,4.199724999999998,4.199310999999998,4.195874482835298,4.207662507359278,-0.0026999999999999247,0.0026999999999999247,-0.0026999999999999247,0.0026999999999999247,-0.012239999999999363,0.012239999999999363,-0.014391278275801334,0.014391278275801334,-0.0016519642782055755,0.0016519642782055755,0.11334817964390176,0.11334817964390176,0.03384120995819018,0.03384120995819018,0.002524999999998556,0.002524999999998556,0.0021109999999984197,0.0021109999999984197,-0.0013255171647017505,0.0013255171647017505,0.010462507359278561,0.010462507359278561
2025-03-20,2025-03-21,4.1972,4.1979,Naive,4.1972,4.1972,4.1852,4.185425317774344,4.196181353638772,4.310548179643901,4.172761820187784,4.197822999999999,4.194099,4.19474375068983,4.2028905813576936,-0.000700000000000145,0.000700000000000145,-0.000700000000000145,0.000700000000000145,-0.012699999999999712,0.012699999999999712,-0.01247468222565562,0.01247468222565562,-0.0017186463612279823,0.0017186463612279823,0.11264817964390161,0.11264817964390161,-0.02513817981221589,0.02513817981221589,-7.700000000099294e-05,7.700000000099294e-05,-0.0038010000000001654,0.0038010000000001654,-0.0031562493101695566,0.0031562493101695566,0.004990581357693813,0.004990581357693813
2025-03-21,2025-03-24,4.1979,4.1832,Naive,4.1979,4.1979,4.18898,4.187693441815372,4.196901866743477,4.310548179643901,4.177639711100777,4.199189999999999,4.193775000000001,4.194438157462878,4.203129969984734,0.014699999999999491,0.014699999999999491,0.014699999999999491,0.014699999999999491,0.005779999999999674,0.005779999999999674,0.0044934418153719236,0.0044934418153719236,0.013701866743477176,0.013701866743477176,0.1273481796439011,0.1273481796439011,-0.005560288899223664,0.005560288899223664,0.015989999999998616,0.015989999999998616,0.010575000000001111,0.010575000000001111,0.011238157462877929,0.011238157462877929,0.01992996998473373,0.01992996998473373
2025-03-24,2025-03-25,4.1832,4.1664,Naive,4.1832,4.1832,4.19008,4.186876452394396,4.184676606830468,4.310548179643901,4.167212107143803,4.183232000000001,4.183968999999998,4.179500281863201,4.180664642414959,0.016799999999999926,0.016799999999999926,0.016799999999999926,0.016799999999999926,0.0236799999999997,0.0236799999999997,0.020476452394396105,0.020476452394396105,0.018276606830467834,0.018276606830467834,0.14414817964390103,0.14414817964390103,0.0008121071438029759,0.0008121071438029759,0.016832000000000846,0.016832000000000846,0.01756899999999728,0.01756899999999728,0.013100281863200891,0.013100281863200891,0.014264642414958395,0.014264642414958395
2025-03-25,2025-03-26,4.1664,4.1686,Naive,4.1664,4.1664,4.18784,4.18315346104996,4.167560800518253,4.310548179643901,4.190717924636271,4.167593,4.168278000000001,4.167207496486537,4.165828005638169,-0.0021999999999993136,0.0021999999999993136,-0.0021999999999993136,0.0021999999999993136,0.019239999999999924,0.019239999999999924,0.014553461049960248,0.014553461049960248,-0.0010391994817462447,0.0010391994817462447,0.14194817964390172,0.14194817964390172,0.02211792463627127,0.02211792463627127,-0.001006999999999536,0.001006999999999536,-0.00032199999999882323,0.00032199999999882323,-0.0013925035134629837,0.0013925035134629837,-0.002771994361830288,0.002771994361830288
2025-03-26,2025-03-27,4.1686,4.1913,Naive,4.1686,4.1686,4.18266,4.180507377222694,4.171863520887174,4.310548179643901,4.188594704891617,4.170905000000002,4.166086000000002,4.173002850688087,4.167746244755084,-0.022700000000000387,0.022700000000000387,-0.022700000000000387,0.022700000000000387,-0.008639999999999759,0.008639999999999759,-0.010792622777305638,0.010792622777305638,-0.019436479112825644,0.019436479112825644,0.11924817964390133,0.11924817964390133,-0.002705295108382799,0.002705295108382799,-0.020394999999997943,0.020394999999997943,-0.025213999999998293,0.025213999999998293,-0.01829714931191262,0.01829714931191262,-0.023553755244916097,0.023553755244916097
2025-03-27,2025-03-28,4.1913,4.1819,Naive,4.1913,4.1913,4.18148,4.182469672273113,4.190635237242704,4.310548179643901,4.229994698109848,4.196414999999998,4.1929389999999955,4.1954702610220656,4.20115169741064,0.009400000000000297,0.009400000000000297,0.009400000000000297,0.009400000000000297,-0.00042000000000008697,0.00042000000000008697,0.0005696722731132198,0.0005696722731132198,0.008735237242704308,0.008735237242704308,0.12864817964390163,0.12864817964390163,0.04809469810984801,0.04809469810984801,0.014514999999998501,0.014514999999998501,0.011038999999995802,0.011038999999995802,0.013570261022065822,0.013570261022065822,0.019251697410640034,0.019251697410640034
2025-03-28,2025-03-31,4.1819,4.1839,Naive,4.1819,4.1819,4.178279999999999,4.182366095496183,4.1809502098715665,4.310548179643901,4.1549289004449745,4.183748,4.178825000000001,4.1826377090045925,4.18160589424256,-0.002000000000000668,0.002000000000000668,-0.002000000000000668,0.002000000000000668,-0.005620000000001291,0.005620000000001291,-0.001533904503816963,0.001533904503816963,-0.0029497901284338823,0.0029497901284338823,0.12664817964390096,0.12664817964390096,-0.02897109955502586,0.02897109955502586,-0.00015200000000081815,0.00015200000000081815,-0.005074999999999719,0.005074999999999719,-0.0012622909954078665,0.0012622909954078665,-0.002294105757440157,0.002294105757440157
2025-03-31,2025-04-01,4.1839,4.1818,Naive,4.1839,4.1839,4.17842,4.182644987224149,4.187981436103606,4.310548179643901,4.18154780693219,4.185414,4.183797,4.181970512988619,4.182930522328304,0.002100000000000435,0.002100000000000435,0.002100000000000435,0.002100000000000435,-0.0033799999999999386,0.0033799999999999386,0.000844987224149385,0.000844987224149385,0.00618143610360633,0.00618143610360633,0.1287481796439014,0.1287481796439014,-0.0002521930678103246,0.0002521930678103246,0.003613999999999784,0.003613999999999784,0.0019970000000002486,0.0019970000000002486,0.0001705129886193646,0.0001705129886193646,0.0011305223283040178,0.0011305223283040178
2025-04-01,2025-04-02,4.1818,4.1794,Naive,4.1818,4.1818,4.1815,4.182491353183394,4.181506239038093,4.310548179643901,4.216605372399161,4.184843,4.183985999999998,4.1812489834095485,4.181069683266535,0.0023999999999997357,0.0023999999999997357,0.0023999999999997357,0.0023999999999997357,0.0020999999999995467,0.0020999999999995467,0.003091353183394041,0.003091353183394041,0.0021062390380928164,0.0021062390380928164,0.13114817964390113,0.13114817964390113,0.03720537239916055,0.03720537239916055,0.005442999999999643,0.005442999999999643,0.004585999999997981,0.004585999999997981,0.0018489834095483104,0.0018489834095483104,0.001669683266534605,0.001669683266534605
2025-04-02,2025-04-03,4.1794,4.1791,Naive,4.1794,4.1794,4.18366,4.181929288968231,4.180019301612086,4.310548179643901,4.1791129793685835,4.182435,4.182045999999999,4.181129692614587,4.178466393238933,0.000300000000000189,0.000300000000000189,0.000300000000000189,0.000300000000000189,0.004559999999999675,0.004559999999999675,0.0028292889682308697,0.0028292889682308697,0.0009193016120860875,0.0009193016120860875,0.13144817964390132,0.13144817964390132,1.29793685834656e-05,1.29793685834656e-05,0.003334999999999866,0.003334999999999866,0.002945999999998783,0.002945999999998783,0.0020296926145872973,0.0020296926145872973,-0.0006336067610668294,0.0006336067610668294
2025-04-03,2025-04-04,4.1791,4.2403,Naive,4.1791,4.1791,4.181220000000001,4.181414872792189,4.1802824952110536,4.310548179643901,4.144046708616378,4.182494999999999,4.182973,4.18239102507425,4.177097373594666,-0.061200000000000365,0.061200000000000365,-0.061200000000000365,0.061200000000000365,-0.0590799999999998,0.0590799999999998,-0.05888512720781147,0.05888512720781147,-0.06001750478894685,0.06001750478894685,0.07024817964390095,0.07024817964390095,-0.09625329138362204,0.09625329138362204,-0.057805000000000994,0.057805000000000994,-0.057327000000000794,0.057327000000000794,-0.0579089749257502,0.0579089749257502,-0.06320262640533425,0.06320262640533425
2025-04-04,2025-04-07,4.2403,4.2975,Naive,4.2403,4.2403,4.1929,4.192121259557245,4.237001880491531,4.310548179643901,4.226338225564597,4.244563000000002,4.238675000000004,4.236514501399383,4.221324882092504,-0.05719999999999992,0.05719999999999992,-0.05719999999999992,0.05719999999999992,-0.10460000000000047,0.10460000000000047,-0.10537874044275508,0.10537874044275508,-0.06049811950846973,0.06049811950846973,0.013048179643901037,0.013048179643901037,-0.07116177443540295,0.07116177443540295,-0.052936999999998235,0.052936999999998235,-0.05882499999999613,0.05882499999999613,-0.060985498600617305,0.060985498600617305,-0.07617511790749631,0.07617511790749631
2025-04-07,2025-04-08,4.2975,4.2946,Naive,4.2975,4.2975,4.21562,4.211281030546837,4.29780239028997,4.310548179643901,4.297809542025198,4.2896019999999995,4.285333999999998,4.29070637616127,4.3299125888159455,0.0029000000000003467,0.0029000000000003467,0.0029000000000003467,0.0029000000000003467,-0.0789799999999996,0.0789799999999996,-0.0833189694531633,0.0833189694531633,0.0032023902899700474,0.0032023902899700474,0.015948179643901383,0.015948179643901383,0.0032095420251980755,0.0032095420251980755,-0.004998000000000502,0.004998000000000502,-0.009266000000001995,0.009266000000001995,-0.0038936238387297095,0.0038936238387297095,0.03531258881594557,0.03531258881594557
2025-04-08,2025-04-09,4.2946,4.2818,Naive,4.2946,4.2946,4.238180000000001,4.226429934083775,4.294931919216932,4.310548179643901,4.323235418016437,4.2899840000000005,4.307061,4.30563907259614,4.291144722928897,0.012800000000000367,0.012800000000000367,0.012800000000000367,0.012800000000000367,-0.04361999999999888,0.04361999999999888,-0.0553700659162244,0.0553700659162244,0.013131919216932353,0.013131919216932353,0.02874817964390175,0.02874817964390175,0.04143541801643735,0.04143541801643735,0.008184000000000857,0.008184000000000857,0.025261000000000422,0.025261000000000422,0.023839072596140376,0.023839072596140376,0.009344722928897653,0.009344722928897653
2025-04-09,2025-04-10,4.2818,4.2644,Naive,4.2818,4.2818,4.258660000000001,4.236497218795816,4.284778574089706,4.310548179643901,4.343426964051255,4.276649000000001,4.295769999999999,4.287376903546744,4.283524253269464,0.017399999999999416,0.017399999999999416,0.017399999999999416,0.017399999999999416,-0.005739999999999412,0.005739999999999412,-0.0279027812041841,0.0279027812041841,0.02037857408970556,0.02037857408970556,0.046148179643901166,0.046148179643901166,0.07902696405125464,0.07902696405125464,0.01224900000000062,0.01224900000000062,0.03136999999999901,0.03136999999999901,0.022976903546743976,0.022976903546743976,0.019124253269463765,0.019124253269463765
2025-04-10,2025-04-11,4.2644,4.2972,Naive,4.2644,4.2644,4.27572,4.241570451742031,4.263640843866765,4.310548179643901,4.319222389524968,4.275267999999998,4.273334999999998,4.270205184135724,4.258514160000616,-0.03279999999999994,0.03279999999999994,-0.03279999999999994,0.03279999999999994,-0.021480000000000388,0.021480000000000388,-0.0556295482579694,0.0556295482579694,-0.03355915613323557,0.03355915613323557,0.013348179643901226,0.013348179643901226,0.0220223895249676,0.0220223895249676,-0.021932000000002283,0.021932000000002283,-0.023865000000002468,0.023865000000002468,-0.02699481586427588,0.02699481586427588,-0.03868583999938391,0.03868583999938391
2025-04-11,2025-04-14,4.2972,4.2776,Naive,4.2972,4.2972,4.287100000000001,4.251684915061661,4.295177273800184,4.310548179643901,4.325786382983447,4.290285000000004,4.291539999999999,4.290066872627512,4.321136045323629,0.019600000000000506,0.019600000000000506,0.019600000000000506,0.019600000000000506,0.009500000000000952,0.009500000000000952,-0.025915084938338495,0.025915084938338495,0.01757727380018448,0.01757727380018448,0.03294817964390173,0.03294817964390173,0.04818638298344702,0.04818638298344702,0.01268500000000472,0.01268500000000472,0.013939999999998953,0.013939999999998953,0.012466872627512338,0.012466872627512338,0.04353604532362976,0.04353604532362976
2025-04-14,2025-04-15,4.2776,4.2767,Naive,4.2776,4.2776,4.283119999999999,4.2563967486868135,4.278179299370713,4.310548179643901,4.338727386308933,4.282240999999998,4.281695999999999,4.27793653337948,4.271074514106573,0.0008999999999996788,0.0008999999999996788,0.0008999999999996788,0.0008999999999996788,0.006419999999999426,0.006419999999999426,-0.020303251313186443,0.020303251313186443,0.0014792993707128943,0.0014792993707128943,0.03384817964390141,0.03384817964390141,0.0620273863089329,0.0620273863089329,0.005540999999998242,0.005540999999998242,0.004995999999999334,0.004995999999999334,0.0012365333794797095,0.0012365333794797095,-0.00562548589342704,0.00562548589342704
2025-04-15,2025-04-16,4.2767,4.3033,Naive,4.2767,4.2767,4.27954,4.260088248925574,4.275514260901147,4.310548179643901,4.300602069012377,4.284381999999998,4.272804999999999,4.270494347301494,4.283411291303425,-0.02660000000000018,0.02660000000000018,-0.02660000000000018,0.02660000000000018,-0.023760000000000225,0.023760000000000225,-0.0432117510744261,0.0432117510744261,-0.027785739098852957,0.027785739098852957,0.007248179643901231,0.007248179643901231,-0.002697930987623387,0.002697930987623387,-0.01891800000000199,0.01891800000000199,-0.03049500000000105,0.03049500000000105,-0.03280565269850655,0.03280565269850655,-0.019888708696575108,0.019888708696575108
2025-04-16,2025-04-17,4.3033,4.2879,Naive,4.3033,4.3033,4.28384,4.267944930939106,4.303143852729195,4.310548179643901,4.443045727095231,4.303131999999999,4.293016000000001,4.299498899473798,4.315147926207621,0.015400000000000524,0.015400000000000524,0.015400000000000524,0.015400000000000524,-0.0040599999999999525,0.0040599999999999525,-0.019955069060893393,0.019955069060893393,0.015243852729195595,0.015243852729195595,0.022648179643901756,0.022648179643901756,0.15514572709523122,0.15514572709523122,0.015231999999999246,0.015231999999999246,0.005116000000001009,0.005116000000001009,0.011598899473798774,0.011598899473798774,0.02724792620762173,0.02724792620762173
2025-04-17,2025-04-18,4.2879,4.2823,Naive,4.2879,4.2879,4.28854,4.271573125313814,4.285570050618867,4.310548179643901,4.284313896609112,4.288997999999999,4.292697000000001,4.28854080428476,4.295688317013458,0.005599999999999383,0.005599999999999383,0.005599999999999383,0.005599999999999383,0.006240000000000023,0.006240000000000023,-0.010726874686186605,0.010726874686186605,0.003270050618866982,0.003270050618866982,0.02824817964390114,0.02824817964390114,0.002013896609112109,0.002013896609112109,0.006697999999999205,0.006697999999999205,0.0103970000000011,0.0103970000000011,0.0062408042847597045,0.0062408042847597045,0.013388317013458106,0.013388317013458106
2025-04-18,2025-04-22,4.2823,4.2801,Naive,4.2823,4.2823,4.28556,4.273523466165847,4.2779694461509,4.310548179643901,4.14086240575842,4.282154000000001,4.2851149999999985,4.27625442459973,4.289084362209745,0.002200000000000202,0.002200000000000202,0.002200000000000202,0.002200000000000202,0.0054600000000002424,0.0054600000000002424,-0.006576533834152798,0.006576533834152798,-0.002130553849100103,0.002130553849100103,0.03044817964390134,0.03044817964390134,-0.13923759424158,0.13923759424158,0.0020540000000011105,0.0020540000000011105,0.005014999999998437,0.005014999999998437,-0.0038455754002697518,0.0038455754002697518,0.008984362209744745,0.008984362209744745
2025-04-22,2025-04-23,4.2801,4.2893,Naive,4.2801,4.2801,4.286060000000001,4.274719199590239,4.2801515387599425,4.310548179643901,4.375404465925817,4.284331,4.283879,4.281232488720156,4.285324195425688,-0.009199999999999875,0.009199999999999875,-0.009199999999999875,0.009199999999999875,-0.0032399999999990214,0.0032399999999990214,-0.014580800409761174,0.014580800409761174,-0.009148461240057415,0.009148461240057415,0.021248179643901466,0.021248179643901466,0.08610446592581678,0.08610446592581678,-0.004969000000000001,0.004969000000000001,-0.00542100000000012,0.00542100000000012,-0.008067511279843842,0.008067511279843842,-0.003975804574311681,0.003975804574311681
2025-04-23,2025-04-24,4.2893,4.2789,Naive,4.2893,4.2893,4.28858,4.277370254210196,4.2896308280353015,4.310548179643901,4.443732267592018,4.300341000000001,4.2946300000000015,4.293194334974941,4.298291006302261,0.010399999999999743,0.010399999999999743,0.010399999999999743,0.010399999999999743,0.009679999999999467,0.009679999999999467,-0.0015297457898038047,0.0015297457898038047,0.010730828035301343,0.010730828035301343,0.03164817964390121,0.03164817964390121,0.16483226759201752,0.16483226759201752,0.021441000000001154,0.021441000000001154,0.015730000000001354,0.015730000000001354,0.014294334974940703,0.014294334974940703,0.01939100630226065,0.01939100630226065
2025-04-24,2025-04-25,4.2789,4.2688,Naive,4.2789,4.2789,4.2837,4.277648389808341,4.282349024922863,4.310548179643901,4.298219216784199,4.277998999999999,4.282981999999997,4.28349124203777,4.2793101815277526,0.010100000000000442,0.010100000000000442,0.010100000000000442,0.010100000000000442,0.014899999999999913,0.014899999999999913,0.008848389808341572,0.008848389808341572,0.01354902492286314,0.01354902492286314,0.04174817964390165,0.04174817964390165,0.029419216784199342,0.029419216784199342,0.009198999999999735,0.009198999999999735,0.014181999999997252,0.014181999999997252,0.01469124203777028,0.01469124203777028,0.010510181527752849,0.010510181527752849
2025-04-25,2025-04-28,4.2688,4.2766,Naive,4.2688,4.2688,4.27988,4.27603959166137,4.268720664896151,4.310548179643901,4.249814696549058,4.265165,4.264047999999999,4.271179093463084,4.273928548812666,-0.007800000000000473,0.007800000000000473,-0.007800000000000473,0.007800000000000473,0.0032800000000001717,0.0032800000000001717,-0.0005604083386305803,0.0005604083386305803,-0.007879335103849527,0.007879335103849527,0.03394817964390118,0.03394817964390118,-0.02678530345094199,0.02678530345094199,-0.011435000000000528,0.011435000000000528,-0.012552000000001229,0.012552000000001229,-0.005420906536915737,0.005420906536915737,-0.0026714511873340285,0.0026714511873340285
2025-04-28,2025-04-29,4.2766,4.2646,Naive,4.2766,4.2766,4.27874,4.276141484086575,4.276853635644617,4.310548179643901,4.393166551767274,4.272130000000001,4.276565999999998,4.277891606600419,4.283239972365387,0.012000000000000455,0.012000000000000455,0.012000000000000455,0.012000000000000455,0.014140000000000263,0.014140000000000263,0.011541484086575515,0.011541484086575515,0.012253635644617233,0.012253635644617233,0.04594817964390163,0.04594817964390163,0.12856655176727472,0.12856655176727472,0.007530000000000925,0.007530000000000925,0.011965999999998367,0.011965999999998367,0.013291606600419392,0.013291606600419392,0.018639972365387614,0.018639972365387614
2025-04-29,2025-04-30,4.2646,4.2778,Naive,4.2646,4.2646,4.27564,4.27404303243447,4.2650155809101715,4.310548179643901,4.3691094539967175,4.262389,4.258503000000001,4.264838983626729,4.262902063647321,-0.013200000000000323,0.013200000000000323,-0.013200000000000323,0.013200000000000323,-0.0021599999999999397,0.0021599999999999397,-0.0037569675655300117,0.0037569675655300117,-0.012784419089828525,0.012784419089828525,0.03274817964390131,0.03274817964390131,0.09130945399671742,0.09130945399671742,-0.015411000000000286,0.015411000000000286,-0.01929699999999901,0.01929699999999901,-0.012961016373271406,0.012961016373271406,-0.01489793635267933,0.01489793635267933
2025-04-30,2025-05-02,4.2778,4.275,Naive,4.2778,4.2778,4.27334,4.274726117446384,4.279776195107731,4.310548179643901,4.236974636318045,4.272801999999998,4.276509999999998,4.277696108524699,4.282268925591863,0.0027999999999996916,0.0027999999999996916,0.0027999999999996916,0.0027999999999996916,-0.0016600000000002169,0.0016600000000002169,-0.00027388255361593394,0.00027388255361593394,0.00477619510773053,0.00477619510773053,0.035548179643901,0.035548179643901,-0.03802536368195497,0.03802536368195497,-0.0021980000000025868,0.0021980000000025868,0.001509999999997902,0.001509999999997902,0.002696108524698815,0.002696108524698815,0.007268925591862541,0.007268925591862541
2025-05-02,2025-05-05,4.275,4.276,Naive,4.275,4.275,4.27256,4.274775914274315,4.2728204975729485,4.310548179643901,4.19718825258832,4.269576999999998,4.271253999999998,4.278275140913776,4.274075204132805,-0.0009999999999994458,0.0009999999999994458,-0.0009999999999994458,0.0009999999999994458,-0.0034399999999994435,0.0034399999999994435,-0.001224085725684887,0.001224085725684887,-0.0031795024270513395,0.0031795024270513395,0.034548179643901555,0.034548179643901555,-0.07881174741168007,0.07881174741168007,-0.006423000000001622,0.006423000000001622,-0.004746000000001693,0.004746000000001693,0.002275140913775786,0.002275140913775786,-0.0019247958671950727,0.0019247958671950727
2025-05-05,2025-05-06,4.276,4.2806,Naive,4.276,4.276,4.274,4.274998475315348,4.274482809418704,4.310548179643901,4.322242180822791,4.274373999999997,4.274549999999998,4.274092680569813,4.272305157559306,-0.0045999999999999375,0.0045999999999999375,-0.0045999999999999375,0.0045999999999999375,-0.006599999999999717,0.006599999999999717,-0.005601524684651693,0.005601524684651693,-0.00611719058129534,0.00611719058129534,0.029948179643901618,0.029948179643901618,0.04164218082279092,0.04164218082279092,-0.006226000000002507,0.006226000000002507,-0.006050000000001887,0.006050000000001887,-0.006507319430186342,0.006507319430186342,-0.00829484244069345,0.00829484244069345
2025-05-06,2025-05-07,4.2806,4.2757,Naive,4.2806,4.2806,4.2748,4.276016934348921,4.2805030714114976,4.310548179643901,4.243440873734923,4.286066999999998,4.2877350000000005,4.282628750006549,4.272639152705324,0.0049000000000001265,0.0049000000000001265,0.0049000000000001265,0.0049000000000001265,-0.0008999999999996788,0.0008999999999996788,0.00031693434892154926,0.00031693434892154926,0.004803071411497939,0.004803071411497939,0.034848179643901744,0.034848179643901744,-0.03225912626507643,0.03225912626507643,0.010366999999998683,0.010366999999998683,0.012035000000000906,0.012035000000000906,0.006928750006549578,0.006928750006549578,-0.003060847294675817,0.003060847294675817
2025-05-07,2025-05-08,4.2757,4.2714,Naive,4.2757,4.2757,4.27702,4.275959309921844,4.2749022274842785,4.310548179643901,4.22086652056284,4.271547999999998,4.274191999999996,4.275466348361431,4.27652807218194,0.0042999999999997485,0.0042999999999997485,0.0042999999999997485,0.0042999999999997485,0.0056200000000004025,0.0056200000000004025,0.004559309921844168,0.004559309921844168,0.0035022274842786416,0.0035022274842786416,0.03914817964390149,0.03914817964390149,-0.05053347943715991,0.05053347943715991,0.00014799999999848268,0.00014799999999848268,0.002791999999995909,0.002791999999995909,0.00406634836143116,0.00406634836143116,0.005128072181940446,0.005128072181940446
2025-05-08,2025-05-09,4.2714,4.2414,Naive,4.2714,4.2714,4.27574,4.275130344481508,4.271727047550566,4.310548179643901,4.188135979878777,4.2714229999999995,4.270755999999997,4.273362377777306,4.272461625768003,0.03000000000000025,0.03000000000000025,0.03000000000000025,0.03000000000000025,0.03434000000000026,0.03434000000000026,0.03373034448150847,0.03373034448150847,0.03032704755056681,0.03032704755056681,0.06914817964390174,0.06914817964390174,-0.053264020121222444,0.053264020121222444,0.03002299999999991,0.03002299999999991,0.029355999999997273,0.029355999999997273,0.03196237777730637,0.03196237777730637,0.031061625768002976,0.031061625768002976
2025-05-09,2025-05-12,4.2414,4.2337,Naive,4.2414,4.2414,4.269019999999999,4.268997554575779,4.239773114592494,4.310548179643901,4.200049924379783,4.238354,4.242445,4.239427183959981,4.260344806539548,0.007699999999999818,0.007699999999999818,0.007699999999999818,0.007699999999999818,0.035319999999999574,0.035319999999999574,0.03529755457577899,0.03529755457577899,0.0060731145924943775,0.0060731145924943775,0.07684817964390156,0.07684817964390156,-0.03365007562021649,0.03365007562021649,0.00465400000000038,0.00465400000000038,0.008745000000000225,0.008745000000000225,0.005727183959980842,0.005727183959980842,0.02664480653954815,0.02664480653954815
2025-05-12,2025-05-13,4.2337,4.2525,Naive,4.2337,4.2337,4.26056,4.262579817380183,4.233803641881576,4.310548179643901,4.216932128313869,4.237215000000002,4.23492,4.236342080097061,4.233100157085621,-0.018800000000000594,0.018800000000000594,-0.018800000000000594,0.018800000000000594,0.008059999999999512,0.008059999999999512,0.010079817380182376,0.010079817380182376,-0.018696358118424072,0.018696358118424072,0.058048179643900966,0.058048179643900966,-0.035567871686131625,0.035567871686131625,-0.01528499999999866,0.01528499999999866,-0.017580000000000595,0.017580000000000595,-0.016157919902939355,0.016157919902939355,-0.01939984291437913,0.01939984291437913
2025-05-13,2025-05-14,4.2525,4.2455,Naive,4.2525,4.2525,4.25494,4.2607471233110585,4.252578736999922,4.310548179643901,4.277122686410746,4.257008,4.256913,4.258031235624779,4.250428915045561,0.007000000000000561,0.007000000000000561,0.007000000000000561,0.007000000000000561,0.009440000000000559,0.009440000000000559,0.015247123311058708,0.015247123311058708,0.0070787369999223415,0.0070787369999223415,0.06504817964390153,0.06504817964390153,0.0316226864107465,0.0316226864107465,0.011508000000000074,0.011508000000000074,0.011413000000000117,0.011413000000000117,0.012531235624779313,0.012531235624779313,0.004928915045561588,0.004928915045561588
2025-05-14,2025-05-15,4.2455,4.2378,Naive,4.2455,4.2455,4.2489,4.257974919072684,4.245143147226377,4.310548179643901,4.259958290311771,4.244563999999999,4.243819999999999,4.244834546141831,4.244042103456786,0.007699999999999818,0.007699999999999818,0.007699999999999818,0.007699999999999818,0.011099999999999888,0.011099999999999888,0.02017491907268365,0.02017491907268365,0.007343147226377411,0.007343147226377411,0.07274817964390135,0.07274817964390135,0.02215829031177119,0.02215829031177119,0.00676399999999866,0.00676399999999866,0.006019999999998582,0.006019999999998582,0.007034546141831299,0.007034546141831299,0.006242103456785664,0.006242103456785664
2025-05-15,2025-05-16,4.2378,4.2392,Naive,4.2378,4.2378,4.242179999999999,4.254306751968559,4.23732798431412,4.310548179643901,4.227508125470559,4.237158000000001,4.238303000000003,4.2397178586773485,4.239681841358719,-0.00140000000000029,0.00140000000000029,-0.00140000000000029,0.00140000000000029,0.0029799999999990945,0.0029799999999990945,0.015106751968558818,0.015106751968558818,-0.0018720156858806902,0.0018720156858806902,0.07134817964390106,0.07134817964390106,-0.011691874529441648,0.011691874529441648,-0.002041999999999433,0.002041999999999433,-0.0008969999999974831,0.0008969999999974831,0.0005178586773482152,0.0005178586773482152,0.0004818413587184267,0.0004818413587184267
2025-05-16,2025-05-19,4.2392,4.2785,Naive,4.2392,4.2392,4.24174,4.251560069792458,4.237355728572154,4.310548179643901,4.251967205844177,4.239347000000001,4.2422,4.237634514300573,4.237744349475364,-0.03929999999999989,0.03929999999999989,-0.03929999999999989,0.03929999999999989,-0.036760000000000126,0.036760000000000126,-0.026939930207542595,0.026939930207542595,-0.04114427142784649,0.04114427142784649,0.032048179643901165,0.032048179643901165,-0.026532794155823325,0.026532794155823325,-0.03915299999999888,0.03915299999999888,-0.03629999999999978,0.03629999999999978,-0.040865485699427495,0.040865485699427495,-0.04075565052463581,0.04075565052463581
2025-05-19,2025-05-20,4.2785,4.2497,Naive,4.2785,4.2785,4.2507,4.256458238921101,4.277802790895547,4.310548179643901,4.326809081187088,4.270078,4.275581000000002,4.281988213758648,4.257970146451635,0.02880000000000038,0.02880000000000038,0.02880000000000038,0.02880000000000038,0.001000000000000334,0.001000000000000334,0.006758238921101167,0.006758238921101167,0.028102790895546903,0.028102790895546903,0.060848179643901545,0.060848179643901545,0.07710908118708826,0.07710908118708826,0.020378000000000007,0.020378000000000007,0.02588100000000182,0.02588100000000182,0.03228821375864843,0.03228821375864843,0.008270146451635263,0.008270146451635263
2025-05-20,2025-05-21,4.2497,4.2403,Naive,4.2497,4.2497,4.25014,4.2552294682081735,4.250707588586757,4.310548179643901,4.24886856278986,4.249314000000001,4.252775000000001,4.244099960360434,4.244400181790711,0.009399999999999409,0.009399999999999409,0.009399999999999409,0.009399999999999409,0.009839999999999627,0.009839999999999627,0.014929468208173091,0.014929468208173091,0.010407588586756944,0.010407588586756944,0.07024817964390095,0.07024817964390095,0.008568562789859513,0.008568562789859513,0.009014000000000522,0.009014000000000522,0.012475000000000236,0.012475000000000236,0.0037999603604337295,0.0037999603604337295,0.0041001817907107,0.0041001817907107
2025-05-21,2025-05-22,4.2403,4.2447,Naive,4.2403,4.2403,4.2491,4.2525150194430505,4.2424466015846205,4.310548179643901,4.323898734559723,4.240958999999998,4.243599000000001,4.24332222578814,4.240327647522491,-0.004399999999999515,0.004399999999999515,-0.004399999999999515,0.004399999999999515,0.004400000000000404,0.004400000000000404,0.00781501944305063,0.00781501944305063,-0.002253398415379415,0.002253398415379415,0.06584817964390144,0.06584817964390144,0.07919873455972315,0.07919873455972315,-0.0037410000000015486,0.0037410000000015486,-0.0011009999999993525,0.0011009999999993525,-0.0013777742118596947,0.0013777742118596947,-0.0043723524775085565,0.0043723524775085565
2025-05-22,2025-05-23,4.2447,4.2541,Naive,4.2447,4.2447,4.2504800000000005,4.251094106817041,4.246491381919187,4.310548179643901,4.206476285498046,4.243534,4.247467000000002,4.243878396359999,4.2405860538283555,-0.009400000000000297,0.009400000000000297,-0.009400000000000297,0.009400000000000297,-0.0036199999999997345,0.0036199999999997345,-0.003005893182959518,0.003005893182959518,-0.0076086180808134785,0.0076086180808134785,0.05644817964390114,0.05644817964390114,-0.04762371450195424,0.04762371450195424,-0.010565999999999853,0.010565999999999853,-0.006632999999998113,0.006632999999998113,-0.010221603640001575,0.010221603640001575,-0.013513946171644697,0.013513946171644697
2025-05-23,2025-05-26,4.2541,4.2514,Naive,4.2541,4.2541,4.2534600000000005,4.251640632850306,4.251708911154756,4.310548179643901,4.219132333047494,4.256425000000002,4.251364,4.256716125267349,4.24427333469987,0.0026999999999999247,0.0026999999999999247,0.0026999999999999247,0.0026999999999999247,0.002060000000000173,0.002060000000000173,0.00024063285030528903,0.00024063285030528903,0.00030891115475562003,0.00030891115475562003,0.059148179643901067,0.059148179643901067,-0.0322676669525066,0.0322676669525066,0.0050250000000016115,0.0050250000000016115,-3.6000000000591115e-05,3.6000000000591115e-05,0.005316125267349037,0.005316125267349037,-0.007126665300130064,0.007126665300130064
2025-05-26,2025-05-27,4.2514,4.2479,Naive,4.2514,4.2514,4.2480400000000005,4.251596881422977,4.253454730007987,4.310548179643901,4.248475279006457,4.256962,4.257056000000002,4.257074351328758,4.2447242087210055,0.0035000000000007248,0.0035000000000007248,0.0035000000000007248,0.0035000000000007248,0.00014000000000091717,0.00014000000000091717,0.00369688142297786,0.00369688142297786,0.005554730007987452,0.005554730007987452,0.06264817964390179,0.06264817964390179,0.0005752790064574853,0.0005752790064574853,0.009062000000000126,0.009062000000000126,0.009156000000002606,0.009156000000002606,0.009174351328758767,0.009174351328758767,-0.0031757912789940335,0.0031757912789940335
2025-05-27,2025-05-28,4.2479,4.2447,Naive,4.2479,4.2479,4.24768,4.250924721164254,4.246600165446912,4.310548179643901,4.27105824956069,4.243833000000003,4.251481999999999,4.249174448873363,4.243880414679813,0.0031999999999996476,0.0031999999999996476,0.0031999999999996476,0.0031999999999996476,0.0029799999999999827,0.0029799999999999827,0.006224721164254099,0.006224721164254099,0.0019001654469121831,0.0019001654469121831,0.06584817964390144,0.06584817964390144,0.02635824956069044,0.02635824956069044,-0.0008669999999968425,0.0008669999999968425,0.0067819999999994,0.0067819999999994,0.004474448873363457,0.004474448873363457,-0.0008195853201868886,0.0008195853201868886
2025-05-28,2025-05-29,4.2447,4.2369,Naive,4.2447,4.2447,4.24856,4.249792953679844,4.245112823988422,4.310548179643901,4.257891659441613,4.245379,4.248286000000003,4.246045749865815,4.241335468350809,0.007799999999999585,0.007799999999999585,0.007799999999999585,0.007799999999999585,0.011660000000000004,0.011660000000000004,0.012892953679843444,0.012892953679843444,0.008212823988421825,0.008212823988421825,0.07364817964390102,0.07364817964390102,0.020991659441612853,0.020991659441612853,0.00847899999999946,0.00847899999999946,0.01138600000000256,0.01138600000000256,0.009145749865814956,0.009145749865814956,0.004435468350808769,0.004435468350808769
2025-05-29,2025-05-30,4.2369,4.2507,Naive,4.2369,4.2369,4.247,4.247448780283508,4.2377734068168955,4.310548179643901,4.194201493594884,4.241217000000001,4.241359999999999,4.24075990001609,4.237136973385949,-0.013799999999999812,0.013799999999999812,-0.013799999999999812,0.013799999999999812,-0.0037000000000002586,0.0037000000000002586,-0.003251219716491782,0.003251219716491782,-0.012926593183104629,0.012926593183104629,0.05984817964390121,0.05984817964390121,-0.056498506405116444,0.056498506405116444,-0.009482999999999464,0.009482999999999464,-0.009340000000000792,0.009340000000000792,-0.009940099983910322,0.009940099983910322,-0.013563026614050955,0.013563026614050955
2025-05-30,2025-06-02,4.2507,4.2578,Naive,4.2507,4.2507,4.24632,4.248039911141052,4.251682232361934,4.310548179643901,4.250826047291484,4.253905999999998,4.250542000000001,4.259400374462368,4.244760086411817,-0.00709999999999944,0.00709999999999944,-0.00709999999999944,0.00709999999999944,-0.011479999999999713,0.011479999999999713,-0.009760088858947746,0.009760088858947746,-0.0061177676380657076,0.0061177676380657076,0.05274817964390177,0.05274817964390177,-0.006973952708515974,0.006973952708515974,-0.0038940000000016184,0.0038940000000016184,-0.007257999999998432,0.007257999999998432,0.0016003744623684923,0.0016003744623684923,-0.013039913588182905,0.013039913588182905
2025-06-02,2025-06-03,4.2578,4.2721,Naive,4.2578,4.2578,4.2476,4.249814472751769,4.258087160176185,4.310548179643901,4.289253766028726,4.262344000000001,4.263105999999999,4.259821791029867,4.250489526400221,-0.014300000000000423,0.014300000000000423,-0.014300000000000423,0.014300000000000423,-0.024499999999999744,0.024499999999999744,-0.022285527248230963,0.022285527248230963,-0.014012839823815071,0.014012839823815071,0.03844817964390135,0.03844817964390135,0.017153766028726203,0.017153766028726203,-0.009755999999999432,0.009755999999999432,-0.008994000000001279,0.008994000000001279,-0.012278208970132987,0.012278208970132987,-0.021610473599778857,0.021610473599778857
2025-06-03,2025-06-04,4.2721,4.2778,Naive,4.2721,4.2721,4.25244,4.2538663867969015,4.273229523717511,4.310548179643901,4.292337954867098,4.273836000000001,4.269937999999999,4.276320846625766,4.259146984594214,-0.005700000000000038,0.005700000000000038,-0.005700000000000038,0.005700000000000038,-0.02536000000000005,0.02536000000000005,-0.023933613203098503,0.023933613203098503,-0.004570476282489189,0.004570476282489189,0.03274817964390131,0.03274817964390131,0.01453795486709808,0.01453795486709808,-0.003963999999998968,0.003963999999998968,-0.007862000000001146,0.007862000000001146,-0.001479153374233988,0.001479153374233988,-0.018653015405786455,0.018653015405786455
2025-06-04,2025-06-05,4.2778,4.2791,Naive,4.2778,4.2778,4.25906,4.258217952833828,4.280222705074531,4.310548179643901,4.293027282304316,4.27706,4.2767839999999975,4.272539647680031,4.2651862000933,-0.0012999999999996348,0.0012999999999996348,-0.0012999999999996348,0.0012999999999996348,-0.020039999999999836,0.020039999999999836,-0.020882047166171702,0.020882047166171702,0.0011227050745317158,0.0011227050745317158,0.031448179643901675,0.031448179643901675,0.013927282304316613,0.013927282304316613,-0.0020400000000000418,0.0020400000000000418,-0.002316000000002205,0.002316000000002205,-0.006560352319969098,0.006560352319969098,-0.013913799906699609,0.013913799906699609
2025-06-05,2025-06-06,4.2791,4.2881,Naive,4.2791,4.2791,4.2675,4.262014688682223,4.2806971843247865,4.310548179643901,4.287006899690613,4.276088,4.280901,4.275599417578239,4.272226322557815,-0.009000000000000341,0.009000000000000341,-0.009000000000000341,0.009000000000000341,-0.02059999999999995,0.02059999999999995,-0.026085311317777027,0.026085311317777027,-0.007402815675213503,0.007402815675213503,0.022448179643901334,0.022448179643901334,-0.0010931003093865854,0.0010931003093865854,-0.012012000000000356,0.012012000000000356,-0.0071989999999999554,0.0071989999999999554,-0.012500582421760775,0.012500582421760775,-0.01587367744218504,0.01587367744218504
2025-06-06,2025-06-09,4.2881,4.2772,Naive,4.2881,4.2881,4.274979999999999,4.266757472558182,4.286279329367814,4.310548179643901,4.295724776170807,4.285819000000001,4.291069000000002,4.289286732569468,4.281691408730974,0.010900000000000354,0.010900000000000354,0.010900000000000354,0.010900000000000354,-0.002220000000000333,0.002220000000000333,-0.010442527441817617,0.010442527441817617,0.009079329367814637,0.009079329367814637,0.03334817964390169,0.03334817964390169,0.018524776170806945,0.018524776170806945,0.008619000000001265,0.008619000000001265,0.013869000000002352,0.013869000000002352,0.01208673256946824,0.01208673256946824,0.0044914087309742,0.0044914087309742
2025-06-09,2025-06-10,4.2772,4.2611,Naive,4.2772,4.2772,4.27886,4.26865611391124,4.279275981939849,4.310548179643901,4.327422942358135,4.274938999999998,4.277932999999999,4.27531769977291,4.2782794866499385,0.01609999999999978,0.01609999999999978,0.01609999999999978,0.01609999999999978,0.017759999999999998,0.017759999999999998,0.00755611391123967,0.00755611391123967,0.018175981939848818,0.018175981939848818,0.04944817964390147,0.04944817964390147,0.06632294235813507,0.06632294235813507,0.013838999999998158,0.013838999999998158,0.01683299999999921,0.01683299999999921,0.014217699772910208,0.014217699772910208,0.017179486649938625,0.017179486649938625
2025-06-10,2025-06-11,4.2611,4.2643,Naive,4.2611,4.2611,4.27666,4.267282275018287,4.261322591231195,4.310548179643901,4.332182785182814,4.265158999999999,4.264926999999998,4.265042850205654,4.269943062032588,-0.0032000000000005357,0.0032000000000005357,-0.0032000000000005357,0.0032000000000005357,0.01235999999999926,0.01235999999999926,0.0029822750182866287,0.0029822750182866287,-0.0029774087688050344,0.0029774087688050344,0.04624817964390093,0.04624817964390093,0.06788278518281388,0.06788278518281388,0.0008589999999983888,0.0008589999999983888,0.0006269999999979348,0.0006269999999979348,0.0007428502056532338,0.0007428502056532338,0.00564306203258802,0.00564306203258802
2025-06-11,2025-06-12,4.2643,4.2631,Naive,4.2643,4.2643,4.273960000000001,4.26674004319678,4.268398448217697,4.310548179643901,4.303112529211087,4.266198999999999,4.265436000000001,4.26809951760773,4.269057311709013,0.001200000000000756,0.001200000000000756,0.001200000000000756,0.001200000000000756,0.01086000000000098,0.01086000000000098,0.0036400431967802405,0.0036400431967802405,0.005298448217697427,0.005298448217697427,0.04744817964390169,0.04744817964390169,0.04001252921108733,0.04001252921108733,0.003098999999999741,0.003098999999999741,0.002336000000001448,0.002336000000001448,0.0049995176077306525,0.0049995176077306525,0.005957311709013702,0.005957311709013702
2025-06-12,2025-06-13,4.2631,4.272,Naive,4.2631,4.2631,4.27076,4.266078217161001,4.261983802259213,4.310548179643901,4.241257968027624,4.263875999999999,4.263425000000001,4.263979636291301,4.263113526448718,-0.008900000000000574,0.008900000000000574,-0.008900000000000574,0.008900000000000574,-0.0012400000000001299,0.0012400000000001299,-0.005921782838998801,0.005921782838998801,-0.010016197740787547,0.010016197740787547,0.038548179643901115,0.038548179643901115,-0.030742031972375905,0.030742031972375905,-0.008124000000001352,0.008124000000001352,-0.008574999999999555,0.008574999999999555,-0.008020363708698852,0.008020363708698852,-0.008886473551282137,0.008886473551282137
2025-06-13,2025-06-16,4.272,4.2612,Naive,4.272,4.272,4.26754,4.26715490494991,4.270120362329471,4.310548179643901,4.248035070992302,4.274053,4.2659780000000005,4.273620108738851,4.275445072821892,0.010800000000000587,0.010800000000000587,0.010800000000000587,0.010800000000000587,0.006340000000000678,0.006340000000000678,0.005954904949910578,0.005954904949910578,0.008920362329471132,0.008920362329471132,0.0493481796439017,0.0493481796439017,-0.013164929007698056,0.013164929007698056,0.01285300000000067,0.01285300000000067,0.004778000000000837,0.004778000000000837,0.012420108738851354,0.012420108738851354,0.014245072821892357,0.014245072821892357
2025-06-16,2025-06-17,4.2612,4.275,Naive,4.2612,4.2612,4.26434,4.266072194959017,4.262720424691392,4.310548179643901,4.266122914979667,4.2581000000000016,4.2594460000000005,4.261210255339363,4.262383536495984,-0.0138000000000007,0.0138000000000007,-0.0138000000000007,0.0138000000000007,-0.010660000000000558,0.010660000000000558,-0.008927805040983117,0.008927805040983117,-0.012279575308608237,0.012279575308608237,0.035548179643901,0.035548179643901,-0.00887708502033302,0.00887708502033302,-0.016899999999998805,0.016899999999998805,-0.015553999999999846,0.015553999999999846,-0.013789744660637204,0.013789744660637204,-0.012616463504016018,0.012616463504016018
2025-06-17,2025-06-18,4.275,4.2717,Naive,4.275,4.275,4.26712,4.267695432239195,4.274656572754098,4.310548179643901,4.318668122490968,4.273788999999998,4.273007,4.278451421696071,4.27386301122766,0.0033000000000003027,0.0033000000000003027,0.0033000000000003027,0.0033000000000003027,-0.0045799999999998064,0.0045799999999998064,-0.0040045677608047114,0.0040045677608047114,0.002956572754097664,0.002956572754097664,0.038848179643901304,0.038848179643901304,0.046968122490968156,0.046968122490968156,0.002088999999998009,0.002088999999998009,0.001306999999999725,0.001306999999999725,0.006751421696071347,0.006751421696071347,0.00216301122766005,0.00216301122766005
2025-06-18,2025-06-20,4.2717,4.2709,Naive,4.2717,4.2717,4.2686,4.268423535468433,4.272315544891329,4.310548179643901,4.290385474047133,4.272650999999999,4.26841,4.276298682027815,4.273583525445046,0.0007999999999999119,0.0007999999999999119,0.0007999999999999119,0.0007999999999999119,-0.0022999999999999687,0.0022999999999999687,-0.0024764645315675793,0.0024764645315675793,0.0014155448913291124,0.0014155448913291124,0.039648179643901216,0.039648179643901216,0.019485474047132634,0.019485474047132634,0.0017509999999987258,0.0017509999999987258,-0.002489999999999881,0.002489999999999881,0.005398682027815127,0.005398682027815127,0.002683525445045909,0.002683525445045909
2025-06-20,2025-06-23,4.2709,4.2727,Naive,4.2709,4.2709,4.270160000000001,4.268873801746899,4.270240647030034,4.310548179643901,4.235645499127624,4.271440000000001,4.264304999999999,4.273337094553663,4.269907139017849,-0.0018000000000002458,0.0018000000000002458,-0.0018000000000002458,0.0018000000000002458,-0.0025399999999997647,0.0025399999999997647,-0.003826198253101154,0.003826198253101154,-0.002459352969966133,0.002459352969966133,0.03784817964390097,0.03784817964390097,-0.03705450087237683,0.03705450087237683,-0.0012599999999993727,0.0012599999999993727,-0.00839500000000104,0.00839500000000104,0.000637094553662898,0.000637094553662898,-0.0027928609821517014,0.0027928609821517014
2025-06-23,2025-06-24,4.2727,4.2604,Naive,4.2727,4.2727,4.270300000000001,4.269569474156554,4.275660746918921,4.310548179643901,4.280528575497551,4.2693710000000005,4.266532999999999,4.273981909524654,4.275688867121284,0.012300000000000644,0.012300000000000644,0.012300000000000644,0.012300000000000644,0.009900000000000908,0.009900000000000908,0.009169474156554003,0.009169474156554003,0.015260746918920987,0.015260746918920987,0.050148179643901614,0.050148179643901614,0.020128575497551537,0.020128575497551537,0.008971000000000728,0.008971000000000728,0.006132999999999278,0.006132999999999278,0.013581909524654101,0.013581909524654101,0.015288867121284078,0.015288867121284078
2025-06-24,2025-06-25,4.2604,4.2479,Naive,4.2604,4.2604,4.2701400000000005,4.26790229703718,4.262004475205287,4.310548179643901,4.322836144357722,4.261840000000001,4.261515,4.264168062611905,4.26156118744633,0.012500000000000178,0.012500000000000178,0.012500000000000178,0.012500000000000178,0.022240000000000926,0.022240000000000926,0.020002297037180483,0.020002297037180483,0.014104475205287237,0.014104475205287237,0.06264817964390179,0.06264817964390179,0.07493614435772233,0.07493614435772233,0.013940000000001618,0.013940000000001618,0.013615000000000599,0.013615000000000599,0.016268062611905165,0.016268062611905165,0.01366118744633038,0.01366118744633038
2025-06-25,2025-06-26,4.2479,4.2479,Naive,4.2479,4.2479,4.26472,4.2642655157576925,4.252255243444123,4.310548179643901,4.209772158703998,4.249238000000002,4.253133,4.24827716221903,4.246768882628013,0.0,0.0,0.0,0.0,0.016820000000000057,0.016820000000000057,0.01636551575769296,0.01636551575769296,0.0043552434441238574,0.0043552434441238574,0.06264817964390179,0.06264817964390179,-0.038127841296001996,0.038127841296001996,0.0013380000000022818,0.0013380000000022818,0.005233000000000487,0.005233000000000487,0.0003771622190305024,0.0003771622190305024,-0.0011311173719867895,0.0011311173719867895
2025-06-26,2025-06-27,4.2479,4.2362,Naive,4.2479,4.2479,4.25996,4.261289967438112,4.249279847167762,4.310548179643901,4.250327209162701,4.246998000000001,4.250827000000002,4.248940770858935,4.247858224469426,0.011699999999999378,0.011699999999999378,0.011699999999999378,0.011699999999999378,0.023760000000000225,0.023760000000000225,0.025089967438112204,0.025089967438112204,0.013079847167762004,0.013079847167762004,0.07434817964390117,0.07434817964390117,0.014127209162700716,0.014127209162700716,0.010798000000001196,0.010798000000001196,0.014627000000001722,0.014627000000001722,0.01274077085893488,0.01274077085893488,0.011658224469425882,0.011658224469425882
2025-06-27,2025-06-30,4.2362,4.2419,Naive,4.2362,4.2362,4.253019999999999,4.256728155176637,4.235440623407325,4.310548179643901,4.173460260791397,4.243105000000002,4.242625000000001,4.237740651411726,4.236903052652661,-0.005700000000000038,0.005700000000000038,-0.005700000000000038,0.005700000000000038,0.01111999999999913,0.01111999999999913,0.014828155176636493,0.014828155176636493,-0.006459376592674815,0.006459376592674815,0.06864817964390113,0.06864817964390113,-0.06843973920860336,0.06843973920860336,0.001205000000001455,0.001205000000001455,0.0007250000000009749,0.0007250000000009749,-0.00415934858827427,0.00415934858827427,-0.004996947347339464,0.004996947347339464
2025-06-30,2025-07-01,4.2419,4.2415,Naive,4.2419,4.2419,4.24686,4.254032126962703,4.245951694556031,4.310548179643901,4.228311051184218,4.246641,4.248728,4.24459255036759,4.237559736908463,0.00039999999999995595,0.00039999999999995595,0.00039999999999995595,0.00039999999999995595,0.005359999999999587,0.005359999999999587,0.012532126962702783,0.012532126962702783,0.004451694556030894,0.004451694556030894,0.06904817964390109,0.06904817964390109,-0.01318894881578192,0.01318894881578192,0.005141000000000062,0.005141000000000062,0.007227999999999568,0.007227999999999568,0.003092550367589375,0.003092550367589375,-0.003940263091537055,0.003940263091537055
2025-07-01,2025-07-02,4.2415,4.25,Naive,4.2415,4.2415,4.243080000000001,4.25175355842403,4.242739611616844,4.310548179643901,4.253516899021197,4.246562,4.248275000000003,4.245901527521562,4.23978310173445,-0.00849999999999973,0.00849999999999973,-0.00849999999999973,0.00849999999999973,-0.006919999999999149,0.006919999999999149,0.0017535584240295776,0.0017535584240295776,-0.0072603883831563465,0.0072603883831563465,0.060548179643901356,0.060548179643901356,0.0035168990211973394,0.0035168990211973394,-0.003438000000000052,0.003438000000000052,-0.001724999999996868,0.001724999999996868,-0.0040984724784376425,0.0040984724784376425,-0.010216898265549723,0.010216898265549723
2025-07-02,2025-07-03,4.25,4.2634,Naive,4.25,4.25,4.2435,4.25143472961966,4.25182177123064,4.310548179643901,4.274713002483874,4.253296,4.248884,4.250498038229757,4.245248041048568,-0.013399999999999856,0.013399999999999856,-0.013399999999999856,0.013399999999999856,-0.019899999999999807,0.019899999999999807,-0.011965270380339454,0.011965270380339454,-0.011578228769359988,0.011578228769359988,0.0471481796439015,0.0471481796439015,0.011313002483873902,0.011313002483873902,-0.010104000000000113,0.010104000000000113,-0.01451599999999953,0.01451599999999953,-0.012901961770243275,0.012901961770243275,-0.018151958951431624,0.018151958951431624
2025-07-03,2025-07-04,4.2634,4.2515,Naive,4.2634,4.2634,4.246599999999999,4.253610233325176,4.265441529539789,4.310548179643901,4.247710510683075,4.269697999999997,4.271928000000001,4.264126402821432,4.262082950983499,0.0118999999999998,0.0118999999999998,0.0118999999999998,0.0118999999999998,-0.004900000000001015,0.004900000000001015,0.002110233325176125,0.002110233325176125,0.013941529539788888,0.013941529539788888,0.0590481796439013,0.0590481796439013,-0.003789489316925021,0.003789489316925021,0.018197999999997272,0.018197999999997272,0.02042800000000078,0.02042800000000078,0.012626402821432237,0.012626402821432237,0.010582950983499373,0.010582950983499373
2025-07-04,2025-07-07,4.2515,4.2524,Naive,4.2515,4.2515,4.24966,4.25322655453878,4.251051608606344,4.310548179643901,4.243762864372315,4.253238999999997,4.250153999999999,4.256470749636753,4.254787851690988,-0.0008999999999996788,0.0008999999999996788,-0.0008999999999996788,0.0008999999999996788,-0.0027399999999992986,0.0027399999999992986,0.000826554538780222,0.000826554538780222,-0.0013483913936553904,0.0013483913936553904,0.05814817964390162,0.05814817964390162,-0.008637135627684422,0.008637135627684422,0.0008389999999973696,0.0008389999999973696,-0.0022460000000004143,0.0022460000000004143,0.004070749636753135,0.004070749636753135,0.0023878516909885406,0.0023878516909885406
2025-07-07,2025-07-08,4.2524,4.2455,Naive,4.2524,4.2524,4.25176,4.253076271895365,4.25613751276762,4.310548179643901,4.273740849824934,4.259182999999998,4.2586239999999975,4.258808487686769,4.253546529001429,0.006899999999999906,0.006899999999999906,0.006899999999999906,0.006899999999999906,0.006260000000000154,0.006260000000000154,0.007576271895365139,0.007576271895365139,0.010637512767620372,0.010637512767620372,0.06504817964390153,0.06504817964390153,0.028240849824934244,0.028240849824934244,0.013682999999998557,0.013682999999998557,0.013123999999997693,0.013123999999997693,0.01330848768676951,0.01330848768676951,0.008046529001429548,0.008046529001429548
2025-07-08,2025-07-09,4.2455,4.2399,Naive,4.2455,4.2455,4.25256,4.251698767914389,4.247910336582133,4.310548179643901,4.252439965841428,4.245808000000001,4.250040999999999,4.24592716461945,4.246315281696939,0.005600000000000271,0.005600000000000271,0.005600000000000271,0.005600000000000271,0.012660000000000338,0.012660000000000338,0.011798767914389607,0.011798767914389607,0.008010336582133348,0.008010336582133348,0.0706481796439018,0.0706481796439018,0.012539965841428469,0.012539965841428469,0.005908000000001579,0.005908000000001579,0.010140999999999067,0.010140999999999067,0.006027164619450076,0.006027164619450076,0.006415281696939168,0.006415281696939168
2025-07-09,2025-07-10,4.2399,4.2464,Naive,4.2399,4.2399,4.250539999999999,4.2495535373845,4.243797965964079,4.310548179643901,4.245876458680477,4.243548000000001,4.246893000000001,4.239216411315056,4.238397503565437,-0.0065000000000008384,0.0065000000000008384,-0.0065000000000008384,0.0065000000000008384,0.0041399999999987,0.0041399999999987,0.0031535373844997494,0.0031535373844997494,-0.0026020340359211858,0.0026020340359211858,0.06414817964390096,0.06414817964390096,-0.0005235413195237015,0.0005235413195237015,-0.0028519999999989665,0.0028519999999989665,0.0004930000000005208,0.0004930000000005208,-0.007183588684944731,0.007183588684944731,-0.008002496434563078,0.008002496434563078
2025-07-10,2025-07-11,4.2464,4.2563,Naive,4.2464,4.2464,4.24714,4.248980166950955,4.2476232560870555,4.310548179643901,4.250587999388004,4.245373000000002,4.247835000000001,4.249198745862154,4.244319878892584,-0.00990000000000002,0.00990000000000002,-0.00990000000000002,0.00990000000000002,-0.009160000000000501,0.009160000000000501,-0.007319833049045599,0.007319833049045599,-0.008676743912944929,0.008676743912944929,0.05424817964390094,0.05424817964390094,-0.005712000611996615,0.005712000611996615,-0.010926999999998799,0.010926999999998799,-0.008464999999999279,0.008464999999999279,-0.007101254137846347,0.007101254137846347,-0.011980121107415975,0.011980121107415975
2025-07-11,2025-07-14,4.2563,4.2614,Naive,4.2563,4.2563,4.2481,4.250311045687145,4.255953846653151,4.310548179643901,4.274769136668301,4.254703999999997,4.254459000000001,4.259420706967977,4.255793329542448,-0.00509999999999966,0.00509999999999966,-0.00509999999999966,0.00509999999999966,-0.01330000000000009,0.01330000000000009,-0.011088954312855392,0.011088954312855392,-0.005446153346849059,0.005446153346849059,0.04914817964390128,0.04914817964390128,0.01336913666830064,0.01336913666830064,-0.006696000000003366,0.006696000000003366,-0.00694099999999942,0.00694099999999942,-0.001979293032023044,0.001979293032023044,-0.005606670457551921,0.005606670457551921
2025-07-14,2025-07-15,4.2614,4.2538,Naive,4.2614,4.2614,4.2499,4.252327219198573,4.2623459410052815,4.310548179643901,4.302765306294677,4.264623999999999,4.268289999999999,4.265734145570876,4.2615601099057985,0.007600000000000051,0.007600000000000051,0.007600000000000051,0.007600000000000051,-0.0038999999999997925,0.0038999999999997925,-0.0014727808014267652,0.0014727808014267652,0.008545941005281499,0.008545941005281499,0.05674817964390133,0.05674817964390133,0.04896530629467666,0.04896530629467666,0.010823999999998613,0.010823999999998613,0.01448999999999856,0.01448999999999856,0.011934145570876353,0.011934145570876353,0.007760109905798451,0.007760109905798451
2025-07-15,2025-07-16,4.2538,4.2585,Naive,4.2538,4.2538,4.25156,4.2525949975261055,4.255398453588622,4.310548179643901,4.2653264072295425,4.257483,4.258722999999998,4.2556763249985705,4.252322869279616,-0.004699999999999704,0.004699999999999704,-0.004699999999999704,0.004699999999999704,-0.006940000000000168,0.006940000000000168,-0.00590500247389425,0.00590500247389425,-0.003101546411377498,0.003101546411377498,0.052048179643901626,0.052048179643901626,0.0068264072295427525,0.0068264072295427525,-0.0010170000000000456,0.0010170000000000456,0.00022299999999830789,0.00022299999999830789,-0.0028236750014292156,0.0028236750014292156,-0.00617713072038395,0.00617713072038395
2025-07-16,2025-07-17,4.2585,4.2559,Naive,4.2585,4.2585,4.255280000000001,4.25366863433954,4.260761714037946,4.310548179643901,4.273464302399062,4.261457999999999,4.260467999999998,4.260669401363545,4.257844197736079,0.0026000000000001577,0.0026000000000001577,0.0026000000000001577,0.0026000000000001577,-0.0006199999999987327,0.0006199999999987327,-0.002231365660459339,0.002231365660459339,0.004861714037946108,0.004861714037946108,0.054648179643901784,0.054648179643901784,0.01756430239906237,0.01756430239906237,0.00555799999999973,0.00555799999999973,0.004567999999998129,0.004567999999998129,0.0047694013635455335,0.0047694013635455335,0.001944197736079012,0.001944197736079012
2025-07-17,2025-07-18,4.2559,4.2509,Naive,4.2559,4.2559,4.25718,4.254074337186896,4.25740511508434,4.310548179643901,4.243318964689586,4.255706000000001,4.2542089999999995,4.259426262690265,4.255583549428214,0.004999999999999893,0.004999999999999893,0.004999999999999893,0.004999999999999893,0.006280000000000285,0.006280000000000285,0.0031743371868966364,0.0031743371868966364,0.006505115084340041,0.006505115084340041,0.05964817964390168,0.05964817964390168,-0.00758103531041332,0.00758103531041332,0.004806000000001198,0.004806000000001198,0.0033089999999997843,0.0033089999999997843,0.008526262690264907,0.008526262690264907,0.004683549428214029,0.004683549428214029
2025-07-18,2025-07-21,4.2509,4.2445,Naive,4.2509,4.2509,4.2561,4.2534971849710965,4.2514323575674595,4.310548179643901,4.266813304381421,4.252059999999999,4.2511009999999985,4.255656094408433,4.251494524934043,0.006399999999999295,0.006399999999999295,0.006399999999999295,0.006399999999999295,0.01159999999999961,0.01159999999999961,0.00899718497109614,0.00899718497109614,0.006932357567459135,0.006932357567459135,0.06604817964390097,0.06604817964390097,0.022313304381420984,0.022313304381420984,0.007559999999998901,0.007559999999998901,0.006600999999998081,0.006600999999998081,0.011156094408432793,0.011156094408432793,0.006994524934042623,0.006994524934042623
2025-07-21,2025-07-22,4.2445,4.2531,Naive,4.2445,4.2445,4.252719999999999,4.251861333158169,4.248281904654178,4.310548179643901,4.291594181917756,4.244166999999999,4.249550000000002,4.246309303068226,4.242132997796854,-0.008599999999999497,0.008599999999999497,-0.008599999999999497,0.008599999999999497,-0.0003800000000007131,0.0003800000000007131,-0.0012386668418304936,0.0012386668418304936,-0.004818095345822115,0.004818095345822115,0.057448179643901476,0.057448179643901476,0.03849418191775644,0.03849418191775644,-0.008933000000000746,0.008933000000000746,-0.0035499999999979437,0.0035499999999979437,-0.006790696931774143,0.006790696931774143,-0.010967002203146059,0.010967002203146059
2025-07-22,2025-07-23,4.2531,4.2544,Naive,4.2531,4.2531,4.25258,4.252086545311229,4.2545709989101,4.310548179643901,4.285028688135864,4.257746,4.258359999999999,4.2587319400952115,4.254593923325888,-0.001300000000000523,0.001300000000000523,-0.001300000000000523,0.001300000000000523,-0.0018200000000003769,0.0018200000000003769,-0.0023134546887710883,0.0023134546887710883,0.000170998910099307,0.000170998910099307,0.05614817964390095,0.05614817964390095,0.030628688135863946,0.030628688135863946,0.003345999999999627,0.003345999999999627,0.003959999999998409,0.003959999999998409,0.004331940095211095,0.004331940095211095,0.00019392332588719086,0.00019392332588719086
2025-07-23,2025-07-24,4.2544,4.2514,Naive,4.2544,4.2544,4.25176,4.25250717343646,4.257840808170874,4.310548179643901,4.2599261444862515,4.257507000000001,4.256645999999996,4.257312037647155,4.254809298544949,0.0030000000000001137,0.0030000000000001137,0.0030000000000001137,0.0030000000000001137,0.0003599999999996939,0.0003599999999996939,0.0011071734364600516,0.0011071734364600516,0.00644080817087378,0.00644080817087378,0.059148179643901067,0.059148179643901067,0.00852614448625122,0.00852614448625122,0.006107000000000973,0.006107000000000973,0.005245999999996087,0.005245999999996087,0.005912037647155088,0.005912037647155088,0.0034092985449483137,0.0034092985449483137
2025-07-24,2025-07-25,4.2514,4.2544,Naive,4.2514,4.2514,4.25086,4.252305869175285,4.252874300260104,4.310548179643901,4.309883045715311,4.255866999999999,4.252436999999998,4.256282856637144,4.252405844293847,-0.0030000000000001137,0.0030000000000001137,-0.0030000000000001137,0.0030000000000001137,-0.0035400000000000986,0.0035400000000000986,-0.0020941308247151014,0.0020941308247151014,-0.0015256997398962469,0.0015256997398962469,0.05614817964390095,0.05614817964390095,0.055483045715310375,0.055483045715310375,0.0014669999999989969,0.0014669999999989969,-0.0019630000000026016,0.0019630000000026016,0.001882856637143604,0.001882856637143604,-0.0019941557061535775,0.0019941557061535775
2025-07-25,2025-07-28,4.2544,4.2565,Naive,4.2544,4.2544,4.25156,4.252686620234324,4.2538160180216735,4.310548179643901,4.2707382329476316,4.254373999999998,4.250880999999998,4.257001959621023,4.25388685150599,-0.0020999999999995467,0.0020999999999995467,-0.0020999999999995467,0.0020999999999995467,-0.0049400000000003885,0.0049400000000003885,-0.0038133797656758617,0.0038133797656758617,-0.002683981978326422,0.002683981978326422,0.054048179643901406,0.054048179643901406,0.014238232947631602,0.014238232947631602,-0.0021260000000022927,0.0021260000000022927,-0.005619000000002039,0.005619000000002039,0.0005019596210233956,0.0005019596210233956,-0.0026131484940101757,0.0026131484940101757
2025-07-28,2025-07-29,4.2565,4.2737,Naive,4.2565,4.2565,4.25396,4.253379962009901,4.2591307325187096,4.310548179643901,4.299419889473187,4.255997999999999,4.259705999999997,4.260036394318596,4.254219865034234,-0.017199999999999882,0.017199999999999882,-0.017199999999999882,0.017199999999999882,-0.019739999999999647,0.019739999999999647,-0.02032003799009896,0.02032003799009896,-0.014569267481290282,0.014569267481290282,0.036848179643901524,0.036848179643901524,0.025719889473187152,0.025719889473187152,-0.017702000000000773,0.017702000000000773,-0.013994000000002949,0.013994000000002949,-0.0136636056814039,0.0136636056814039,-0.019480134965765394,0.019480134965765394
2025-07-29,2025-07-30,4.2737,4.2732,Naive,4.2737,4.2737,4.25808,4.257074514371737,4.274879940995728,4.310548179643901,4.2971891668662545,4.275556999999999,4.273431999999999,4.279498582775357,4.2716886539831345,0.0004999999999997229,0.0004999999999997229,0.0004999999999997229,0.0004999999999997229,-0.015120000000000466,0.015120000000000466,-0.016125485628263547,0.016125485628263547,0.001679940995727769,0.001679940995727769,0.03734817964390125,0.03734817964390125,0.023989166866254408,0.023989166866254408,0.0023569999999990543,0.0023569999999990543,0.0002319999999986777,0.0002319999999986777,0.006298582775356998,0.006298582775356998,-0.0015113460168656445,0.0015113460168656445
2025-07-30,2025-07-31,4.2732,4.2661,Naive,4.2732,4.2732,4.261840000000001,4.260006420849603,4.276752595780051,4.310548179643901,4.279645373299858,4.274042000000001,4.271938999999999,4.275191297448917,4.274049172433731,0.007100000000000328,0.007100000000000328,0.007100000000000328,0.007100000000000328,-0.004259999999998598,0.004259999999998598,-0.006093579150396877,0.006093579150396877,0.0106525957800514,0.0106525957800514,0.044448179643901575,0.044448179643901575,0.013545373299858277,0.013545373299858277,0.007942000000000782,0.007942000000000782,0.005838999999999039,0.005838999999999039,0.00909129744891679,0.00909129744891679,0.007949172433731277,0.007949172433731277
2025-07-31,2025-08-01,4.2661,4.2813,Naive,4.2661,4.2661,4.26478,4.261114344331493,4.268783802967922,4.310548179643901,4.346692958736306,4.266579000000001,4.267147,4.265457063469427,4.2667546929161295,-0.015200000000000102,0.015200000000000102,-0.015200000000000102,0.015200000000000102,-0.016519999999999868,0.016519999999999868,-0.02018565566850672,0.02018565566850672,-0.012516197032077514,0.012516197032077514,0.029248179643901473,0.029248179643901473,0.06539295873630646,0.06539295873630646,-0.014720999999998874,0.014720999999998874,-0.014153000000000304,0.014153000000000304,-0.015842936530573226,0.015842936530573226,-0.014545307083870362,0.014545307083870362
2025-08-01,2025-08-04,4.2813,4.2734,Naive,4.2813,4.2813,4.27016,4.264784463543949,4.281454200277402,4.310548179643901,4.27593987732696,4.283880000000001,4.282456,4.283847832184376,4.280232375547972,0.00790000000000024,0.00790000000000024,0.00790000000000024,0.00790000000000024,-0.0032399999999999096,0.0032399999999999096,-0.008615536456050954,0.008615536456050954,0.008054200277402224,0.008054200277402224,0.03714817964390171,0.03714817964390171,0.0025398773269600383,0.0025398773269600383,0.010480000000001155,0.010480000000001155,0.009056000000000175,0.009056000000000175,0.010447832184376615,0.010447832184376615,0.006832375547972447,0.006832375547972447
2025-08-04,2025-08-05,4.2734,4.2763,Naive,4.2734,4.2734,4.27354,4.266350924717776,4.275881204270339,4.310548179643901,4.319300540693126,4.270267999999999,4.271836999999999,4.277198743336373,4.2771133150036915,-0.0029000000000003467,0.0029000000000003467,-0.0029000000000003467,0.0029000000000003467,-0.0027600000000003178,0.0027600000000003178,-0.009949075282223774,0.009949075282223774,-0.00041879572966063705,0.00041879572966063705,0.034248179643901366,0.034248179643901366,0.04300054069312598,0.04300054069312598,-0.0060320000000011476,0.0060320000000011476,-0.004463000000001216,0.004463000000001216,0.0008987433363731867,0.0008987433363731867,0.0008133150036915282,0.0008133150036915282
2025-08-05,2025-08-06,4.2763,4.282,Naive,4.2763,4.2763,4.27406,4.268159847496362,4.277387295955607,4.310548179643901,4.3105504393963425,4.274761999999998,4.276587000000001,4.275187181000551,4.276180186129851,-0.005700000000000038,0.005700000000000038,-0.005700000000000038,0.005700000000000038,-0.007939999999999614,0.007939999999999614,-0.013840152503638237,0.013840152503638237,-0.00461270404439329,0.00461270404439329,0.028548179643901328,0.028548179643901328,0.028550439396342497,0.028550439396342497,-0.007238000000001854,0.007238000000001854,-0.005412999999999002,0.005412999999999002,-0.006812818999448744,0.006812818999448744,-0.005819813870148849,0.005819813870148849
2025-08-06,2025-08-07,4.282,4.2618,Naive,4.282,4.282,4.27582,4.270676238860659,4.285177912202089,4.310548179643901,4.350259232339643,4.280615999999999,4.278978999999998,4.282889997793428,4.281245614459436,0.020199999999999996,0.020199999999999996,0.020199999999999996,0.020199999999999996,0.014020000000000366,0.014020000000000366,0.008876238860659136,0.008876238860659136,0.023377912202088957,0.023377912202088957,0.048748179643901324,0.048748179643901324,0.08845923233964292,0.08845923233964292,0.018815999999999278,0.018815999999999278,0.017178999999997835,0.017178999999997835,0.02108999779342824,0.02108999779342824,0.019445614459436378,0.019445614459436378
2025-08-07,2025-08-08,4.2618,4.2566,Naive,4.2618,4.2618,4.27496,4.26906237724963,4.262342749926379,4.310548179643901,4.345234001866271,4.264371999999998,4.269788000000001,4.269795838918861,4.272294365218319,0.0052000000000003155,0.0052000000000003155,0.0052000000000003155,0.0052000000000003155,0.018360000000000376,0.018360000000000376,0.012462377249629952,0.012462377249629952,0.0057427499263793536,0.0057427499263793536,0.05394817964390164,0.05394817964390164,0.08863400186627146,0.08863400186627146,0.007771999999998336,0.007771999999998336,0.01318800000000131,0.01318800000000131,0.013195838918861114,0.013195838918861114,0.01569436521831946,0.01569436521831946
2025-08-08,2025-08-11,4.2566,4.2533,Naive,4.2566,4.2566,4.27002,4.2667964904769695,4.257424798834634,4.310548179643901,4.2763403672782205,4.2555640000000015,4.25987,4.259215974734987,4.25824244319628,0.0032999999999994145,0.0032999999999994145,0.0032999999999994145,0.0032999999999994145,0.016719999999999402,0.016719999999999402,0.013496490476969214,0.013496490476969214,0.004124798834634014,0.004124798834634014,0.057248179643901054,0.057248179643901054,0.02304036727822023,0.02304036727822023,0.002264000000001154,0.002264000000001154,0.006569999999999965,0.006569999999999965,0.00591597473498684,0.00591597473498684,0.004942443196279456,0.004942443196279456
2025-08-11,2025-08-12,4.2533,4.2626,Naive,4.2533,4.2533,4.266,4.264342583117521,4.255682383547533,4.310548179643901,4.307848528916482,4.258000000000002,4.257510000000002,4.259646688741567,4.250308254165124,-0.009299999999999642,0.009299999999999642,-0.009299999999999642,0.009299999999999642,0.0034000000000000696,0.0034000000000000696,0.0017425831175206241,0.0017425831175206241,-0.006917616452467357,0.006917616452467357,0.04794817964390141,0.04794817964390141,0.04524852891648212,0.04524852891648212,-0.004599999999998161,0.004599999999998161,-0.005089999999998263,0.005089999999998263,-0.0029533112584330112,0.0029533112584330112,-0.012291745834875911,0.012291745834875911
2025-08-12,2025-08-13,4.2626,4.2586,Naive,4.2626,4.2626,4.26326,4.264025749823426,4.262951786936123,4.310548179643901,4.266905546913361,4.266183999999998,4.265033,4.267142504783631,4.26145634846191,0.0039999999999995595,0.0039999999999995595,0.0039999999999995595,0.0039999999999995595,0.004659999999999442,0.004659999999999442,0.005425749823425363,0.005425749823425363,0.004351786936122259,0.004351786936122259,0.05194817964390097,0.05194817964390097,0.008305546913360828,0.008305546913360828,0.007583999999997815,0.007583999999997815,0.006432999999999467,0.006432999999999467,0.008542504783630278,0.008542504783630278,0.002856348461909519,0.002856348461909519
2025-08-13,2025-08-14,4.2586,4.2639,Naive,4.2586,4.2586,4.25858,4.26303924985553,4.262381176759706,4.310548179643901,4.312953474438312,4.254768000000001,4.255773,4.258844137267064,4.26022063465868,-0.005299999999999194,0.005299999999999194,-0.005299999999999194,0.005299999999999194,-0.005319999999999325,0.005319999999999325,-0.0008607501444695131,0.0008607501444695131,-0.0015188232402936208,0.0015188232402936208,0.04664817964390178,0.04664817964390178,0.04905347443831243,0.04905347443831243,-0.009131999999998364,0.009131999999998364,-0.008126999999999995,0.008126999999999995,-0.005055862732935346,0.005055862732935346,-0.0036793653413198513,0.0036793653413198513
2025-08-14,2025-08-18,4.2639,4.2558,Naive,4.2639,4.2639,4.259,4.263195749881797,4.266716674126789,4.310548179643901,3.983677085053097,4.262553000000001,4.264173000000001,4.265511867612988,4.263628096356213,0.008099999999999774,0.008099999999999774,0.008099999999999774,0.008099999999999774,0.0032000000000005357,0.0032000000000005357,0.007395749881797364,0.007395749881797364,0.010916674126788983,0.010916674126788983,0.05474817964390155,0.05474817964390155,-0.27212291494690266,0.27212291494690266,0.006753000000001563,0.006753000000001563,0.008373000000001518,0.008373000000001518,0.009711867612987923,0.009711867612987923,0.00782809635621362,0.00782809635621362
2025-08-18,2025-08-19,4.2558,4.242,Naive,4.2558,4.2558,4.25884,4.2618510680851065,4.258426109271971,4.310548179643901,4.307345675714115,4.254383000000001,4.255238000000002,4.25930529464153,4.258093458768139,0.013799999999999812,0.013799999999999812,0.013799999999999812,0.013799999999999812,0.016840000000000188,0.016840000000000188,0.019851068085106505,0.019851068085106505,0.01642610927197108,0.01642610927197108,0.06854817964390136,0.06854817964390136,0.06534567571411465,0.06534567571411465,0.012383000000000699,0.012383000000000699,0.013238000000002081,0.013238000000002081,0.01730529464153019,0.01730529464153019,0.016093458768138724,0.016093458768138724
2025-08-19,2025-08-20,4.242,4.2524,Naive,4.242,4.242,4.2565800000000005,4.258241782978724,4.244738600491109,4.310548179643901,4.252613102456212,4.246524,4.246644000000001,4.244509808632159,4.244054114841931,-0.010399999999999743,0.010399999999999743,-0.010399999999999743,0.010399999999999743,0.004180000000000739,0.004180000000000739,0.005841782978723842,0.005841782978723842,-0.007661399508890554,0.007661399508890554,0.05814817964390162,0.05814817964390162,0.00021310245621197765,0.00021310245621197765,-0.00587599999999977,0.00587599999999977,-0.005755999999998984,0.005755999999998984,-0.007890191367840416,0.007890191367840416,-0.008345885158068889,0.008345885158068889
2025-08-20,2025-08-21,4.2524,4.2521,Naive,4.2524,4.2524,4.25454,4.257179640618956,4.256041527706133,4.310548179643901,4.309806450386049,4.257410999999999,4.256237000000001,4.260525087782664,4.2501102306215985,0.0002999999999993008,0.0002999999999993008,0.0002999999999993008,0.0002999999999993008,0.0024399999999999977,0.0024399999999999977,0.005079640618955494,0.005079640618955494,0.0039415277061323195,0.0039415277061323195,0.05844817964390092,0.05844817964390092,0.057706450386048935,0.057706450386048935,0.0053109999999989554,0.0053109999999989554,0.0041370000000009455,0.0041370000000009455,0.00842508778266371,0.00842508778266371,-0.0019897693784018955,0.0019897693784018955
2025-08-21,2025-08-22,4.2521,4.267,Naive,4.2521,4.2521,4.25324,4.256256069597328,4.253732334525116,4.310548179643901,4.319280322461454,4.2558359999999995,4.255285999999999,4.256748848692931,4.250455938951154,-0.014899999999999913,0.014899999999999913,-0.014899999999999913,0.014899999999999913,-0.013760000000000439,0.013760000000000439,-0.010743930402671964,0.010743930402671964,-0.013267665474884005,0.013267665474884005,0.04354817964390101,0.04354817964390101,0.05228032246145364,0.05228032246145364,-0.01116400000000084,0.01116400000000084,-0.011714000000001334,0.011714000000001334,-0.010251151307069328,0.010251151307069328,-0.016544061048846537,0.016544061048846537
2025-08-22,2025-08-25,4.267,4.2627,Naive,4.267,4.267,4.25386,4.258209511488722,4.267583714150369,4.310548179643901,4.2823258504881405,4.275773000000004,4.272799000000003,4.269888119966351,4.25738742781097,0.004300000000000637,0.004300000000000637,0.004300000000000637,0.004300000000000637,-0.008839999999999293,0.008839999999999293,-0.004490488511277313,0.004490488511277313,0.004883714150369478,0.004883714150369478,0.047848179643901645,0.047848179643901645,0.019625850488140806,0.019625850488140806,0.013073000000003887,0.013073000000003887,0.010099000000002967,0.010099000000002967,0.007188119966351714,0.007188119966351714,-0.005312572189029474,0.005312572189029474
2025-08-25,2025-08-26,4.2627,4.2657,Naive,4.2627,4.2627,4.25524,4.259025963945318,4.265602142382538,4.310548179643901,4.3144023534945015,4.263433000000001,4.262704,4.26605966294681,4.262808618423931,-0.0030000000000001137,0.0030000000000001137,-0.0030000000000001137,0.0030000000000001137,-0.010460000000000136,0.010460000000000136,-0.0066740360546821975,0.0066740360546821975,-9.785761746172739e-05,9.785761746172739e-05,0.04484817964390153,0.04484817964390153,0.04870235349450169,0.04870235349450169,-0.0022669999999989088,0.0022669999999989088,-0.0029959999999995546,0.0029959999999995546,0.0003596629468098911,0.0003596629468098911,-0.002891381576068497,0.002891381576068497
2025-08-26,2025-08-27,4.2657,4.2639,Naive,4.2657,4.2657,4.2599800000000005,4.260239425046169,4.266007719389778,4.310548179643901,4.30040678476947,4.268709,4.2688950000000006,4.2662564611313165,4.2645828319132315,0.0018000000000002458,0.0018000000000002458,0.0018000000000002458,0.0018000000000002458,-0.003919999999999035,0.003919999999999035,-0.00366057495383032,0.00366057495383032,0.002107719389778495,0.002107719389778495,0.04664817964390178,0.04664817964390178,0.03650678476947,0.03650678476947,0.004809000000000729,0.004809000000000729,0.004995000000000971,0.004995000000000971,0.0023564611313169337,0.0023564611313169337,0.0006828319132319294,0.0006828319132319294
2025-08-27,2025-08-28,4.2639,4.2681,Naive,4.2639,4.2639,4.26228,4.260904984128684,4.267370556121901,4.310548179643901,4.3304828038621626,4.265349,4.265446,4.265973308368435,4.263320557948442,-0.0041999999999999815,0.0041999999999999815,-0.0041999999999999815,0.0041999999999999815,-0.005819999999999936,0.005819999999999936,-0.0071950158713152135,0.0071950158713152135,-0.0007294438780984791,0.0007294438780984791,0.042448179643901796,0.042448179643901796,0.062382803862162994,0.062382803862162994,-0.002750999999999948,0.002750999999999948,-0.002653999999999712,0.002653999999999712,-0.002126691631564981,0.002126691631564981,-0.004779442051557226,0.004779442051557226
2025-08-28,2025-08-29,4.2681,4.2684,Naive,4.2681,4.2681,4.265479999999999,4.262213168832559,4.2689206066343175,4.310548179643901,4.335330386104562,4.265410000000001,4.2709269999999995,4.2688313695872555,4.266677180839641,-0.000300000000000189,0.000300000000000189,-0.000300000000000189,0.000300000000000189,-0.0029200000000004778,0.0029200000000004778,-0.00618683116744112,0.00618683116744112,0.000520606634317744,0.000520606634317744,0.04214817964390161,0.04214817964390161,0.06693038610456181,0.06693038610456181,-0.002989999999998716,0.002989999999998716,0.002526999999999724,0.002526999999999724,0.0004313695872557588,0.0004313695872557588,-0.0017228191603591014,0.0017228191603591014
2025-08-29,2025-09-01,4.2684,4.2574,Naive,4.2684,4.2684,4.265759999999999,4.263338047226639,4.26623124572481,4.310548179643901,4.253734537576622,4.266165000000001,4.267333999999996,4.267892584655631,4.267961772815827,0.01100000000000012,0.01100000000000012,0.01100000000000012,0.01100000000000012,0.008359999999999701,0.008359999999999701,0.005938047226639043,0.005938047226639043,0.008831245724810088,0.008831245724810088,0.05314817964390173,0.05314817964390173,-0.003665462423377619,0.003665462423377619,0.008765000000001244,0.008765000000001244,0.009933999999996779,0.009933999999996779,0.010492584655631632,0.010492584655631632,0.010561772815827375,0.010561772815827375
2025-09-01,2025-09-02,4.2574,4.2651,Naive,4.2574,4.2574,4.2647,4.26225840227634,4.260698550196789,4.310548179643901,4.27032893537334,4.254956000000002,4.257593000000003,4.259566305061235,4.257222981395805,-0.007700000000000706,0.007700000000000706,-0.007700000000000706,0.007700000000000706,-0.00039999999999995595,0.00039999999999995595,-0.0028415977236599943,0.0028415977236599943,-0.0044014498032112215,0.0044014498032112215,0.04544817964390102,0.04544817964390102,0.005228935373339461,0.005228935373339461,-0.010143999999998599,0.010143999999998599,-0.00750699999999771,0.00750699999999771,-0.005533694938764988,0.005533694938764988,-0.007877018604195207,0.007877018604195207
2025-09-02,2025-09-03,4.2651,4.2589,Naive,4.2651,4.2651,4.2645800000000005,4.262775056407914,4.2658237208352805,4.310548179643901,4.287838125361925,4.2663,4.269575,4.266960992858079,4.263450435827924,0.0062000000000006494,0.0062000000000006494,0.0062000000000006494,0.0062000000000006494,0.0056800000000007955,0.0056800000000007955,0.0038750564079146343,0.0038750564079146343,0.006923720835280811,0.006923720835280811,0.05164817964390167,0.05164817964390167,0.028938125361925415,0.028938125361925415,0.007400000000000517,0.007400000000000517,0.01067499999999999,0.01067499999999999,0.008060992858079707,0.008060992858079707,0.0045504358279240265,0.0045504358279240265
2025-09-03,2025-09-04,4.2589,4.2553,Naive,4.2589,4.2589,4.263579999999999,4.2620705006973845,4.261742352014239,4.310548179643901,4.296014865694931,4.255448,4.259359000000003,4.258569162567836,4.262840216843194,0.0035999999999996035,0.0035999999999996035,0.0035999999999996035,0.0035999999999996035,0.008279999999999177,0.008279999999999177,0.006770500697384385,0.006770500697384385,0.006442352014238928,0.006442352014238928,0.055248179643901274,0.055248179643901274,0.04071486569493121,0.04071486569493121,0.00014800000000025904,0.00014800000000025904,0.004059000000002477,0.004059000000002477,0.003269162567836048,0.003269162567836048,0.0075402168431937255,0.0075402168431937255
2025-09-04,2025-09-05,4.2553,4.2476,Naive,4.2553,4.2553,4.26102,4.260839500570588,4.25632847220031,4.310548179643901,4.295245175537754,4.250193,4.251225,4.258735612533553,4.256575406182307,0.007699999999999818,0.007699999999999818,0.007699999999999818,0.007699999999999818,0.013419999999999987,0.013419999999999987,0.013239500570588092,0.013239500570588092,0.00872847220030959,0.00872847220030959,0.06294817964390109,0.06294817964390109,0.04764517553775338,0.04764517553775338,0.0025930000000000675,0.0025930000000000675,0.0036249999999995453,0.0036249999999995453,0.011135612533553108,0.011135612533553108,0.008975406182306855,0.008975406182306855
2025-09-05,2025-09-08,4.2476,4.2484,Naive,4.2476,4.2476,4.2568600000000005,4.258432318648662,4.247838664278297,4.310548179643901,4.239288791909738,4.245266999999999,4.248564,4.248325014299163,4.2488563350604,-0.0007999999999999119,0.0007999999999999119,-0.0007999999999999119,0.0007999999999999119,0.008460000000000356,0.008460000000000356,0.010032318648661942,0.010032318648661942,-0.0005613357217031378,0.0005613357217031378,0.06214817964390118,0.06214817964390118,-0.009111208090262224,0.009111208090262224,-0.0031330000000009406,0.0031330000000009406,0.00016399999999983095,0.00016399999999983095,-7.498570083708245e-05,7.498570083708245e-05,0.00045633506039965965,0.00045633506039965965
2025-09-08,2025-09-09,4.2484,4.254,Naive,4.2484,4.2484,4.25506,4.256608260712541,4.250410373306164,4.310548179643901,4.278361045990805,4.248137000000001,4.249740000000002,4.250399459192668,4.24664944194836,-0.005599999999999383,0.005599999999999383,-0.005599999999999383,0.005599999999999383,0.001060000000000727,0.001060000000000727,0.002608260712541721,0.002608260712541721,-0.003589626693835335,0.003589626693835335,0.0565481796439018,0.0565481796439018,0.024361045990805685,0.024361045990805685,-0.005862999999998841,0.005862999999998841,-0.00425999999999771,0.00425999999999771,-0.0036005408073318534,0.0036005408073318534,-0.007350558051639311,0.007350558051639311
2025-09-09,2025-09-10,4.254,4.2604,Naive,4.254,4.254,4.25284,4.256134031492079,4.255741963506938,4.310548179643901,4.240814508282587,4.255635,4.254977,4.258781336216824,4.251733629527772,-0.006400000000000183,0.006400000000000183,-0.006400000000000183,0.006400000000000183,-0.007559999999999789,0.007559999999999789,-0.0042659685079211584,0.0042659685079211584,-0.004658036493061957,0.004658036493061957,0.050148179643901614,0.050148179643901614,-0.01958549171741275,0.01958549171741275,-0.004764999999999908,0.004764999999999908,-0.0054229999999995115,0.0054229999999995115,-0.0016186637831756556,0.0016186637831756556,-0.008666370472227847,0.008666370472227847
2025-09-10,2025-09-11,4.2604,4.2626,Naive,4.2604,4.2604,4.25314,4.256909662129882,4.263777048142197,4.310548179643901,4.2869738576384435,4.261749999999998,4.261737,4.265550712251093,4.259426624597128,-0.002200000000000202,0.002200000000000202,-0.002200000000000202,0.002200000000000202,-0.009459999999999802,0.009459999999999802,-0.0056903378701180785,0.0056903378701180785,0.0011770481421971013,0.0011770481421971013,0.04794817964390141,0.04794817964390141,0.024373857638443575,0.024373857638443575,-0.0008500000000015717,0.0008500000000015717,-0.0008629999999998361,0.0008629999999998361,0.0029507122510930017,0.0029507122510930017,-0.0031733754028717698,0.0031733754028717698
2025-09-11,2025-09-12,4.2626,4.2593,Naive,4.2626,4.2626,4.2546,4.257944269015358,4.263588117077102,4.310548179643901,4.292170437427861,4.262421000000001,4.26495,4.266045280264238,4.263891179443812,0.0033000000000003027,0.0033000000000003027,0.0033000000000003027,0.0033000000000003027,-0.004699999999999704,0.004699999999999704,-0.001355730984641923,0.001355730984641923,0.004288117077102527,0.004288117077102527,0.051248179643901715,0.051248179643901715,0.032870437427861,0.032870437427861,0.0031210000000010396,0.0031210000000010396,0.005650000000000155,0.005650000000000155,0.0067452802642380405,0.0067452802642380405,0.0045911794438122655,0.0045911794438122655
2025-09-12,2025-09-15,4.2593,4.2476,Naive,4.2593,4.2593,4.256939999999999,4.25819076555802,4.260472592661304,4.310548179643901,4.2447452251185815,4.251941999999999,4.253905999999999,4.259563594171804,4.260397261469698,0.011699999999999378,0.011699999999999378,0.011699999999999378,0.011699999999999378,0.009339999999999016,0.009339999999999016,0.0105907655580193,0.0105907655580193,0.012872592661303806,0.012872592661303806,0.06294817964390109,0.06294817964390109,-0.00285477488141872,0.00285477488141872,0.004341999999998514,0.004341999999998514,0.0063059999999985905,0.0063059999999985905,0.011963594171803926,0.011963594171803926,0.012797261469697396,0.012797261469697396
2025-09-15,2025-09-16,4.2476,4.2504,Naive,4.2476,4.2476,4.25678,4.256265171820198,4.25036742302357,4.310548179643901,4.245227005007867,4.246932000000002,4.250463999999997,4.250250004917352,4.247681284644934,-0.0027999999999996916,0.0027999999999996916,-0.0027999999999996916,0.0027999999999996916,0.006380000000000052,0.006380000000000052,0.0058651718201980785,0.0058651718201980785,-3.257697643022084e-05,3.257697643022084e-05,0.0601481796439014,0.0601481796439014,-0.005172994992133084,0.005172994992133084,-0.003467999999998028,0.003467999999998028,6.399999999739947e-05,6.399999999739947e-05,-0.00014999508264779138,0.00014999508264779138,-0.0027187153550656262,0.0027187153550656262
2025-09-16,2025-09-17,4.2504,4.2559,Naive,4.2504,4.2504,4.25606,4.255198776943798,4.2525808433793975,4.310548179643901,4.260520094183582,4.25583,4.256402,4.257170218203189,4.2485750661369845,-0.005499999999999616,0.005499999999999616,-0.005499999999999616,0.005499999999999616,0.00016000000000016001,0.00016000000000016001,-0.00070122305620135,0.00070122305620135,-0.003319156620602115,0.003319156620602115,0.054648179643901784,0.054648179643901784,0.004620094183582779,0.004620094183582779,-7.00000000000145e-05,7.00000000000145e-05,0.0005020000000000024,0.0005020000000000024,0.0012702182031896214,0.0012702182031896214,-0.007324933863015026,0.007324933863015026
2025-09-17,2025-09-18,4.2559,4.2564,Naive,4.2559,4.2559,4.25516,4.255326272044925,4.258619965289011,4.310548179643901,4.279135453503729,4.255877000000001,4.254808999999999,4.2601168909301705,4.25430689148373,-0.0005000000000006111,0.0005000000000006111,-0.0005000000000006111,0.0005000000000006111,-0.0012400000000001299,0.0012400000000001299,-0.0010737279550747658,0.0010737279550747658,0.0022199652890106947,0.0022199652890106947,0.05414817964390117,0.05414817964390117,0.022735453503728742,0.022735453503728742,-0.0005229999999993851,0.0005229999999993851,-0.0015910000000012303,0.0015910000000012303,0.003716890930170358,0.003716890930170358,-0.0020931085162700924,0.0020931085162700924
2025-09-18,2025-09-19,4.2564,4.2666,Naive,4.2564,4.2564,4.25392,4.255521495309484,4.257856157977347,4.310548179643901,4.310410088973234,4.251523,4.256042999999999,4.259134464471408,4.2552542511329445,-0.010200000000000209,0.010200000000000209,-0.010200000000000209,0.010200000000000209,-0.012680000000000469,0.012680000000000469,-0.01107850469051641,0.01107850469051641,-0.008743842022653325,0.008743842022653325,0.043948179643900964,0.043948179643900964,0.043810088973233796,0.043810088973233796,-0.015077000000000673,0.015077000000000673,-0.01055700000000126,0.01055700000000126,-0.007465535528591971,0.007465535528591971,-0.01134574886705586,0.01134574886705586
2025-09-19,2025-09-22,4.2666,4.2645,Naive,4.2666,4.2666,4.255380000000001,4.257535768889578,4.266331023312195,4.310548179643901,4.220806752937207,4.272152000000002,4.270562000000001,4.269680203894406,4.265786450371641,0.002100000000000435,0.002100000000000435,0.002100000000000435,0.002100000000000435,-0.00911999999999935,0.00911999999999935,-0.006964231110422325,0.006964231110422325,0.0018310233121949793,0.0018310233121949793,0.0460481796439014,0.0460481796439014,-0.04369324706279265,0.04369324706279265,0.0076520000000019905,0.0076520000000019905,0.0060620000000009,0.0060620000000009,0.005180203894406432,0.005180203894406432,0.0012864503716407683,0.0012864503716407683
2025-09-22,2025-09-23,4.2645,4.2552,Naive,4.2645,4.2645,4.25876,4.258801992727836,4.2661919284179,4.310548179643901,4.297906683144281,4.2642479999999985,4.266705000000001,4.266434070449329,4.263998473689559,0.009299999999999642,0.009299999999999642,0.009299999999999642,0.009299999999999642,0.0035599999999993415,0.0035599999999993415,0.003601992727835679,0.003601992727835679,0.010991928417899643,0.010991928417899643,0.05534817964390104,0.05534817964390104,0.04270668314428061,0.04270668314428061,0.009047999999998169,0.009047999999998169,0.011505000000000543,0.011505000000000543,0.011234070449329003,0.011234070449329003,0.008798473689558328,0.008798473689558328
2025-09-23,2025-09-24,4.2552,4.2676,Naive,4.2552,4.2552,4.25972,4.2581470849591385,4.256707704453759,4.310548179643901,4.238851392357394,4.2548,4.255746000000001,4.259295961434694,4.2557583522272555,-0.012399999999999523,0.012399999999999523,-0.012399999999999523,0.012399999999999523,-0.00788000000000011,0.00788000000000011,-0.00945291504086132,0.00945291504086132,-0.010892295546240938,0.010892295546240938,0.04294817964390152,0.04294817964390152,-0.028748607642605783,0.028748607642605783,-0.012799999999999478,0.012799999999999478,-0.011853999999998699,0.011853999999998699,-0.008304038565305483,0.008304038565305483,-0.011841647772744324,0.011841647772744324
2025-09-24,2025-09-25,4.2676,4.2619,Naive,4.2676,4.2676,4.26206,4.25986579678475,4.269913640619656,4.310548179643901,4.279120647401339,4.271182000000001,4.272789,4.270120453803405,4.26523810431605,0.005700000000000038,0.005700000000000038,0.005700000000000038,0.005700000000000038,0.00016000000000016001,0.00016000000000016001,-0.002034203215250052,0.002034203215250052,0.008013640619656037,0.008013640619656037,0.04864817964390156,0.04864817964390156,0.017220647401338773,0.017220647401338773,0.009282000000001567,0.009282000000001567,0.010889000000000593,0.010889000000000593,0.008220453803405192,0.008220453803405192,0.0033381043160503054,0.0033381043160503054
2025-09-25,2025-09-26,4.2619,4.2668,Naive,4.2619,4.2619,4.26316,4.260235651914795,4.263713549150342,4.310548179643901,4.305229270510095,4.25952,4.258848999999999,4.264942166732804,4.26211216242221,-0.0049000000000001265,0.0049000000000001265,-0.0049000000000001265,0.0049000000000001265,-0.0036399999999998656,0.0036399999999998656,-0.006564348085205118,0.006564348085205118,-0.0030864508496577514,0.0030864508496577514,0.04374817964390143,0.04374817964390143,0.03842927051009504,0.03842927051009504,-0.007279999999999731,0.007279999999999731,-0.007951000000001152,0.007951000000001152,-0.0018578332671959075,0.0018578332671959075,-0.0046878375777898995,0.0046878375777898995
2025-09-26,2025-09-29,4.2668,4.2688,Naive,4.2668,4.2668,4.263199999999999,4.261429169748468,4.26660679520774,4.310548179643901,4.224782823201645,4.267421999999999,4.268553999999998,4.267450880264556,4.2652666359180635,-0.0019999999999997797,0.0019999999999997797,-0.0019999999999997797,0.0019999999999997797,-0.005600000000000271,0.005600000000000271,-0.007370830251531402,0.007370830251531402,-0.0021932047922597064,0.0021932047922597064,0.04174817964390165,0.04174817964390165,-0.04401717679835482,0.04401717679835482,-0.0013780000000007675,0.0013780000000007675,-0.0002460000000015228,0.0002460000000015228,-0.0013491197354440487,0.0013491197354440487,-0.0035333640819361634,0.0035333640819361634
2025-09-29,2025-09-30,4.2688,4.2692,Naive,4.2688,4.2688,4.264059999999999,4.262769320703292,4.27210304871429,4.310548179643901,4.307108362188219,4.267451999999999,4.269921999999998,4.2676694034322,4.267729548558368,-0.00039999999999995595,0.00039999999999995595,-0.00039999999999995595,0.00039999999999995595,-0.005140000000000811,0.005140000000000811,-0.006430679296707709,0.006430679296707709,0.0029030487142902572,0.0029030487142902572,0.041348179643901695,0.041348179643901695,0.03790836218821969,0.03790836218821969,-0.001748000000000971,0.001748000000000971,0.0007219999999987792,0.0007219999999987792,-0.0015305965677994138,0.0015305965677994138,-0.001470451441631937,0.001470451441631937
2025-09-30,2025-10-01,4.2692,4.2586,Naive,4.2692,4.2692,4.266859999999999,4.263938535120875,4.2662016609771385,4.310548179643901,4.269502744145252,4.266987999999999,4.270424999999998,4.26881323145882,4.269244596671499,0.010599999999999277,0.010599999999999277,0.010599999999999277,0.010599999999999277,0.008259999999999046,0.008259999999999046,0.005338535120874788,0.005338535120874788,0.007601660977138103,0.007601660977138103,0.05194817964390097,0.05194817964390097,0.01090274414525183,0.01090274414525183,0.008387999999998286,0.008387999999998286,0.01182499999999731,0.01182499999999731,0.010213231458819472,0.010213231458819472,0.010644596671498974,0.010644596671498974
2025-10-01,2025-10-02,4.2586,4.256,Naive,4.2586,4.2586,4.26506,4.262967892371625,4.261841500076262,4.310548179643901,4.234189028881466,4.256985,4.255508000000001,4.259193411248572,4.264786566356617,0.0026000000000001577,0.0026000000000001577,0.0026000000000001577,0.0026000000000001577,0.009059999999999846,0.009059999999999846,0.006967892371624984,0.006967892371624984,0.005841500076261497,0.005841500076261497,0.05454817964390113,0.05454817964390113,-0.02181097111853436,0.02181097111853436,0.0009850000000000136,0.0009850000000000136,-0.0004919999999994928,0.0004919999999994928,0.0031934112485716426,0.0031934112485716426,0.008786566356616454,0.008786566356616454
2025-10-02,2025-10-03,4.256,4.2559,Naive,4.256,4.256,4.26388,4.261701002849511,4.25737130244378,4.310548179643901,4.279432269671671,4.253800999999999,4.254921,4.258604877122066,4.261394396384625,0.00010000000000065512,0.00010000000000065512,0.00010000000000065512,0.00010000000000065512,0.007980000000000764,0.007980000000000764,0.005801002849511683,0.005801002849511683,0.0014713024437806865,0.0014713024437806865,0.054648179643901784,0.054648179643901784,0.023532269671671102,0.023532269671671102,-0.002099000000000295,0.002099000000000295,-0.000978999999999175,0.000978999999999175,0.0027048771220661294,0.0027048771220661294,0.005494396384625233,0.005494396384625233
2025-10-03,2025-10-06,4.2559,4.2521,Naive,4.2559,4.2559,4.2617,4.260646275058691,4.2550767770276305,4.310548179643901,4.231924802578033,4.251919999999999,4.250276999999999,4.258499791352812,4.259844974000384,0.0037999999999991374,0.0037999999999991374,0.0037999999999991374,0.0037999999999991374,0.009599999999999831,0.009599999999999831,0.008546275058690433,0.008546275058690433,0.0029767770276301064,0.0029767770276301064,0.05844817964390092,0.05844817964390092,-0.020175197421967717,0.020175197421967717,-0.00018000000000117922,0.00018000000000117922,-0.0018230000000016844,0.0018230000000016844,0.006399791352811768,0.006399791352811768,0.007744974000383209,0.007744974000383209
2025-10-06,2025-10-07,4.2521,4.2559,Naive,4.2521,4.2521,4.258360000000001,4.259092406866201,4.254590685887687,4.310548179643901,4.241254701848961,4.253636,4.254214000000001,4.256842684607195,4.252707071383946,-0.0037999999999991374,0.0037999999999991374,-0.0037999999999991374,0.0037999999999991374,0.002460000000001017,0.002460000000001017,0.0031924068662014804,0.0031924068662014804,-0.0013093141123121654,0.0013093141123121654,0.054648179643901784,0.054648179643901784,-0.014645298151038766,0.014645298151038766,-0.0022639999999993776,0.0022639999999993776,-0.001685999999998522,0.001685999999998522,0.0009426846071951545,0.0009426846071951545,-0.003192928616053692,0.003192928616053692
2025-10-07,2025-10-08,4.2559,4.2533,Naive,4.2559,4.2559,4.2557,4.258511969254164,4.257497491457794,4.310548179643901,4.280104137107095,4.252137000000001,4.2527620000000015,4.259938998960636,4.254696520471274,0.0025999999999992696,0.0025999999999992696,0.0025999999999992696,0.0025999999999992696,0.0023999999999997357,0.0023999999999997357,0.005211969254164117,0.005211969254164117,0.0041974914577940226,0.0041974914577940226,0.057248179643901054,0.057248179643901054,0.02680413710709484,0.02680413710709484,-0.001162999999999137,0.001162999999999137,-0.0005379999999988172,0.0005379999999988172,0.006638998960635689,0.006638998960635689,0.00139652047127381,0.00139652047127381
2025-10-08,2025-10-09,4.2533,4.2569,Naive,4.2533,4.2533,4.25464,4.257564338480679,4.255421948970689,4.310548179643901,4.254683499138815,4.252762000000001,4.254126,4.25863882945799,4.25416503655391,-0.0035999999999996035,0.0035999999999996035,-0.0035999999999996035,0.0035999999999996035,-0.0022599999999997067,0.0022599999999997067,0.0006643384806794828,0.0006643384806794828,-0.0014780510293110893,0.0014780510293110893,0.05364817964390145,0.05364817964390145,-0.002216500861185189,0.002216500861185189,-0.004137999999999309,0.004137999999999309,-0.00277399999999961,0.00277399999999961,0.0017388294579898655,0.0017388294579898655,-0.002734963446090255,0.002734963446090255
2025-10-09,2025-10-10,4.2569,4.2583,Naive,4.2569,4.2569,4.25482,4.25744354966601,4.258562019104011,4.310548179643901,4.252457738721924,4.2498739999999975,4.252412,4.2596979601185625,4.256103442058175,-0.00140000000000029,0.00140000000000029,-0.00140000000000029,0.00140000000000029,-0.0034800000000005937,0.0034800000000005937,-0.0008564503339902885,0.0008564503339902885,0.00026201910401102424,0.00026201910401102424,0.05224817964390116,0.05224817964390116,-0.005842261278075966,0.005842261278075966,-0.008426000000002709,0.008426000000002709,-0.0058880000000005595,0.0058880000000005595,0.0013979601185623025,0.0013979601185623025,-0.0021965579418248282,0.0021965579418248282
2025-10-10,2025-10-13,4.2583,4.2592,Naive,4.2583,4.2583,4.2553,4.257599267908553,4.2581116709764855,4.310548179643901,4.2467636020602475,4.252182999999997,4.2526959999999985,4.259302320609301,4.257997137899285,-0.0008999999999996788,0.0008999999999996788,-0.0008999999999996788,0.0008999999999996788,-0.0038999999999997925,0.0038999999999997925,-0.0016007320914468437,0.0016007320914468437,-0.0010883290235144116,0.0010883290235144116,0.05134817964390148,0.05134817964390148,-0.012436397939752375,0.012436397939752375,-0.0070170000000029376,0.0070170000000029376,-0.0065040000000013976,0.0065040000000013976,0.00010232060930093212,0.00010232060930093212,-0.001202862100714519,0.001202862100714519
2025-10-13,2025-10-14,4.2592,4.2645,Naive,4.2592,4.2592,4.25672,4.257890310106998,4.261084929491058,4.310548179643901,4.264602947276285,4.253167999999999,4.258587,4.259058961162498,4.257113400700147,-0.005300000000000082,0.005300000000000082,-0.005300000000000082,0.005300000000000082,-0.007780000000000342,0.007780000000000342,-0.006609689893002368,0.006609689893002368,-0.0034150705089421862,0.0034150705089421862,0.0460481796439014,0.0460481796439014,0.00010294727628501477,0.00010294727628501477,-0.01133200000000123,0.01133200000000123,-0.005912999999999613,0.005912999999999613,-0.005441038837502354,0.005441038837502354,-0.0073865992998527474,0.0073865992998527474
2025-10-14,2025-10-15,4.2645,4.2556,Naive,4.2645,4.2645,4.25844,4.259092071905725,4.266102077394531,4.310548179643901,4.276106763279287,4.264642,4.269065,4.266155922297001,4.26193502917897,0.008899999999999686,0.008899999999999686,0.008899999999999686,0.008899999999999686,0.0028399999999999537,0.0028399999999999537,0.0034920719057245364,0.0034920719057245364,0.010502077394530573,0.010502077394530573,0.054948179643901085,0.054948179643901085,0.02050676327928702,0.02050676327928702,0.009041999999999994,0.009041999999999994,0.01346500000000006,0.01346500000000006,0.010555922297000642,0.010555922297000642,0.006335029178969442,0.006335029178969442
2025-10-15,2025-10-16,4.2556,4.2517,Naive,4.2556,4.2556,4.2589,4.258457149741048,4.259075225832713,4.310548179643901,4.244246554711582,4.254132000000002,4.255651000000001,4.258746658100893,4.259077258136598,0.0039000000000006807,0.0039000000000006807,0.0039000000000006807,0.0039000000000006807,0.007200000000000095,0.007200000000000095,0.006757149741048352,0.006757149741048352,0.007375225832713106,0.007375225832713106,0.058848179643901766,0.058848179643901766,-0.007453445288417626,0.007453445288417626,0.002432000000002432,0.002432000000002432,0.003951000000001592,0.003951000000001592,0.007046658100893666,0.007046658100893666,0.007377258136598286,0.007377258136598286
2025-10-16,2025-10-17,4.2517,4.2565,Naive,4.2517,4.2517,4.257859999999999,4.257228577060857,4.252680073291643,4.310548179643901,4.289327810700703,4.252949000000002,4.252345999999998,4.2559228760864025,4.251867825333987,-0.0048000000000003595,0.0048000000000003595,-0.0048000000000003595,0.0048000000000003595,0.0013599999999991397,0.0013599999999991397,0.0007285770608573827,0.0007285770608573827,-0.0038199267083571797,0.0038199267083571797,0.054048179643901406,0.054048179643901406,0.032827810700703175,0.032827810700703175,-0.0035509999999980835,0.0035509999999980835,-0.004154000000001545,0.004154000000001545,-0.0005771239135974326,0.0005771239135974326,-0.004632174666013178,0.004632174666013178
2025-10-17,2025-10-20,4.2565,4.2396,Naive,4.2565,4.2565,4.2575,4.257096108504338,4.25681503479368,4.310548179643901,4.234142405937699,4.250704,4.250201999999999,4.2573476915347594,4.254849084084616,0.016899999999999693,0.016899999999999693,0.016899999999999693,0.016899999999999693,0.017900000000000027,0.017900000000000027,0.01749610850433747,0.01749610850433747,0.01721503479368014,0.01721503479368014,0.0709481796439011,0.0709481796439011,-0.005457594062301396,0.005457594062301396,0.011103999999999559,0.011103999999999559,0.010601999999998668,0.010601999999998668,0.01774769153475919,0.01774769153475919,0.01524908408461556,0.01524908408461556
2025-10-20,2025-10-21,4.2396,4.2392,Naive,4.2396,4.2396,4.25358,4.253914997867185,4.241269213915554,4.310548179643901,4.213816036575974,4.242120000000002,4.244958,4.239610269766786,4.243117845837226,0.00039999999999995595,0.00039999999999995595,0.00039999999999995595,0.00039999999999995595,0.01438000000000006,0.01438000000000006,0.014714997867184998,0.014714997867184998,0.0020692139155533695,0.0020692139155533695,0.07134817964390106,0.07134817964390106,-0.02538396342402649,0.02538396342402649,0.002920000000001366,0.002920000000001366,0.005757999999999264,0.005757999999999264,0.0004102697667853761,0.0004102697667853761,0.003917845837225542,0.003917845837225542
2025-10-21,2025-10-22,4.2392,4.2438,Naive,4.2392,4.2392,4.24852,4.251239543709515,4.240776403901782,4.310548179643901,4.254564162809477,4.242019000000001,4.245481000000001,4.240413947708865,4.2378109065901794,-0.0045999999999999375,0.0045999999999999375,-0.0045999999999999375,0.0045999999999999375,0.0047199999999998354,0.0047199999999998354,0.007439543709514496,0.007439543709514496,-0.0030235960982185617,0.0030235960982185617,0.06674817964390112,0.06674817964390112,0.010764162809477007,0.010764162809477007,-0.0017809999999993664,0.0017809999999993664,0.0016810000000004877,0.0016810000000004877,-0.0033860522911348667,0.0033860522911348667,-0.005989093409820789,0.005989093409820789
2025-10-22,2025-10-23,4.2438,4.2347,Naive,4.2438,4.2438,4.246160000000001,4.249886899398693,4.2463048569043185,4.310548179643901,4.227185875540017,4.242203000000001,4.243716000000004,4.246953377320361,4.241113448811121,0.009100000000000108,0.009100000000000108,0.009100000000000108,0.009100000000000108,0.01146000000000047,0.01146000000000047,0.015186899398693221,0.015186899398693221,0.01160485690431834,0.01160485690431834,0.07584817964390123,0.07584817964390123,-0.007514124459983229,0.007514124459983229,0.0075030000000007036,0.0075030000000007036,0.009016000000003466,0.009016000000003466,0.012253377320361025,0.012253377320361025,0.0064134488111209365,0.0064134488111209365
2025-10-23,2025-10-24,4.2347,4.2353,Naive,4.2347,4.2347,4.2427600000000005,4.247125644962567,4.2356413212667094,4.310548179643901,4.289482887797146,4.242176000000001,4.239876999999998,4.2400179452385,4.234751340704037,-0.0005999999999994898,0.0005999999999994898,-0.0005999999999994898,0.0005999999999994898,0.00746000000000091,0.00746000000000091,0.011825644962567772,0.011825644962567772,0.00034132126670982643,0.00034132126670982643,0.07524817964390174,0.07524817964390174,0.05418288779714597,0.05418288779714597,0.006876000000000992,0.006876000000000992,0.004576999999998499,0.004576999999998499,0.004717945238500221,0.004717945238500221,-0.0005486592959629277,0.0005486592959629277
2025-10-24,2025-10-27,4.2353,4.2353,Naive,4.2353,4.2353,4.23852,4.244975527696646,4.235348726039274,4.310548179643901,4.209354138027213,4.239522000000001,4.239627000000001,4.235625162120873,4.232578114279229,0.0,0.0,0.0,0.0,0.0032200000000006668,0.0032200000000006668,0.009675527696646036,0.009675527696646036,4.872603927452701e-05,4.872603927452701e-05,0.07524817964390174,0.07524817964390174,-0.025945861972786588,0.025945861972786588,0.00422200000000128,0.00422200000000128,0.004327000000001746,0.004327000000001746,0.0003251621208733013,0.0003251621208733013,-0.0027218857207707003,0.0027218857207707003
2025-10-27,2025-10-28,4.2353,4.2345,Naive,4.2353,4.2353,4.23766,4.24321634084271,4.237449575767241,4.310548179643901,4.2383641283887075,4.2402890000000015,4.239988,4.237298691098325,4.233460885063089,0.0007999999999999119,0.0007999999999999119,0.0007999999999999119,0.0007999999999999119,0.0031600000000002737,0.0031600000000002737,0.008716340842710224,0.008716340842710224,0.002949575767241086,0.002949575767241086,0.07604817964390165,0.07604817964390165,0.003864128388707755,0.003864128388707755,0.0057890000000018205,0.0057890000000018205,0.0054880000000006035,0.0054880000000006035,0.002798691098325534,0.002798691098325534,-0.001039114936911112,0.001039114936911112
2025-10-28,2025-10-29,4.2345,4.2374,Naive,4.2345,4.2345,4.23672,4.241631551598581,4.235864703848961,4.310548179643901,4.239794812269502,4.242730999999999,4.2387229999999985,4.238784463870395,4.232931812299668,-0.0029000000000003467,0.0029000000000003467,-0.0029000000000003467,0.0029000000000003467,-0.0006800000000000139,0.0006800000000000139,0.004231551598580907,0.004231551598580907,-0.0015352961510393115,0.0015352961510393115,0.0731481796439013,0.0731481796439013,0.0023948122695021112,0.0023948122695021112,0.0053309999999990865,0.0053309999999990865,0.0013229999999984088,0.0013229999999984088,0.0013844638703952583,0.0013844638703952583,-0.00446818770033186,0.00446818770033186
2025-10-29,2025-10-30,4.2374,4.2425,Naive,4.2374,4.2374,4.23544,4.240862178580657,4.241116210617526,4.310548179643901,4.244172529272199,4.2430699999999995,4.242776,4.238057744922381,4.2347783501562715,-0.00509999999999966,0.00509999999999966,-0.00509999999999966,0.00509999999999966,-0.007060000000000066,0.007060000000000066,-0.0016378214193428775,0.0016378214193428775,-0.0013837893824737435,0.0013837893824737435,0.06804817964390164,0.06804817964390164,0.0016725292721995189,0.0016725292721995189,0.0005699999999997374,0.0005699999999997374,0.00027600000000038705,0.00027600000000038705,-0.00444225507761864,0.00444225507761864,-0.007721649843728251,0.007721649843728251
2025-10-30,2025-10-31,4.2425,4.2543,Naive,4.2425,4.2425,4.237,4.2411599642932645,4.244078107252604,4.310548179643901,4.27035265630684,4.243153000000001,4.242928000000002,4.243888718395051,4.239531019074981,-0.011800000000000033,0.011800000000000033,-0.011800000000000033,0.011800000000000033,-0.01729999999999965,0.01729999999999965,-0.013140035706735276,0.013140035706735276,-0.0102218927473956,0.0102218927473956,0.05624817964390161,0.05624817964390161,0.016052656306840163,0.016052656306840163,-0.011146999999998464,0.011146999999998464,-0.01137199999999794,0.01137199999999794,-0.010411281604948641,0.010411281604948641,-0.01476898092501866,0.01476898092501866
2025-10-31,2025-11-03,4.2543,4.2527,Naive,4.2543,4.2543,4.2408,4.243549061694489,4.248942137046477,4.310548179643901,4.164187786020565,4.253515999999998,4.247282000000001,4.255793453740294,4.255326427914253,0.0015999999999998238,0.0015999999999998238,0.0015999999999998238,0.0015999999999998238,-0.0118999999999998,0.0118999999999998,-0.009150938305510614,0.009150938305510614,-0.0037578629535230945,0.0037578629535230945,0.05784817964390143,0.05784817964390143,-0.08851221397943476,0.08851221397943476,0.0008159999999977074,0.0008159999999977074,-0.005417999999998813,0.005417999999998813,0.0030934537402940165,0.0030934537402940165,0.002626427914252716,0.002626427914252716
2025-11-03,2025-11-04,4.2527,4.2575,Naive,4.2527,4.2527,4.24428,4.245212868659127,4.255442961612883,4.310548179643901,4.267392546800626,4.255450999999999,4.250951000000001,4.257101583724279,4.252248587251731,-0.0048000000000003595,0.0048000000000003595,-0.0048000000000003595,0.0048000000000003595,-0.013220000000000454,0.013220000000000454,-0.012287131340873003,0.012287131340873003,-0.002057038387117238,0.002057038387117238,0.05304817964390107,0.05304817964390107,0.009892546800625901,0.009892546800625901,-0.0020490000000012998,0.0020490000000012998,-0.006548999999999694,0.006548999999999694,-0.00039841627572112515,0.00039841627572112515,-0.005251412748269679,0.005251412748269679
2025-11-04,2025-11-05,4.2575,4.2597,Naive,4.2575,4.2575,4.24888,4.247446892539286,4.258139011734122,4.310548179643901,4.256469124794849,4.260066999999999,4.260679,4.258893210746278,4.256742745560183,-0.0021999999999993136,0.0021999999999993136,-0.0021999999999993136,0.0021999999999993136,-0.01081999999999983,0.01081999999999983,-0.012253107460713508,0.012253107460713508,-0.001560988265877583,0.001560988265877583,0.05084817964390176,0.05084817964390176,-0.0032308752051504186,0.0032308752051504186,0.00036699999999978417,0.00036699999999978417,0.0009790000000000632,0.0009790000000000632,-0.0008067892537217958,0.0008067892537217958,-0.0029572544398162037,0.0029572544398162037
2025-11-05,2025-11-06,4.2597,4.2566,Naive,4.2597,4.2597,4.25334,4.249674730259415,4.261837258805543,4.310548179643901,4.228742925730733,4.260407,4.2637540000000005,4.260049412547623,4.259430727144414,0.0030999999999998806,0.0030999999999998806,0.0030999999999998806,0.0030999999999998806,-0.0032600000000000406,0.0032600000000000406,-0.006925269740584383,0.006925269740584383,0.005237258805543377,0.005237258805543377,0.05394817964390164,0.05394817964390164,-0.027857074269266313,0.027857074269266313,0.003807000000000116,0.003807000000000116,0.007154000000000771,0.007154000000000771,0.0034494125476234316,0.0034494125476234316,0.0028307271444143467,0.0028307271444143467
2025-11-06,2025-11-07,4.2566,4.2483,Naive,4.2566,4.2566,4.25616,4.250933870212249,4.25763630040768,4.310548179643901,4.230493667951669,4.25528,4.255054,4.259749739815797,4.257112633303499,0.008299999999999308,0.008299999999999308,0.008299999999999308,0.008299999999999308,0.007859999999999978,0.007859999999999978,0.002633870212248368,0.002633870212248368,0.00933630040767941,0.00933630040767941,0.06224817964390095,0.06224817964390095,-0.017806332048331264,0.017806332048331264,0.006979999999999542,0.006979999999999542,0.006753999999999927,0.006753999999999927,0.011449739815796889,0.011449739815796889,0.008812633303498352,0.008812633303498352
2025-11-07,2025-11-10,4.2483,4.2351,Naive,4.2483,4.2483,4.25496,4.250454984719113,4.247539108855157,4.310548179643901,4.260259146016554,4.249462999999999,4.248959999999999,4.248939426452991,4.286277081669336,0.013200000000000323,0.013200000000000323,0.013200000000000323,0.013200000000000323,0.019859999999999545,0.019859999999999545,0.015354984719112785,0.015354984719112785,0.012439108855156533,0.012439108855156533,0.07544817964390127,0.07544817964390127,0.02515914601655389,0.02515914601655389,0.014362999999998571,0.014362999999998571,0.013859999999999317,0.013859999999999317,0.013839426452991077,0.013839426452991077,0.05117708166933621,0.05117708166933621
2025-11-10,2025-11-12,4.2351,4.2312,Naive,4.2351,4.2351,4.2514400000000006,4.247663169315637,4.238108041698689,4.310548179643901,4.263531747331522,4.2427709999999985,4.239232,4.2374047406404864,4.233153808301639,0.0038999999999997925,0.0038999999999997925,0.0038999999999997925,0.0038999999999997925,0.020240000000000258,0.020240000000000258,0.01646316931563696,0.01646316931563696,0.0069080416986890825,0.0069080416986890825,0.07934817964390106,0.07934817964390106,0.03233174733152211,0.03233174733152211,0.011570999999998222,0.011570999999998222,0.008032000000000039,0.008032000000000039,0.0062047406404861505,0.0062047406404861505,0.0019538083016383823,0.0019538083016383823
2025-11-12,2025-11-13,4.2312,4.2304,Naive,4.2312,4.2312,4.246180000000001,4.244669865803703,4.234075010617729,4.310548179643901,4.205296241737401,4.236681999999998,4.2356099999999985,4.236682271075673,4.228690812281653,0.0007999999999999119,0.0007999999999999119,0.0007999999999999119,0.0007999999999999119,0.01578000000000035,0.01578000000000035,0.014269865803703041,0.014269865803703041,0.003675010617728347,0.003675010617728347,0.08014817964390097,0.08014817964390097,-0.02510375826259903,0.02510375826259903,0.0062819999999979,0.0062819999999979,0.0052099999999981605,0.0052099999999981605,0.006282271075672696,0.006282271075672696,-0.0017091877183474935,0.0017091877183474935
2025-11-13,2025-11-14,4.2304,4.2274,Naive,4.2304,4.2304,4.2403200000000005,4.242075344748485,4.231005287061786,4.310548179643901,4.234607177951282,4.231138999999999,4.232853999999998,4.235182725317244,4.229926732040471,0.0030000000000001137,0.0030000000000001137,0.0030000000000001137,0.0030000000000001137,0.012920000000000265,0.012920000000000265,0.01467534474848442,0.01467534474848442,0.0036052870617853117,0.0036052870617853117,0.08314817964390109,0.08314817964390109,0.0072071779512814516,0.0072071779512814516,0.0037389999999986046,0.0037389999999986046,0.005453999999997627,0.005453999999997627,0.007782725317243333,0.007782725317243333,0.002526732040470492,0.002526732040470492
2025-11-14,2025-11-17,4.2274,4.2231,Naive,4.2274,4.2274,4.23448,4.23940710024876,4.226506493460822,4.310548179643901,4.198198242695102,4.2247959999999996,4.232108,4.225611651966083,4.2259824453044255,0.004300000000000637,0.004300000000000637,0.004300000000000637,0.004300000000000637,0.011379999999999946,0.011379999999999946,0.016307100248760698,0.016307100248760698,0.003406493460822446,0.003406493460822446,0.08744817964390172,0.08744817964390172,-0.024901757304897743,0.024901757304897743,0.0016959999999999198,0.0016959999999999198,0.009008000000000571,0.009008000000000571,0.0025116519660830505,0.0025116519660830505,0.002882445304425829,0.002882445304425829
2025-11-17,2025-11-18,4.2231,4.2331,Naive,4.2231,4.2231,4.229439999999999,4.236442172930803,4.2252978793998555,4.310548179643901,4.233511309369481,4.222255,4.224304000000003,4.223724344235812,4.220517968166438,-0.010000000000000675,0.010000000000000675,-0.010000000000000675,0.010000000000000675,-0.0036600000000008848,0.0036600000000008848,0.003342172930802967,0.003342172930802967,-0.007802120600144846,0.007802120600144846,0.07744817964390105,0.07744817964390105,0.00041130936948086116,0.00041130936948086116,-0.01084500000000066,0.01084500000000066,-0.008795999999997584,0.008795999999997584,-0.009375655764188195,0.009375655764188195,-0.012582031833562546,0.012582031833562546
2025-11-18,2025-11-19,4.2331,4.2424,Naive,4.2331,4.2331,4.22904,4.235834505125203,4.233906121545197,4.310548179643901,4.223621605276551,4.239697999999998,4.234213,4.238486920855187,4.236655264101404,-0.009299999999999642,0.009299999999999642,-0.009299999999999642,0.009299999999999642,-0.013359999999999594,0.013359999999999594,-0.006565494874797295,0.006565494874797295,-0.008493878454802761,0.008493878454802761,0.06814817964390141,0.06814817964390141,-0.018778394723448777,0.018778394723448777,-0.0027020000000019806,0.0027020000000019806,-0.008187000000000388,0.008187000000000388,-0.003913079144813203,0.003913079144813203,-0.005744735898596254,0.005744735898596254
2025-11-19,2025-11-20,4.2424,4.2289,Naive,4.2424,4.2424,4.23128,4.237028231466074,4.245006148303598,4.310548179643901,4.251206150179859,4.2419839999999995,4.237772999999999,4.24414706225037,4.246965781996777,0.013499999999999623,0.013499999999999623,0.013499999999999623,0.013499999999999623,0.0023799999999996047,0.0023799999999996047,0.008128231466073998,0.008128231466073998,0.01610614830359758,0.01610614830359758,0.08164817964390103,0.08164817964390103,0.022306150179858264,0.022306150179858264,0.013083999999999207,0.013083999999999207,0.008872999999998576,0.008872999999998576,0.015247062250369758,0.015247062250369758,0.018065781996776664,0.018065781996776664
2025-11-20,2025-11-21,4.2289,4.2489,Naive,4.2289,4.2289,4.230980000000001,4.235550371199516,4.231167477062266,4.310548179643901,4.234086486193325,4.225821,4.231892999999997,4.226697479822572,4.223068252119993,-0.019999999999999574,0.019999999999999574,-0.019999999999999574,0.019999999999999574,-0.01791999999999927,0.01791999999999927,-0.013349628800483515,0.013349628800483515,-0.01773252293773364,0.01773252293773364,0.06164817964390146,0.06164817964390146,-0.014813513806674727,0.014813513806674727,-0.02307900000000007,0.02307900000000007,-0.017007000000003103,0.017007000000003103,-0.022202520177428298,0.022202520177428298,-0.025831747880006972,0.025831747880006972
2025-11-21,2025-11-24,4.2489,4.2345,Naive,4.2489,4.2489,4.23528,4.237977576435967,4.248803482477299,4.310548179643901,4.1811145036452,4.245063000000001,4.244193999999999,4.248365433046407,4.2494095433949655,0.01440000000000019,0.01440000000000019,0.01440000000000019,0.01440000000000019,0.000780000000000669,0.000780000000000669,0.0034775764359675776,0.0034775764359675776,0.014303482477298957,0.014303482477298957,0.07604817964390165,0.07604817964390165,-0.0533854963547995,0.0533854963547995,0.01056300000000121,0.01056300000000121,0.009693999999999647,0.009693999999999647,0.013865433046407638,0.013865433046407638,0.014909543394965752,0.014909543394965752
2025-11-24,2025-11-25,4.2345,4.2301,Naive,4.2345,4.2345,4.23756,4.237345289811246,4.237459236181151,4.310548179643901,4.249551136369779,4.242668999999998,4.237959000000003,4.235308571088977,4.242434914693867,0.004399999999999515,0.004399999999999515,0.004399999999999515,0.004399999999999515,0.007460000000000022,0.007460000000000022,0.007245289811245392,0.007245289811245392,0.007359236181151196,0.007359236181151196,0.08044817964390116,0.08044817964390116,0.019451136369778688,0.019451136369778688,0.012568999999997388,0.012568999999997388,0.007859000000002503,0.007859000000002503,0.0052085710889766546,0.0052085710889766546,0.012334914693866494,0.012334914693866494
2025-11-25,2025-11-26,4.2301,4.233,Naive,4.2301,4.2301,4.236960000000001,4.236027964391019,4.231677486380055,4.310548179643901,4.2294228375909,4.227579999999998,4.229091999999999,4.225845791507566,4.22926433086065,-0.0028999999999994586,0.0028999999999994586,-0.0028999999999994586,0.0028999999999994586,0.003960000000001074,0.003960000000001074,0.0030279643910189336,0.0030279643910189336,-0.0013225136199448428,0.0013225136199448428,0.0775481796439017,0.0775481796439017,-0.0035771624090994436,0.0035771624090994436,-0.005420000000001757,0.005420000000001757,-0.003908000000000911,0.003908000000000911,-0.007154208492433867,0.007154208492433867,-0.003735669139349973,0.003735669139349973
2025-11-26,2025-11-27,4.233,4.227,Naive,4.233,4.233,4.235079999999999,4.235477425410833,4.236528807677907,4.310548179643901,4.2061652850858815,4.241262999999999,4.238007000000001,4.235309018336548,4.230658980716853,0.005999999999999339,0.005999999999999339,0.005999999999999339,0.005999999999999339,0.008079999999998755,0.008079999999998755,0.00847742541083285,0.00847742541083285,0.009528807677906315,0.009528807677906315,0.08354817964390104,0.08354817964390104,-0.020834714914118813,0.020834714914118813,0.014262999999998804,0.014262999999998804,0.0110070000000011,0.0110070000000011,0.008309018336547958,0.008309018336547958,0.0036589807168523336,0.0036589807168523336
2025-11-27,2025-11-28,4.227,4.2369,Naive,4.227,4.227,4.234699999999999,4.233936075336136,4.226604485961621,4.310548179643901,4.224734524839909,4.223543,4.226684000000001,4.224605644312827,4.226662756560213,-0.00990000000000002,0.00990000000000002,-0.00990000000000002,0.00990000000000002,-0.00220000000000109,0.00220000000000109,-0.0029639246638639705,0.0029639246638639705,-0.010295514038379139,0.010295514038379139,0.07364817964390102,0.07364817964390102,-0.012165475160091255,0.012165475160091255,-0.013357000000000063,0.013357000000000063,-0.010215999999998893,0.010215999999998893,-0.012294355687173741,0.012294355687173741,-0.010237243439787491,0.010237243439787491
2025-11-28,2025-12-01,4.2369,4.2286,Naive,4.2369,4.2369,4.2323,4.234474970729566,4.231177150305009,4.310548179643901,4.173450901685874,4.242014999999999,4.237185000000002,4.236263555195319,4.231537227138303,0.008300000000000196,0.008300000000000196,0.008300000000000196,0.008300000000000196,0.0037000000000002586,0.0037000000000002586,0.005874970729565554,0.005874970729565554,0.002577150305008935,0.002577150305008935,0.08194817964390122,0.08194817964390122,-0.055149098314125844,0.055149098314125844,0.013414999999999289,0.013414999999999289,0.008585000000001841,0.008585000000001841,0.007663555195319027,0.007663555195319027,0.0029372271383030224,0.0029372271383030224
2025-12-01,2025-12-02,4.2286,4.239,Naive,4.2286,4.2286,4.23112,4.2334067942332805,4.230002209092077,4.310548179643901,4.265923752375975,4.22272,4.2290540000000005,4.220278712245778,4.2295718925920855,-0.010399999999999743,0.010399999999999743,-0.010399999999999743,0.010399999999999743,-0.00788000000000011,0.00788000000000011,-0.0055932057667194,0.0055932057667194,-0.008997790907923076,0.008997790907923076,0.07154817964390148,0.07154817964390148,0.026923752375974885,0.026923752375974885,-0.016280000000000072,0.016280000000000072,-0.009945999999999344,0.009945999999999344,-0.01872128775422155,0.01872128775422155,-0.009428107407914332,0.009428107407914332
2025-12-02,2025-12-03,4.239,4.2312,Naive,4.239,4.239,4.2329,4.23442374073632,4.237931207183996,4.310548179643901,4.326013263462991,4.241004,4.240869000000002,4.23705889631495,4.232420796082029,0.007799999999999585,0.007799999999999585,0.007799999999999585,0.007799999999999585,0.0016999999999995907,0.0016999999999995907,0.0032237407363195913,0.0032237407363195913,0.006731207183995558,0.006731207183995558,0.07934817964390106,0.07934817964390106,0.09481326346299035,0.09481326346299035,0.009803999999999924,0.009803999999999924,0.009669000000001482,0.009669000000001482,0.005858896314949291,0.005858896314949291,0.0012207960820287411,0.0012207960820287411
2025-12-03,2025-12-04,4.2312,4.2299,Naive,4.2312,4.2312,4.23254,4.233837606056989,4.233863791414731,4.310548179643901,4.242237249556076,4.235319999999998,4.231138999999998,4.230510705319234,4.233686494642089,0.001300000000000523,0.001300000000000523,0.001300000000000523,0.001300000000000523,0.00264000000000042,0.00264000000000042,0.003937606056989118,0.003937606056989118,0.0039637914147307995,0.0039637914147307995,0.08064817964390159,0.08064817964390159,0.012337249556075847,0.012337249556075847,0.005419999999998204,0.005419999999998204,0.0012389999999982138,0.0012389999999982138,0.0006107053192341283,0.0006107053192341283,0.003786494642088911,0.003786494642088911
2025-12-04,2025-12-05,4.2299,4.2321,Naive,4.2299,4.2299,4.23312,4.23312167768299,4.2305968247598535,4.310548179643901,4.239827109406579,4.229346,4.2300879999999985,4.222611512248902,4.2298899121001226,-0.002200000000000202,0.002200000000000202,-0.002200000000000202,0.002200000000000202,0.001020000000000465,0.001020000000000465,0.0010216776829903296,0.0010216776829903296,-0.001503175240146426,0.001503175240146426,0.07844817964390138,0.07844817964390138,0.007727109406578947,0.007727109406578947,-0.0027540000000003673,0.0027540000000003673,-0.002012000000001457,0.002012000000001457,-0.00948848775109834,0.00948848775109834,-0.002210087899877422,0.002210087899877422
2025-12-05,2025-12-08,4.2321,4.2289,Naive,4.2321,4.2321,4.23216,4.232935918104264,4.231292622678061,4.310548179643901,4.193737528687401,4.239287000000002,4.235047000000001,4.2348594508790764,4.2308496766594015,0.0031999999999996476,0.0031999999999996476,0.0031999999999996476,0.0031999999999996476,0.0032600000000000406,0.0032600000000000406,0.004035918104263736,0.004035918104263736,0.0023926226780606186,0.0023926226780606186,0.08164817964390103,0.08164817964390103,-0.03516247131259931,0.03516247131259931,0.010387000000001478,0.010387000000001478,0.006147000000000347,0.006147000000000347,0.0059594508790761225,0.0059594508790761225,0.001949676659401156,0.001949676659401156
2025-12-08,2025-12-09,4.2289,4.234,Naive,4.2289,4.2289,4.23222,4.23220211481258,4.231408773247219,4.310548179643901,4.241953808196091,4.221826999999999,4.231797,4.222734836785514,4.231031875312496,-0.00509999999999966,0.00509999999999966,-0.00509999999999966,0.00509999999999966,-0.0017800000000001148,0.0017800000000001148,-0.0017978851874200785,0.0017978851874200785,-0.002591226752780784,0.002591226752780784,0.07654817964390137,0.07654817964390137,0.007953808196091039,0.007953808196091039,-0.012173000000000656,0.012173000000000656,-0.002202999999999733,0.002202999999999733,-0.011265163214486229,0.011265163214486229,-0.002968124687503959,0.002968124687503959
2025-12-09,2025-12-10,4.234,4.2274,Naive,4.234,4.234,4.23122,4.232529003028475,4.234786940291607,4.310548179643901,4.317801781398187,4.241303,4.2416170000000015,4.235808452782784,4.2326549496371255,0.006599999999999717,0.006599999999999717,0.006599999999999717,0.006599999999999717,0.0038200000000001566,0.0038200000000001566,0.005129003028474521,0.005129003028474521,0.007386940291606692,0.007386940291606692,0.08314817964390109,0.08314817964390109,0.090401781398187,0.090401781398187,0.013902999999999999,0.013902999999999999,0.014217000000001256,0.014217000000001256,0.008408452782783904,0.008408452782783904,0.00525494963712525,0.00525494963712525
2025-12-10,2025-12-11,4.2274,4.2284,Naive,4.2274,4.2274,4.230460000000001,4.231596457023297,4.230030561151215,4.310548179643901,4.233286456900744,4.221206999999999,4.227114,4.221920251339352,4.2322810415479655,-0.0009999999999994458,0.0009999999999994458,-0.0009999999999994458,0.0009999999999994458,0.002060000000001061,0.002060000000001061,0.0031964570232974054,0.0031964570232974054,0.0016305611512148488,0.0016305611512148488,0.08214817964390164,0.08214817964390164,0.004886456900743852,0.004886456900743852,-0.007193000000000893,0.007193000000000893,-0.0012859999999994542,0.0012859999999994542,-0.006479748660647822,0.006479748660647822,0.003881041547965758,0.003881041547965758
2025-12-11,2025-12-12,4.2284,4.2271,Naive,4.2284,4.2284,4.23016,4.231015283019061,4.228820918637314,4.310548179643901,4.228987097801045,4.221974,4.223401999999999,4.22162645467418,4.2286833104922685,0.0012999999999996348,0.0012999999999996348,0.0012999999999996348,0.0012999999999996348,0.0030599999999996186,0.0030599999999996186,0.003915283019060745,0.003915283019060745,0.0017209186373134955,0.0017209186373134955,0.08344817964390128,0.08344817964390128,0.0018870978010445683,0.0018870978010445683,-0.005125999999999742,0.005125999999999742,-0.0036980000000008673,0.0036980000000008673,-0.005473545325820339,0.005473545325820339,0.0015833104922684527,0.0015833104922684527
2025-12-12,2025-12-15,4.2271,4.2192,Naive,4.2271,4.2271,4.22916,4.230303413379231,4.226699446413361,4.310548179643901,4.1830930639532395,4.220014000000001,4.224297999999999,4.2229568300773925,4.228742600614345,0.00790000000000024,0.00790000000000024,0.00790000000000024,0.00790000000000024,0.009960000000000413,0.009960000000000413,0.011103413379231597,0.011103413379231597,0.007499446413361532,0.007499446413361532,0.09134817964390152,0.09134817964390152,-0.036106936046760296,0.036106936046760296,0.0008140000000009806,0.0008140000000009806,0.005097999999999381,0.005097999999999381,0.003756830077392692,0.003756830077392692,0.009542600614345531,0.009542600614345531
2025-12-15,2025-12-16,4.2192,4.2239,Naive,4.2192,4.2192,4.22722,4.228284610946644,4.219949724637741,4.310548179643901,4.232611195143318,4.215459,4.214425,4.217076431237169,4.22851823413862,-0.004700000000000593,0.004700000000000593,-0.004700000000000593,0.004700000000000593,0.0033199999999995455,0.0033199999999995455,0.004384610946643441,0.004384610946643441,-0.003950275362259781,0.003950275362259781,0.08664817964390092,0.08664817964390092,0.008711195143317418,0.008711195143317418,-0.008441000000000365,0.008441000000000365,-0.009475000000000122,0.009475000000000122,-0.0068235687628313,0.0068235687628313,0.004618234138619393,0.004618234138619393
2025-12-16,2025-12-17,4.2239,4.2149,Naive,4.2239,4.2239,4.2252,4.227487408956345,4.225255352302075,4.310548179643901,4.299802233304405,4.21894,4.217691999999999,4.223449150843643,4.22129177711102,0.009000000000000341,0.009000000000000341,0.009000000000000341,0.009000000000000341,0.010299999999999976,0.010299999999999976,0.012587408956345136,0.012587408956345136,0.010355352302075183,0.010355352302075183,0.09564817964390127,0.09564817964390127,0.08490223330440472,0.08490223330440472,0.0040399999999998215,0.0040399999999998215,0.0027919999999985734,0.0027919999999985734,0.008549150843642828,0.008549150843642828,0.006391777111019792,0.006391777111019792
2025-12-17,2025-12-18,4.2149,4.2076,Naive,4.2149,4.2149,4.222700000000001,4.2251987891461,4.217197017189933,4.310548179643901,4.224580760601855,4.214599000000001,4.2115480000000005,4.2104847173181925,4.218649596608976,0.007299999999999862,0.007299999999999862,0.007299999999999862,0.007299999999999862,0.015100000000000335,0.015100000000000335,0.017598789146100025,0.017598789146100025,0.009597017189932444,0.009597017189932444,0.10294817964390113,0.10294817964390113,0.016980760601854605,0.016980760601854605,0.0069990000000004216,0.0069990000000004216,0.003948000000000285,0.003948000000000285,0.002884717318192287,0.002884717318192287,0.01104959660897542,0.01104959660897542
2025-12-18,2025-12-19,4.2076,4.2094,Naive,4.2076,4.2076,4.21854,4.221999009301355,4.208428387791173,4.310548179643901,4.218583673720857,4.2080389999999985,4.205633999999998,4.204345751773774,4.212286590597862,-0.0017999999999993577,0.0017999999999993577,-0.0017999999999993577,0.0017999999999993577,0.00914000000000037,0.00914000000000037,0.012599009301355046,0.012599009301355046,-0.0009716122088265777,0.0009716122088265777,0.10114817964390177,0.10114817964390177,0.009183673720857044,0.009183673720857044,-0.0013610000000010558,0.0013610000000010558,-0.0037660000000014904,0.0037660000000014904,-0.005054248226225688,0.005054248226225688,0.0028865905978623374,0.0028865905978623374
2025-12-19,2025-12-22,4.2094,4.2115,Naive,4.2094,4.2094,4.215000000000001,4.219708280337471,4.2094715219308565,4.310548179643901,4.159731950469459,4.209077,4.204371,4.205835190393823,4.206006148107332,-0.002100000000000435,0.002100000000000435,-0.002100000000000435,0.002100000000000435,0.0035000000000007248,0.0035000000000007248,0.00820828033747123,0.00820828033747123,-0.0020284780691435245,0.0020284780691435245,0.09904817964390134,0.09904817964390134,-0.051768049530540594,0.051768049530540594,-0.002423000000000286,0.002423000000000286,-0.007128999999999941,0.007128999999999941,-0.005664809606177101,0.005664809606177101,-0.005493851892667934,0.005493851892667934
2025-12-22,2025-12-23,4.2115,4.2274,Naive,4.2115,4.2115,4.21346,4.218215865730658,4.212207403082627,4.310548179643901,4.242108026695175,4.212695,4.206194000000001,4.2110690176204635,4.208116889508852,-0.015900000000000247,0.015900000000000247,-0.015900000000000247,0.015900000000000247,-0.013939999999999841,0.013939999999999841,-0.009184134269342614,0.009184134269342614,-0.01519259691737318,0.01519259691737318,0.08314817964390109,0.08314817964390109,0.01470802669517468,0.01470802669517468,-0.01470500000000019,0.01470500000000019,-0.021205999999999392,0.021205999999999392,-0.016330982379536785,0.016330982379536785,-0.019283110491148392,0.019283110491148392
2025-12-23,2025-12-29,4.2274,4.2274,Naive,4.2274,4.2274,4.21416,4.219885708325084,4.227771205886298,4.310548179643901,3.882705013343668,4.220713000000001,4.225119000000002,4.224164564545823,4.2203840965740635,0.0,0.0,0.0,0.0,-0.013240000000000585,0.013240000000000585,-0.007514291674916684,0.007514291674916684,0.00037120588629768747,0.00037120588629768747,0.08314817964390109,0.08314817964390109,-0.34469498665633225,0.34469498665633225,-0.006686999999999443,0.006686999999999443,-0.002280999999998201,0.002280999999998201,-0.003235435454177704,0.003235435454177704,-0.00701590342593672,0.00701590342593672
2025-12-29,2025-12-30,4.2274,4.2293,Naive,4.2274,4.2274,4.21666,4.221251943175068,4.228743793249271,4.310548179643901,4.248331471129704,4.220302000000002,4.220043,4.2219099710138615,4.228135433665694,-0.0019000000000000128,0.0019000000000000128,-0.0019000000000000128,0.0019000000000000128,-0.012640000000000207,0.012640000000000207,-0.008048056824931926,0.008048056824931926,-0.0005562067507289825,0.0005562067507289825,0.08124817964390108,0.08124817964390108,0.01903147112970416,0.01903147112970416,-0.008997999999998285,0.008997999999998285,-0.009256999999999849,0.009256999999999849,-0.00739002898613883,0.00739002898613883,-0.0011645663343058388,0.0011645663343058388
2025-12-30,2025-12-31,4.2293,4.2267,Naive,4.2293,4.2293,4.221,4.222715226234147,4.2302733563396195,4.310548179643901,4.261329326399127,4.221192000000001,4.220551000000001,4.222144986600963,4.228418358705459,0.0026000000000001577,0.0026000000000001577,0.0026000000000001577,0.0026000000000001577,-0.005700000000000038,0.005700000000000038,-0.003984773765853156,0.003984773765853156,0.0035733563396194157,0.0035733563396194157,0.08384817964390123,0.08384817964390123,0.03462932639912708,0.03462932639912708,-0.005507999999998958,0.005507999999998958,-0.00614899999999885,0.00614899999999885,-0.0045550133990373,0.0045550133990373,0.0017183587054585558,0.0017183587054585558
2025-12-31,2026-01-02,4.2267,4.2156,Naive,4.2267,4.2267,4.2244600000000005,4.223439730555211,4.231376210456543,4.310548179643901,4.22920986573807,4.219212000000001,4.221425,4.220380488206228,4.226595261683265,0.011099999999999888,0.011099999999999888,0.011099999999999888,0.011099999999999888,0.008860000000000312,0.008860000000000312,0.0078397305552107,0.0078397305552107,0.01577621045654265,0.01577621045654265,0.09494817964390112,0.09494817964390112,0.013609865738069438,0.013609865738069438,0.0036120000000003927,0.0036120000000003927,0.005824999999999747,0.005824999999999747,0.004780488206227673,0.004780488206227673,0.010995261683264701,0.010995261683264701
2026-01-02,2026-01-05,4.2156,4.211,Naive,4.2156,4.2156,4.225280000000001,4.2220143249997175,4.2147488618341615,4.310548179643901,4.2434048554585075,4.215529999999999,4.212610999999998,4.209775150696878,4.215000416893782,0.0045999999999999375,0.0045999999999999375,0.0045999999999999375,0.0045999999999999375,0.014280000000000292,0.014280000000000292,0.011014324999717218,0.011014324999717218,0.0037488618341612323,0.0037488618341612323,0.09954817964390106,0.09954817964390106,0.03240485545850724,0.03240485545850724,0.004529999999999035,0.004529999999999035,0.0016109999999978086,0.0016109999999978086,-0.0012248493031226104,0.0012248493031226104,0.004000416893781278,0.004000416893781278
2026-01-05,2026-01-07,4.211,4.2105,Naive,4.211,4.211,4.222,4.220011720454314,4.214120972645769,4.310548179643901,4.306535567901917,4.208913999999997,4.207862999999999,4.209503806071073,4.209846462868349,0.0005000000000006111,0.0005000000000006111,0.0005000000000006111,0.0005000000000006111,0.011500000000000732,0.011500000000000732,0.009511720454314698,0.009511720454314698,0.003620972645768994,0.003620972645768994,0.10004817964390167,0.10004817964390167,0.09603556790191714,0.09603556790191714,-0.0015860000000023078,0.0015860000000023078,-0.0026370000000008886,0.0026370000000008886,-0.000996193928926914,0.000996193928926914,-0.0006535371316509497,0.0006535371316509497
2026-01-07,2026-01-08,4.2105,4.2119,Naive,4.2105,4.2105,4.21862,4.218282316735348,4.212542821975126,4.310548179643901,4.16898145367827,4.209009,4.207700999999999,4.202648937794504,4.210549988051121,-0.00140000000000029,0.00140000000000029,-0.00140000000000029,0.00140000000000029,0.006719999999999615,0.006719999999999615,0.006382316735347615,0.006382316735347615,0.0006428219751262176,0.0006428219751262176,0.09864817964390138,0.09864817964390138,-0.04291854632173031,0.04291854632173031,-0.002890999999999977,0.002890999999999977,-0.00419900000000073,0.00419900000000073,-0.009251062205495764,0.009251062205495764,-0.0013500119488787377,0.0013500119488787377
2026-01-08,2026-01-09,4.2119,4.2127,Naive,4.2119,4.2119,4.21514,4.217121895510738,4.21227915353454,4.310548179643901,4.157306417559285,4.213738000000001,4.209644000000001,4.208926796379188,4.2101845945679806,-0.0007999999999999119,0.0007999999999999119,-0.0007999999999999119,0.0007999999999999119,0.0024399999999999977,0.0024399999999999977,0.0044218955107382385,0.0044218955107382385,-0.00042084646545959004,0.00042084646545959004,0.09784817964390147,0.09784817964390147,-0.055393582440714795,0.055393582440714795,0.0010380000000012046,0.0010380000000012046,-0.0030559999999990595,0.0030559999999990595,-0.0037732036208115716,0.0037732036208115716,-0.0025154054320193353,0.0025154054320193353
2026-01-09,2026-01-12,4.2127,4.2097,Naive,4.2127,4.2127,4.21234,4.216317914508785,4.210971651264412,4.310548179643901,4.2252388329385715,4.213850000000001,4.211401000000003,4.210003287323011,4.2119614670244525,0.0030000000000001137,0.0030000000000001137,0.0030000000000001137,0.0030000000000001137,0.00264000000000042,0.00264000000000042,0.006617914508785461,0.006617914508785461,0.0012716512644121991,0.0012716512644121991,0.10084817964390158,0.10084817964390158,0.015538832938571723,0.015538832938571723,0.004150000000000986,0.004150000000000986,0.0017010000000032832,0.0017010000000032832,0.00030328732301132533,0.00030328732301132533,0.0022614670244527346,0.0022614670244527346
2026-01-12,2026-01-13,4.2097,4.2116,Naive,4.2097,4.2097,4.21116,4.215114657325369,4.210462236361024,4.310548179643901,4.126437365503892,4.208861999999999,4.202589999999999,4.203273215607638,4.208340606266252,-0.0019000000000000128,0.0019000000000000128,-0.0019000000000000128,0.0019000000000000128,-0.000440000000000218,0.000440000000000218,0.0035146573253692637,0.0035146573253692637,-0.001137763638975997,0.001137763638975997,0.09894817964390157,0.09894817964390157,-0.08516263449610761,0.08516263449610761,-0.0027380000000007954,0.0027380000000007954,-0.00901000000000085,0.00901000000000085,-0.008326784392362008,0.008326784392362008,-0.0032593937337477286,0.0032593937337477286
2026-01-13,2026-01-14,4.2116,4.211,Naive,4.2116,4.2116,4.21128,4.214475628720756,4.211494298706867,4.310548179643901,4.246887068579911,4.211991,4.208218000000001,4.209289921420795,4.211048038224509,0.0005999999999994898,0.0005999999999994898,0.0005999999999994898,0.0005999999999994898,0.000280000000000058,0.000280000000000058,0.0034756287207553527,0.0034756287207553527,0.0004942987068670135,0.0004942987068670135,0.09954817964390106,0.09954817964390106,0.03588706857991042,0.03588706857991042,0.0009909999999999641,0.0009909999999999641,-0.002781999999998952,0.002781999999998952,-0.0017100785792054651,0.0017100785792054651,4.8038224508495375e-05,4.8038224508495375e-05
2026-01-14,2026-01-15,4.211,4.2068,Naive,4.211,4.211,4.21138,4.213843696226073,4.212956278032841,4.310548179643901,4.191261789741479,4.210958000000002,4.207785000000002,4.209952051142108,4.21032188491866,0.0041999999999999815,0.0041999999999999815,0.0041999999999999815,0.0041999999999999815,0.0045799999999998064,0.0045799999999998064,0.007043696226072704,0.007043696226072704,0.006156278032841023,0.006156278032841023,0.10374817964390104,0.10374817964390104,-0.01553821025852109,0.01553821025852109,0.0041580000000021045,0.0041580000000021045,0.00098500000000179,0.00098500000000179,0.0031520511421074815,0.0031520511421074815,0.003521884918659346,0.003521884918659346
2026-01-15,2026-01-16,4.2068,4.2192,Naive,4.2068,4.2068,4.21036,4.212563024184968,4.208122154545324,4.310548179643901,4.148166013952092,4.20441,4.203213999999997,4.20089485004227,4.205337148604736,-0.012399999999999523,0.012399999999999523,-0.012399999999999523,0.012399999999999523,-0.008840000000000181,0.008840000000000181,-0.006636975815031754,0.006636975815031754,-0.011077845454676272,0.011077845454676272,0.09134817964390152,0.09134817964390152,-0.07103398604790812,0.07103398604790812,-0.014789999999999637,0.014789999999999637,-0.015986000000002498,0.015986000000002498,-0.018305149957729583,0.018305149957729583,-0.013862851395264109,0.013862851395264109
2026-01-16,2026-01-19,4.2192,4.2231,Naive,4.2192,4.2192,4.21166,4.213769747060429,4.218475075935499,4.310548179643901,4.299391200655211,4.21839,4.216542000000001,4.218682866187992,4.21909615404155,-0.0038999999999997925,0.0038999999999997925,-0.0038999999999997925,0.0038999999999997925,-0.01143999999999945,0.01143999999999945,-0.009330252939570904,0.009330252939570904,-0.004624924064500213,0.004624924064500213,0.08744817964390172,0.08744817964390172,0.076291200655211,0.076291200655211,-0.004709999999999326,0.004709999999999326,-0.006557999999998287,0.006557999999998287,-0.004417133812007812,0.004417133812007812,-0.004003845958449936,0.004003845958449936
2026-01-19,2026-01-20,4.2231,4.2279,Naive,4.2231,4.2231,4.21434,4.215466156685805,4.224798565208876,4.310548179643901,4.167567999497746,4.219117000000001,4.2198839999999995,4.2196699775279995,4.22145455002635,-0.0048000000000003595,0.0048000000000003595,-0.0048000000000003595,0.0048000000000003595,-0.013560000000000016,0.013560000000000016,-0.012433843314195059,0.012433843314195059,-0.0031014347911240137,0.0031014347911240137,0.08264817964390136,0.08264817964390136,-0.06033200050225407,0.06033200050225407,-0.008782999999999319,0.008782999999999319,-0.008016000000000467,0.008016000000000467,-0.008230022472000442,0.008230022472000442,-0.006445449973649708,0.006445449973649708
2026-01-20,2026-01-21,4.2279,4.2271,Naive,4.2279,4.2279,4.2176,4.217726855470204,4.228841293291675,4.310548179643901,4.267222237705116,4.220075000000001,4.220687000000001,4.220128374878356,4.22958921107174,0.0007999999999999119,0.0007999999999999119,0.0007999999999999119,0.0007999999999999119,-0.009500000000000064,0.009500000000000064,-0.009373144529796207,0.009373144529796207,0.001741293291674495,0.001741293291674495,0.08344817964390128,0.08344817964390128,0.04012223770511625,0.04012223770511625,-0.007024999999998727,0.007024999999998727,-0.006412999999999336,0.006412999999999336,-0.006971625121644287,0.006971625121644287,0.0024892110717402716,0.0024892110717402716
2026-01-21,2026-01-22,4.2271,4.2128,Naive,4.2271,4.2271,4.220820000000001,4.21943106356653,4.229085914753502,4.310548179643901,4.194531687281581,4.219811000000003,4.221155000000002,4.219471660701897,4.227701921628433,0.014300000000000423,0.014300000000000423,0.014300000000000423,0.014300000000000423,0.008020000000001026,0.008020000000001026,0.006631063566530315,0.006631063566530315,0.016285914753502162,0.016285914753502162,0.0977481796439017,0.0977481796439017,-0.018268312718418223,0.018268312718418223,0.007011000000002987,0.007011000000002987,0.008355000000002555,0.008355000000002555,0.006671660701897508,0.006671660701897508,0.014901921628433179,0.014901921628433179
2026-01-22,2026-01-23,4.2128,4.205,Naive,4.2128,4.2128,4.22202,4.218225415645343,4.213644196671348,4.310548179643901,4.175025823787529,4.213686,4.207935999999998,4.2089422416107,4.208226826925548,0.007799999999999585,0.007799999999999585,0.007799999999999585,0.007799999999999585,0.01701999999999959,0.01701999999999959,0.013225415645343297,0.013225415645343297,0.00864419667134797,0.00864419667134797,0.10554817964390129,0.10554817964390129,-0.02997417621247145,0.02997417621247145,0.008685999999999972,0.008685999999999972,0.0029359999999982733,0.0029359999999982733,0.0039422416106997815,0.0039422416106997815,0.0032268269255482096,0.0032268269255482096
2026-01-23,2026-01-26,4.205,4.2118,Naive,4.205,4.205,4.21918,4.215820794618916,4.203962202063762,4.310548179643901,4.224026076006388,4.204360999999998,4.205434999999998,4.200515754781915,4.2035061948928725,-0.006800000000000139,0.006800000000000139,-0.006800000000000139,0.006800000000000139,0.007379999999999498,0.007379999999999498,0.004020794618916135,0.004020794618916135,-0.007837797936238289,0.007837797936238289,0.09874817964390115,0.09874817964390115,0.01222607600638792,0.01222607600638792,-0.007439000000002416,0.007439000000002416,-0.0063650000000023965,0.0063650000000023965,-0.011284245218084799,0.011284245218084799,-0.008293805107127739,0.008293805107127739
2026-01-26,2026-01-27,4.2118,4.2032,Naive,4.2118,4.2118,4.21692,4.21508974105184,4.213029560976189,4.310548179643901,4.153028176739064,4.212032000000001,4.211810000000002,4.210764845007628,4.214190339752323,0.008600000000000385,0.008600000000000385,0.008600000000000385,0.008600000000000385,0.013720000000000176,0.013720000000000176,0.011889741051840375,0.011889741051840375,0.009829560976188922,0.009829560976188922,0.10734817964390153,0.10734817964390153,-0.05017182326093561,0.05017182326093561,0.00883200000000084,0.00883200000000084,0.008610000000001783,0.008610000000001783,0.007564845007627774,0.007564845007627774,0.010990339752322775,0.010990339752322775
2026-01-27,2026-01-28,4.2032,4.2009,Naive,4.2032,4.2032,4.2119800000000005,4.212927969951505,4.203416632537657,4.310548179643901,4.206762811463096,4.204725999999997,4.202867999999999,4.199006811780346,4.198436046585227,0.0022999999999999687,0.0022999999999999687,0.0022999999999999687,0.0022999999999999687,0.011080000000000645,0.011080000000000645,0.012027969951505568,0.012027969951505568,0.002516632537656882,0.002516632537656882,0.1096481796439015,0.1096481796439015,0.005862811463096307,0.005862811463096307,0.0038259999999974426,0.0038259999999974426,0.0019679999999988596,0.0019679999999988596,-0.0018931882196540073,0.0018931882196540073,-0.0024639534147725684,0.0024639534147725684
2026-01-28,2026-01-29,4.2009,4.2072,Naive,4.2009,4.2009,4.206739999999999,4.210741066323958,4.202928288325707,4.310548179643901,4.1522959317894,4.201161,4.198698000000001,4.196644891052865,4.201297218302104,-0.006300000000000416,0.006300000000000416,-0.006300000000000416,0.006300000000000416,-0.0004600000000012372,0.0004600000000012372,0.0035410663239581197,0.0035410663239581197,-0.004271711674292966,0.004271711674292966,0.10334817964390108,0.10334817964390108,-0.05490406821060034,0.05490406821060034,-0.00603900000000035,0.00603900000000035,-0.008501999999999121,0.008501999999999121,-0.010555108947134961,0.010555108947134961,-0.0059027816978964864,0.0059027816978964864
2026-01-29,2026-01-30,4.2072,4.2131,Naive,4.2072,4.2072,4.205620000000001,4.210097236083239,4.207589694223522,4.310548179643901,4.1469805234382235,4.2033,4.203959000000002,4.202655497312837,4.205718337386226,-0.005899999999999572,0.005899999999999572,-0.005899999999999572,0.005899999999999572,-0.007479999999999265,0.007479999999999265,-0.0030027639167604647,0.0030027639167604647,-0.005510305776478042,0.005510305776478042,0.09744817964390151,0.09744817964390151,-0.0661194765617763,0.0661194765617763,-0.009800000000000253,0.009800000000000253,-0.009140999999997845,0.009140999999997845,-0.010444502687162682,0.010444502687162682,-0.007381662613774154,0.007381662613774154
2026-01-30,2026-02-02,4.2131,4.2106,Naive,4.2131,4.2131,4.2072400000000005,4.210643193159013,4.208993403825824,4.310548179643901,4.213812288031614,4.216880000000001,4.213273000000002,4.209689096153014,4.214324355116612,0.0024999999999995026,0.0024999999999995026,0.0024999999999995026,0.0024999999999995026,-0.0033599999999998076,0.0033599999999998076,4.31931590130219e-05,4.31931590130219e-05,-0.0016065961741764667,0.0016065961741764667,0.09994817964390101,0.09994817964390101,0.0032122880316132196,0.0032122880316132196,0.006280000000000285,0.006280000000000285,0.0026730000000014797,0.0026730000000014797,-0.000910903846986777,0.000910903846986777,0.003724355116611733,0.003724355116611733
2026-02-02,2026-02-03,4.2106,4.2198,Naive,4.2106,4.2106,4.206999999999999,4.210635339857374,4.212560894981591,4.310548179643901,4.188860852632908,4.211053000000001,4.206571,4.202848126204867,4.20934196584179,-0.009199999999999875,0.009199999999999875,-0.009199999999999875,0.009199999999999875,-0.012800000000001255,0.012800000000001255,-0.009164660142626069,0.009164660142626069,-0.0072391050184092975,0.0072391050184092975,0.09074817964390114,0.09074817964390114,-0.030939147367091913,0.030939147367091913,-0.008746999999999616,0.008746999999999616,-0.013228999999999935,0.013228999999999935,-0.016951873795132855,0.016951873795132855,-0.010458034158210339,0.010458034158210339
2026-02-03,2026-02-04,4.2198,4.2241,Naive,4.2198,4.2198,4.21032,4.212301641701488,4.22042399455775,4.310548179643901,4.266845275724918,4.218772,4.220525,4.217990936891781,4.22122400185035,-0.0042999999999997485,0.0042999999999997485,-0.0042999999999997485,0.0042999999999997485,-0.013779999999999681,0.013779999999999681,-0.01179835829851239,0.01179835829851239,-0.0036760054422497745,0.0036760054422497745,0.08644817964390139,0.08644817964390139,0.0427452757249176,0.0427452757249176,-0.005327999999999555,0.005327999999999555,-0.0035749999999996618,0.0035749999999996618,-0.006109063108218571,0.006109063108218571,-0.0028759981496495612,0.0028759981496495612
2026-02-04,2026-02-05,4.2241,4.2175,Naive,4.2241,4.2241,4.2149600000000005,4.2144467977557625,4.2262840079970605,4.310548179643901,4.209581752021717,4.220218000000002,4.22171,4.220278860144665,4.2245303538605485,0.006599999999999717,0.006599999999999717,0.006599999999999717,0.006599999999999717,-0.0025399999999997647,0.0025399999999997647,-0.0030532022442377738,0.0030532022442377738,0.00878400799706025,0.00878400799706025,0.09304817964390111,0.09304817964390111,-0.007918247978283333,0.007918247978283333,0.0027180000000015525,0.0027180000000015525,0.004209999999999603,0.004209999999999603,0.0027788601446649963,0.0027788601446649963,0.0070303538605482885,0.0070303538605482885
2026-02-05,2026-02-06,4.2175,4.2155,Naive,4.2175,4.2175,4.217020000000001,4.215001925436533,4.219352628352138,4.310548179643901,4.209118356258427,4.216278,4.216525,4.216466625291036,4.216600924783713,0.002000000000000668,0.002000000000000668,0.002000000000000668,0.002000000000000668,0.001520000000001076,0.001520000000001076,-0.0004980745634668438,0.0004980745634668438,0.0038526283521385096,0.0038526283521385096,0.09504817964390178,0.09504817964390178,-0.0063816437415722405,0.0063816437415722405,0.0007780000000003895,0.0007780000000003895,0.0010250000000002757,0.0010250000000002757,0.000966625291036749,0.000966625291036749,0.0011009247837137082,0.0011009247837137082
2026-02-06,2026-02-09,4.2155,4.2142,Naive,4.2155,4.2155,4.2175,4.215092484448072,4.215333014910102,4.310548179643901,4.274512440018981,4.215986,4.214964,4.20933320224597,4.214911532141554,0.0012999999999996348,0.0012999999999996348,0.0012999999999996348,0.0012999999999996348,0.0033000000000003027,0.0033000000000003027,0.0008924844480722172,0.0008924844480722172,0.0011330149101018705,0.0011330149101018705,0.09634817964390141,0.09634817964390141,0.06031244001898095,0.06031244001898095,0.0017860000000000653,0.0017860000000000653,0.000764000000000209,0.000764000000000209,-0.004866797754029761,0.004866797754029761,0.0007115321415538389,0.0007115321415538389
2026-02-09,2026-02-10,4.2142,4.2148,Naive,4.2142,4.2142,4.21822,4.214930214548422,4.2149436094919,4.310548179643901,4.184846121331754,4.214364,4.211602000000001,4.209303164203266,4.215210909900912,-0.000600000000000378,0.000600000000000378,-0.000600000000000378,0.000600000000000378,0.0034199999999993125,0.0034199999999993125,0.0001302145484221029,0.0001302145484221029,0.00014360949190006522,0.00014360949190006522,0.09574817964390103,0.09574817964390103,-0.029953878668246503,0.029953878668246503,-0.00043600000000054706,0.00043600000000054706,-0.003197999999999368,0.003197999999999368,-0.00549683579673399,0.00549683579673399,0.0004109099009115269,0.0004109099009115269
2026-02-10,2026-02-11,4.2148,4.2174,Naive,4.2148,4.2148,4.217219999999999,4.214906539175982,4.2156596118405325,4.310548179643901,4.243833190641939,4.214612999999999,4.213412000000002,4.2093222941455215,4.215108388040061,-0.0025999999999992696,0.0025999999999992696,-0.0025999999999992696,0.0025999999999992696,-0.00018000000000029104,0.00018000000000029104,-0.0024934608240174683,0.0024934608240174683,-0.0017403881594670878,0.0017403881594670878,0.09314817964390176,0.09314817964390176,0.026433190641939497,0.026433190641939497,-0.002787000000000539,0.002787000000000539,-0.003987999999997882,0.003987999999997882,-0.00807770585447809,0.00807770585447809,-0.0022916119599383222,0.0022916119599383222
2026-02-11,2026-02-12,4.2174,4.2131,Naive,4.2174,4.2174,4.21588,4.21535989568944,4.218892545546048,4.310548179643901,4.196787099043359,4.215056000000003,4.215216000000002,4.216586956716599,4.217704019224841,0.0042999999999997485,0.0042999999999997485,0.0042999999999997485,0.0042999999999997485,0.0027800000000004488,0.0027800000000004488,0.0022598956894404054,0.0022598956894404054,0.005792545546047911,0.005792545546047911,0.09744817964390151,0.09744817964390151,-0.016312900956640952,0.016312900956640952,0.0019560000000033995,0.0019560000000033995,0.002116000000001783,0.002116000000001783,0.0034869567165989324,0.0034869567165989324,0.004604019224840883,0.004604019224840883
2026-02-12,2026-02-13,4.2131,4.214,Naive,4.2131,4.2131,4.214999999999999,4.214949005564088,4.212956244398595,4.310548179643901,4.201691470511239,4.213413000000002,4.210691000000001,4.208714751151311,4.210837974278299,-0.000900000000000567,0.000900000000000567,-0.000900000000000567,0.000900000000000567,0.0009999999999985576,0.0009999999999985576,0.0009490055640872797,0.0009490055640872797,-0.0010437556014055716,0.0010437556014055716,0.09654817964390094,0.09654817964390094,-0.012308529488761266,0.012308529488761266,-0.0005869999999985609,0.0005869999999985609,-0.0033089999999997843,0.0033089999999997843,-0.005285248848688973,0.005285248848688973,-0.0031620257217017667,0.0031620257217017667
2026-02-13,2026-02-16,4.214,4.208,Naive,4.214,4.214,4.2147,4.21477645909789,4.212416753962103,4.310548179643901,4.262277970195734,4.212849,4.210992,4.209078860810607,4.215150663353743,0.006000000000000227,0.006000000000000227,0.006000000000000227,0.006000000000000227,0.006699999999999484,0.006699999999999484,0.00677645909788982,0.00677645909788982,0.004416753962102504,0.004416753962102504,0.10254817964390117,0.10254817964390117,0.05427797019573344,0.05427797019573344,0.004849000000000103,0.004849000000000103,0.0029919999999998836,0.0029919999999998836,0.0010788608106064856,0.0010788608106064856,0.007150663353742814,0.007150663353742814
2026-02-16,2026-02-17,4.208,4.2182,Naive,4.208,4.208,4.21346,4.213544375625546,4.209539202211535,4.310548179643901,4.175754813663205,4.205149999999997,4.202938,4.202089893758046,4.20607205803764,-0.010200000000000209,0.010200000000000209,-0.010200000000000209,0.010200000000000209,-0.0047399999999999665,0.0047399999999999665,-0.004655624374453993,0.004655624374453993,-0.008660797788465402,0.008660797788465402,0.09234817964390096,0.09234817964390096,-0.042445186336795615,0.042445186336795615,-0.013050000000003337,0.013050000000003337,-0.015262000000000775,0.015262000000000775,-0.016110106241954192,0.016110106241954192,-0.012127941962360111,0.012127941962360111
2026-02-17,2026-02-18,4.2182,4.2148,Naive,4.2182,4.2182,4.21414,4.214390852784538,4.218032664090005,4.310548179643901,4.246880377644177,4.217358000000002,4.21695,4.219770862865895,4.215675413245286,0.0034000000000000696,0.0034000000000000696,0.0034000000000000696,0.0034000000000000696,-0.0006599999999998829,0.0006599999999998829,-0.00040914721546236876,0.00040914721546236876,0.0032326640900048886,0.0032326640900048886,0.09574817964390103,0.09574817964390103,0.03208037764417693,0.03208037764417693,0.0025580000000013925,0.0025580000000013925,0.00214999999999943,0.00214999999999943,0.004970862865894432,0.004970862865894432,0.0008754132452857277,0.0008754132452857277
2026-02-18,2026-02-19,4.2148,4.222,Naive,4.2148,4.2148,4.213620000000001,4.214465243187349,4.217767932196903,4.310548179643901,4.202740883279914,4.216753000000003,4.213083,4.209915424465967,4.215676890975238,-0.007200000000000095,0.007200000000000095,-0.007200000000000095,0.007200000000000095,-0.008379999999999832,0.008379999999999832,-0.007534756812651366,0.007534756812651366,-0.004232067803097372,0.004232067803097372,0.08854817964390094,0.08854817964390094,-0.019259116720086844,0.019259116720086844,-0.005246999999997115,0.005246999999997115,-0.008917000000000286,0.008917000000000286,-0.012084575534033526,0.012084575534033526,-0.00632310902476263,0.00632310902476263
2026-02-19,2026-02-20,4.222,4.2241,Naive,4.222,4.222,4.215400000000001,4.215835198971467,4.222600711941038,4.310548179643901,4.219665305901629,4.220785000000001,4.219357999999999,4.219330537108879,4.221369876704445,-0.0020999999999995467,0.0020999999999995467,-0.0020999999999995467,0.0020999999999995467,-0.008699999999999264,0.008699999999999264,-0.008264801028532887,0.008264801028532887,-0.001499288058962378,0.001499288058962378,0.08644817964390139,0.08644817964390139,-0.004434694098370606,0.004434694098370606,-0.0033149999999988466,0.0033149999999988466,-0.004742000000001134,0.004742000000001134,-0.004769462891120568,0.004769462891120568,-0.002730123295554776,0.002730123295554776
2026-02-20,2026-02-23,4.2241,4.2173,Naive,4.2241,4.2241,4.21742,4.217337890067563,4.2235885573767495,4.310548179643901,4.2931891153301605,4.219981000000001,4.219836999999999,4.21871427718779,4.225431308795849,0.006800000000000139,0.006800000000000139,0.006800000000000139,0.006800000000000139,0.00011999999999989797,0.00011999999999989797,3.789006756349522e-05,3.789006756349522e-05,0.006288557376749715,0.006288557376749715,0.09324817964390153,0.09324817964390153,0.07588911533016063,0.07588911533016063,0.0026810000000008216,0.0026810000000008216,0.0025369999999993453,0.0025369999999993453,0.0014142771877905247,0.0014142771877905247,0.008131308795849002,0.008131308795849002
2026-02-23,2026-02-24,4.2173,4.2193,Naive,4.2173,4.2173,4.21928,4.21733100096437,4.218997669556036,4.310548179643901,4.192012539152307,4.216831,4.214213999999999,4.215329914961358,4.220319609731803,-0.0019999999999997797,0.0019999999999997797,-0.0019999999999997797,0.0019999999999997797,-1.9999999999242846e-05,1.9999999999242846e-05,-0.0019689990356299703,0.0019689990356299703,-0.00030233044396332787,0.00030233044396332787,0.09124817964390175,0.09124817964390175,-0.027287460847692735,0.027287460847692735,-0.0024689999999996104,0.0024689999999996104,-0.005086000000000368,0.005086000000000368,-0.003970085038641713,0.003970085038641713,0.0010196097318031505,0.0010196097318031505
2026-02-24,2026-02-25,4.2193,4.2183,Naive,4.2193,4.2193,4.2195,4.217689000789029,4.2203464149623375,4.310548179643901,4.240784692608701,4.217632000000002,4.215713,4.216009165411674,4.2193527721555935,0.0009999999999994458,0.0009999999999994458,0.0009999999999994458,0.0009999999999994458,0.0011999999999998678,0.0011999999999998678,-0.0006109992109708529,0.0006109992109708529,0.002046414962337373,0.002046414962337373,0.0922481796439012,0.0922481796439012,0.022484692608700563,0.022484692608700563,-0.0006679999999983366,0.0006679999999983366,-0.002587000000000117,0.002587000000000117,-0.0022908345883259074,0.0022908345883259074,0.0010527721555932956,0.0010527721555932956
2026-02-25,2026-02-26,4.2183,4.2224,Naive,4.2183,4.2183,4.2202,4.21780009155466,4.219951195643998,4.310548179643901,4.199600785452522,4.215836000000001,4.215401000000002,4.216998316222094,4.2183443722284855,-0.004100000000000215,0.004100000000000215,-0.004100000000000215,0.004100000000000215,-0.002200000000000202,0.002200000000000202,-0.004599908445340084,0.004599908445340084,-0.0024488043560024764,0.0024488043560024764,0.08814817964390098,0.08814817964390098,-0.022799214547478464,0.022799214547478464,-0.006563999999999126,0.006563999999999126,-0.006998999999998645,0.006998999999998645,-0.005401683777906285,0.005401683777906285,-0.004055627771514914,0.004055627771514914
2026-02-26,2026-02-27,4.2224,4.2233,Naive,4.2224,4.2224,4.22028,4.218636438544722,4.22286551684131,4.310548179643901,4.215013999447305,4.219222000000001,4.219554000000001,4.2198504426204115,4.221329855858485,-0.0008999999999996788,0.0008999999999996788,-0.0008999999999996788,0.0008999999999996788,-0.0030200000000002447,0.0030200000000002447,-0.004663561455277687,0.004663561455277687,-0.00043448315869021314,0.00043448315869021314,0.0872481796439013,0.0872481796439013,-0.008286000552694794,0.008286000552694794,-0.004077999999998916,0.004077999999998916,-0.003745999999998695,0.003745999999998695,-0.0034495573795885193,0.0034495573795885193,-0.0019701441415147514,0.0019701441415147514
2026-02-27,2026-03-02,4.2233,4.2304,Naive,4.2233,4.2233,4.22012,4.219484358809318,4.22258231549457,4.310548179643901,4.320948039577564,4.219108000000002,4.220049000000002,4.220637945386871,4.222427568244676,-0.007100000000000328,0.007100000000000328,-0.007100000000000328,0.007100000000000328,-0.010280000000000733,0.010280000000000733,-0.010915641190682557,0.010915641190682557,-0.0078176845054303,0.0078176845054303,0.08014817964390097,0.08014817964390097,0.09054803957756352,0.09054803957756352,-0.011291999999998303,0.011291999999998303,-0.010350999999998223,0.010350999999998223,-0.0097620546131294,0.0097620546131294,-0.007972431755324472,0.007972431755324472
2026-03-02,2026-03-03,4.2304,4.2732,Naive,4.2304,4.2304,4.22274,4.221469020843987,4.231293815839745,4.310548179643901,4.239910973354689,4.225300000000003,4.222635000000004,4.231460795925217,4.229213721183109,-0.04279999999999973,0.04279999999999973,-0.04279999999999973,0.04279999999999973,-0.05046000000000017,0.05046000000000017,-0.05173097915601321,0.05173097915601321,-0.041906184160255044,0.041906184160255044,0.03734817964390125,0.03734817964390125,-0.03328902664531075,0.03328902664531075,-0.04789999999999672,0.04789999999999672,-0.050564999999996196,0.050564999999996196,-0.04173920407478349,0.04173920407478349,-0.04398627881689077,0.04398627881689077
2026-03-03,2026-03-04,4.2732,4.2685,Naive,4.2732,4.2732,4.23352,4.230874653417807,4.272607955240585,4.310548179643901,4.290103930734577,4.273181000000001,4.27162,4.274875393520941,4.29676355242579,0.004699999999999704,0.004699999999999704,0.004699999999999704,0.004699999999999704,-0.03498000000000001,0.03498000000000001,-0.03762534658219341,0.03762534658219341,0.004107955240584715,0.004107955240584715,0.04204817964390095,0.04204817964390095,0.021603930734576338,0.021603930734576338,0.004681000000000601,0.004681000000000601,0.0031200000000000117,0.0031200000000000117,0.00637539352094052,0.00637539352094052,0.028263552425789484,0.028263552425789484
2026-03-04,2026-03-05,4.2685,4.2739,Naive,4.2685,4.2685,4.24356,4.23771562552366,4.270571594036454,4.310548179643901,4.195301926098062,4.270279,4.266465999999999,4.26497137077742,4.269843719591229,-0.005399999999999849,0.005399999999999849,-0.005399999999999849,0.005399999999999849,-0.03033999999999981,0.03033999999999981,-0.03618437447634015,0.03618437447634015,-0.0033284059635461105,0.0033284059635461105,0.0366481796439011,0.0366481796439011,-0.07859807390193829,0.07859807390193829,-0.0036209999999998743,0.0036209999999998743,-0.007434000000000829,0.007434000000000829,-0.008928629222579865,0.008928629222579865,-0.004056280408771151,0.004056280408771151
2026-03-05,2026-03-06,4.2739,4.2782,Naive,4.2739,4.2739,4.25386,4.244294602701176,4.274234820984052,4.310548179643901,4.287761500684057,4.262369000000001,4.2630180000000015,4.272278564160517,4.276786844828674,-0.0042999999999997485,0.0042999999999997485,-0.0042999999999997485,0.0042999999999997485,-0.024339999999999584,0.024339999999999584,-0.033905397298823914,0.033905397298823914,-0.0039651790159478395,0.0039651790159478395,0.032348179643901354,0.032348179643901354,0.00956150068405659,0.00956150068405659,-0.015830999999998596,0.015830999999998596,-0.015181999999998474,0.015181999999998474,-0.0059214358394825695,0.0059214358394825695,-0.0014131551713258972,0.0014131551713258972
2026-03-06,2026-03-09,4.2782,4.2836,Naive,4.2782,4.2782,4.26484,4.250459220391871,4.277967386302967,4.310548179643901,4.298266083144976,4.268604,4.268649999999999,4.2731469810439915,4.2816635105911915,-0.005399999999999849,0.005399999999999849,-0.005399999999999849,0.005399999999999849,-0.018759999999999444,0.018759999999999444,-0.03314077960812867,0.03314077960812867,-0.005632613697033051,0.005632613697033051,0.026948179643901504,0.026948179643901504,0.014666083144976305,0.014666083144976305,-0.01499600000000001,0.01499600000000001,-0.014950000000000685,0.014950000000000685,-0.010453018956008364,0.010453018956008364,-0.0019364894088083062,0.0019364894088083062
