date,target_date,y_t,true_target,best_model,pred_best,pred_Naive,pred_SMA,pred_EMA,pred_Ridge,pred_ElasticNet,pred_MLPRegressor,pred_RandomForest,pred_ExtraTrees,pred_HistGB,pred_SARIMAX,err_pred_best,abs_err_pred_best,err_pred_Naive,abs_err_pred_Naive,err_pred_SMA,abs_err_pred_SMA,err_pred_EMA,abs_err_pred_EMA,err_pred_Ridge,abs_err_pred_Ridge,err_pred_ElasticNet,abs_err_pred_ElasticNet,err_pred_MLPRegressor,abs_err_pred_MLPRegressor,err_pred_RandomForest,abs_err_pred_RandomForest,err_pred_ExtraTrees,abs_err_pred_ExtraTrees,err_pred_HistGB,abs_err_pred_HistGB,err_pred_SARIMAX,abs_err_pred_SARIMAX
2025-01-14,2025-02-25,4.2737,4.1339,Ridge,4.286634406578016,4.2737,4.303028333333333,4.269786410132406,4.286634406578016,4.313707552222818,4.195124884336284,4.192654000000004,4.191516000000004,4.205156394944425,4.252117799117131,0.1527344065780163,0.1527344065780163,0.13980000000000015,0.13980000000000015,0.1691283333333331,0.1691283333333331,0.13588641013240643,0.13588641013240643,0.1527344065780163,0.1527344065780163,0.17980755222281797,0.17980755222281797,0.06122488433628437,0.06122488433628437,0.05875400000000397,0.05875400000000397,0.057616000000003886,0.057616000000003886,0.0712563949444256,0.0712563949444256,0.11821779911713115,0.11821779911713115
2025-01-15,2025-02-26,4.2611,4.1394,Ridge,4.279793605526592,4.2611,4.302525,4.268207062835605,4.279793605526592,4.313707552222818,4.224057504285297,4.191714000000004,4.2052400000000025,4.207812591047238,4.240367920136074,0.14039360552659197,0.14039360552659197,0.1216999999999997,0.1216999999999997,0.16312499999999996,0.16312499999999996,0.1288070628356044,0.1288070628356044,0.14039360552659197,0.14039360552659197,0.17430755222281746,0.17430755222281746,0.08465750428529706,0.08465750428529706,0.052314000000003524,0.052314000000003524,0.06584000000000234,0.06584000000000234,0.06841259104723818,0.06841259104723818,0.10096792013607381,0.10096792013607381
2025-01-16,2025-02-27,4.262,4.1371,Ridge,4.281619354751739,4.262,4.301966666666667,4.267078505956404,4.281619354751739,4.313707552222818,4.291068516585841,4.198078000000002,4.2082770000000025,4.204159081804182,4.233956362739551,0.14451935475173894,0.14451935475173894,0.12489999999999934,0.12489999999999934,0.16486666666666672,0.16486666666666672,0.12997850595640337,0.12997850595640337,0.14451935475173894,0.14451935475173894,0.17660755222281743,0.17660755222281743,0.15396851658584065,0.15396851658584065,0.0609780000000022,0.0609780000000022,0.07117700000000227,0.07117700000000227,0.06705908180418163,0.06705908180418163,0.09685636273955112,0.09685636273955112
2025-01-17,2025-02-28,4.2691,4.1575,Ridge,4.286758728450756,4.2691,4.301161666666667,4.267446050327966,4.286758728450756,4.313707552222818,4.331796841303067,4.210088000000002,4.2197590000000025,4.203450789031545,4.2388382715129165,0.1292587284507558,0.1292587284507558,0.11160000000000014,0.11160000000000014,0.14366166666666746,0.14366166666666746,0.10994605032796656,0.10994605032796656,0.1292587284507558,0.1292587284507558,0.1562075522228179,0.1562075522228179,0.17429684130306722,0.17429684130306722,0.052588000000001855,0.052588000000001855,0.06225900000000273,0.06225900000000273,0.04595078903154537,0.04595078903154537,0.08133827151291673,0.08133827151291673
2025-01-20,2025-03-03,4.2587,4.1827,Ridge,4.280280742436781,4.2587,4.300393333333333,4.265855859359245,4.280280742436781,4.313707552222818,4.196435124142887,4.240565,4.258277000000001,4.21636560978656,4.221985826552786,0.09758074243678116,0.09758074243678116,0.07600000000000051,0.07600000000000051,0.11769333333333343,0.11769333333333343,0.08315585935924563,0.08315585935924563,0.09758074243678116,0.09758074243678116,0.131007552222818,0.131007552222818,0.013735124142887578,0.013735124142887578,0.0578650000000005,0.0578650000000005,0.07557700000000178,0.07557700000000178,0.03366560978655997,0.03366560978655997,0.03928582655278667,0.03928582655278667
2025-01-21,2025-03-04,4.2554,4.1568,Ridge,4.279700456599181,4.2554,4.2993533333333325,4.263954794021201,4.279700456599181,4.313707552222818,4.29219060477616,4.246748000000002,4.251652000000002,4.238501921366822,4.207594054722329,0.12290045659918114,0.12290045659918114,0.09860000000000024,0.09860000000000024,0.14255333333333287,0.14255333333333287,0.1071547940212012,0.1071547940212012,0.12290045659918114,0.12290045659918114,0.15690755222281805,0.15690755222281805,0.13539060477616083,0.13539060477616083,0.08994800000000236,0.08994800000000236,0.09485200000000216,0.09485200000000216,0.08170192136682264,0.08170192136682264,0.05079405472232956,0.05079405472232956
2025-01-22,2025-03-05,4.2461,4.1545,Ridge,4.273795849081803,4.2461,4.29819,4.260708467835528,4.273795849081803,4.313707552222818,4.2804136320617925,4.246937999999999,4.258895000000002,4.233158177690247,4.196311539051256,0.11929584908180324,0.11929584908180324,0.09160000000000057,0.09160000000000057,0.14369000000000032,0.14369000000000032,0.10620846783552818,0.10620846783552818,0.11929584908180324,0.11929584908180324,0.15920755222281802,0.15920755222281802,0.12591363206179285,0.12591363206179285,0.09243799999999958,0.09243799999999958,0.10439500000000201,0.10439500000000201,0.0786581776902473,0.0786581776902473,0.04181153905125612,0.04181153905125612
2025-01-23,2025-03-06,4.2182,4.1766,Ridge,4.252987946014246,4.2182,4.2962533333333335,4.252979655501795,4.252987946014246,4.313707552222818,4.258908104159331,4.206252,4.234028,4.190713863293081,4.166797388882603,0.07638794601424603,0.07638794601424603,0.04160000000000075,0.04160000000000075,0.11965333333333383,0.11965333333333383,0.07637965550179526,0.07637965550179526,0.07638794601424603,0.07638794601424603,0.137107552222818,0.137107552222818,0.08230810415933121,0.08230810415933121,0.029652000000000456,0.029652000000000456,0.0574280000000007,0.0574280000000007,0.014113863293081508,0.014113863293081508,-0.009802611117396332,0.009802611117396332
2025-01-24,2025-03-07,4.21,4.176,Ridge,4.241178226526394,4.21,4.2940933333333335,4.245165172683286,4.241178226526394,4.313707552222818,4.324274090270272,4.192850999999999,4.233336999999998,4.187625279520695,4.160531800208675,0.0651782265263936,0.0651782265263936,0.03399999999999981,0.03399999999999981,0.11809333333333338,0.11809333333333338,0.06916517268328626,0.06916517268328626,0.0651782265263936,0.0651782265263936,0.1377075522228175,0.1377075522228175,0.14827409027027194,0.14827409027027194,0.01685099999999906,0.01685099999999906,0.05733699999999775,0.05733699999999775,0.011625279520695031,0.011625279520695031,-0.015468199791325077,0.015468199791325077
2025-01-27,2025-03-10,4.2176,4.1857,Ridge,4.247524016813085,4.2176,4.291831666666667,4.240153323104507,4.247524016813085,4.313707552222818,4.294285081359666,4.1913,4.218779999999999,4.176716089916835,4.161154991147277,0.0618240168130848,0.0618240168130848,0.03190000000000026,0.03190000000000026,0.10613166666666718,0.10613166666666718,0.054453323104507234,0.054453323104507234,0.0618240168130848,0.0618240168130848,0.1280075522228179,0.1280075522228179,0.10858508135966627,0.10858508135966627,0.005600000000000271,0.005600000000000271,0.03307999999999911,0.03307999999999911,-0.008983910083165014,0.008983910083165014,-0.024545008852722816,0.024545008852722816
2025-01-28,2025-03-11,4.2092,4.1977,Ridge,4.2381748534901895,4.2092,4.2895216666666665,4.234525446176415,4.2381748534901895,4.313707552222818,4.353558785800804,4.187303,4.213324999999998,4.160718512752423,4.156254800819347,0.04047485349018931,0.04047485349018931,0.011499999999999844,0.011499999999999844,0.09182166666666625,0.09182166666666625,0.03682544617641437,0.03682544617641437,0.04047485349018931,0.04047485349018931,0.11600755222281744,0.11600755222281744,0.15585878580080337,0.15585878580080337,-0.010397000000000212,0.010397000000000212,0.015624999999998224,0.015624999999998224,-0.03698148724757733,0.03698148724757733,-0.041445199180652814,0.041445199180652814
2025-01-29,2025-03-12,4.2077,4.2017,Ridge,4.24123609466466,4.2077,4.28708,4.2296480923261575,4.24123609466466,4.313707552222818,4.296891162526621,4.181947000000001,4.198116999999999,4.172118776081695,4.140852268613406,0.039536094664660126,0.039536094664660126,0.006000000000000227,0.006000000000000227,0.08537999999999979,0.08537999999999979,0.027948092326157692,0.027948092326157692,0.039536094664660126,0.039536094664660126,0.11200755222281789,0.11200755222281789,0.0951911625266213,0.0951911625266213,-0.0197529999999988,0.0197529999999988,-0.00358300000000078,0.00358300000000078,-0.029581223918304644,0.029581223918304644,-0.06084773138659383,0.06084773138659383
2025-01-30,2025-03-13,4.2039,4.196,Ridge,4.240289808156451,4.2039,4.284895,4.224966620994128,4.240289808156451,4.313707552222818,4.3174603740472355,4.179103999999999,4.192978999999999,4.159803816450644,4.124200998085429,0.044289808156451116,0.044289808156451116,0.00790000000000024,0.00790000000000024,0.08889499999999995,0.08889499999999995,0.02896662099412861,0.02896662099412861,0.044289808156451116,0.044289808156451116,0.11770755222281792,0.11770755222281792,0.12146037404723575,0.12146037404723575,-0.01689600000000091,0.01689600000000091,-0.0030210000000003845,0.0030210000000003845,-0.03619618354935561,0.03619618354935561,-0.07179900191457111,0.07179900191457111
2025-01-31,2025-03-14,4.213,4.179,Ridge,4.242862467130294,4.213,4.282561666666667,4.222790871722468,4.242862467130294,4.313707552222818,4.447001661169159,4.181770999999999,4.190049999999999,4.17311590823053,4.133456986584903,0.06386246713029387,0.06386246713029387,0.03399999999999981,0.03399999999999981,0.10356166666666677,0.10356166666666677,0.04379087172246798,0.04379087172246798,0.06386246713029387,0.06386246713029387,0.13470755222281738,0.13470755222281738,0.26800166116915847,0.26800166116915847,0.0027709999999983026,0.0027709999999983026,0.011049999999999116,0.011049999999999116,-0.0058840917694702455,0.0058840917694702455,-0.04554301341509692,0.04554301341509692
2025-02-03,2025-03-17,4.2305,4.1777,Ridge,4.252491007012216,4.2305,4.280665,4.224192531409292,4.252491007012216,4.313707552222818,4.341224567785419,4.191406999999997,4.179879999999998,4.176010354477538,4.162698993017988,0.07479100701221597,0.07479100701221597,0.0528000000000004,0.0528000000000004,0.1029650000000002,0.1029650000000002,0.046492531409292326,0.046492531409292326,0.07479100701221597,0.07479100701221597,0.1360075522228179,0.1360075522228179,0.16352456778541935,0.16352456778541935,0.013706999999997471,0.013706999999997471,0.0021799999999982944,0.0021799999999982944,-0.00168964552246198,0.00168964552246198,-0.015001006982012122,0.015001006982012122
2025-02-04,2025-03-18,4.2249,4.1776,Ridge,4.2458482772461235,4.2249,4.278401666666666,4.224321162062148,4.2458482772461235,4.313707552222818,4.30585137882654,4.179217999999997,4.181146999999998,4.178595496447129,4.171262595057693,0.06824827724612348,0.06824827724612348,0.0472999999999999,0.0472999999999999,0.10080166666666646,0.10080166666666646,0.04672116206214838,0.04672116206214838,0.06824827724612348,0.06824827724612348,0.13610755222281767,0.13610755222281767,0.12825137882653959,0.12825137882653959,0.0016179999999970107,0.0016179999999970107,0.0035469999999984125,0.0035469999999984125,0.0009954964471292627,0.0009954964471292627,-0.0063374049423066126,0.0063374049423066126
2025-02-05,2025-03-19,4.2059,4.1945,Ridge,4.229257112801725,4.2059,4.275729999999999,4.220971859869031,4.229257112801725,4.313707552222818,4.265142499729692,4.173341999999999,4.170129,4.168768885898902,4.130270877248899,0.03475711280172522,0.03475711280172522,0.011400000000000077,0.011400000000000077,0.08122999999999969,0.08122999999999969,0.026471859869031,0.026471859869031,0.03475711280172522,0.03475711280172522,0.11920755222281798,0.11920755222281798,0.07064249972969261,0.07064249972969261,-0.021158000000000676,0.021158000000000676,-0.024370999999999476,0.024370999999999476,-0.02573111410109785,0.02573111410109785,-0.06422912275110093,0.06422912275110093
2025-02-06,2025-03-20,4.2073,4.1972,Ridge,4.22873883965214,4.2073,4.273466666666667,4.21848606716557,4.22873883965214,4.313707552222818,4.351694840539889,4.176048999999999,4.171007999999999,4.173983090798337,4.135748760990567,0.031538839652140105,0.031538839652140105,0.010100000000000442,0.010100000000000442,0.07626666666666715,0.07626666666666715,0.0212860671655708,0.0212860671655708,0.031538839652140105,0.031538839652140105,0.11650755222281806,0.11650755222281806,0.15449484053988982,0.15449484053988982,-0.021151000000000586,0.021151000000000586,-0.02619200000000088,0.02619200000000088,-0.023216909201662972,0.023216909201662972,-0.06145123900943261,0.06145123900943261
2025-02-07,2025-03-21,4.1898,4.1979,Ridge,4.2121188636445845,4.1898,4.271223333333333,4.213270418590012,4.2121188636445845,4.313707552222818,4.391311868213748,4.1758739999999985,4.158879999999999,4.157297561461716,4.1139004561119625,0.0142188636445848,0.0142188636445848,-0.008099999999999774,0.008099999999999774,0.07332333333333363,0.07332333333333363,0.015370418590012314,0.015370418590012314,0.0142188636445848,0.0142188636445848,0.11580755222281791,0.11580755222281791,0.19341186821374823,0.19341186821374823,-0.02202600000000121,0.02202600000000121,-0.03902000000000072,0.03902000000000072,-0.040602438538283714,0.040602438538283714,-0.08399954388803721,0.08399954388803721
2025-02-10,2025-03-24,4.1872,4.1832,Ridge,4.208405430168571,4.1872,4.268393333333334,4.208530342482737,4.208405430168571,4.313707552222818,4.265502192402207,4.170432999999999,4.156092999999998,4.150238397754243,4.116635324328878,0.025205430168570686,0.025205430168570686,0.0039999999999995595,0.0039999999999995595,0.08519333333333368,0.08519333333333368,0.02533034248273669,0.02533034248273669,0.025205430168570686,0.025205430168570686,0.1305075522228174,0.1305075522228174,0.08230219240220649,0.08230219240220649,-0.012767000000001083,0.012767000000001083,-0.027107000000002657,0.027107000000002657,-0.032961602245757504,0.032961602245757504,-0.06656467567112223,0.06656467567112223
2025-02-11,2025-03-25,4.1783,4.1664,Ridge,4.201059837610688,4.1783,4.265671666666667,4.203033916576785,4.201059837610688,4.313707552222818,4.247920584910397,4.171150999999998,4.150736999999999,4.168419268148123,4.097257138438162,0.034659837610687916,0.034659837610687916,0.0118999999999998,0.0118999999999998,0.09927166666666665,0.09927166666666665,0.03663391657678439,0.03663391657678439,0.034659837610687916,0.034659837610687916,0.14730755222281733,0.14730755222281733,0.08152058491039682,0.08152058491039682,0.004750999999997951,0.004750999999997951,-0.01566300000000176,0.01566300000000176,0.0020192681481230323,0.0020192681481230323,-0.06914286156183813,0.06914286156183813
2025-02-12,2025-03-26,4.1721,4.1686,Ridge,4.19738827610227,4.1721,4.262931666666667,4.197409568108278,4.19738827610227,4.313707552222818,4.26887094933051,4.169352999999998,4.150256999999999,4.161435087524764,4.089067830242059,0.028788276102270416,0.028788276102270416,0.0035000000000007248,0.0035000000000007248,0.09433166666666715,0.09433166666666715,0.028809568108278505,0.028809568108278505,0.028788276102270416,0.028788276102270416,0.14510755222281801,0.14510755222281801,0.10027094933051028,0.10027094933051028,0.0007529999999986714,0.0007529999999986714,-0.018343000000000664,0.018343000000000664,-0.007164912475235319,0.007164912475235319,-0.07953216975794053,0.07953216975794053
2025-02-13,2025-03-27,4.1652,4.1913,Ridge,4.194157648355997,4.1652,4.260355,4.191553282997682,4.194157648355997,4.313707552222818,4.2065415645357636,4.169087,4.148761,4.164291499041153,4.071140523781744,0.002857648355997,0.002857648355997,-0.026100000000000456,0.026100000000000456,0.06905499999999964,0.06905499999999964,0.0002532829976820139,0.0002532829976820139,0.002857648355997,0.002857648355997,0.12240755222281763,0.12240755222281763,0.01524156453576353,0.01524156453576353,-0.022212999999999816,0.022212999999999816,-0.04253899999999966,0.04253899999999966,-0.027008500958847215,0.027008500958847215,-0.12015947621825607,0.12015947621825607
2025-02-14,2025-03-28,4.1632,4.1819,Ridge,4.192278947605136,4.1632,4.257541666666667,4.186398140634466,4.192278947605136,4.313707552222818,4.35641405468477,4.169550999999999,4.146978999999998,4.164839146599254,4.066049030631696,0.010378947605135913,0.010378947605135913,-0.01869999999999994,0.01869999999999994,0.07564166666666683,0.07564166666666683,0.00449814063446663,0.00449814063446663,0.010378947605135913,0.010378947605135913,0.13180755222281793,0.13180755222281793,0.17451405468476988,0.17451405468476988,-0.012349000000000387,0.012349000000000387,-0.034921000000001534,0.034921000000001534,-0.01706085340074548,0.01706085340074548,-0.11585096936830386,0.11585096936830386
2025-02-17,2025-03-31,4.1635,4.1839,Ridge,4.194422622001922,4.1635,4.2547533333333325,4.18223484233729,4.194422622001922,4.313707552222818,4.146767691503561,4.165495999999999,4.143555,4.165017202609824,4.068483676480959,0.010522622001921889,0.010522622001921889,-0.020400000000000418,0.020400000000000418,0.0708533333333321,0.0708533333333321,-0.0016651576627104703,0.0016651576627104703,0.010522622001921889,0.010522622001921889,0.12980755222281726,0.12980755222281726,-0.03713230849643967,0.03713230849643967,-0.018404000000001197,0.018404000000001197,-0.0403450000000003,0.0403450000000003,-0.01888279739017662,0.01888279739017662,-0.11541632351904152,0.11541632351904152
2025-02-18,2025-04-01,4.1574,4.1818,Ridge,4.194913449473317,4.1574,4.251703333333333,4.177719416457783,4.194913449473317,4.313707552222818,4.151020101805973,4.161754,4.124761999999999,4.159481017722167,4.065801896982488,0.01311344947331694,0.01311344947331694,-0.024399999999999977,0.024399999999999977,0.06990333333333343,0.06990333333333343,-0.004080583542217298,0.004080583542217298,0.01311344947331694,0.01311344947331694,0.1319075522228177,0.1319075522228177,-0.0307798981940266,0.0307798981940266,-0.020045999999999786,0.020045999999999786,-0.057038000000001254,0.057038000000001254,-0.02231898227783269,0.02231898227783269,-0.11599810301751212,0.11599810301751212
2025-02-19,2025-04-02,4.1582,4.1794,Ridge,4.197052159942329,4.1582,4.248558333333333,4.174170431647276,4.197052159942329,4.313707552222818,4.160549463866152,4.163408,4.114600999999999,4.136585037831681,4.075974268384744,0.017652159942328716,0.017652159942328716,-0.02120000000000033,0.02120000000000033,0.06915833333333321,0.06915833333333321,-0.005229568352723923,0.005229568352723923,0.017652159942328716,0.017652159942328716,0.13430755222281743,0.13430755222281743,-0.018850536133848017,0.018850536133848017,-0.015991999999999784,0.015991999999999784,-0.0647990000000016,0.0647990000000016,-0.04281496216831915,0.04281496216831915,-0.10342573161525603,0.10342573161525603
2025-02-20,2025-04-03,4.1723,4.1791,Ridge,4.205765645159066,4.1723,4.245713333333334,4.173830353165953,4.205765645159066,4.313707552222818,4.178421938537424,4.162094000000002,4.122079999999999,4.134867404420963,4.100523383017113,0.02666564515906611,0.02666564515906611,-0.006800000000000139,0.006800000000000139,0.06661333333333364,0.06661333333333364,-0.005269646834046959,0.005269646834046959,0.02666564515906611,0.02666564515906611,0.13460755222281762,0.13460755222281762,-0.0006780614625760961,0.0006780614625760961,-0.017005999999997634,0.017005999999997634,-0.0570200000000014,0.0570200000000014,-0.044232595579036804,0.044232595579036804,-0.07857661698288698,0.07857661698288698
2025-02-21,2025-04-04,4.1705,4.2403,Ridge,4.1959930278432775,4.1705,4.2430233333333325,4.173224834408506,4.1959930278432775,4.313707552222818,4.223922268310457,4.162306000000001,4.119915999999997,4.115654894572799,4.097761679723702,-0.04430697215672286,0.04430697215672286,-0.06980000000000075,0.06980000000000075,0.0027233333333320786,0.0027233333333320786,-0.06707516559149429,0.06707516559149429,-0.04430697215672286,0.04430697215672286,0.07340755222281725,0.07340755222281725,-0.01637773168954304,0.01637773168954304,-0.07799399999999945,0.07799399999999945,-0.12038400000000316,0.12038400000000316,-0.12464510542720131,0.12464510542720131,-0.14253832027629798,0.14253832027629798
2025-02-24,2025-04-07,4.1609,4.2975,Ridge,4.18849026497178,4.1609,4.240443333333333,4.170983955425141,4.18849026497178,4.313707552222818,4.150496687092342,4.164545999999999,4.122229999999998,4.12254964601264,4.085389398430996,-0.10900973502821998,0.10900973502821998,-0.1366000000000005,0.1366000000000005,-0.05705666666666698,0.05705666666666698,-0.126516044574859,0.126516044574859,-0.10900973502821998,0.10900973502821998,0.016207552222817334,0.016207552222817334,-0.14700331290765867,0.14700331290765867,-0.13295400000000157,0.13295400000000157,-0.17527000000000204,0.17527000000000204,-0.17495035398736025,0.17495035398736025,-0.2121106015690044,0.2121106015690044
2025-02-25,2025-04-08,4.1339,4.2946,Ridge,4.164677683014424,4.1339,4.237525,4.164241418075116,4.164677683014424,4.313707552222818,4.202152358514068,4.150746,4.102488999999998,4.118838969535403,4.049825442814179,-0.1299223169855761,0.1299223169855761,-0.1607000000000003,0.1607000000000003,-0.05707500000000021,0.05707500000000021,-0.1303585819248836,0.1303585819248836,-0.1299223169855761,0.1299223169855761,0.01910755222281768,0.01910755222281768,-0.09244764148593188,0.09244764148593188,-0.14385400000000015,0.14385400000000015,-0.19211100000000236,0.19211100000000236,-0.17576103046459668,0.17576103046459668,-0.24477455718582064,0.24477455718582064
2025-02-26,2025-04-09,4.1394,4.2818,Ridge,4.171252241836986,4.1394,4.234706666666666,4.159724796606913,4.171252241836986,4.313707552222818,4.16953896736548,4.149717000000002,4.100114999999999,4.108203083262299,4.058774979836569,-0.11054775816301365,0.11054775816301365,-0.14239999999999942,0.14239999999999942,-0.04709333333333365,0.04709333333333365,-0.12207520339308697,0.12207520339308697,-0.11054775816301365,0.11054775816301365,0.03190755222281805,0.03190755222281805,-0.11226103263451925,0.11226103263451925,-0.13208299999999795,0.13208299999999795,-0.18168500000000076,0.18168500000000076,-0.17359691673770072,0.17359691673770072,-0.22302502016343073,0.22302502016343073
2025-02-27,2025-04-10,4.1371,4.2644,Ridge,4.167858623560034,4.1371,4.23192,4.155611197223838,4.167858623560034,4.313707552222818,4.098857004190121,4.151537000000001,4.091121999999998,4.111539061858106,4.058094593832199,-0.09654137643996652,0.09654137643996652,-0.12729999999999997,0.12729999999999997,-0.03248000000000051,0.03248000000000051,-0.10878880277616254,0.10878880277616254,-0.09654137643996652,0.09654137643996652,0.04930755222281746,0.04930755222281746,-0.1655429958098793,0.1655429958098793,-0.11286299999999905,0.11286299999999905,-0.17327800000000249,0.17327800000000249,-0.1528609381418944,0.1528609381418944,-0.20630540616780113,0.20630540616780113
2025-02-28,2025-04-11,4.1575,4.2972,Ridge,4.183083413254295,4.1575,4.229673333333333,4.155954615910412,4.183083413254295,4.313707552222818,4.144038717791144,4.159035,4.102976999999999,4.114314452010196,4.096912155368171,-0.11411658674570546,0.11411658674570546,-0.13970000000000038,0.13970000000000038,-0.06752666666666673,0.06752666666666673,-0.1412453840895882,0.1412453840895882,-0.11411658674570546,0.11411658674570546,0.016507552222817523,0.016507552222817523,-0.15316128220885616,0.15316128220885616,-0.13816499999999987,0.13816499999999987,-0.19422300000000092,0.19422300000000092,-0.1828855479898044,0.1828855479898044,-0.2002878446318288,0.2002878446318288
2025-03-03,2025-04-14,4.1827,4.2776,Ridge,4.20334386519454,4.1827,4.22784,4.160817413017609,4.20334386519454,4.313707552222818,4.0897503883819635,4.155412,4.1021079999999985,4.111603611310109,4.140809865745017,-0.07425613480545934,0.07425613480545934,-0.09489999999999998,0.09489999999999998,-0.049760000000000026,0.049760000000000026,-0.11678258698239041,0.11678258698239041,-0.07425613480545934,0.07425613480545934,0.03610755222281803,0.03610755222281803,-0.18784961161803615,0.18784961161803615,-0.12218799999999952,0.12218799999999952,-0.1754920000000011,0.1754920000000011,-0.16599638868989075,0.16599638868989075,-0.13679013425498265,0.13679013425498265
2025-03-04,2025-04-15,4.1568,4.2767,Ridge,4.181351121167694,4.1568,4.225621666666667,4.160086974287134,4.181351121167694,4.313707552222818,4.1293695267888575,4.148437,4.088472999999999,4.1077306392440756,4.104111766912272,-0.09534887883230603,0.09534887883230603,-0.11990000000000034,0.11990000000000034,-0.05107833333333289,0.05107833333333289,-0.11661302571286569,0.11661302571286569,-0.09534887883230603,0.09534887883230603,0.03700755222281771,0.03700755222281771,-0.14733047321114245,0.14733047321114245,-0.12826299999999957,0.12826299999999957,-0.18822700000000125,0.18822700000000125,-0.1689693607559244,0.1689693607559244,-0.17258823308772797,0.17258823308772797
2025-03-05,2025-04-16,4.1545,4.3033,Ridge,4.18548709679623,4.1545,4.223705,4.159071160780382,4.18548709679623,4.313707552222818,4.139608295974052,4.147556000000001,4.097578999999999,4.093263030625916,4.095407815621209,-0.11781290320377025,0.11781290320377025,-0.1488000000000005,0.1488000000000005,-0.0795950000000003,0.0795950000000003,-0.14422883921961827,0.14422883921961827,-0.11781290320377025,0.11781290320377025,0.010407552222817529,0.010407552222817529,-0.1636917040259478,0.1636917040259478,-0.15574399999999944,0.15574399999999944,-0.20572100000000137,0.20572100000000137,-0.21003696937408378,0.21003696937408378,-0.20789218437879153,0.20789218437879153
2025-03-06,2025-04-17,4.1766,4.2879,Ridge,4.2097506014792625,4.1766,4.2222,4.162258222456676,4.2097506014792625,4.313707552222818,4.200784410759525,4.147153,4.122051999999998,4.098523518039426,4.128820106617982,-0.0781493985207371,0.0781493985207371,-0.11129999999999995,0.11129999999999995,-0.06569999999999965,0.06569999999999965,-0.12564177754332384,0.12564177754332384,-0.0781493985207371,0.0781493985207371,0.025807552222818053,0.025807552222818053,-0.08711558924047491,0.08711558924047491,-0.1407469999999993,0.1407469999999993,-0.16584800000000133,0.16584800000000133,-0.18937648196057388,0.18937648196057388,-0.15907989338201745,0.15907989338201745
2025-03-07,2025-04-18,4.176,4.2823,Ridge,4.205762698086389,4.176,4.220831666666666,4.164756727464552,4.205762698086389,4.313707552222818,4.119985315407128,4.152418,4.111541999999997,4.1156264433760725,4.119383743467725,-0.07653730191361152,0.07653730191361152,-0.10630000000000006,0.10630000000000006,-0.0614683333333339,0.0614683333333339,-0.11754327253544794,0.11754327253544794,-0.07653730191361152,0.07653730191361152,0.031407552222817436,0.031407552222817436,-0.16231468459287246,0.16231468459287246,-0.12988200000000028,0.12988200000000028,-0.17075800000000285,0.17075800000000285,-0.1666735566239277,0.1666735566239277,-0.16291625653227548,0.16291625653227548
2025-03-10,2025-04-22,4.1857,4.2801,Ridge,4.21091865163772,4.1857,4.219473333333333,4.16856459519827,4.21091865163772,4.313707552222818,4.050146848184037,4.14773,4.1137469999999965,4.119785407067817,4.143154806340813,-0.06918134836227985,0.06918134836227985,-0.09440000000000026,0.09440000000000026,-0.06062666666666683,0.06062666666666683,-0.11153540480172985,0.11153540480172985,-0.06918134836227985,0.06918134836227985,0.03360755222281764,0.03360755222281764,-0.22995315181596343,0.22995315181596343,-0.13236999999999988,0.13236999999999988,-0.16635300000000353,0.16635300000000353,-0.16031459293218298,0.16031459293218298,-0.13694519365918723,0.13694519365918723
2025-03-11,2025-04-23,4.1977,4.2893,Ridge,4.221890899713937,4.1977,4.218333333333334,4.173861941525857,4.221890899713937,4.313707552222818,4.11079686841304,4.150902000000001,4.121755999999999,4.1374557937304015,4.164236000595762,-0.06740910028606262,0.06740910028606262,-0.09159999999999968,0.09159999999999968,-0.07096666666666618,0.07096666666666618,-0.11543805847414301,0.11543805847414301,-0.06740910028606262,0.06740910028606262,0.024407552222817763,0.024407552222817763,-0.17850313158696007,0.17850313158696007,-0.1383979999999987,0.1383979999999987,-0.16754400000000125,0.16754400000000125,-0.15184420626959838,0.15184420626959838,-0.1250639994042375,0.1250639994042375
2025-03-12,2025-04-24,4.2017,4.2789,Ridge,4.223225010542004,4.2017,4.216998333333334,4.178923406702974,4.223225010542004,4.313707552222818,4.243453482187904,4.151236,4.131230999999999,4.126769111983597,4.172149717095687,-0.055674989457996205,0.055674989457996205,-0.07720000000000038,0.07720000000000038,-0.06190166666666652,0.06190166666666652,-0.09997659329702646,0.09997659329702646,-0.055674989457996205,0.055674989457996205,0.034807552222817506,0.034807552222817506,-0.035446517812095735,0.035446517812095735,-0.12766400000000022,0.12766400000000022,-0.14766900000000138,0.14766900000000138,-0.15213088801640318,0.15213088801640318,-0.10675028290431321,0.10675028290431321
2025-03-13,2025-04-25,4.196,4.2688,Ridge,4.214508203363877,4.196,4.215728333333334,4.182028241847887,4.214508203363877,4.313707552222818,4.228737480872014,4.159754000000001,4.142361000000001,4.116535325186676,4.158731237291596,-0.05429179663612249,0.05429179663612249,-0.07279999999999998,0.07279999999999998,-0.05307166666666596,0.05307166666666596,-0.08677175815211235,0.08677175815211235,-0.05429179663612249,0.05429179663612249,0.04490755222281795,0.04490755222281795,-0.04006251912798575,0.04006251912798575,-0.10904599999999842,0.10904599999999842,-0.12643899999999864,0.12643899999999864,-0.15226467481332406,0.15226467481332406,-0.11006876270840404,0.11006876270840404
2025-03-14,2025-04-28,4.179,4.2766,Ridge,4.201087626851972,4.179,4.214341666666667,4.181477652420998,4.201087626851972,4.313707552222818,4.315544162220837,4.164514999999999,4.143348,4.111362713582127,4.133202296875613,-0.07551237314802783,0.07551237314802783,-0.09759999999999991,0.09759999999999991,-0.062258333333333304,0.062258333333333304,-0.09512234757900195,0.09512234757900195,-0.07551237314802783,0.07551237314802783,0.037107552222817475,0.037107552222817475,0.03894416222083663,0.03894416222083663,-0.11208500000000132,0.11208500000000132,-0.1332520000000006,0.1332520000000006,-0.16523728641787283,0.16523728641787283,-0.14339770312438738,0.14339770312438738
2025-03-17,2025-04-29,4.1777,4.2646,Ridge,4.205264694106629,4.1777,4.212971666666666,4.180790806526272,4.205264694106629,4.313707552222818,4.098247222699172,4.162215,4.140237999999999,4.120307180897489,4.136819155901591,-0.05933530589337099,0.05933530589337099,-0.08689999999999998,0.08689999999999998,-0.05162833333333339,0.05162833333333339,-0.08380919347372728,0.08380919347372728,-0.05933530589337099,0.05933530589337099,0.04910755222281793,0.04910755222281793,-0.16635277730082798,0.16635277730082798,-0.10238499999999995,0.10238499999999995,-0.12436200000000053,0.12436200000000053,-0.14429281910251035,0.14429281910251035,-0.1277808440984085,0.1277808440984085
2025-03-18,2025-04-30,4.1776,4.2778,Ridge,4.205073313017261,4.1776,4.211551666666667,4.180210659885131,4.205073313017261,4.313707552222818,4.081326010198215,4.163756999999999,4.143639,4.12701409390455,4.132033274330057,-0.07272668698273943,0.07272668698273943,-0.10020000000000007,0.10020000000000007,-0.06624833333333324,0.06624833333333324,-0.09758934011486886,0.09758934011486886,-0.07272668698273943,0.07272668698273943,0.03590755222281761,0.03590755222281761,-0.19647398980178465,0.19647398980178465,-0.11404300000000145,0.11404300000000145,-0.13416099999999975,0.13416099999999975,-0.15078590609545017,0.15078590609545017,-0.14576672566994286,0.14576672566994286
2025-03-19,2025-05-02,4.1945,4.275,Ridge,4.223501831200456,4.1945,4.210405,4.182808721724198,4.223501831200456,4.313707552222818,4.18410040358851,4.178695,4.183338,4.15181544492674,4.155204455714648,-0.05149816879954461,0.05149816879954461,-0.08050000000000068,0.08050000000000068,-0.06459500000000062,0.06459500000000062,-0.09219127827580209,0.09219127827580209,-0.05149816879954461,0.05149816879954461,0.0387075522228173,0.0387075522228173,-0.09089959641149026,0.09089959641149026,-0.09630500000000008,0.09630500000000008,-0.09166200000000035,0.09166200000000035,-0.12318455507326043,0.12318455507326043,-0.11979554428535266,0.11979554428535266
2025-03-20,2025-05-05,4.1972,4.276,Ridge,4.225695639239834,4.1972,4.209404999999999,4.185425317774344,4.225695639239834,4.313707552222818,4.131036453573231,4.181757999999999,4.1838869999999995,4.156971724103048,4.154855338768686,-0.05030436076016542,0.05030436076016542,-0.0788000000000002,0.0788000000000002,-0.0665950000000004,0.0665950000000004,-0.09057468222565568,0.09057468222565568,-0.05030436076016542,0.05030436076016542,0.03770755222281785,0.03770755222281785,-0.14496354642676845,0.14496354642676845,-0.09424200000000038,0.09424200000000038,-0.09211300000000033,0.09211300000000033,-0.11902827589695164,0.11902827589695164,-0.1211446612313134,0.1211446612313134
2025-03-21,2025-05-06,4.1979,4.2806,Ridge,4.230087546819365,4.1979,4.208335,4.187693441815372,4.230087546819365,4.313707552222818,4.222703774725591,4.187713,4.178666999999998,4.165177160046411,4.158230595484023,-0.05051245318063469,0.05051245318063469,-0.0827,0.0827,-0.0722649999999998,0.0722649999999998,-0.09290655818462756,0.09290655818462756,-0.05051245318063469,0.05051245318063469,0.033107552222817915,0.033107552222817915,-0.05789622527440841,0.05789622527440841,-0.09288700000000016,0.09288700000000016,-0.1019330000000016,0.1019330000000016,-0.11542283995358904,0.11542283995358904,-0.12236940451597711,0.12236940451597711
2025-03-24,2025-05-07,4.1832,4.2757,Ridge,4.219357075497772,4.1832,4.206823333333333,4.186876452394396,4.219357075497772,4.313707552222818,4.186130577058451,4.193239000000001,4.185123000000001,4.157815880896099,4.13442237878893,-0.056342924502227554,0.056342924502227554,-0.09249999999999936,0.09249999999999936,-0.06887666666666625,0.06887666666666625,-0.08882354760560318,0.08882354760560318,-0.056342924502227554,0.056342924502227554,0.03800755222281804,0.03800755222281804,-0.08956942294154846,0.08956942294154846,-0.08246099999999856,0.08246099999999856,-0.0905769999999988,0.0905769999999988,-0.11788411910390018,0.11788411910390018,-0.1412776212110698,0.1412776212110698
2025-03-25,2025-05-08,4.1664,4.2714,Ridge,4.204726096438326,4.1664,4.205018333333333,4.18315346104996,4.204726096438326,4.313707552222818,4.278358959278107,4.189498000000001,4.191129000000001,4.153919376574052,4.11155008068419,-0.06667390356167413,0.06667390356167413,-0.10499999999999954,0.10499999999999954,-0.06638166666666656,0.06638166666666656,-0.08824653895003998,0.08824653895003998,-0.06667390356167413,0.06667390356167413,0.04230755222281779,0.04230755222281779,0.006958959278106747,0.006958959278106747,-0.08190199999999859,0.08190199999999859,-0.08027099999999887,0.08027099999999887,-0.11748062342594778,0.11748062342594778,-0.1598499193158096,0.1598499193158096
2025-03-26,2025-05-09,4.1686,4.2414,Ridge,4.205684094138768,4.1686,4.203265,4.180507377222694,4.205684094138768,4.313707552222818,4.264618768633337,4.183593999999999,4.194591000000001,4.173367833334725,4.117062253649969,-0.03571590586123197,0.03571590586123197,-0.07279999999999998,0.07279999999999998,-0.038134999999999586,0.038134999999999586,-0.06089262277730523,0.06089262277730523,-0.03571590586123197,0.03571590586123197,0.07230755222281804,0.07230755222281804,0.023218768633337383,0.023218768633337383,-0.057806000000000246,0.057806000000000246,-0.04680899999999877,0.04680899999999877,-0.068032166665275,0.068032166665275,-0.12433774635003036,0.12433774635003036
2025-03-27,2025-05-12,4.1913,4.2337,Ridge,4.225182886957921,4.1913,4.201903333333333,4.182469672273113,4.225182886957921,4.313707552222818,4.24867016102306,4.188679999999998,4.191421,4.180417370761345,4.164743731556467,-0.008517113042079139,0.008517113042079139,-0.04239999999999977,0.04239999999999977,-0.031796666666666695,0.031796666666666695,-0.05123032772688685,0.05123032772688685,-0.008517113042079139,0.008517113042079139,0.08000755222281786,0.08000755222281786,0.01497016102306059,0.01497016102306059,-0.045020000000001836,0.045020000000001836,-0.04227899999999973,0.04227899999999973,-0.05328262923865523,0.05328262923865523,-0.0689562684435332,0.0689562684435332
2025-03-28,2025-05-13,4.1819,4.2525,Ridge,4.217366106623656,4.1819,4.200488333333333,4.182366095496183,4.217366106623656,4.313707552222818,4.193901969618771,4.182741999999999,4.191185,4.178250998947169,4.131338229738624,-0.03513389337634454,0.03513389337634454,-0.07060000000000066,0.07060000000000066,-0.05201166666666701,0.05201166666666701,-0.07013390450381696,0.07013390450381696,-0.03513389337634454,0.03513389337634454,0.06120755222281726,0.06120755222281726,-0.058598030381229016,0.058598030381229016,-0.0697580000000011,0.0697580000000011,-0.06131500000000045,0.06131500000000045,-0.07424900105283161,0.07424900105283161,-0.12116177026137631,0.12116177026137631
2025-03-31,2025-05-14,4.1839,4.2455,Ridge,4.219153231861585,4.1839,4.199023333333333,4.182644987224149,4.219153231861585,4.313707552222818,4.229298435836652,4.191099,4.190678,4.179843267943684,4.137483717316961,-0.02634676813841441,0.02634676813841441,-0.06159999999999943,0.06159999999999943,-0.046476666666666944,0.046476666666666944,-0.06285501277585048,0.06285501277585048,-0.02634676813841441,0.02634676813841441,0.06820755222281782,0.06820755222281782,-0.016201564163347726,0.016201564163347726,-0.05440099999999948,0.05440099999999948,-0.054821999999999704,0.054821999999999704,-0.06565673205631573,0.06565673205631573,-0.10801628268303887,0.10801628268303887
2025-04-01,2025-05-15,4.1818,4.2378,Ridge,4.216956726483479,4.1818,4.197861666666666,4.182491353183394,4.216956726483479,4.313707552222818,4.357451547093704,4.2204429999999995,4.249124999999999,4.197341151769643,4.134643209885705,-0.02084327351652071,0.02084327351652071,-0.05600000000000005,0.05600000000000005,-0.03993833333333363,0.03993833333333363,-0.055308646816605744,0.055308646816605744,-0.02084327351652071,0.02084327351652071,0.07590755222281764,0.07590755222281764,0.11965154709370385,0.11965154709370385,-0.01735700000000051,0.01735700000000051,0.011324999999999363,0.011324999999999363,-0.04045884823035717,0.04045884823035717,-0.10315679011429513,0.10315679011429513
2025-04-02,2025-05-16,4.1794,4.2392,Ridge,4.2156574247919165,4.1794,4.196425,4.181929288968231,4.2156574247919165,4.313707552222818,4.239817884292677,4.221785,4.267452999999998,4.193788606798144,4.131346679882978,-0.023542575208083782,0.023542575208083782,-0.059800000000000075,0.059800000000000075,-0.042775000000000674,0.042775000000000674,-0.057270711031769395,0.057270711031769395,-0.023542575208083782,0.023542575208083782,0.07450755222281735,0.07450755222281735,0.0006178842926765071,0.0006178842926765071,-0.017415000000000624,0.017415000000000624,0.02825299999999764,0.02825299999999764,-0.0454113932018565,0.0454113932018565,-0.1078533201170222,0.1078533201170222
2025-04-03,2025-05-19,4.1791,4.2785,Ridge,4.217446215032916,4.1791,4.194753333333333,4.181414872792189,4.217446215032916,4.313707552222818,4.254870594524698,4.2211979999999985,4.2431969999999986,4.195512860784418,4.129089190434165,-0.06105378496708447,0.06105378496708447,-0.09940000000000015,0.09940000000000015,-0.0837466666666673,0.0837466666666673,-0.09708512720781126,0.09708512720781126,-0.06105378496708447,0.06105378496708447,0.03520755222281746,0.03520755222281746,-0.0236294054753019,0.0236294054753019,-0.05730200000000174,0.05730200000000174,-0.03530300000000164,0.03530300000000164,-0.08298713921558232,0.08298713921558232,-0.1494108095658353,0.1494108095658353
2025-04-04,2025-05-20,4.2403,4.2497,Ridge,4.26442421651788,4.2403,4.19433,4.192121259557245,4.26442421651788,4.313707552222818,4.498666687487317,4.244066999999998,4.256967999999999,4.27669526062587,4.24482672531465,0.014724216517880251,0.014724216517880251,-0.009399999999999409,0.009399999999999409,-0.05536999999999992,0.05536999999999992,-0.05757874044275457,0.05757874044275457,0.014724216517880251,0.014724216517880251,0.06400755222281784,0.06400755222281784,0.2489666874873171,0.2489666874873171,-0.0056330000000022196,0.0056330000000022196,0.007267999999998942,0.007267999999998942,0.026995260625870543,0.026995260625870543,-0.0048732746853499265,0.0048732746853499265
2025-04-07,2025-05-21,4.2975,4.2403,Ridge,4.298870529834409,4.2975,4.194763333333333,4.211281030546837,4.298870529834409,4.313707552222818,4.312705310596401,4.261819,4.265151999999998,4.271815228671612,4.332605113113758,0.0585705298344088,0.0585705298344088,0.05719999999999992,0.05719999999999992,-0.045536666666667,0.045536666666667,-0.029018969453163734,0.029018969453163734,0.0585705298344088,0.0585705298344088,0.07340755222281725,0.07340755222281725,0.07240531059640087,0.07240531059640087,0.021518999999999622,0.021518999999999622,0.02485199999999743,0.02485199999999743,0.03151522867161116,0.03151522867161116,0.092305113113758,0.092305113113758
2025-04-08,2025-05-22,4.2946,4.2447,Ridge,4.287426243664393,4.2946,4.195111666666667,4.226429934083775,4.287426243664393,4.313707552222818,4.094891562461374,4.265218999999999,4.271654999999999,4.277419538364268,4.300724339756808,0.042726243664392705,0.042726243664392705,0.049900000000000055,0.049900000000000055,-0.049588333333333345,0.049588333333333345,-0.01827006591622471,0.01827006591622471,0.042726243664392705,0.042726243664392705,0.06900755222281774,0.06900755222281774,-0.14980843753862594,0.14980843753862594,0.020518999999999288,0.020518999999999288,0.026954999999999174,0.026954999999999174,0.032719538364268,0.032719538364268,0.05602433975680832,0.05602433975680832
2025-04-09,2025-05-23,4.2818,4.2541,Ridge,4.278860646473001,4.2818,4.195456666666667,4.236497218795816,4.278860646473001,4.313707552222818,4.028142827065673,4.265541999999999,4.281225000000001,4.2621209307620145,4.29270735073234,0.024760646473001025,0.024760646473001025,0.027699999999999392,0.027699999999999392,-0.05864333333333338,0.05864333333333338,-0.017602781204184126,0.017602781204184126,0.024760646473001025,0.024760646473001025,0.05960755222281744,0.05960755222281744,-0.2259571729343275,0.2259571729343275,0.011441999999998842,0.011441999999998842,0.027125000000000732,0.027125000000000732,0.008020930762014267,0.008020930762014267,0.038607350732339896,0.038607350732339896
2025-04-10,2025-05-26,4.2644,4.2514,Ridge,4.268626501857365,4.2644,4.195496666666666,4.241570451742031,4.268626501857365,4.313707552222818,4.250729868424257,4.268561999999999,4.270366000000002,4.277222368327277,4.261093783356507,0.017226501857364518,0.017226501857364518,0.0129999999999999,0.0129999999999999,-0.05590333333333408,0.05590333333333408,-0.009829548257969556,0.009829548257969556,0.017226501857364518,0.017226501857364518,0.062307552222817364,0.062307552222817364,-0.0006701315757435822,0.0006701315757435822,0.01716199999999901,0.01716199999999901,0.018966000000001593,0.018966000000001593,0.025822368327276912,0.025822368327276912,0.00969378335650628,0.00969378335650628
2025-04-11,2025-05-27,4.2972,4.2479,Ridge,4.290484056834855,4.2972,4.195965,4.251684915061661,4.290484056834855,4.313707552222818,4.474393642835701,4.261385,4.270567000000001,4.271489200668917,4.3459653690421876,0.042584056834855666,0.042584056834855666,0.049300000000000566,0.049300000000000566,-0.0519349999999994,0.0519349999999994,0.0037849150616615646,0.0037849150616615646,0.042584056834855666,0.042584056834855666,0.06580755222281809,0.06580755222281809,0.22649364283570161,0.22649364283570161,0.013485000000000191,0.013485000000000191,0.022667000000001103,0.022667000000001103,0.023589200668917343,0.023589200668917343,0.09806536904218799,0.09806536904218799
2025-04-14,2025-05-28,4.2776,4.2447,Ridge,4.271795182725728,4.2776,4.19628,4.2563967486868135,4.271795182725728,4.313707552222818,4.351408903796609,4.261739,4.264850000000002,4.2531935614343865,4.2996652178184185,0.027095182725727973,0.027095182725727973,0.03289999999999971,0.03289999999999971,-0.04842000000000013,0.04842000000000013,0.011696748686813585,0.011696748686813585,0.027095182725727973,0.027095182725727973,0.06900755222281774,0.06900755222281774,0.10670890379660936,0.10670890379660936,0.01703900000000047,0.01703900000000047,0.02015000000000189,0.02015000000000189,0.00849356143438662,0.00849356143438662,0.054965217818418566,0.054965217818418566
2025-04-15,2025-05-29,4.2767,4.2369,Ridge,4.269205396329307,4.2767,4.196635,4.260088248925574,4.269205396329307,4.313707552222818,4.3978954673665624,4.263614000000002,4.264081000000002,4.253883626620929,4.315191837577729,0.03230539632930629,0.03230539632930629,0.03979999999999961,0.03979999999999961,-0.04026500000000066,0.04026500000000066,0.023188248925573696,0.023188248925573696,0.03230539632930629,0.03230539632930629,0.07680755222281732,0.07680755222281732,0.16099546736656212,0.16099546736656212,0.026714000000001903,0.026714000000001903,0.027181000000001454,0.027181000000001454,0.016983626620928227,0.016983626620928227,0.07829183757772906,0.07829183757772906
2025-04-16,2025-05-30,4.3033,4.2507,Ridge,4.284615890454081,4.3033,4.197588333333333,4.267944930939106,4.284615890454081,4.313707552222818,4.386309503788747,4.263393,4.254019000000001,4.248425326243883,4.351751169461129,0.03391589045408061,0.03391589045408061,0.05259999999999998,0.05259999999999998,-0.05311166666666711,0.05311166666666711,0.017244930939106062,0.017244930939106062,0.03391589045408061,0.03391589045408061,0.06300755222281751,0.06300755222281751,0.13560950378874725,0.13560950378874725,0.012692999999999621,0.012692999999999621,0.003319000000001182,0.003319000000001182,-0.0022746737561174513,0.0022746737561174513,0.10105116946112869,0.10105116946112869
2025-04-17,2025-06-02,4.2879,4.2578,Ridge,4.276681155001503,4.2879,4.19875,4.271573125313814,4.276681155001503,4.313707552222818,4.288076094559004,4.257084,4.2652670000000015,4.239398201139294,4.324774361378127,0.018881155001503558,0.018881155001503558,0.030100000000000016,0.030100000000000016,-0.05904999999999916,0.05904999999999916,0.013773125313814027,0.013773125313814027,0.018881155001503558,0.018881155001503558,0.05590755222281807,0.05590755222281807,0.030276094559004818,0.030276094559004818,-0.0007159999999997169,0.0007159999999997169,0.007467000000001889,0.007467000000001889,-0.018401798860705476,0.018401798860705476,0.06697436137812751,0.06697436137812751
2025-04-18,2025-06-03,4.2823,4.2721,Ridge,4.271052634383365,4.2823,4.199955,4.273523466165847,4.271052634383365,4.313707552222818,4.312035135463534,4.259045,4.258043000000002,4.226150664736475,4.324044036482589,-0.0010473656166354317,0.0010473656166354317,0.010200000000000209,0.010200000000000209,-0.0721449999999999,0.0721449999999999,0.0014234661658472092,0.0014234661658472092,-0.0010473656166354317,0.0010473656166354317,0.041607552222817645,0.041607552222817645,0.039935135463533555,0.039935135463533555,-0.013054999999999595,0.013054999999999595,-0.014056999999998432,0.014056999999998432,-0.04594933526352474,0.04594933526352474,0.05194403648258916,0.05194403648258916
2025-04-22,2025-06-04,4.2801,4.2778,Ridge,4.271660084434518,4.2801,4.200996666666667,4.274719199590239,4.271660084434518,4.313707552222818,4.398808741918129,4.244034,4.258096000000001,4.216761610813101,4.3180355655458715,-0.006139915565482212,0.006139915565482212,0.0022999999999999687,0.0022999999999999687,-0.07680333333333333,0.07680333333333333,-0.0030808004097613306,0.0030808004097613306,-0.006139915565482212,0.006139915565482212,0.03590755222281761,0.03590755222281761,0.12100874191812938,0.12100874191812938,-0.03376599999999996,0.03376599999999996,-0.019703999999999056,0.019703999999999056,-0.061038389186898634,0.061038389186898634,0.04023556554587149,0.04023556554587149
2025-04-23,2025-06-05,4.2893,4.2791,Ridge,4.279732310158412,4.2893,4.202331666666667,4.277370254210196,4.279732310158412,4.313707552222818,4.429670699130874,4.248893000000001,4.261679000000002,4.23154590470896,4.3342735589127965,0.0006323101584122526,0.0006323101584122526,0.010200000000000209,0.010200000000000209,-0.07676833333333288,0.07676833333333288,-0.0017297457898033386,0.0017297457898033386,0.0006323101584122526,0.0006323101584122526,0.03460755222281797,0.03460755222281797,0.15057069913087417,0.15057069913087417,-0.030206999999998985,0.030206999999998985,-0.01742099999999791,0.01742099999999791,-0.04755409529103982,0.04755409529103982,0.05517355891279685,0.05517355891279685
2025-04-24,2025-06-06,4.2789,4.2881,Ridge,4.275878776578191,4.2789,4.203518333333333,4.277648389808341,4.275878776578191,4.313707552222818,4.288153631557027,4.243963,4.252429000000002,4.226746520398742,4.297075786779077,-0.012221223421809313,0.012221223421809313,-0.009199999999999875,0.009199999999999875,-0.08458166666666678,0.08458166666666678,-0.010451610191658744,0.010451610191658744,-0.012221223421809313,0.012221223421809313,0.02560755222281763,0.02560755222281763,5.363155702653444e-05,5.363155702653444e-05,-0.04413700000000009,0.04413700000000009,-0.03567099999999801,0.03567099999999801,-0.06135347960125781,0.06135347960125781,0.008975786779076955,0.008975786779076955
2025-04-25,2025-06-09,4.2688,4.2772,Ridge,4.268315191184788,4.2688,4.2046,4.27603959166137,4.268315191184788,4.313707552222818,4.306772511651805,4.2403830000000005,4.244941000000001,4.258147084703939,4.292891127538715,-0.008884808815211365,0.008884808815211365,-0.008399999999999963,0.008399999999999963,-0.07259999999999955,0.07259999999999955,-0.00116040833863007,0.00116040833863007,-0.008884808815211365,0.008884808815211365,0.036507552222817985,0.036507552222817985,0.0295725116518053,0.0295725116518053,-0.03681699999999921,0.03681699999999921,-0.03225899999999893,0.03225899999999893,-0.01905291529606057,0.01905291529606057,0.015691127538715044,0.015691127538715044
2025-04-28,2025-06-10,4.2766,4.2611,Ridge,4.274556978108629,4.2766,4.20566,4.276141484086575,4.274556978108629,4.313707552222818,4.344712752145943,4.243571000000002,4.243604000000001,4.269544559227634,4.310529082379998,0.013456978108629336,0.013456978108629336,0.015500000000000291,0.015500000000000291,-0.055439999999999934,0.055439999999999934,0.015041484086575352,0.015041484086575352,0.013456978108629336,0.013456978108629336,0.052607552222817766,0.052607552222817766,0.08361275214594333,0.08361275214594333,-0.017528999999997907,0.017528999999997907,-0.017495999999998624,0.017495999999998624,0.008444559227633874,0.008444559227633874,0.04942908237999788,0.04942908237999788
2025-04-29,2025-06-11,4.2646,4.2643,Ridge,4.262749410102099,4.2646,4.206228333333333,4.27404303243447,4.262749410102099,4.313707552222818,4.31419808905212,4.255970000000001,4.258004000000001,4.2773752061445744,4.295636590498892,-0.0015505898979011334,0.0015505898979011334,0.0002999999999993008,0.0002999999999993008,-0.05807166666666763,0.05807166666666763,0.009743032434469612,0.009743032434469612,-0.0015505898979011334,0.0015505898979011334,0.04940755222281723,0.04940755222281723,0.04989808905211923,0.04989808905211923,-0.00832999999999906,0.00832999999999906,-0.006295999999999857,0.006295999999999857,0.013075206144574025,0.013075206144574025,0.03133659049889115,0.03133659049889115
2025-04-30,2025-06-12,4.2778,4.2631,Ridge,4.273959781882164,4.2778,4.20711,4.274726117446384,4.273959781882164,4.313707552222818,4.318867612140945,4.255842000000003,4.268135000000003,4.264613571620661,4.326784884039815,0.010859781882164299,0.010859781882164299,0.01470000000000038,0.01470000000000038,-0.05598999999999954,0.05598999999999954,0.011626117446384754,0.011626117446384754,0.010859781882164299,0.010859781882164299,0.050607552222817986,0.050607552222817986,0.05576761214094539,0.05576761214094539,-0.007257999999996656,0.007257999999996656,0.005035000000003009,0.005035000000003009,0.001513571620661125,0.001513571620661125,0.06368488403981498,0.06368488403981498
2025-05-02,2025-06-13,4.275,4.272,Ridge,4.269203808601647,4.275,4.208261666666667,4.274775914274315,4.269203808601647,4.313707552222818,4.300606877032859,4.258887000000004,4.269971000000003,4.2847030443046785,4.31820061093764,-0.002796191398353187,0.002796191398353187,0.0030000000000001137,0.0030000000000001137,-0.06373833333333323,0.06373833333333323,0.0027759142743146725,0.0027759142743146725,-0.002796191398353187,0.002796191398353187,0.04170755222281741,0.04170755222281741,0.02860687703285869,0.02860687703285869,-0.013112999999996156,0.013112999999996156,-0.002028999999997616,0.002028999999997616,0.01270304430467828,0.01270304430467828,0.04620061093763983,0.04620061093763983
2025-05-05,2025-06-16,4.276,4.2612,Ridge,4.272084744216735,4.276,4.209406666666666,4.274998475315348,4.272084744216735,4.313707552222818,4.281546421773619,4.262208000000002,4.268078000000002,4.283780280242384,4.3303112344130295,0.010884744216735243,0.010884744216735243,0.014800000000000146,0.014800000000000146,-0.05179333333333336,0.05179333333333336,0.01379847531534839,0.01379847531534839,0.010884744216735243,0.010884744216735243,0.052507552222818,0.052507552222818,0.02034642177361956,0.02034642177361956,0.0010080000000023404,0.0010080000000023404,0.00687800000000216,0.00687800000000216,0.022580280242384454,0.022580280242384454,0.0691112344130298,0.0691112344130298
2025-05-06,2025-06-17,4.2806,4.275,Ridge,4.279898386400882,4.2806,4.21092,4.276016934348921,4.279898386400882,4.313707552222818,4.281959023718549,4.259180000000003,4.268045000000001,4.279048559028137,4.335782413047507,0.0048983864008818045,0.0048983864008818045,0.005599999999999383,0.005599999999999383,-0.06408000000000058,0.06408000000000058,0.001016934348920806,0.001016934348920806,0.0048983864008818045,0.0048983864008818045,0.0387075522228173,0.0387075522228173,0.006959023718549062,0.006959023718549062,-0.01581999999999706,0.01581999999999706,-0.0069549999999996,0.0069549999999996,0.004048559028136722,0.004048559028136722,0.06078241304750698,0.06078241304750698
2025-05-07,2025-06-18,4.2757,4.2717,Ridge,4.281882033582999,4.2757,4.212395,4.275959309921844,4.281882033582999,4.313707552222818,4.245148186332277,4.2578720000000025,4.2606720000000005,4.282433697118265,4.3349128073066225,0.010182033582998962,0.010182033582998962,0.0039999999999995595,0.0039999999999995595,-0.05930500000000016,0.05930500000000016,0.004259309921843979,0.004259309921843979,0.010182033582998962,0.010182033582998962,0.0420075522228176,0.0420075522228176,-0.026551813667722968,0.026551813667722968,-0.013827999999997509,0.013827999999997509,-0.011027999999999594,0.011027999999999594,0.010733697118264551,0.010733697118264551,0.06321280730662249,0.06321280730662249
2025-05-08,2025-06-20,4.2714,4.2709,Ridge,4.277909650684842,4.2714,4.213946666666667,4.275130344481508,4.277909650684842,4.313707552222818,4.103962269011521,4.266685000000004,4.270422000000002,4.264356631583559,4.32634030590003,0.00700965068484205,0.00700965068484205,0.0004999999999997229,0.0004999999999997229,-0.05695333333333341,0.05695333333333341,0.004230344481507942,0.004230344481507942,0.00700965068484205,0.00700965068484205,0.04280755222281751,0.04280755222281751,-0.16693773098847942,0.16693773098847942,-0.004214999999995861,0.004214999999995861,-0.00047799999999842413,0.00047799999999842413,-0.006543368416441098,0.006543368416441098,0.055440305900029685,0.055440305900029685
2025-05-09,2025-06-23,4.2414,4.2727,Ridge,4.247202750836814,4.2414,4.2151016666666665,4.268997554575779,4.247202750836814,4.313707552222818,4.129200499305984,4.262716000000002,4.270951000000001,4.268417676072635,4.278108029897478,-0.02549724916318663,0.02549724916318663,-0.03130000000000077,0.03130000000000077,-0.05759833333333386,0.05759833333333386,-0.003702445424221601,0.003702445424221601,-0.02549724916318663,0.02549724916318663,0.04100755222281727,0.04100755222281727,-0.1434995006940163,0.1434995006940163,-0.009983999999998439,0.009983999999998439,-0.0017489999999993344,0.0017489999999993344,-0.0042823239273657165,0.0042823239273657165,0.005408029897477462,0.005408029897477462
2025-05-12,2025-06-24,4.2337,4.2604,Ridge,4.242876513969623,4.2337,4.216243333333334,4.262579817380183,4.242876513969623,4.313707552222818,4.334068165318136,4.2492030000000005,4.251514,4.25492330605957,4.2768532203417005,-0.017523486030376567,0.017523486030376567,-0.026699999999999946,0.026699999999999946,-0.044156666666665956,0.044156666666665956,0.0021798173801830245,0.0021798173801830245,-0.017523486030376567,0.017523486030376567,0.05330755222281791,0.05330755222281791,0.07366816531813658,0.07366816531813658,-0.011196999999999235,0.011196999999999235,-0.008885999999999505,0.008885999999999505,-0.005476693940429378,0.005476693940429378,0.016453220341700714,0.016453220341700714
2025-05-13,2025-06-25,4.2525,4.2479,Ridge,4.256458473046485,4.2525,4.217731666666667,4.2607471233110585,4.256458473046485,4.313707552222818,4.234537774791711,4.262137000000001,4.243312000000001,4.265934905770258,4.302599935053931,0.008558473046485382,0.008558473046485382,0.004600000000000826,0.004600000000000826,-0.030168333333332242,0.030168333333332242,0.012847123311058972,0.012847123311058972,0.008558473046485382,0.008558473046485382,0.06580755222281809,0.06580755222281809,-0.013362225208288336,0.013362225208288336,0.014237000000001387,0.014237000000001387,-0.00458799999999826,0.00458799999999826,0.018034905770258014,0.018034905770258014,0.05469993505393145,0.05469993505393145
2025-05-14,2025-06-26,4.2455,4.2479,Ridge,4.246850364036209,4.2455,4.219098333333333,4.257974919072684,4.246850364036209,4.313707552222818,4.155406247951163,4.265564000000001,4.262692000000002,4.250684579262672,4.2816496744024715,-0.001049635963790152,0.001049635963790152,-0.0023999999999997357,0.0023999999999997357,-0.028801666666666392,0.028801666666666392,0.010074919072684096,0.010074919072684096,-0.001049635963790152,0.001049635963790152,0.06580755222281809,0.06580755222281809,-0.0924937520488367,0.0924937520488367,0.01766400000000168,0.01766400000000168,0.01479200000000258,0.01479200000000258,0.002784579262672615,0.002784579262672615,0.033749674402471896,0.033749674402471896
2025-05-15,2025-06-27,4.2378,4.2362,Ridge,4.245349774449666,4.2378,4.220438333333333,4.254306751968559,4.245349774449666,4.313707552222818,4.1992498736417625,4.250313000000001,4.241417000000001,4.264431607534784,4.27265463451551,0.009149774449666026,0.009149774449666026,0.0015999999999998238,0.0015999999999998238,-0.015761666666667118,0.015761666666667118,0.018106751968558932,0.018106751968558932,0.009149774449666026,0.009149774449666026,0.07750755222281747,0.07750755222281747,-0.03695012635823769,0.03695012635823769,0.01411300000000093,0.01411300000000093,0.005217000000000915,0.005217000000000915,0.028231607534784153,0.028231607534784153,0.036454634515509454,0.036454634515509454
2025-05-16,2025-06-30,4.2392,4.2419,Ridge,4.246650512763075,4.2392,4.2217883333333335,4.251560069792458,4.246650512763075,4.313707552222818,4.244630587455918,4.246836000000002,4.244327999999999,4.267181118110067,4.282213811743074,0.004750512763075143,0.004750512763075143,-0.0026999999999999247,0.0026999999999999247,-0.02011166666666675,0.02011166666666675,0.00966006979245737,0.00966006979245737,0.004750512763075143,0.004750512763075143,0.07180755222281743,0.07180755222281743,0.002730587455917366,0.002730587455917366,0.004936000000001606,0.004936000000001606,0.0024279999999992086,0.0024279999999992086,0.02528111811006717,0.02528111811006717,0.04031381174307391,0.04031381174307391
2025-05-19,2025-07-01,4.2785,4.2415,Ridge,4.279094962595241,4.2785,4.223558333333333,4.256458238921101,4.279094962595241,4.313707552222818,4.271847125967247,4.256437000000002,4.266559,4.2524222153362565,4.3636574931594145,0.03759496259524031,0.03759496259524031,0.03699999999999992,0.03699999999999992,-0.01794166666666719,0.01794166666666719,0.014958238921100708,0.014958238921100708,0.03759496259524031,0.03759496259524031,0.07220755222281738,0.07220755222281738,0.030347125967246313,0.030347125967246313,0.014937000000001532,0.014937000000001532,0.02505899999999972,0.02505899999999972,0.010922215336256258,0.010922215336256258,0.12215749315941427,0.12215749315941427
2025-05-20,2025-07-02,4.2497,4.25,Ridge,4.244011352456371,4.2497,4.224878333333334,4.2552294682081735,4.244011352456371,4.313707552222818,4.194623259609737,4.261684000000002,4.264733999999999,4.238599942820342,4.29955540156151,-0.005988647543628822,0.005988647543628822,-0.000300000000000189,0.000300000000000189,-0.025121666666666265,0.025121666666666265,0.005229468208173493,0.005229468208173493,-0.005988647543628822,0.005988647543628822,0.06370755222281765,0.06370755222281765,-0.055376740390262746,0.055376740390262746,0.011684000000001582,0.011684000000001582,0.014733999999998915,0.014733999999998915,-0.011400057179658418,0.011400057179658418,0.04955540156151006,0.04955540156151006
2025-05-21,2025-07-03,4.2403,4.2634,Ridge,4.236101303147761,4.2403,4.226201666666666,4.2525150194430505,4.236101303147761,4.313707552222818,4.166720402327835,4.255980000000001,4.258474000000001,4.2340454906636085,4.301523934872849,-0.02729869685223907,0.02729869685223907,-0.023099999999999454,0.023099999999999454,-0.037198333333333444,0.037198333333333444,-0.010884980556949309,0.010884980556949309,-0.02729869685223907,0.02729869685223907,0.0503075522228178,0.0503075522228178,-0.09667959767216505,0.09667959767216505,-0.007419999999998872,0.007419999999998872,-0.004925999999998432,0.004925999999998432,-0.029354509336391388,0.029354509336391388,0.03812393487284904,0.03812393487284904
2025-05-22,2025-07-04,4.2447,4.2515,Ridge,4.24482635135184,4.2447,4.228048333333333,4.251094106817041,4.24482635135184,4.313707552222818,4.342148616352286,4.259307000000001,4.267851000000001,4.24546994649254,4.283205147705653,-0.006673648648160224,0.006673648648160224,-0.006800000000000139,0.006800000000000139,-0.023451666666667315,0.023451666666667315,-0.0004058931829593604,0.0004058931829593604,-0.006673648648160224,0.006673648648160224,0.0622075522228176,0.0622075522228176,0.09064861635228638,0.09064861635228638,0.0078070000000005635,0.0078070000000005635,0.016351000000001115,0.016351000000001115,-0.006030053507459776,0.006030053507459776,0.03170514770565269,0.03170514770565269
2025-05-23,2025-07-07,4.2541,4.2524,Ridge,4.249736501355317,4.2541,4.22996,4.251640632850306,4.249736501355317,4.313707552222818,4.09759741480503,4.261955000000002,4.2687430000000015,4.261965033119345,4.296581020490968,-0.00266349864468296,0.00266349864468296,0.001700000000000479,0.001700000000000479,-0.02243999999999957,0.02243999999999957,-0.0007593671496941568,0.0007593671496941568,-0.00266349864468296,0.00266349864468296,0.06130755222281792,0.06130755222281792,-0.15480258519496992,0.15480258519496992,0.009555000000002423,0.009555000000002423,0.016343000000001773,0.016343000000001773,0.009565033119344868,0.009565033119344868,0.04418102049096806,0.04418102049096806
2025-05-26,2025-07-08,4.2514,4.2455,Ridge,4.25060443285635,4.2514,4.231865,4.251596881422977,4.25060443285635,4.313707552222818,4.199022581307923,4.274629000000002,4.264653000000001,4.266669564620685,4.300810633196031,0.005104432856350094,0.005104432856350094,0.00590000000000046,0.00590000000000046,-0.013634999999999842,0.013634999999999842,0.006096881422977596,0.006096881422977596,0.005104432856350094,0.005104432856350094,0.06820755222281782,0.06820755222281782,-0.04647741869207689,0.04647741869207689,0.02912900000000196,0.02912900000000196,0.019153000000001086,0.019153000000001086,0.021169564620684866,0.021169564620684866,0.055310633196031134,0.055310633196031134
2025-05-27,2025-07-09,4.2479,4.2399,Ridge,4.2485227807527375,4.2479,4.233371666666667,4.250924721164254,4.2485227807527375,4.313707552222818,4.172654628747976,4.2774399999999995,4.265634999999999,4.250278297152422,4.296293755402021,0.008622780752737924,0.008622780752737924,0.008000000000000007,0.008000000000000007,-0.006528333333332803,0.006528333333332803,0.011024721164254458,0.011024721164254458,0.008622780752737924,0.008622780752737924,0.0738075522228181,0.0738075522228181,-0.06724537125202357,0.06724537125202357,0.03753999999999991,0.03753999999999991,0.025734999999999175,0.025734999999999175,0.010378297152422,0.010378297152422,0.05639375540202174,0.05639375540202174
2025-05-28,2025-07-10,4.2447,4.2464,Ridge,4.242902334504714,4.2447,4.234405,4.249792953679844,4.242902334504714,4.313707552222818,4.10782034704319,4.279001999999999,4.267612000000001,4.256215594813653,4.280226740793941,-0.003497665495286739,0.003497665495286739,-0.001700000000000479,0.001700000000000479,-0.011995000000000644,0.011995000000000644,0.00339295367984338,0.00339295367984338,-0.003497665495286739,0.003497665495286739,0.06730755222281726,0.06730755222281726,-0.1385796529568104,0.1385796529568104,0.03260199999999891,0.03260199999999891,0.02121200000000023,0.02121200000000023,0.00981559481365224,0.00981559481365224,0.033826740793940324,0.033826740793940324
2025-05-29,2025-07-11,4.2369,4.2563,Ridge,4.235023772353744,4.2369,4.23574,4.247448780283508,4.235023772353744,4.313707552222818,4.22029888198363,4.261559,4.2611430000000015,4.248826968546873,4.2666963939456,-0.021276227646256807,0.021276227646256807,-0.019400000000000084,0.019400000000000084,-0.020560000000000578,0.020560000000000578,-0.008851219716492054,0.008851219716492054,-0.021276227646256807,0.021276227646256807,0.05740755222281724,0.05740755222281724,-0.036001118016370626,0.036001118016370626,0.005258999999999681,0.005258999999999681,0.004843000000001041,0.004843000000001041,-0.007473031453127277,0.007473031453127277,0.010396393945599769,0.010396393945599769
2025-05-30,2025-07-14,4.2507,4.2614,Ridge,4.251531532647664,4.2507,4.2373433333333335,4.248039911141052,4.251531532647664,4.313707552222818,4.142592330091401,4.275508999999999,4.270245000000001,4.267156489839961,4.285870230944644,-0.009868467352336374,0.009868467352336374,-0.010699999999999932,0.010699999999999932,-0.024056666666666615,0.024056666666666615,-0.013360088858948238,0.013360088858948238,-0.009868467352336374,0.009868467352336374,0.05230755222281758,0.05230755222281758,-0.11880766990859915,0.11880766990859915,0.014108999999998595,0.014108999999998595,0.00884500000000088,0.00884500000000088,0.005756489839961354,0.005756489839961354,0.024470230944643845,0.024470230944643845
2025-06-02,2025-07-15,4.2578,4.2538,Ridge,4.262485835002888,4.2578,4.238696666666667,4.249814472751769,4.262485835002888,4.313707552222818,4.27222844280824,4.271559999999999,4.27806,4.274361496384221,4.289570936172167,0.008685835002887998,0.008685835002887998,0.0039999999999995595,0.0039999999999995595,-0.015103333333333246,0.015103333333333246,-0.00398552724823098,0.00398552724823098,0.008685835002887998,0.008685835002887998,0.05990755222281763,0.05990755222281763,0.018428442808239964,0.018428442808239964,0.01775999999999911,0.01775999999999911,0.02425999999999995,0.02425999999999995,0.020561496384220668,0.020561496384220668,0.035770936172166756,0.035770936172166756
2025-06-03,2025-07-16,4.2721,4.2585,Ridge,4.278566479487824,4.2721,4.2402983333333335,4.2538663867969015,4.278566479487824,4.313707552222818,4.27781594316107,4.2834200000000004,4.293946,4.294418045949336,4.307624477172889,0.020066479487824473,0.020066479487824473,0.013600000000000279,0.013600000000000279,-0.018201666666666227,0.018201666666666227,-0.004633613203098186,0.004633613203098186,0.020066479487824473,0.020066479487824473,0.055207552222817924,0.055207552222817924,0.019315943161069882,0.019315943161069882,0.02492000000000072,0.02492000000000072,0.03544600000000031,0.03544600000000031,0.03591804594933645,0.03591804594933645,0.04912447717288959,0.04912447717288959
2025-06-04,2025-07-17,4.2778,4.2559,Ridge,4.285202844492364,4.2778,4.241833333333334,4.258217952833828,4.285202844492364,4.313707552222818,4.204569084742383,4.295501999999998,4.296744999999998,4.302435278255684,4.323073343986788,0.02930284449236442,0.02930284449236442,0.021900000000000475,0.021900000000000475,-0.014066666666665562,0.014066666666665562,0.0023179528338284072,0.0023179528338284072,0.02930284449236442,0.02930284449236442,0.05780755222281808,0.05780755222281808,-0.05133091525761646,0.05133091525761646,0.03960199999999858,0.03960199999999858,0.040844999999998244,0.040844999999998244,0.04653527825568471,0.04653527825568471,0.06717334398678876,0.06717334398678876
2025-06-05,2025-07-18,4.2791,4.2509,Ridge,4.286435424680603,4.2791,4.24319,4.262014688682223,4.286435424680603,4.313707552222818,4.26510436932942,4.299443,4.304682,4.310726977381179,4.330212832395539,0.035535424680603,0.035535424680603,0.028200000000000003,0.028200000000000003,-0.0077099999999994395,0.0077099999999994395,0.011114688682223317,0.011114688682223317,0.035535424680603,0.035535424680603,0.06280755222281798,0.06280755222281798,0.014204369329420707,0.014204369329420707,0.04854300000000045,0.04854300000000045,0.053781999999999996,0.053781999999999996,0.0598269773811797,0.0598269773811797,0.07931283239553899,0.07931283239553899
2025-06-06,2025-07-21,4.2881,4.2445,Ridge,4.285500597399384,4.2881,4.24463,4.266757472558182,4.285500597399384,4.313707552222818,4.174174598857004,4.293296,4.312865999999999,4.324352247640042,4.349323461850622,0.041000597399383665,0.041000597399383665,0.04359999999999964,0.04359999999999964,0.0001299999999995194,0.0001299999999995194,0.022257472558181668,0.022257472558181668,0.041000597399383665,0.041000597399383665,0.06920755222281727,0.06920755222281727,-0.07032540114299657,0.07032540114299657,0.048795999999999395,0.048795999999999395,0.06836599999999837,0.06836599999999837,0.07985224764004162,0.07985224764004162,0.10482346185062141,0.10482346185062141
2025-06-09,2025-07-22,4.2772,4.2531,Ridge,4.279603478958275,4.2772,4.245983333333333,4.26865611391124,4.279603478958275,4.313707552222818,4.224975629552935,4.299761999999999,4.3216719999999995,4.334542355047787,4.325329652089059,0.026503478958274762,0.026503478958274762,0.024099999999999788,0.024099999999999788,-0.00711666666666666,0.00711666666666666,0.015556113911239677,0.015556113911239677,0.026503478958274762,0.026503478958274762,0.06060755222281777,0.06060755222281777,-0.02812437044706506,0.02812437044706506,0.04666199999999954,0.04666199999999954,0.06857199999999963,0.06857199999999963,0.08144235504778674,0.08144235504778674,0.07222965208905929,0.07222965208905929
2025-06-10,2025-07-23,4.2611,4.2544,Ridge,4.271084873358373,4.2611,4.247351666666666,4.267282275018287,4.271084873358373,4.313707552222818,4.2613154246739695,4.306759,4.326680999999997,4.333836332618625,4.296920024104853,0.016684873358372876,0.016684873358372876,0.006699999999999484,0.006699999999999484,-0.007048333333334433,0.007048333333334433,0.012882275018286649,0.012882275018286649,0.016684873358372876,0.016684873358372876,0.05930755222281725,0.05930755222281725,0.006915424673969106,0.006915424673969106,0.052358999999999156,0.052358999999999156,0.07228099999999671,0.07228099999999671,0.07943633261862448,0.07943633261862448,0.042520024104852894,0.042520024104852894
2025-06-11,2025-07-24,4.2643,4.2514,Ridge,4.278791685725572,4.2643,4.248795,4.26674004319678,4.278791685725572,4.313707552222818,4.283861454652846,4.296856999999999,4.323221999999998,4.3194313082773155,4.298404711072895,0.027391685725572046,0.027391685725572046,0.012900000000000134,0.012900000000000134,-0.0026049999999999685,0.0026049999999999685,0.015340043196779618,0.015340043196779618,0.027391685725572046,0.027391685725572046,0.062307552222817364,0.062307552222817364,0.03246145465284567,0.03246145465284567,0.04545699999999897,0.04545699999999897,0.07182199999999739,0.07182199999999739,0.06803130827731518,0.06803130827731518,0.047004711072895056,0.047004711072895056
2025-06-12,2025-07-25,4.2631,4.2544,Ridge,4.273809599357094,4.2631,4.25022,4.266078217161001,4.273809599357094,4.313707552222818,4.297050925655244,4.291608999999998,4.325057999999999,4.3190984898196,4.298051432448806,0.0194095993570933,0.0194095993570933,0.008699999999999264,0.008699999999999264,-0.004180000000000739,0.004180000000000739,0.011678217161001037,0.011678217161001037,0.0194095993570933,0.0194095993570933,0.05930755222281725,0.05930755222281725,0.0426509256552432,0.0426509256552432,0.03720899999999716,0.03720899999999716,0.070657999999999,0.070657999999999,0.06469848981959991,0.06469848981959991,0.043651432448805316,0.043651432448805316
2025-06-13,2025-07-28,4.272,4.2565,Ridge,4.285074636433093,4.272,4.251511666666667,4.26715490494991,4.285074636433093,4.313707552222818,4.081592865859671,4.303266999999998,4.311357000000001,4.331440471404609,4.319997465583443,0.02857463643309277,0.02857463643309277,0.015500000000000291,0.015500000000000291,-0.004988333333333372,0.004988333333333372,0.010654904949910282,0.010654904949910282,0.02857463643309277,0.02857463643309277,0.057207552222817704,0.057207552222817704,-0.1749071341403292,0.1749071341403292,0.04676699999999823,0.04676699999999823,0.054857000000001044,0.054857000000001044,0.07494047140460935,0.07494047140460935,0.06349746558344282,0.06349746558344282
2025-06-16,2025-07-29,4.2612,4.2737,Ridge,4.282561943994178,4.2612,4.252578333333334,4.266072194959017,4.282561943994178,4.313707552222818,4.231060582071875,4.304468,4.319121000000002,4.335942184938005,4.310467287341685,0.00886194399417839,0.00886194399417839,-0.012500000000000178,0.012500000000000178,-0.021121666666665817,0.021121666666665817,-0.007627805040982594,0.007627805040982594,0.00886194399417839,0.00886194399417839,0.04000755222281782,0.04000755222281782,-0.04263941792812442,0.04263941792812442,0.03076800000000013,0.03076800000000013,0.04542100000000193,0.04542100000000193,0.06224218493800482,0.06224218493800482,0.036767287341684884,0.036767287341684884
2025-06-17,2025-07-30,4.275,4.2732,Ridge,4.28971689399636,4.275,4.253863333333333,4.267695432239195,4.28971689399636,4.313707552222818,4.3104236633581285,4.310255999999999,4.3079050000000025,4.335680205996303,4.332244122074189,0.016516893996359805,0.016516893996359805,0.0018000000000002458,0.0018000000000002458,-0.01933666666666678,0.01933666666666678,-0.005504567760804768,0.005504567760804768,0.016516893996359805,0.016516893996359805,0.040507552222817544,0.040507552222817544,0.037223663358128434,0.037223663358128434,0.03705599999999887,0.03705599999999887,0.03470500000000243,0.03470500000000243,0.06248020599630255,0.06248020599630255,0.059044122074189076,0.059044122074189076
2025-06-18,2025-07-31,4.2717,4.2661,Ridge,4.285801545216648,4.2717,4.255338333333333,4.268423535468433,4.285801545216648,4.313707552222818,4.3029010714966045,4.316634999999999,4.331399000000001,4.353707799398662,4.3124068719852025,0.019701545216648242,0.019701545216648242,0.005600000000000271,0.005600000000000271,-0.010761666666667224,0.010761666666667224,0.0023235354684327802,0.0023235354684327802,0.019701545216648242,0.019701545216648242,0.04760755222281787,0.04760755222281787,0.03680107149660472,0.03680107149660472,0.05053499999999911,0.05053499999999911,0.06529900000000133,0.06529900000000133,0.08760779939866215,0.08760779939866215,0.04630687198520267,0.04630687198520267
2025-06-20,2025-08-01,4.2709,4.2813,Ridge,4.293657561455863,4.2709,4.25708,4.268873801746899,4.293657561455863,4.313707552222818,4.3511286062068955,4.291372999999998,4.310326000000001,4.32360659957354,4.317641340712543,0.012357561455862864,0.012357561455862864,-0.010399999999999743,0.010399999999999743,-0.024219999999999686,0.024219999999999686,-0.012426198253100651,0.012426198253100651,0.012357561455862864,0.012357561455862864,0.03240755222281777,0.03240755222281777,0.06982860620689557,0.06982860620689557,0.010072999999998444,0.010072999999998444,0.029026000000000884,0.029026000000000884,0.042306599573540105,0.042306599573540105,0.0363413407125428,0.0363413407125428
2025-06-23,2025-08-04,4.2727,4.2734,Ridge,4.29972296982729,4.2727,4.258815,4.269569474156554,4.29972296982729,4.313707552222818,4.288946924319122,4.2853439999999985,4.3036579999999995,4.330745167056933,4.3190209756002265,0.026322969827289988,0.026322969827289988,-0.0006999999999992568,0.0006999999999992568,-0.014584999999999404,0.014584999999999404,-0.0038305258434458977,0.0038305258434458977,0.026322969827289988,0.026322969827289988,0.04030755222281801,0.04030755222281801,0.01554692431912219,0.01554692431912219,0.011943999999998844,0.011943999999998844,0.030257999999999896,0.030257999999999896,0.05734516705693338,0.05734516705693338,0.04562097560022682,0.04562097560022682
2025-06-24,2025-08-05,4.2604,4.2763,Ridge,4.282063480550171,4.2604,4.259966666666666,4.26790229703718,4.282063480550171,4.313707552222818,4.241264227573907,4.2688489999999994,4.313203,4.321508949710758,4.30148283260015,0.005763480550171174,0.005763480550171174,-0.015900000000000247,0.015900000000000247,-0.016333333333333755,0.016333333333333755,-0.008397702962819942,0.008397702962819942,0.005763480550171174,0.005763480550171174,0.037407552222817664,0.037407552222817664,-0.03503577242609257,0.03503577242609257,-0.0074510000000005405,0.0074510000000005405,0.036902999999999686,0.036902999999999686,0.04520894971075773,0.04520894971075773,0.02518283260014975,0.02518283260014975
2025-06-25,2025-08-06,4.2479,4.282,Ridge,4.27063834688673,4.2479,4.261066666666666,4.2642655157576925,4.27063834688673,4.313707552222818,4.308118763270179,4.287089999999999,4.317638000000001,4.3223907674784465,4.283524847739374,-0.011361653113270087,0.011361653113270087,-0.03410000000000046,0.03410000000000046,-0.020933333333333692,0.020933333333333692,-0.017734484242307502,0.017734484242307502,-0.011361653113270087,0.011361653113270087,0.031707552222817625,0.031707552222817625,0.026118763270178924,0.026118763270178924,0.005089999999999151,0.005089999999999151,0.03563800000000139,0.03563800000000139,0.0403907674784465,0.0403907674784465,0.0015248477393736692,0.0015248477393736692
2025-06-26,2025-08-07,4.2479,4.2618,Ridge,4.2742094019452175,4.2479,4.262133333333334,4.261289967438112,4.2742094019452175,4.313707552222818,4.297437707380395,4.2668930000000005,4.315377000000001,4.323870544053078,4.284089697609356,0.012409401945217446,0.012409401945217446,-0.013900000000000468,0.013900000000000468,0.0003333333333337407,0.0003333333333337407,-0.0005100325618876411,0.0005100325618876411,0.012409401945217446,0.012409401945217446,0.05190755222281762,0.05190755222281762,0.03563770738039462,0.03563770738039462,0.005093000000000458,0.005093000000000458,0.05357700000000065,0.05357700000000065,0.06207054405307755,0.06207054405307755,0.02228969760935584,0.02228969760935584
2025-06-27,2025-08-08,4.2362,4.2566,Ridge,4.264137610531524,4.2362,4.26304,4.256728155176637,4.264137610531524,4.313707552222818,4.281582763622459,4.273410999999998,4.305268999999999,4.3061848386675,4.229171238422158,0.00753761053152413,0.00753761053152413,-0.02039999999999953,0.02039999999999953,0.006440000000000445,0.006440000000000445,0.0001281551766370015,0.0001281551766370015,0.00753761053152413,0.00753761053152413,0.05710755222281794,0.05710755222281794,0.024982763622459103,0.024982763622459103,0.01681099999999791,0.01681099999999791,0.04866899999999941,0.04866899999999941,0.049584838667500186,0.049584838667500186,-0.02742876157784213,0.02742876157784213
2025-06-30,2025-08-11,4.2419,4.2533,Ridge,4.268707034502789,4.2419,4.264081666666667,4.254032126962703,4.268707034502789,4.313707552222818,4.224188691666628,4.270472999999999,4.277527,4.308410146548056,4.220641703325296,0.015407034502788797,0.015407034502788797,-0.011400000000000077,0.011400000000000077,0.010781666666666467,0.010781666666666467,0.0007321269627027505,0.0007321269627027505,0.015407034502788797,0.015407034502788797,0.06040755222281735,0.06040755222281735,-0.0291113083333725,0.0291113083333725,0.017172999999998773,0.017172999999998773,0.024226999999999776,0.024226999999999776,0.05511014654805546,0.05511014654805546,-0.03265829667470399,0.03265829667470399
2025-07-01,2025-08-12,4.2415,4.2626,Ridge,4.278979707101825,4.2415,4.2651216666666665,4.25175355842403,4.278979707101825,4.313707552222818,4.223924702257307,4.276685000000001,4.296132,4.300782041838174,4.213550728586747,0.016379707101824792,0.016379707101824792,-0.021099999999999675,0.021099999999999675,0.0025216666666665333,0.0025216666666665333,-0.010846441575970367,0.010846441575970367,0.016379707101824792,0.016379707101824792,0.05110755222281771,0.05110755222281771,-0.03867529774269318,0.03867529774269318,0.014085000000001457,0.014085000000001457,0.03353200000000012,0.03353200000000012,0.03818204183817375,0.03818204183817375,-0.04904927141325288,0.04904927141325288
2025-07-02,2025-08-13,4.25,4.2586,Ridge,4.294874082266271,4.25,4.265283333333333,4.25143472961966,4.294874082266271,4.313707552222818,4.403439354886554,4.298463999999999,4.302895999999998,4.336760357942207,4.227780880727759,0.036274082266270824,0.036274082266270824,-0.008600000000000385,0.008600000000000385,0.006683333333332264,0.006683333333332264,-0.007165270380339983,0.007165270380339983,0.036274082266270824,0.036274082266270824,0.05510755222281727,0.05510755222281727,0.1448393548865532,0.1448393548865532,0.03986399999999879,0.03986399999999879,0.04429599999999745,0.04429599999999745,0.07816035794220699,0.07816035794220699,-0.030819119272241124,0.030819119272241124
2025-07-03,2025-08-14,4.2634,4.2639,Ridge,4.302924772470561,4.2634,4.264715,4.253610233325176,4.302924772470561,4.313707552222818,4.28710401071097,4.307509,4.307412,4.329812348690251,4.247912769734574,0.039024772470561686,0.039024772470561686,-0.0004999999999997229,0.0004999999999997229,0.0008150000000002322,0.0008150000000002322,-0.010289766674823397,0.010289766674823397,0.039024772470561686,0.039024772470561686,0.049807552222818074,0.049807552222818074,0.023204010710970557,0.023204010710970557,0.04360900000000001,0.04360900000000001,0.04351200000000066,0.04351200000000066,0.06591234869025175,0.06591234869025175,-0.015987230265425367,0.015987230265425367
2025-07-04,2025-08-18,4.2515,4.2558,Ridge,4.288838164607838,4.2515,4.263996666666666,4.25322655453878,4.288838164607838,4.313707552222818,4.21199272872607,4.284257000000002,4.312109999999998,4.332126487297506,4.232238810702188,0.03303816460783793,0.03303816460783793,-0.0042999999999997485,0.0042999999999997485,0.00819666666666663,0.00819666666666663,-0.0025734454612198476,0.0025734454612198476,0.03303816460783793,0.03303816460783793,0.05790755222281785,0.05790755222281785,-0.04380727127392969,0.04380727127392969,0.028457000000002175,0.028457000000002175,0.056309999999998084,0.056309999999998084,0.07632648729750624,0.07632648729750624,-0.023561189297812035,0.023561189297812035
2025-07-07,2025-08-19,4.2524,4.242,Ridge,4.291486527870955,4.2524,4.263506666666666,4.253076271895365,4.291486527870955,4.313707552222818,4.275748526596466,4.280879,4.315349999999999,4.327227111603857,4.22982898960668,0.049486527870954866,0.049486527870954866,0.010399999999999743,0.010399999999999743,0.02150666666666634,0.02150666666666634,0.011076271895364975,0.011076271895364975,0.049486527870954866,0.049486527870954866,0.07170755222281766,0.07170755222281766,0.0337485265964661,0.0337485265964661,0.038878999999999664,0.038878999999999664,0.0733499999999987,0.0733499999999987,0.08522711160385743,0.08522711160385743,-0.012171010393320358,0.012171010393320358
2025-07-08,2025-08-20,4.2455,4.2524,Ridge,4.288300930213161,4.2455,4.263191666666667,4.251698767914389,4.288300930213161,4.313707552222818,4.320909239134977,4.295204,4.305433,4.342024392186378,4.239277781130461,0.03590093021316143,0.03590093021316143,-0.006899999999999906,0.006899999999999906,0.010791666666666977,0.010791666666666977,-0.0007012320856105703,0.0007012320856105703,0.03590093021316143,0.03590093021316143,0.06130755222281792,0.06130755222281792,0.0685092391349773,0.0685092391349773,0.042804000000000286,0.042804000000000286,0.05303300000000011,0.05303300000000011,0.08962439218637819,0.08962439218637819,-0.013122218869538571,0.013122218869538571
2025-07-09,2025-08-21,4.2399,4.2521,Ridge,4.280147040638565,4.2399,4.2622366666666665,4.2495535373845,4.280147040638565,4.313707552222818,4.410412866555389,4.278675,4.299341999999999,4.3123769953479085,4.220700660666347,0.028047040638564447,0.028047040638564447,-0.012200000000000877,0.012200000000000877,0.010136666666666017,0.010136666666666017,-0.002546462615500289,0.002546462615500289,0.028047040638564447,0.028047040638564447,0.06160755222281722,0.06160755222281722,0.1583128665553888,0.1583128665553888,0.02657499999999935,0.02657499999999935,0.047241999999998896,0.047241999999998896,0.06027699534790809,0.06027699534790809,-0.03139933933365313,0.03139933933365313
2025-07-10,2025-08-22,4.2464,4.267,Ridge,4.2850143157694935,4.2464,4.261716666666667,4.248980166950955,4.2850143157694935,4.313707552222818,4.282214302704428,4.286834000000001,4.3022079999999985,4.314749392304449,4.223022218260492,0.018014315769493194,0.018014315769493194,-0.02059999999999995,0.02059999999999995,-0.005283333333333751,0.005283333333333751,-0.01801983304904553,0.01801983304904553,0.018014315769493194,0.018014315769493194,0.046707552222817306,0.046707552222817306,0.015214302704428029,0.015214302704428029,0.01983400000000035,0.01983400000000035,0.03520799999999813,0.03520799999999813,0.04774939230444897,0.04774939230444897,-0.043977781739508615,0.043977781739508615
2025-07-11,2025-08-25,4.2563,4.2627,Ridge,4.292658858799488,4.2563,4.261376666666667,4.250311045687145,4.292658858799488,4.313707552222818,4.325269622783904,4.289783999999998,4.305761999999997,4.318403069055123,4.240260390385508,0.02995885879948812,0.02995885879948812,-0.006399999999999295,0.006399999999999295,-0.0013233333333326769,0.0013233333333326769,-0.012388954312855027,0.012388954312855027,0.02995885879948812,0.02995885879948812,0.05100755222281794,0.05100755222281794,0.06256962278390432,0.06256962278390432,0.027083999999998554,0.027083999999998554,0.04306199999999727,0.04306199999999727,0.05570306905512368,0.05570306905512368,-0.02243960961449165,0.02243960961449165
2025-07-14,2025-08-26,4.2614,4.2657,Ridge,4.2934243181813025,4.2614,4.260678333333334,4.252327219198573,4.2934243181813025,4.313707552222818,4.302005165523125,4.293531,4.305133999999997,4.343297856694637,4.241692910588741,0.02772431818130272,0.02772431818130272,-0.0042999999999997485,0.0042999999999997485,-0.005021666666666036,0.005021666666666036,-0.013372780801426565,0.013372780801426565,0.02772431818130272,0.02772431818130272,0.04800755222281783,0.04800755222281783,0.03630516552312546,0.03630516552312546,0.02783099999999994,0.02783099999999994,0.039433999999997305,0.039433999999997305,0.07759785669463692,0.07759785669463692,-0.024007089411258953,0.024007089411258953
2025-07-15,2025-08-27,4.2538,4.2639,Ridge,4.287220027254097,4.2538,4.26011,4.2525949975261055,4.287220027254097,4.313707552222818,4.248124935135319,4.291318999999998,4.314797999999998,4.329283150870875,4.244644597915241,0.023320027254097653,0.023320027254097653,-0.010099999999999554,0.010099999999999554,-0.003789999999999516,0.003789999999999516,-0.011305002473894099,0.011305002473894099,0.023320027254097653,0.023320027254097653,0.049807552222818074,0.049807552222818074,-0.015775064864680388,0.015775064864680388,0.027418999999998306,0.027418999999998306,0.05089799999999833,0.05089799999999833,0.06538315087087554,0.06538315087087554,-0.01925540208475862,0.01925540208475862
2025-07-16,2025-08-28,4.2585,4.2681,Ridge,4.292874972750612,4.2585,4.259713333333333,4.25366863433954,4.292874972750612,4.313707552222818,4.368697673425637,4.2911660000000005,4.315053,4.327184470020429,4.244921637781693,0.024774972750612356,0.024774972750612356,-0.009599999999999831,0.009599999999999831,-0.008386666666666542,0.008386666666666542,-0.014431365660459328,0.014431365660459328,0.024774972750612356,0.024774972750612356,0.04560755222281809,0.04560755222281809,0.10059767342563752,0.10059767342563752,0.02306600000000092,0.02306600000000092,0.046953000000000245,0.046953000000000245,0.05908447002042916,0.05908447002042916,-0.023178362218306603,0.023178362218306603
2025-07-17,2025-08-29,4.2559,4.2684,Ridge,4.290189017239479,4.2559,4.25931,4.254074337186896,4.290189017239479,4.313707552222818,4.270529994912538,4.298458999999998,4.309839,4.3280625134844675,4.246154136550044,0.021789017239479236,0.021789017239479236,-0.012500000000000178,0.012500000000000178,-0.009089999999999598,0.009089999999999598,-0.014325662813103435,0.014325662813103435,0.021789017239479236,0.021789017239479236,0.045307552222817904,0.045307552222817904,0.00212999491253818,0.00212999491253818,0.030058999999997837,0.030058999999997837,0.04143900000000045,0.04143900000000045,0.059662513484467716,0.059662513484467716,-0.022245863449955827,0.022245863449955827
2025-07-18,2025-09-01,4.2509,4.2574,Ridge,4.285730269812819,4.2509,4.25867,4.2534971849710965,4.285730269812819,4.313707552222818,4.36379583325868,4.287572000000002,4.301953,4.302198840202406,4.245637013788284,0.02833026981281961,0.02833026981281961,-0.00649999999999995,0.00649999999999995,0.0012700000000007705,0.0012700000000007705,-0.003902815028903106,0.003902815028903106,0.02833026981281961,0.02833026981281961,0.056307552222818025,0.056307552222818025,0.10639583325868074,0.10639583325868074,0.030172000000002086,0.030172000000002086,0.04455300000000051,0.04455300000000051,0.04479884020240643,0.04479884020240643,-0.011762986211715898,0.011762986211715898
2025-07-21,2025-09-02,4.2445,4.2651,Ridge,4.286422174221279,4.2445,4.258096666666667,4.251861333158169,4.286422174221279,4.313707552222818,4.35924437470701,4.286302,4.303295,4.309537589408116,4.2435361550936825,0.0213221742212788,0.0213221742212788,-0.02059999999999995,0.02059999999999995,-0.007003333333333472,0.007003333333333472,-0.013238666841830948,0.013238666841830948,0.0213221742212788,0.0213221742212788,0.04860755222281732,0.04860755222281732,0.09414437470700943,0.09414437470700943,0.02120199999999972,0.02120199999999972,0.03819499999999998,0.03819499999999998,0.044437589408115485,0.044437589408115485,-0.021563844906317797,0.021563844906317797
2025-07-22,2025-09-03,4.2531,4.2589,Ridge,4.2906567933849615,4.2531,4.257835,4.252086545311229,4.2906567933849615,4.313707552222818,4.3248406251642155,4.287251,4.299060000000001,4.309710981986913,4.24374208139726,0.031756793384961846,0.031756793384961846,-0.005799999999999805,0.005799999999999805,-0.0010649999999996496,0.0010649999999996496,-0.006813454688770371,0.006813454688770371,0.031756793384961846,0.031756793384961846,0.05480755222281797,0.05480755222281797,0.06594062516421584,0.06594062516421584,0.02835100000000068,0.02835100000000068,0.040160000000001084,0.040160000000001084,0.05081098198691336,0.05081098198691336,-0.015157918602739961,0.015157918602739961
2025-07-23,2025-09-04,4.2544,4.2553,Ridge,4.289001575745729,4.2544,4.257465,4.25250717343646,4.289001575745729,4.313707552222818,4.370776177870663,4.2870420000000005,4.301340999999999,4.303720910231059,4.243139324090158,0.03370157574572907,0.03370157574572907,-0.0008999999999996788,0.0008999999999996788,0.0021649999999997505,0.0021649999999997505,-0.002792826563539741,0.002792826563539741,0.03370157574572907,0.03370157574572907,0.05840755222281757,0.05840755222281757,0.11547617787066322,0.11547617787066322,0.03174200000000038,0.03174200000000038,0.04604099999999889,0.04604099999999889,0.048420910231058656,0.048420910231058656,-0.012160675909842489,0.012160675909842489
2025-07-24,2025-09-05,4.2514,4.2476,Ridge,4.286632068129313,4.2514,4.257245,4.252305869175285,4.286632068129313,4.313707552222818,4.2783423685617805,4.288636,4.300005000000001,4.319577357286626,4.246940155351382,0.03903206812931259,0.03903206812931259,0.0038000000000000256,0.0038000000000000256,0.009644999999999904,0.009644999999999904,0.004705869175285038,0.004705869175285038,0.03903206812931259,0.03903206812931259,0.06610755222281739,0.06610755222281739,0.030742368561780253,0.030742368561780253,0.04103600000000007,0.04103600000000007,0.052405000000001145,0.052405000000001145,0.07197735728662558,0.07197735728662558,-0.0006598446486183462,0.0006598446486183462
2025-07-25,2025-09-08,4.2544,4.2484,Ridge,4.291404969340793,4.2544,4.256855,4.252686620234324,4.291404969340793,4.313707552222818,4.366232929966383,4.2932890000000015,4.302982000000001,4.302550686321834,4.249109466841795,0.04300496934079323,0.04300496934079323,0.006000000000000227,0.006000000000000227,0.008454999999999657,0.008454999999999657,0.004286620234323912,0.004286620234323912,0.04300496934079323,0.04300496934079323,0.06530755222281748,0.06530755222281748,0.11783292996638295,0.11783292996638295,0.04488900000000129,0.04488900000000129,0.0545820000000008,0.0545820000000008,0.05415068632183395,0.05415068632183395,0.00070946684179507,0.00070946684179507
2025-07-28,2025-09-09,4.2565,4.254,Ridge,4.294462964689223,4.2565,4.256546666666667,4.253379962009901,4.294462964689223,4.313707552222818,4.311040648303444,4.2883450000000005,4.30351,4.309665333647657,4.254382130428172,0.04046296468922339,0.04046296468922339,0.002500000000000391,0.002500000000000391,0.002546666666667363,0.002546666666667363,-0.0006200379900986874,0.0006200379900986874,0.04046296468922339,0.04046296468922339,0.059707552222818094,0.059707552222818094,0.05704064830344446,0.05704064830344446,0.03434500000000096,0.03434500000000096,0.04951000000000061,0.04951000000000061,0.055665333647657356,0.055665333647657356,0.000382130428172367,0.000382130428172367
2025-07-29,2025-09-10,4.2737,4.2604,Ridge,4.304178542489005,4.2737,4.256508333333334,4.257074514371737,4.304178542489005,4.313707552222818,4.289960317989648,4.284865999999999,4.304646,4.312821983301363,4.265852282128763,0.04377854248900537,0.04377854248900537,0.01330000000000009,0.01330000000000009,-0.0038916666666661826,0.0038916666666661826,-0.0033254856282631806,0.0033254856282631806,0.04377854248900537,0.04377854248900537,0.05330755222281791,0.05330755222281791,0.029560317989647977,0.029560317989647977,0.024465999999999433,0.024465999999999433,0.04424600000000023,0.04424600000000023,0.05242198330136283,0.05242198330136283,0.005452282128763031,0.005452282128763031
2025-07-30,2025-09-11,4.2732,4.2626,Ridge,4.305647103440236,4.2732,4.256385,4.260006420849603,4.305647103440236,4.313707552222818,4.348083523298532,4.279391999999999,4.315282,4.2893333962116,4.276573302457317,0.043047103440236434,0.043047103440236434,0.010600000000000165,0.010600000000000165,-0.006215000000000082,0.006215000000000082,-0.0025935791503970407,0.0025935791503970407,0.043047103440236434,0.043047103440236434,0.05110755222281771,0.05110755222281771,0.08548352329853248,0.08548352329853248,0.016791999999998808,0.016791999999998808,0.052681999999999896,0.052681999999999896,0.026733396211599647,0.026733396211599647,0.013973302457316983,0.013973302457316983
2025-07-31,2025-09-12,4.2661,4.2593,Ridge,4.301072437914424,4.2661,4.256225,4.261114344331493,4.301072437914424,4.313707552222818,4.328402412003834,4.286661,4.313343999999998,4.290823666175335,4.281583265445751,0.04177243791442464,0.04177243791442464,0.006800000000000139,0.006800000000000139,-0.003074999999999939,0.003074999999999939,0.0018143443314935226,0.0018143443314935226,0.04177243791442464,0.04177243791442464,0.05440755222281801,0.05440755222281801,0.0691024120038346,0.0691024120038346,0.02736099999999997,0.02736099999999997,0.05404399999999843,0.05404399999999843,0.03152366617533531,0.03152366617533531,0.022283265445751432,0.022283265445751432
2025-08-01,2025-09-15,4.2813,4.2476,Ridge,4.305854208823334,4.2813,4.256390000000001,4.264784463543949,4.305854208823334,4.313707552222818,4.348950406262688,4.2715809999999985,4.295651999999999,4.289873630439852,4.282590878067528,0.05825420882333354,0.05825420882333354,0.03369999999999962,0.03369999999999962,0.008790000000000298,0.008790000000000298,0.017184463543948425,0.017184463543948425,0.05825420882333354,0.05825420882333354,0.06610755222281739,0.06610755222281739,0.10135040626268754,0.10135040626268754,0.023980999999998254,0.023980999999998254,0.04805199999999843,0.04805199999999843,0.042273630439852106,0.042273630439852106,0.03499087806752765,0.03499087806752765
2025-08-04,2025-09-16,4.2734,4.2504,Ridge,4.301860659990596,4.2734,4.256923333333333,4.266350924717776,4.301860659990596,4.313707552222818,4.302668097487608,4.268250999999999,4.290400999999999,4.296293246148277,4.281420050832304,0.051460659990596014,0.051460659990596014,0.022999999999999687,0.022999999999999687,0.006523333333332992,0.006523333333332992,0.01595092471777626,0.01595092471777626,0.051460659990596014,0.051460659990596014,0.0633075522228177,0.0633075522228177,0.05226809748760797,0.05226809748760797,0.017850999999999395,0.017850999999999395,0.04000099999999929,0.04000099999999929,0.04589324614827728,0.04589324614827728,0.031020050832304413,0.031020050832304413
2025-08-05,2025-09-17,4.2763,4.2559,Ridge,4.303916931233813,4.2763,4.257633333333334,4.268159847496362,4.303916931233813,4.313707552222818,4.344618281350076,4.262762999999998,4.293301999999997,4.299033253460104,4.288183932548311,0.04801693123381323,0.04801693123381323,0.020400000000000418,0.020400000000000418,0.0017333333333340306,0.0017333333333340306,0.01225984749636222,0.01225984749636222,0.04801693123381323,0.04801693123381323,0.05780755222281808,0.05780755222281808,0.08871828135007664,0.08871828135007664,0.006862999999998287,0.006862999999998287,0.03740199999999749,0.03740199999999749,0.04313325346010455,0.04313325346010455,0.03228393254831108,0.03228393254831108
2025-08-06,2025-09-18,4.282,4.2564,Ridge,4.310896987181844,4.282,4.258125,4.270676238860659,4.310896987181844,4.313707552222818,4.290396974925346,4.263633999999999,4.2959869999999984,4.302946115679013,4.300154105068144,0.05449698718184415,0.05449698718184415,0.025599999999999845,0.025599999999999845,0.0017249999999995325,0.0017249999999995325,0.014276238860658985,0.014276238860658985,0.05449698718184415,0.05449698718184415,0.05730755222281747,0.05730755222281747,0.033996974925345924,0.033996974925345924,0.00723399999999863,0.00723399999999863,0.03958699999999826,0.03958699999999826,0.046546115679013234,0.046546115679013234,0.043754105068144256,0.043754105068144256
2025-08-07,2025-09-19,4.2618,4.2666,Ridge,4.293245461261428,4.2618,4.258396666666666,4.26906237724963,4.293245461261428,4.313707552222818,4.3311272104780745,4.284788999999999,4.293556000000001,4.3002729229546794,4.264605833234158,0.026645461261427528,0.026645461261427528,-0.0048000000000003595,0.0048000000000003595,-0.008203333333334228,0.008203333333334228,0.0024623772496292773,0.0024623772496292773,0.026645461261427528,0.026645461261427528,0.04710755222281726,0.04710755222281726,0.06452721047807408,0.06452721047807408,0.01818899999999868,0.01818899999999868,0.026956000000000202,0.026956000000000202,0.03367292295467905,0.03367292295467905,-0.001994166765842742,0.001994166765842742
2025-08-08,2025-09-22,4.2566,4.2645,Ridge,4.290684097611352,4.2566,4.25871,4.2667964904769695,4.290684097611352,4.313707552222818,4.315468733585263,4.287094999999999,4.303721,4.2884109061618805,4.260110283891576,0.026184097611351653,0.026184097611351653,-0.00790000000000024,0.00790000000000024,-0.005790000000000184,0.005790000000000184,0.0022964904769695593,0.0022964904769695593,0.026184097611351653,0.026184097611351653,0.049207552222817696,0.049207552222817696,0.05096873358526288,0.05096873358526288,0.022594999999999033,0.022594999999999033,0.039221000000000394,0.039221000000000394,0.02391090616188052,0.02391090616188052,-0.004389716108423869,0.004389716108423869
2025-08-11,2025-09-23,4.2533,4.2552,Ridge,4.293058198587092,4.2533,4.258945,4.264342583117521,4.293058198587092,4.313707552222818,4.338595213666354,4.282003999999998,4.303311999999997,4.293467051985429,4.260219164271033,0.03785819858709161,0.03785819858709161,-0.0019000000000000128,0.0019000000000000128,0.0037449999999994432,0.0037449999999994432,0.009142583117520253,0.009142583117520253,0.03785819858709161,0.03785819858709161,0.05850755222281734,0.05850755222281734,0.08339521366635338,0.08339521366635338,0.026803999999997608,0.026803999999997608,0.048111999999997046,0.048111999999997046,0.03826705198542868,0.03826705198542868,0.005019164271033105,0.005019164271033105
2025-08-12,2025-09-24,4.2626,4.2676,Ridge,4.296441641742895,4.2626,4.25868,4.264025749823426,4.296441641742895,4.313707552222818,4.3225467352681015,4.2699489999999996,4.302532999999998,4.309027784136872,4.271337483342825,0.028841641742895163,0.028841641742895163,-0.004999999999999893,0.004999999999999893,-0.008919999999999817,0.008919999999999817,-0.0035742501765740897,0.0035742501765740897,0.028841641742895163,0.028841641742895163,0.046107552222817816,0.046107552222817816,0.054946735268101676,0.054946735268101676,0.0023489999999997124,0.0023489999999997124,0.03493299999999788,0.03493299999999788,0.041427784136872425,0.041427784136872425,0.0037374833428254206,0.0037374833428254206
2025-08-13,2025-09-25,4.2586,4.2619,Ridge,4.294341752549427,4.2586,4.258828333333333,4.26303924985553,4.294341752549427,4.313707552222818,4.264049876651983,4.268290999999998,4.3003579999999975,4.307506929511944,4.26179591418445,0.032441752549427605,0.032441752549427605,-0.0032999999999994145,0.0032999999999994145,-0.003071666666667028,0.003071666666667028,0.0011392498555302666,0.0011392498555302666,0.032441752549427605,0.032441752549427605,0.051807552222817854,0.051807552222817854,0.0021498766519831847,0.0021498766519831847,0.006390999999998037,0.006390999999998037,0.03845799999999766,0.03845799999999766,0.045606929511944116,0.045606929511944116,-0.00010408581554965934,0.00010408581554965934
2025-08-14,2025-09-26,4.2639,4.2668,Ridge,4.3018450167692235,4.2639,4.259221666666667,4.263195749881797,4.3018450167692235,4.313707552222818,4.360409271318965,4.261286999999998,4.297944999999999,4.31291749935574,4.269673979143189,0.03504501676922356,0.03504501676922356,-0.0029000000000003467,0.0029000000000003467,-0.0075783333333330205,0.0075783333333330205,-0.0036042501182027564,0.0036042501182027564,0.03504501676922356,0.03504501676922356,0.04690755222281773,0.04690755222281773,0.09360927131896535,0.09360927131896535,-0.005513000000002322,0.005513000000002322,0.031144999999998646,0.031144999999998646,0.0461174993557405,0.0461174993557405,0.002873979143188876,0.002873979143188876
2025-08-18,2025-09-29,4.2558,4.2688,Ridge,4.292715421596005,4.2558,4.259406666666667,4.2618510680851065,4.292715421596005,4.313707552222818,4.265626092803265,4.264816,4.304604999999998,4.313522109716084,4.260868305607045,0.023915421596004904,0.023915421596004904,-0.0129999999999999,0.0129999999999999,-0.009393333333332698,0.009393333333332698,-0.006948931914893208,0.006948931914893208,0.023915421596004904,0.023915421596004904,0.04490755222281795,0.04490755222281795,-0.0031739071967349375,0.0031739071967349375,-0.0039839999999999876,0.0039839999999999876,0.03580499999999809,0.03580499999999809,0.04472210971608437,0.04472210971608437,-0.007931694392954824,0.007931694392954824
2025-08-19,2025-09-30,4.242,4.2692,Ridge,4.279388820092092,4.242,4.259205,4.258241782978724,4.279388820092092,4.313707552222818,4.333400793370479,4.265651000000002,4.299148999999997,4.294384070174942,4.241499247864472,0.010188820092092321,0.010188820092092321,-0.02719999999999967,0.02719999999999967,-0.009994999999999976,0.009994999999999976,-0.010958217021276084,0.010958217021276084,0.010188820092092321,0.010188820092092321,0.04450755222281799,0.04450755222281799,0.06420079337047913,0.06420079337047913,-0.003548999999997804,0.003548999999997804,0.02994899999999756,0.02994899999999756,0.02518407017494262,0.02518407017494262,-0.027700752135527473,0.027700752135527473
2025-08-20,2025-10-01,4.2524,4.2586,Ridge,4.288372425790693,4.2524,4.259221666666667,4.257179640618956,4.288372425790693,4.313707552222818,4.275042352250612,4.255518000000002,4.287065000000001,4.281997192523533,4.2586050941634,0.029772425790692836,0.029772425790692836,-0.0062000000000006494,0.0062000000000006494,0.0006216666666665205,0.0006216666666665205,-0.001420359381044456,0.001420359381044456,0.029772425790692836,0.029772425790692836,0.05510755222281727,0.05510755222281727,0.016442352250611414,0.016442352250611414,-0.003081999999998253,0.003081999999998253,0.02846500000000063,0.02846500000000063,0.02339719252353234,0.02339719252353234,5.09416339955493e-06,5.09416339955493e-06
2025-08-21,2025-10-02,4.2521,4.256,Ridge,4.286433199640743,4.2521,4.259291666666667,4.256256069597328,4.286433199640743,4.313707552222818,4.33682706570152,4.246919999999999,4.288318000000001,4.276787080793427,4.253358073343009,0.030433199640742536,0.030433199640742536,-0.0038999999999997925,0.0038999999999997925,0.0032916666666666927,0.0032916666666666927,0.0002560695973281568,0.0002560695973281568,0.030433199640742536,0.030433199640742536,0.057707552222817426,0.057707552222817426,0.08082706570151998,0.08082706570151998,-0.009080000000000865,0.009080000000000865,0.03231800000000096,0.03231800000000096,0.020787080793426504,0.020787080793426504,-0.0026419266569908118,0.0026419266569908118
2025-08-22,2025-10-03,4.267,4.2559,Ridge,4.293841753907379,4.267,4.259663333333333,4.258209511488722,4.293841753907379,4.313707552222818,4.244714068578902,4.258671000000002,4.291631,4.273067910692163,4.269368624712894,0.037941753907379194,0.037941753907379194,0.011100000000000776,0.011100000000000776,0.003763333333333563,0.003763333333333563,0.0023095114887228263,0.0023095114887228263,0.037941753907379194,0.037941753907379194,0.05780755222281808,0.05780755222281808,-0.011185931421097806,0.011185931421097806,0.0027710000000027435,0.0027710000000027435,0.03573100000000018,0.03573100000000018,0.01716791069216317,0.01716791069216317,0.01346862471289434,0.01346862471289434
2025-08-25,2025-10-06,4.2627,4.2521,Ridge,4.288534729940728,4.2627,4.260093333333334,4.259025963945318,4.288534729940728,4.313707552222818,4.28420052982221,4.255190000000002,4.289667,4.291086588501007,4.259252428620235,0.03643472994072727,0.03643472994072727,0.010599999999999277,0.010599999999999277,0.007993333333333297,0.007993333333333297,0.006925963945317193,0.006925963945317193,0.03643472994072727,0.03643472994072727,0.06160755222281722,0.06160755222281722,0.0321005298222099,0.0321005298222099,0.0030900000000011474,0.0030900000000011474,0.03756699999999924,0.03756699999999924,0.03898658850100656,0.03898658850100656,0.0071524286202349074,0.0071524286202349074
2025-08-26,2025-10-07,4.2657,4.2559,Ridge,4.29487461475339,4.2657,4.260343333333333,4.260239425046169,4.29487461475339,4.313707552222818,4.314697072761362,4.261323999999999,4.292383999999999,4.285261360778247,4.258985845511775,0.038974614753390036,0.038974614753390036,0.009800000000000253,0.009800000000000253,0.004443333333333577,0.004443333333333577,0.004339425046169687,0.004339425046169687,0.038974614753390036,0.038974614753390036,0.05780755222281808,0.05780755222281808,0.05879707276136248,0.05879707276136248,0.005423999999999651,0.005423999999999651,0.03648399999999974,0.03648399999999974,0.029361360778247025,0.029361360778247025,0.003085845511775709,0.003085845511775709
2025-08-27,2025-10-08,4.2639,4.2533,Ridge,4.2977480596933555,4.2639,4.260445,4.260904984128684,4.2977480596933555,4.313707552222818,4.336935839131241,4.2739139999999995,4.303570000000002,4.289798555926546,4.256150555486966,0.04444805969335519,0.04444805969335519,0.010599999999999277,0.010599999999999277,0.007144999999999513,0.007144999999999513,0.007604984128684045,0.007604984128684045,0.04444805969335519,0.04444805969335519,0.06040755222281735,0.06040755222281735,0.08363583913124106,0.08363583913124106,0.020613999999999244,0.020613999999999244,0.050270000000002035,0.050270000000002035,0.036498555926545606,0.036498555926545606,0.002850555486965334,0.002850555486965334
2025-08-28,2025-10-09,4.2681,4.2569,Ridge,4.302829801728287,4.2681,4.260378333333334,4.262213168832559,4.302829801728287,4.313707552222818,4.336592693853989,4.281381999999997,4.300193999999999,4.275808397843796,4.257180864942733,0.04592980172828742,0.04592980172828742,0.011199999999999655,0.011199999999999655,0.003478333333333694,0.003478333333333694,0.005313168832558723,0.005313168832558723,0.04592980172828742,0.04592980172828742,0.05680755222281775,0.05680755222281775,0.07969269385398903,0.07969269385398903,0.024481999999997228,0.024481999999997228,0.0432939999999995,0.0432939999999995,0.018908397843795832,0.018908397843795832,0.00028086494273349416,0.00028086494273349416
2025-08-29,2025-10-10,4.2684,4.2583,Ridge,4.301043801913064,4.2684,4.260221666666666,4.263338047226639,4.301043801913064,4.313707552222818,4.300043322395784,4.280345999999998,4.292370000000001,4.269983170121035,4.262730303347721,0.042743801913063706,0.042743801913063706,0.010099999999999554,0.010099999999999554,0.0019216666666661553,0.0019216666666661553,0.005038047226638476,0.005038047226638476,0.042743801913063706,0.042743801913063706,0.05540755222281746,0.05540755222281746,0.041743322395784155,0.041743322395784155,0.02204599999999779,0.02204599999999779,0.03407000000000071,0.03407000000000071,0.011683170121035147,0.011683170121035147,0.004430303347720432,0.004430303347720432
2025-09-01,2025-10-13,4.2574,4.2592,Ridge,4.2913897541959765,4.2574,4.25986,4.26225840227634,4.2913897541959765,4.313707552222818,4.3156030185244205,4.277158999999999,4.271392,4.2590235087427475,4.256734578071972,0.03218975419597658,0.03218975419597658,-0.0018000000000002458,0.0018000000000002458,0.0006599999999998829,0.0006599999999998829,0.003058402276340466,0.003058402276340466,0.03218975419597658,0.03218975419597658,0.05450755222281778,0.05450755222281778,0.056403018524420645,0.056403018524420645,0.017958999999999392,0.017958999999999392,0.012191999999999759,0.012191999999999759,-0.0001764912572523869,0.0001764912572523869,-0.002465421928027567,0.002465421928027567
2025-09-02,2025-10-14,4.2651,4.2645,Ridge,4.29380521483636,4.2651,4.259476666666667,4.262775056407914,4.29380521483636,4.313707552222818,4.2728208102848475,4.2683930000000005,4.2672419999999995,4.246218867090797,4.2637595765251355,0.02930521483636017,0.02930521483636017,0.000600000000000378,0.000600000000000378,-0.0050233333333329355,0.0050233333333329355,-0.001724943592085637,0.001724943592085637,0.02930521483636017,0.02930521483636017,0.049207552222817696,0.049207552222817696,0.008320810284847546,0.008320810284847546,0.0038930000000005904,0.0038930000000005904,0.002741999999999578,0.002741999999999578,-0.018281132909202746,0.018281132909202746,-0.0007404234748644711,0.0007404234748644711
2025-09-03,2025-10-15,4.2589,4.2556,Ridge,4.2906538000544625,4.2589,4.259171666666667,4.2620705006973845,4.2906538000544625,4.313707552222818,4.3928166815139695,4.254912,4.269611999999999,4.25229098245388,4.258180955720575,0.035053800054462236,0.035053800054462236,0.0032999999999994145,0.0032999999999994145,0.0035716666666667507,0.0035716666666667507,0.006470500697384196,0.006470500697384196,0.035053800054462236,0.035053800054462236,0.05810755222281738,0.05810755222281738,0.13721668151396926,0.13721668151396926,-0.000688000000000244,0.000688000000000244,0.014011999999998359,0.014011999999998359,-0.0033090175461198967,0.0033090175461198967,0.002580955720574707,0.002580955720574707
2025-09-04,2025-10-16,4.2553,4.2517,Ridge,4.288254007156359,4.2553,4.259075,4.260839500570588,4.288254007156359,4.313707552222818,4.400963370461465,4.255464000000001,4.2697629999999975,4.267010063228817,4.248116309619623,0.0365540071563597,0.0365540071563597,0.0036000000000004917,0.0036000000000004917,0.0073750000000005755,0.0073750000000005755,0.009139500570588766,0.009139500570588766,0.0365540071563597,0.0365540071563597,0.06200755222281806,0.06200755222281806,0.14926337046146543,0.14926337046146543,0.003764000000001211,0.003764000000001211,0.018062999999997942,0.018062999999997942,0.015310063228817228,0.015310063228817228,-0.0035836903803767584,0.0035836903803767584
2025-09-05,2025-10-17,4.2476,4.2565,Ridge,4.280900679104872,4.2476,4.258796666666666,4.258432318648662,4.280900679104872,4.313707552222818,4.340696628857463,4.261911000000001,4.267545,4.252343550722108,4.241286303391984,0.02440067910487187,0.02440067910487187,-0.008899999999999686,0.008899999999999686,0.0022966666666661695,0.0022966666666661695,0.001932318648662168,0.001932318648662168,0.02440067910487187,0.02440067910487187,0.057207552222817704,0.057207552222817704,0.08419662885746337,0.08419662885746337,0.005411000000001387,0.005411000000001387,0.011045000000000194,0.011045000000000194,-0.004156449277892271,0.004156449277892271,-0.015213696608015859,0.015213696608015859
2025-09-08,2025-10-20,4.2484,4.2396,Ridge,4.282623905442873,4.2484,4.2585516666666665,4.256608260712541,4.282623905442873,4.313707552222818,4.302657329197027,4.259823000000001,4.256806,4.260370688996284,4.235057528633337,0.04302390544287249,0.04302390544287249,0.008799999999999919,0.008799999999999919,0.018951666666666256,0.018951666666666256,0.017008260712541023,0.017008260712541023,0.04302390544287249,0.04302390544287249,0.0741075522228174,0.0741075522228174,0.06305732919702667,0.06305732919702667,0.020223000000000546,0.020223000000000546,0.017205999999999833,0.017205999999999833,0.02077068899628376,0.02077068899628376,-0.004542471366662859,0.004542471366662859
2025-09-09,2025-10-21,4.254,4.2392,Ridge,4.286197659162976,4.254,4.258251666666666,4.256134031492079,4.286197659162976,4.313707552222818,4.297502248564818,4.260863999999999,4.264220000000002,4.269298426089459,4.243094198898121,0.046997659162975935,0.046997659162975935,0.014799999999999258,0.014799999999999258,0.019051666666666023,0.019051666666666023,0.016934031492078283,0.016934031492078283,0.046997659162975935,0.046997659162975935,0.07450755222281735,0.07450755222281735,0.058302248564817916,0.058302248564817916,0.021663999999998573,0.021663999999998573,0.025020000000001374,0.025020000000001374,0.030098426089458563,0.030098426089458563,0.0038941988981209263,0.0038941988981209263
2025-09-10,2025-10-22,4.2604,4.2438,Ridge,4.294430940662173,4.2604,4.258238333333333,4.256909662129882,4.294430940662173,4.313707552222818,4.361451431994557,4.2622919999999995,4.265477999999999,4.260656590728859,4.25334304159337,0.050630940662172996,0.050630940662172996,0.016599999999999504,0.016599999999999504,0.014438333333332665,0.014438333333332665,0.013109662129881627,0.013109662129881627,0.050630940662172996,0.050630940662172996,0.06990755222281742,0.06990755222281742,0.11765143199455697,0.11765143199455697,0.018491999999999287,0.018491999999999287,0.021677999999998754,0.021677999999998754,0.016856590728858478,0.016856590728858478,0.009543041593369495,0.009543041593369495
2025-09-11,2025-10-23,4.2626,4.2347,Ridge,4.294013047320534,4.2626,4.258031666666667,4.257944269015358,4.294013047320534,4.313707552222818,4.326321722350597,4.263291000000001,4.266601999999999,4.2532144087184705,4.256866305081362,0.05931304732053366,0.05931304732053366,0.027899999999999814,0.027899999999999814,0.02333166666666653,0.02333166666666653,0.023244269015357588,0.023244269015357588,0.05931304732053366,0.05931304732053366,0.07900755222281752,0.07900755222281752,0.09162172235059707,0.09162172235059707,0.028591000000000477,0.028591000000000477,0.031901999999998765,0.031901999999998765,0.01851440871847032,0.01851440871847032,0.022166305081362303,0.022166305081362303
2025-09-12,2025-10-24,4.2593,4.2353,Ridge,4.29001917611171,4.2593,4.257825,4.25819076555802,4.29001917611171,4.313707552222818,4.322167392189812,4.265491,4.2701129999999985,4.250755779619249,4.258259259942194,0.05471917611171051,0.05471917611171051,0.02400000000000002,0.02400000000000002,0.022525000000000794,0.022525000000000794,0.022890765558019943,0.022890765558019943,0.05471917611171051,0.05471917611171051,0.07840755222281803,0.07840755222281803,0.08686739218981199,0.08686739218981199,0.0301910000000003,0.0301910000000003,0.03481299999999887,0.03481299999999887,0.015455779619249377,0.015455779619249377,0.022959259942194166,0.022959259942194166
2025-09-15,2025-10-27,4.2476,4.2353,Ridge,4.280599230822574,4.2476,4.257436666666666,4.256265171820198,4.280599230822574,4.313707552222818,4.283553934947691,4.2600060000000015,4.261328999999999,4.255375074446003,4.249576085518298,0.045299230822574366,0.045299230822574366,0.012300000000000644,0.012300000000000644,0.02213666666666647,0.02213666666666647,0.020965171820198414,0.020965171820198414,0.045299230822574366,0.045299230822574366,0.07840755222281803,0.07840755222281803,0.04825393494769159,0.04825393494769159,0.024706000000001893,0.024706000000001893,0.026028999999999414,0.026028999999999414,0.020075074446003427,0.020075074446003427,0.014276085518297954,0.014276085518297954
2025-09-16,2025-10-28,4.2504,4.2345,Ridge,4.28092461021857,4.2504,4.257065,4.255198776943798,4.28092461021857,4.313707552222818,4.279183351188407,4.2559629999999995,4.255058999999999,4.2547148596678745,4.2548139572944,0.04642461021856992,0.04642461021856992,0.015900000000000247,0.015900000000000247,0.022565000000000168,0.022565000000000168,0.020698776943798514,0.020698776943798514,0.04642461021856992,0.04642461021856992,0.07920755222281795,0.07920755222281795,0.04468335118840727,0.04468335118840727,0.021462999999999788,0.021462999999999788,0.02055899999999955,0.02055899999999955,0.02021485966787484,0.02021485966787484,0.020313957294399998,0.020313957294399998
2025-09-17,2025-10-29,4.2559,4.2374,Ridge,4.2847366118225425,4.2559,4.25699,4.255326272044925,4.2847366118225425,4.313707552222818,4.356012802615715,4.255269999999999,4.260066999999998,4.254635486710662,4.262379760896561,0.04733661182254245,0.04733661182254245,0.018499999999999517,0.018499999999999517,0.019589999999999996,0.019589999999999996,0.017926272044925362,0.017926272044925362,0.04733661182254245,0.04733661182254245,0.0763075522228176,0.0763075522228176,0.11861280261571494,0.11861280261571494,0.017869999999999386,0.017869999999999386,0.02266699999999755,0.02266699999999755,0.01723548671066233,0.01723548671066233,0.024979760896560954,0.024979760896560954
2025-09-18,2025-10-30,4.2564,4.2425,Ridge,4.286701165360755,4.2564,4.257131666666667,4.255521495309484,4.286701165360755,4.313707552222818,4.363053671914514,4.254897,4.259492999999999,4.252678037710163,4.261353219719973,0.04420116536075547,0.04420116536075547,0.013900000000000468,0.013900000000000468,0.014631666666667265,0.014631666666667265,0.013021495309484266,0.013021495309484266,0.04420116536075547,0.04420116536075547,0.07120755222281794,0.07120755222281794,0.12055367191451438,0.12055367191451438,0.012396999999999991,0.012396999999999991,0.01699299999999937,0.01699299999999937,0.010178037710163679,0.010178037710163679,0.01885321971997289,0.01885321971997289
2025-09-19,2025-10-31,4.2666,4.2543,Ridge,4.290472898157594,4.2666,4.257443333333333,4.257535768889578,4.290472898157594,4.313707552222818,4.277561772640773,4.255068999999999,4.265617999999999,4.246178096616966,4.26292378638204,0.03617289815759417,0.03617289815759417,0.012300000000000644,0.012300000000000644,0.0031433333333330538,0.0031433333333330538,0.0032357688895778836,0.0032357688895778836,0.03617289815759417,0.03617289815759417,0.059407552222817905,0.059407552222817905,0.023261772640773337,0.023261772640773337,0.0007689999999991315,0.0007689999999991315,0.011317999999999273,0.011317999999999273,-0.008121903383033313,0.008121903383033313,0.008623786382040421,0.008623786382040421
2025-09-22,2025-11-03,4.2645,4.2527,Ridge,4.28790482312558,4.2645,4.257915,4.258801992727836,4.28790482312558,4.313707552222818,4.302264799792132,4.2616249999999996,4.266527000000001,4.244498830323538,4.264656808712015,0.035204823125580376,0.035204823125580376,0.011800000000000033,0.011800000000000033,0.005214999999999748,0.005214999999999748,0.00610199272783607,0.00610199272783607,0.035204823125580376,0.035204823125580376,0.06100755222281773,0.06100755222281773,0.04956479979213224,0.04956479979213224,0.008924999999999628,0.008924999999999628,0.013827000000000922,0.013827000000000922,-0.008201169676461895,0.008201169676461895,0.01195680871201521,0.01195680871201521
2025-09-23,2025-11-04,4.2552,4.2575,Ridge,4.281364214432518,4.2552,4.258136666666666,4.2581470849591385,4.281364214432518,4.313707552222818,4.359404101375089,4.2607159999999995,4.270742,4.250676237039191,4.2584355308926325,0.023864214432517628,0.023864214432517628,-0.0022999999999999687,0.0022999999999999687,0.0006366666666659526,0.0006366666666659526,0.0006470849591382333,0.0006470849591382333,0.023864214432517628,0.023864214432517628,0.05620755222281737,0.05620755222281737,0.10190410137508898,0.10190410137508898,0.0032159999999992195,0.0032159999999992195,0.013241999999999976,0.013241999999999976,-0.006823762960808999,0.006823762960808999,0.0009355308926322081,0.0009355308926322081
2025-09-24,2025-11-05,4.2676,4.2597,Ridge,4.295439320489822,4.2676,4.258571666666667,4.25986579678475,4.295439320489822,4.313707552222818,4.406147070009812,4.2600299999999995,4.266087000000001,4.25300711372611,4.269179008811854,0.035739320489822646,0.035739320489822646,0.00790000000000024,0.00790000000000024,-0.0011283333333329537,0.0011283333333329537,0.00016579678475014958,0.00016579678475014958,0.035739320489822646,0.035739320489822646,0.054007552222818056,0.054007552222818056,0.14644707000981239,0.14644707000981239,0.00032999999999994145,0.00032999999999994145,0.006387000000001031,0.006387000000001031,-0.006692886273889975,0.006692886273889975,0.00947900881185415,0.00947900881185415
2025-09-25,2025-11-06,4.2619,4.2566,Ridge,4.294266316807615,4.2619,4.25877,4.260235651914795,4.294266316807615,4.313707552222818,4.339519111551461,4.253885,4.26841,4.2502446898300805,4.269669996590235,0.03766631680761545,0.03766631680761545,0.005300000000000082,0.005300000000000082,0.0021700000000004493,0.0021700000000004493,0.0036356519147950905,0.0036356519147950905,0.03766631680761545,0.03766631680761545,0.05710755222281794,0.05710755222281794,0.08291911155146092,0.08291911155146092,-0.002714999999999357,0.002714999999999357,0.011810000000000542,0.011810000000000542,-0.006355310169919193,0.006355310169919193,0.013069996590235,0.013069996590235
2025-09-26,2025-11-07,4.2668,4.2483,Ridge,4.290983939390601,4.2668,4.258826666666667,4.261429169748468,4.290983939390601,4.313707552222818,4.3323974414924455,4.252364,4.267367999999999,4.253786255294048,4.274152516042398,0.04268393939060022,0.04268393939060022,0.018499999999999517,0.018499999999999517,0.010526666666666351,0.010526666666666351,0.013129169748467895,0.013129169748467895,0.04268393939060022,0.04268393939060022,0.06540755222281724,0.06540755222281724,0.08409744149244514,0.08409744149244514,0.0040639999999996235,0.0040639999999996235,0.019067999999998975,0.019067999999998975,0.0054862552940475595,0.0054862552940475595,0.02585251604239769,0.02585251604239769
2025-09-29,2025-11-10,4.2688,4.2351,Ridge,4.295928726153188,4.2688,4.259115,4.262769320703292,4.295928726153188,4.313707552222818,4.296759220988708,4.2507670000000015,4.2632119999999984,4.249488532853753,4.2802855078733275,0.06082872615318813,0.06082872615318813,0.03369999999999962,0.03369999999999962,0.02401500000000034,0.02401500000000034,0.027669320703291866,0.027669320703291866,0.06082872615318813,0.06082872615318813,0.07860755222281757,0.07860755222281757,0.06165922098870791,0.06165922098870791,0.01566700000000143,0.01566700000000143,0.02811199999999836,0.02811199999999836,0.014388532853752523,0.014388532853752523,0.045185507873327424,0.045185507873327424
2025-09-30,2025-11-12,4.2692,4.2312,Ridge,4.296179919970282,4.2692,4.2593950000000005,4.263938535120875,4.296179919970282,4.313707552222818,4.329870696463749,4.248659000000001,4.262989999999999,4.2521578167582135,4.263750589987595,0.06497991997028141,0.06497991997028141,0.03799999999999937,0.03799999999999937,0.028195000000000192,0.028195000000000192,0.03273853512087488,0.03273853512087488,0.06497991997028141,0.06497991997028141,0.08250755222281736,0.08250755222281736,0.09867069646374826,0.09867069646374826,0.017459000000000557,0.017459000000000557,0.0317899999999991,0.0317899999999991,0.020957816758213177,0.020957816758213177,0.032550589987594414,0.032550589987594414
2025-10-01,2025-11-13,4.2586,4.2304,Ridge,4.283338347930082,4.2586,4.259613333333333,4.262967892371625,4.283338347930082,4.313707552222818,4.346889792783522,4.246607,4.259265,4.2377732071805285,4.2652112040553405,0.05293834793008134,0.05293834793008134,0.028200000000000003,0.028200000000000003,0.02921333333333287,0.02921333333333287,0.03256789237162483,0.03256789237162483,0.05293834793008134,0.05293834793008134,0.08330755222281727,0.08330755222281727,0.116489792783522,0.116489792783522,0.01620699999999964,0.01620699999999964,0.028864999999999696,0.028864999999999696,0.007373207180528141,0.007373207180528141,0.034811204055340106,0.034811204055340106
2025-10-02,2025-11-14,4.256,4.2274,Ridge,4.281510667306483,4.256,4.259881666666667,4.261701002849511,4.281510667306483,4.313707552222818,4.293912826778671,4.251528,4.257045999999999,4.236239486597985,4.257193855043338,0.05411066730648262,0.05411066730648262,0.02859999999999996,0.02859999999999996,0.03248166666666652,0.03248166666666652,0.034301002849510986,0.034301002849510986,0.05411066730648262,0.05411066730648262,0.08630755222281739,0.08630755222281739,0.06651282677867076,0.06651282677867076,0.02412800000000015,0.02412800000000015,0.02964599999999873,0.02964599999999873,0.008839486597985058,0.008839486597985058,0.02979385504333809,0.02979385504333809
2025-10-03,2025-11-17,4.2559,4.2231,Ridge,4.282189719545202,4.2559,4.26004,4.260646275058691,4.282189719545202,4.313707552222818,4.202645907848476,4.2479070000000005,4.257785999999998,4.241557802141997,4.257124306138181,0.05908971954520226,0.05908971954520226,0.03279999999999994,0.03279999999999994,0.03694000000000042,0.03694000000000042,0.037546275058691236,0.037546275058691236,0.05908971954520226,0.05908971954520226,0.09060755222281802,0.09060755222281802,-0.020454092151523717,0.020454092151523717,0.02480700000000091,0.02480700000000091,0.034685999999997996,0.034685999999997996,0.018457802141996993,0.018457802141996993,0.03402430613818108,0.03402430613818108
2025-10-06,2025-11-18,4.2521,4.2331,Ridge,4.281500539102788,4.2521,4.25997,4.259092406866201,4.281500539102788,4.313707552222818,4.265092815206587,4.243715000000002,4.253846999999999,4.2394949023428605,4.25176591549654,0.0484005391027873,0.0484005391027873,0.019000000000000128,0.019000000000000128,0.026869999999999727,0.026869999999999727,0.025992406866200746,0.025992406866200746,0.0484005391027873,0.0484005391027873,0.08060755222281735,0.08060755222281735,0.03199281520658648,0.03199281520658648,0.010615000000001373,0.010615000000001373,0.020746999999998295,0.020746999999998295,0.00639490234286022,0.00639490234286022,0.018665915496539398,0.018665915496539398
2025-10-07,2025-11-19,4.2559,4.2424,Ridge,4.2836629058434035,4.2559,4.259878333333333,4.258511969254164,4.2836629058434035,4.313707552222818,4.313269911540402,4.241372000000001,4.254467999999999,4.2444110363692555,4.256710643876212,0.04126290584340353,0.04126290584340353,0.013499999999999623,0.013499999999999623,0.01747833333333304,0.01747833333333304,0.01611196925416447,0.01611196925416447,0.04126290584340353,0.04126290584340353,0.0713075522228177,0.0713075522228177,0.07086991154040234,0.07086991154040234,-0.0010279999999989187,0.0010279999999989187,0.012067999999999302,0.012067999999999302,0.002011036369255592,0.002011036369255592,0.014310643876211948,0.014310643876211948
2025-10-08,2025-11-20,4.2533,4.2289,Ridge,4.282861147198211,4.2533,4.25987,4.257564338480679,4.282861147198211,4.313707552222818,4.3310817723432855,4.251810000000001,4.251663,4.244992390926403,4.255035559656311,0.0539611471982111,0.0539611471982111,0.024399999999999977,0.024399999999999977,0.030969999999999942,0.030969999999999942,0.028664338480679064,0.028664338480679064,0.0539611471982111,0.0539611471982111,0.08480755222281733,0.08480755222281733,0.10218177234328518,0.10218177234328518,0.02291000000000043,0.02291000000000043,0.022762999999999423,0.022762999999999423,0.0160923909264028,0.0160923909264028,0.026135559656310647,0.026135559656310647
2025-10-09,2025-11-21,4.2569,4.2489,Ridge,4.285251876486392,4.2569,4.259843333333333,4.25744354966601,4.285251876486392,4.313707552222818,4.314191370612376,4.247517999999999,4.256776999999999,4.23647875662104,4.260856298679108,0.03635187648639171,0.03635187648639171,0.008000000000000007,0.008000000000000007,0.010943333333333527,0.010943333333333527,0.008543549666010009,0.008543549666010009,0.03635187648639171,0.03635187648639171,0.06480755222281775,0.06480755222281775,0.06529137061237567,0.06529137061237567,-0.0013820000000013266,0.0013820000000013266,0.007876999999998802,0.007876999999998802,-0.012421243378960334,0.012421243378960334,0.011956298679107746,0.011956298679107746
2025-10-10,2025-11-24,4.2583,4.2345,Ridge,4.284697267384771,4.2583,4.259883333333333,4.257599267908553,4.284697267384771,4.313707552222818,4.229925380042406,4.251314000000001,4.256787999999999,4.241664008863267,4.260999043560851,0.05019726738477104,0.05019726738477104,0.023800000000000487,0.023800000000000487,0.02538333333333309,0.02538333333333309,0.023099267908553323,0.023099267908553323,0.05019726738477104,0.05019726738477104,0.07920755222281795,0.07920755222281795,-0.004574619957593562,0.004574619957593562,0.016814000000000995,0.016814000000000995,0.02228799999999964,0.02228799999999964,0.007164008863266957,0.007164008863266957,0.0264990435608512,0.0264990435608512
2025-10-13,2025-11-25,4.2592,4.2301,Ridge,4.285098615401472,4.2592,4.260021666666667,4.257890310106998,4.285098615401472,4.313707552222818,4.238339317213313,4.248672000000002,4.263133999999999,4.2528598817840155,4.261313330996588,0.05499861540147144,0.05499861540147144,0.02909999999999968,0.02909999999999968,0.029921666666666624,0.029921666666666624,0.027790310106997396,0.027790310106997396,0.05499861540147144,0.05499861540147144,0.08360755222281746,0.08360755222281746,0.008239317213313058,0.008239317213313058,0.018572000000001587,0.018572000000001587,0.0330339999999989,0.0330339999999989,0.022759881784015334,0.022759881784015334,0.03121333099658763,0.03121333099658763
2025-10-14,2025-11-26,4.2645,4.233,Ridge,4.289106403969459,4.2645,4.260355,4.259092071905725,4.289106403969459,4.313707552222818,4.318555784286671,4.256507999999999,4.267195999999999,4.2528598817840155,4.2686589583438295,0.05610640396945943,0.05610640396945943,0.031500000000000306,0.031500000000000306,0.027355000000000018,0.027355000000000018,0.026092071905725156,0.026092071905725156,0.05610640396945943,0.05610640396945943,0.080707552222818,0.080707552222818,0.08555578428667143,0.08555578428667143,0.02350799999999964,0.02350799999999964,0.03419599999999967,0.03419599999999967,0.019859881784015876,0.019859881784015876,0.035658958343829816,0.035658958343829816
2025-10-15,2025-11-27,4.2556,4.227,Ridge,4.281815272013083,4.2556,4.260396666666667,4.258457149741048,4.281815272013083,4.313707552222818,4.341003265307302,4.2530589999999995,4.268107,4.2517949828727994,4.25909100933827,0.05481527201308278,0.05481527201308278,0.02859999999999996,0.02859999999999996,0.03339666666666652,0.03339666666666652,0.03145714974104763,0.03145714974104763,0.05481527201308278,0.05481527201308278,0.08670755222281734,0.08670755222281734,0.11400326530730176,0.11400326530730176,0.026058999999999166,0.026058999999999166,0.04110699999999934,0.04110699999999934,0.02479498287279913,0.02479498287279913,0.03209100933827003,0.03209100933827003
2025-10-16,2025-11-28,4.2517,4.2369,Ridge,4.279071603354758,4.2517,4.260351666666667,4.257228577060857,4.279071603354758,4.313707552222818,4.320036108609987,4.257650999999998,4.2681549999999975,4.246488664624297,4.249041297726909,0.04217160335475789,0.04217160335475789,0.014799999999999258,0.014799999999999258,0.023451666666666426,0.023451666666666426,0.020328577060857,0.020328577060857,0.04217160335475789,0.04217160335475789,0.07680755222281732,0.07680755222281732,0.08313610860998644,0.08313610860998644,0.020750999999997966,0.020750999999997966,0.031254999999997146,0.031254999999997146,0.009588664624296861,0.009588664624296861,0.01214129772690864,0.01214129772690864
2025-10-17,2025-12-01,4.2565,4.2286,Ridge,4.279978076200865,4.2565,4.260436666666666,4.257096108504338,4.279978076200865,4.313707552222818,4.267649416584016,4.260627000000001,4.264282,4.279382534355231,4.248097864371614,0.051378076200864875,0.051378076200864875,0.027899999999999814,0.027899999999999814,0.03183666666666607,0.03183666666666607,0.02849610850433759,0.02849610850433759,0.051378076200864875,0.051378076200864875,0.08510755222281752,0.08510755222281752,0.03904941658401562,0.03904941658401562,0.03202700000000114,0.03202700000000114,0.03568199999999955,0.03568199999999955,0.05078253435523106,0.05078253435523106,0.019497864371613716,0.019497864371613716
2025-10-20,2025-12-02,4.2396,4.239,Ridge,4.266105744998716,4.2396,4.26019,4.253914997867185,4.266105744998716,4.313707552222818,4.266337983191265,4.251121,4.258756,4.253900005166716,4.22824113983466,0.027105744998715764,0.027105744998715764,0.000600000000000378,0.000600000000000378,0.02118999999999982,0.02118999999999982,0.01491499786718542,0.01491499786718542,0.027105744998715764,0.027105744998715764,0.07470755222281777,0.07470755222281777,0.027337983191265458,0.027337983191265458,0.012121000000000492,0.012121000000000492,0.019756000000000107,0.019756000000000107,0.014900005166715857,0.014900005166715857,-0.01075886016533989,0.01075886016533989
2025-10-21,2025-12-03,4.2392,4.2312,Ridge,4.267068591579292,4.2392,4.259901666666667,4.251239543709515,4.267068591579292,4.313707552222818,4.306508262432905,4.2490960000000015,4.2454160000000005,4.253846031506156,4.225100271849405,0.03586859157929201,0.03586859157929201,0.008000000000000007,0.008000000000000007,0.028701666666666625,0.028701666666666625,0.02003954370951444,0.02003954370951444,0.03586859157929201,0.03586859157929201,0.08250755222281736,0.08250755222281736,0.07530826243290445,0.07530826243290445,0.017896000000001244,0.017896000000001244,0.014216000000000228,0.014216000000000228,0.02264603150615585,0.02264603150615585,-0.0060997281505956735,0.0060997281505956735
2025-10-22,2025-12-04,4.2438,4.2299,Ridge,4.270509827406537,4.2438,4.259403333333333,4.249886899398693,4.270509827406537,4.313707552222818,4.256821332531026,4.2582640000000005,4.243579999999999,4.268114553819546,4.224785527197343,0.04060982740653696,0.04060982740653696,0.013900000000000468,0.013900000000000468,0.029503333333333437,0.029503333333333437,0.01998689939869358,0.01998689939869358,0.04060982740653696,0.04060982740653696,0.08380755222281788,0.08380755222281788,0.026921332531026465,0.026921332531026465,0.028364000000000722,0.028364000000000722,0.013679999999999026,0.013679999999999026,0.03821455381954664,0.03821455381954664,-0.005114472802656422,0.005114472802656422
2025-10-23,2025-12-05,4.2347,4.2321,Ridge,4.264069678157357,4.2347,4.258761666666667,4.247125644962567,4.264069678157357,4.313707552222818,4.289445094126077,4.227593000000001,4.231344999999999,4.21393523232213,4.215971129916647,0.03196967815735707,0.03196967815735707,0.0026000000000001577,0.0026000000000001577,0.026661666666666584,0.026661666666666584,0.01502564496256742,0.01502564496256742,0.03196967815735707,0.03196967815735707,0.08160755222281768,0.08160755222281768,0.057345094126077356,0.057345094126077356,-0.004506999999999373,0.004506999999999373,-0.0007550000000007273,0.0007550000000007273,-0.01816476767787023,0.01816476767787023,-0.016128870083353064,0.016128870083353064
2025-10-24,2025-12-08,4.2353,4.2289,Ridge,4.2654170981025,4.2353,4.258248333333333,4.244975527696646,4.2654170981025,4.313707552222818,4.235019248901725,4.225543000000001,4.218413999999999,4.2274238426610955,4.241108365330062,0.03651709810249937,0.03651709810249937,0.006399999999999295,0.006399999999999295,0.029348333333333088,0.029348333333333088,0.01607552769664533,0.01607552769664533,0.03651709810249937,0.03651709810249937,0.08480755222281733,0.08480755222281733,0.006119248901724994,0.006119248901724994,-0.0033569999999993883,0.0033569999999993883,-0.010486000000001106,0.010486000000001106,-0.0014761573389048266,0.0014761573389048266,0.012208365330061532,0.012208365330061532
2025-10-27,2025-12-09,4.2353,4.234,Ridge,4.2678248656825915,4.2353,4.257481666666666,4.24321634084271,4.2678248656825915,4.313707552222818,4.275311329152615,4.2220010000000014,4.216705999999999,4.211806714979614,4.212287277701453,0.033824865682591465,0.033824865682591465,0.0012999999999996348,0.0012999999999996348,0.02348166666666618,0.02348166666666618,0.009216340842709947,0.009216340842709947,0.033824865682591465,0.033824865682591465,0.07970755222281767,0.07970755222281767,0.04131132915261482,0.04131132915261482,-0.011998999999998539,0.011998999999998539,-0.017294000000000587,0.017294000000000587,-0.022193285020385645,0.022193285020385645,-0.02171272229854715,0.02171272229854715
2025-10-28,2025-12-10,4.2345,4.2274,Ridge,4.266148300875309,4.2345,4.256833333333334,4.241631551598581,4.266148300875309,4.313707552222818,4.304846973579018,4.222992000000001,4.214098999999999,4.205825250291317,4.217841481365502,0.03874830087530867,0.03874830087530867,0.00709999999999944,0.00709999999999944,0.029433333333333422,0.029433333333333422,0.014231551598580694,0.014231551598580694,0.03874830087530867,0.03874830087530867,0.08630755222281739,0.08630755222281739,0.07744697357901753,0.07744697357901753,-0.004407999999998857,0.004407999999998857,-0.013301000000001117,0.013301000000001117,-0.021574749708682894,0.021574749708682894,-0.009558518634498192,0.009558518634498192
2025-10-29,2025-12-11,4.2374,4.2284,Ridge,4.267590969240323,4.2374,4.256184999999999,4.240862178580657,4.267590969240323,4.313707552222818,4.273764911803759,4.224384000000002,4.211352999999999,4.216553047384504,4.225290926187405,0.03919096924032317,0.03919096924032317,0.009000000000000341,0.009000000000000341,0.027784999999999727,0.027784999999999727,0.012462178580657124,0.012462178580657124,0.03919096924032317,0.03919096924032317,0.08530755222281794,0.08530755222281794,0.0453649118037589,0.0453649118037589,-0.004015999999997355,0.004015999999997355,-0.0170470000000007,0.0170470000000007,-0.011846952615496065,0.011846952615496065,-0.0031090738125945094,0.0031090738125945094
2025-10-30,2025-12-12,4.2425,4.2271,Ridge,4.267921861484208,4.2425,4.2555266666666665,4.2411599642932645,4.267921861484208,4.313707552222818,4.2581819679797075,4.237387000000001,4.217467,4.215461181197645,4.233830608309733,0.040821861484207744,0.040821861484207744,0.015399999999999636,0.015399999999999636,0.028426666666666378,0.028426666666666378,0.014059964293264393,0.014059964293264393,0.040821861484207744,0.040821861484207744,0.08660755222281757,0.08660755222281757,0.031081967979707414,0.031081967979707414,0.010287000000000823,0.010287000000000823,-0.009633000000000003,0.009633000000000003,-0.011638818802355289,0.011638818802355289,0.006730608309732489,0.006730608309732489
2025-10-31,2025-12-15,4.2543,4.2192,Ridge,4.273924109069541,4.2543,4.255401666666667,4.243549061694489,4.273924109069541,4.313707552222818,4.1946940121557725,4.236767,4.218720999999998,4.228309966123138,4.2469334470482005,0.05472410906954117,0.05472410906954117,0.03509999999999991,0.03509999999999991,0.03620166666666691,0.03620166666666691,0.02434906169448947,0.02434906169448947,0.05472410906954117,0.05472410906954117,0.09450755222281781,0.09450755222281781,-0.024505987844227306,0.024505987844227306,0.017567000000000554,0.017567000000000554,-0.0004790000000021166,0.0004790000000021166,0.009109966123138413,0.009109966123138413,0.027733447048200688,0.027733447048200688
2025-11-03,2025-12-16,4.2527,4.2239,Ridge,4.270824120044962,4.2527,4.2553366666666665,4.245212868659127,4.270824120044962,4.313707552222818,4.2925562772178925,4.247672,4.236099999999999,4.257561754243446,4.248505041063252,0.04692412004496127,0.04692412004496127,0.028799999999999493,0.028799999999999493,0.03143666666666611,0.03143666666666611,0.02131286865912685,0.02131286865912685,0.04692412004496127,0.04692412004496127,0.08980755222281722,0.08980755222281722,0.06865627721789203,0.06865627721789203,0.023771999999999238,0.023771999999999238,0.012199999999998212,0.012199999999998212,0.03366175424344586,0.03366175424344586,0.024605041063251676,0.024605041063251676
2025-11-04,2025-12-17,4.2575,4.2149,Ridge,4.274597835495794,4.2575,4.255406666666667,4.247446892539286,4.274597835495794,4.313707552222818,4.269037420901857,4.251081,4.251166999999999,4.257561754243446,4.253175440017315,0.059697835495794216,0.059697835495794216,0.04260000000000019,0.04260000000000019,0.04050666666666647,0.04050666666666647,0.032546892539286,0.032546892539286,0.059697835495794216,0.059697835495794216,0.09880755222281756,0.09880755222281756,0.05413742090185725,0.05413742090185725,0.03618100000000002,0.03618100000000002,0.03626699999999872,0.03626699999999872,0.042661754243446204,0.042661754243446204,0.038275440017314644,0.038275440017314644
2025-11-05,2025-12-18,4.2597,4.2076,Ridge,4.275695121104378,4.2597,4.255358333333334,4.249674730259415,4.275695121104378,4.313707552222818,4.304985600583079,4.2567119999999985,4.260346000000001,4.265773848521826,4.260572545398191,0.06809512110437765,0.06809512110437765,0.05209999999999937,0.05209999999999937,0.04775833333333335,0.04775833333333335,0.042074730259415105,0.042074730259415105,0.06809512110437765,0.06809512110437765,0.10610755222281743,0.10610755222281743,0.09738560058307844,0.09738560058307844,0.04911199999999827,0.04911199999999827,0.05274600000000085,0.05274600000000085,0.058173848521826166,0.058173848521826166,0.05297254539819107,0.05297254539819107
2025-11-06,2025-12-19,4.2566,4.2094,Ridge,4.272588418557078,4.2566,4.255325,4.250933870212249,4.272588418557078,4.313707552222818,4.220701046928646,4.254718999999999,4.268330000000001,4.268690498055386,4.26404554872515,0.06318841855707813,0.06318841855707813,0.04720000000000013,0.04720000000000013,0.04592500000000044,0.04592500000000044,0.04153387021224919,0.04153387021224919,0.06318841855707813,0.06318841855707813,0.10430755222281807,0.10430755222281807,0.011301046928646308,0.011301046928646308,0.04531899999999922,0.04531899999999922,0.05893000000000104,0.05893000000000104,0.05929049805538611,0.05929049805538611,0.05464554872515048,0.05464554872515048
2025-11-07,2025-12-22,4.2483,4.2115,Ridge,4.263726127197145,4.2483,4.255065,4.250454984719113,4.263726127197145,4.313707552222818,4.233730299171235,4.255572,4.262792,4.2659947812817505,4.2485981610330645,0.05222612719714537,0.05222612719714537,0.03680000000000039,0.03680000000000039,0.043565000000000076,0.043565000000000076,0.03895498471911285,0.03895498471911285,0.05222612719714537,0.05222612719714537,0.10220755222281763,0.10220755222281763,0.02223029917123487,0.02223029917123487,0.04407199999999989,0.04407199999999989,0.051292000000000115,0.051292000000000115,0.05449478128175045,0.05449478128175045,0.037098161033064514,0.037098161033064514
2025-11-10,2025-12-23,4.2351,4.2274,Ridge,4.254786741645386,4.2351,4.25472,4.247663169315637,4.254786741645386,4.313707552222818,4.271939008771325,4.239069000000001,4.244251,4.231895731870844,4.23039624875968,0.027386741645385904,0.027386741645385904,0.007699999999999818,0.007699999999999818,0.027319999999999567,0.027319999999999567,0.020263169315636986,0.020263169315636986,0.027386741645385904,0.027386741645385904,0.08630755222281739,0.08630755222281739,0.04453900877132444,0.04453900877132444,0.011669000000000374,0.011669000000000374,0.01685099999999995,0.01685099999999995,0.0044957318708434,0.0044957318708434,0.0029962487596799647,0.0029962487596799647
2025-11-12,2025-12-29,4.2312,4.2274,Ridge,4.2514782441256145,4.2312,4.25454,4.244669865803703,4.2514782441256145,4.313707552222818,4.207247468873459,4.2347269999999995,4.224604999999999,4.223060858895289,4.213331976107422,0.024078244125614212,0.024078244125614212,0.0038000000000000256,0.0038000000000000256,0.027140000000000164,0.027140000000000164,0.017269865803703155,0.017269865803703155,0.024078244125614212,0.024078244125614212,0.08630755222281739,0.08630755222281739,-0.020152531126541362,0.020152531126541362,0.007326999999999195,0.007326999999999195,-0.0027950000000016573,0.0027950000000016573,-0.004339141104710897,0.004339141104710897,-0.014068023892578552,0.014068023892578552
2025-11-13,2025-12-30,4.2304,4.2293,Ridge,4.255747464669441,4.2304,4.254173333333333,4.242075344748485,4.255747464669441,4.313707552222818,4.163224577775981,4.214331999999998,4.213472999999999,4.19972400995509,4.212113885084787,0.026447464669440812,0.026447464669440812,0.001100000000000101,0.001100000000000101,0.02487333333333286,0.02487333333333286,0.012775344748484407,0.012775344748484407,0.026447464669440812,0.026447464669440812,0.08440755222281737,0.08440755222281737,-0.06607542222401896,0.06607542222401896,-0.014968000000002313,0.014968000000002313,-0.01582700000000159,0.01582700000000159,-0.029575990044910405,0.029575990044910405,-0.017186114915213047,0.017186114915213047
2025-11-14,2025-12-31,4.2274,4.2267,Ridge,4.254855606441463,4.2274,4.253761666666667,4.23940710024876,4.254855606441463,4.313707552222818,4.164641313303188,4.215355999999998,4.204965,4.205027653627686,4.207863864884618,0.0281556064414632,0.0281556064414632,0.000700000000000145,0.000700000000000145,0.02706166666666654,0.02706166666666654,0.012707100248760206,0.012707100248760206,0.0281556064414632,0.0281556064414632,0.08700755222281753,0.08700755222281753,-0.062058686696811804,0.062058686696811804,-0.01134400000000202,0.01134400000000202,-0.021735000000000504,0.021735000000000504,-0.02167234637231452,0.02167234637231452,-0.01883613511538229,0.01883613511538229
2025-11-17,2026-01-02,4.2231,4.2156,Ridge,4.2348016210292485,4.2231,4.25303,4.236442172930803,4.2348016210292485,4.313707552222818,4.227232712524939,4.230659,4.202987,4.22550178314956,4.201746237798551,0.019201621029248273,0.019201621029248273,0.007499999999999396,0.007499999999999396,0.03742999999999963,0.03742999999999963,0.020842172930803038,0.020842172930803038,0.019201621029248273,0.019201621029248273,0.09810755222281742,0.09810755222281742,0.011632712524939137,0.011632712524939137,0.015058999999999934,0.015058999999999934,-0.012612999999999985,0.012612999999999985,0.009901783149559584,0.009901783149559584,-0.013853762201449626,0.013853762201449626
2025-11-18,2026-01-05,4.2331,4.211,Ridge,4.2421500724606345,4.2331,4.252536666666667,4.235834505125203,4.2421500724606345,4.313707552222818,4.309542254616122,4.250036,4.204778000000001,4.27238705383855,4.2135006136726,0.03115007246063417,0.03115007246063417,0.02210000000000001,0.02210000000000001,0.041536666666666555,0.041536666666666555,0.024834505125202355,0.024834505125202355,0.03115007246063417,0.03115007246063417,0.10270755222281736,0.10270755222281736,0.0985422546161221,0.0985422546161221,0.039035999999999405,0.039035999999999405,-0.006221999999999284,0.006221999999999284,0.06138705383854948,0.06138705383854948,0.00250061367259935,0.00250061367259935
2025-11-19,2026-01-07,4.2424,4.2105,Ridge,4.251052926139456,4.2424,4.252148333333333,4.237028231466074,4.251052926139456,4.313707552222818,4.222756734276353,4.282165,4.206024000000002,4.262976875606114,4.229678217482445,0.0405529261394566,0.0405529261394566,0.03190000000000026,0.03190000000000026,0.04164833333333373,0.04164833333333373,0.026528231466074637,0.026528231466074637,0.0405529261394566,0.0405529261394566,0.10320755222281797,0.10320755222281797,0.01225673427635332,0.01225673427635332,0.07166500000000031,0.07166500000000031,-0.004475999999997704,0.004475999999997704,0.05247687560611425,0.05247687560611425,0.019178217482445525,0.019178217482445525
2025-11-20,2026-01-08,4.2289,4.2119,Ridge,4.240656057650735,4.2289,4.251565,4.235550371199516,4.240656057650735,4.313707552222818,4.338121963581807,4.233854000000001,4.204900999999998,4.255388935075442,4.214270611568507,0.0287560576507353,0.0287560576507353,0.017000000000000348,0.017000000000000348,0.03966500000000028,0.03966500000000028,0.023650371199516407,0.023650371199516407,0.0287560576507353,0.0287560576507353,0.10180755222281768,0.10180755222281768,0.12622196358180737,0.12622196358180737,0.021954000000000917,0.021954000000000917,-0.006999000000002198,0.006999000000002198,0.04348893507544194,0.04348893507544194,0.0023706115685069307,0.0023706115685069307
2025-11-21,2026-01-09,4.2489,4.2127,Ridge,4.254304191312571,4.2489,4.251245,4.237977576435967,4.254304191312571,4.313707552222818,4.3360085000326904,4.284174999999999,4.211067,4.287858222092268,4.236808446703547,0.04160419131257154,0.04160419131257154,0.03620000000000001,0.03620000000000001,0.03854500000000005,0.03854500000000005,0.025277576435967397,0.025277576435967397,0.04160419131257154,0.04160419131257154,0.10100755222281776,0.10100755222281776,0.12330850003269056,0.12330850003269056,0.07147499999999951,0.07147499999999951,-0.0016329999999999956,0.0016329999999999956,0.07515822209226819,0.07515822209226819,0.02410844670354706,0.02410844670354706
2025-11-24,2026-01-12,4.2345,4.2097,Ridge,4.241329729735337,4.2345,4.25068,4.237345289811246,4.241329729735337,4.313707552222818,4.26388970653637,4.253985,4.211724999999999,4.2554978870080244,4.225088837331597,0.03162972973533762,0.03162972973533762,0.024799999999999933,0.024799999999999933,0.04098000000000024,0.04098000000000024,0.02764528981124581,0.02764528981124581,0.03162972973533762,0.03162972973533762,0.10400755222281788,0.10400755222281788,0.0541897065363699,0.0541897065363699,0.04428500000000035,0.04428500000000035,0.0020249999999988333,0.0020249999999988333,0.045797887008024674,0.045797887008024674,0.015388837331597571,0.015388837331597571
2025-11-25,2026-01-13,4.2301,4.2116,Ridge,4.236801986779828,4.2301,4.250225,4.236027964391019,4.236801986779828,4.313707552222818,4.213076821532848,4.227635000000001,4.204661000000001,4.246677799817386,4.217909580434233,0.025201986779828545,0.025201986779828545,0.018500000000000405,0.018500000000000405,0.038625000000000576,0.038625000000000576,0.024427964391018797,0.024427964391018797,0.025201986779828545,0.025201986779828545,0.10210755222281787,0.10210755222281787,0.001476821532848227,0.001476821532848227,0.016035000000001354,0.016035000000001354,-0.00693899999999914,0.00693899999999914,0.0350777998173859,0.0350777998173859,0.00630958043423302,0.00630958043423302
2025-11-26,2026-01-14,4.233,4.211,Ridge,4.240399167375223,4.233,4.24969,4.235477425410833,4.240399167375223,4.313707552222818,4.2203586142440335,4.237601999999999,4.208129,4.252288697794874,4.223606409995665,0.029399167375222746,0.029399167375222746,0.021999999999999353,0.021999999999999353,0.03868999999999989,0.03868999999999989,0.024477425410832865,0.024477425410832865,0.029399167375222746,0.029399167375222746,0.10270755222281736,0.10270755222281736,0.00935861424403317,0.00935861424403317,0.026601999999998682,0.026601999999998682,-0.002871000000000734,0.002871000000000734,0.041288697794874096,0.041288697794874096,0.012606409995664869,0.012606409995664869
2025-11-27,2026-01-15,4.227,4.2068,Ridge,4.234205429969086,4.227,4.249158333333333,4.233936075336136,4.234205429969086,4.313707552222818,4.334551772879928,4.223581,4.19906,4.251583131535615,4.217322015370921,0.027405429969086015,0.027405429969086015,0.020199999999999996,0.020199999999999996,0.04235833333333261,0.04235833333333261,0.027136075336136045,0.027136075336136045,0.027405429969086015,0.027405429969086015,0.10690755222281734,0.10690755222281734,0.127751772879928,0.127751772879928,0.016780999999999935,0.016780999999999935,-0.00774000000000008,0.00774000000000008,0.044783131535615084,0.044783131535615084,0.010522015370920457,0.010522015370920457
2025-11-28,2026-01-16,4.2369,4.2192,Ridge,4.240128796354796,4.2369,4.248851666666667,4.234474970729566,4.240128796354796,4.313707552222818,4.2877214086796815,4.250330000000001,4.209427000000001,4.255920619473721,4.2252309105489365,0.020928796354795942,0.020928796354795942,0.017700000000000493,0.017700000000000493,0.029651666666667076,0.029651666666667076,0.015274970729565851,0.015274970729565851,0.020928796354795942,0.020928796354795942,0.09450755222281781,0.09450755222281781,0.0685214086796817,0.0685214086796817,0.03113000000000099,0.03113000000000099,-0.009772999999999143,0.009772999999999143,0.03672061947372107,0.03672061947372107,0.006030910548936674,0.006030910548936674
2025-12-01,2026-01-19,4.2286,4.2231,Ridge,4.232032627955945,4.2286,4.248535,4.2334067942332805,4.232032627955945,4.313707552222818,4.233645988769167,4.231019,4.216869999999999,4.24504022172206,4.215068230998945,0.008932627955945627,0.008932627955945627,0.0055000000000005045,0.0055000000000005045,0.025435000000000763,0.025435000000000763,0.010306794233280847,0.010306794233280847,0.008932627955945627,0.008932627955945627,0.09060755222281802,0.09060755222281802,0.010545988769167458,0.010545988769167458,0.007919000000000231,0.007919000000000231,-0.006230000000000402,0.006230000000000402,0.021940221722060116,0.021940221722060116,-0.008031769001054734,0.008031769001054734
2025-12-02,2026-01-20,4.239,4.2279,Ridge,4.242588235408398,4.239,4.248378333333333,4.23442374073632,4.242588235408398,4.313707552222818,4.2345056210279,4.276646000000002,4.227754000000001,4.258699239540863,4.22304819287194,0.014688235408398143,0.014688235408398143,0.011099999999999888,0.011099999999999888,0.020478333333333154,0.020478333333333154,0.006523740736319894,0.006523740736319894,0.014688235408398143,0.014688235408398143,0.08580755222281766,0.08580755222281766,0.006605621027899744,0.006605621027899744,0.048746000000002176,0.048746000000002176,-0.0001459999999990913,0.0001459999999990913,0.030799239540862722,0.030799239540862722,-0.004851807128059882,0.004851807128059882
2025-12-03,2026-01-21,4.2312,4.2271,Ridge,4.239003800534979,4.2312,4.247998333333333,4.233837606056989,4.239003800534979,4.313707552222818,4.162261009788663,4.249339999999999,4.218232,4.243599558931832,4.218681464615376,0.01190380053497897,0.01190380053497897,0.004100000000000215,0.004100000000000215,0.02089833333333324,0.02089833333333324,0.00673760605698881,0.00673760605698881,0.01190380053497897,0.01190380053497897,0.08660755222281757,0.08660755222281757,-0.06483899021133688,0.06483899021133688,0.02223999999999915,0.02223999999999915,-0.008867999999999654,0.008867999999999654,0.01649955893183197,0.01649955893183197,-0.008418535384624448,0.008418535384624448
2025-12-04,2026-01-22,4.2299,4.2128,Ridge,4.240293904758316,4.2299,4.24749,4.23312167768299,4.240293904758316,4.313707552222818,4.316786022979036,4.231886,4.219904,4.245149310648079,4.219423035244075,0.027493904758316035,0.027493904758316035,0.017100000000000115,0.017100000000000115,0.03469000000000033,0.03469000000000033,0.020321677682990646,0.020321677682990646,0.027493904758316035,0.027493904758316035,0.100907552222818,0.100907552222818,0.10398602297903636,0.10398602297903636,0.019086000000000602,0.019086000000000602,0.007103999999999999,0.007103999999999999,0.032349310648079665,0.032349310648079665,0.006623035244075481,0.006623035244075481
2025-12-05,2026-01-23,4.2321,4.205,Ridge,4.2396827716243,4.2321,4.246981666666667,4.232935918104264,4.2396827716243,4.313707552222818,4.2366431649330085,4.254699,4.209080000000001,4.249013399441584,4.221857350900213,0.03468277162429967,0.03468277162429967,0.027099999999999902,0.027099999999999902,0.041981666666666584,0.041981666666666584,0.02793591810426399,0.02793591810426399,0.03468277162429967,0.03468277162429967,0.10870755222281758,0.10870755222281758,0.03164316493300845,0.03164316493300845,0.049698999999999494,0.049698999999999494,0.004080000000000972,0.004080000000000972,0.04401339944158433,0.04401339944158433,0.016857350900212786,0.016857350900212786
2025-12-08,2026-01-26,4.2289,4.2118,Ridge,4.237467169971543,4.2289,4.246475,4.23220211481258,4.237467169971543,4.313707552222818,4.259283282647431,4.239269,4.210119000000002,4.254101101275479,4.216418794506439,0.025667169971542947,0.025667169971542947,0.017100000000000115,0.017100000000000115,0.03467500000000001,0.03467500000000001,0.020402114812579697,0.020402114812579697,0.025667169971542947,0.025667169971542947,0.10190755222281744,0.10190755222281744,0.047483282647430514,0.047483282647430514,0.027468999999999966,0.027468999999999966,-0.0016809999999978231,0.0016809999999978231,0.042301101275478814,0.042301101275478814,0.0046187945064390945,0.0046187945064390945
2025-12-09,2026-01-27,4.234,4.2032,Ridge,4.239325251843227,4.234,4.246248333333333,4.232529003028475,4.239325251843227,4.313707552222818,4.220698792254297,4.261349000000001,4.208211000000002,4.263638923562838,4.220060662846308,0.036125251843227346,0.036125251843227346,0.03080000000000016,0.03080000000000016,0.04304833333333313,0.04304833333333313,0.029329003028474965,0.029329003028474965,0.036125251843227346,0.036125251843227346,0.11050755222281783,0.11050755222281783,0.017498792254297513,0.017498792254297513,0.058149000000001116,0.058149000000001116,0.005011000000002319,0.005011000000002319,0.0604389235628382,0.0604389235628382,0.01686066284630794,0.01686066284630794
2025-12-10,2026-01-28,4.2274,4.2009,Ridge,4.23672981591019,4.2274,4.245865,4.231596457023297,4.23672981591019,4.313707552222818,4.152319334809085,4.2364370000000005,4.211182000000001,4.260224806167272,4.210698487287597,0.035829815910189744,0.035829815910189744,0.026500000000000412,0.026500000000000412,0.044965000000000366,0.044965000000000366,0.030696457023297263,0.030696457023297263,0.035829815910189744,0.035829815910189744,0.1128075522228178,0.1128075522228178,-0.048580665190915084,0.048580665190915084,0.035537000000000596,0.035537000000000596,0.010282000000001013,0.010282000000001013,0.05932480616727176,0.05932480616727176,0.009798487287596913,0.009798487287596913
2025-12-11,2026-01-29,4.2284,4.2072,Ridge,4.237152122259501,4.2284,4.245406666666667,4.231015283019061,4.237152122259501,4.313707552222818,4.2949823650061925,4.234995999999999,4.205597,4.258152720410158,4.208427444042533,0.029952122259500946,0.029952122259500946,0.02119999999999944,0.02119999999999944,0.0382066666666665,0.0382066666666665,0.02381528301906055,0.02381528301906055,0.029952122259500946,0.029952122259500946,0.10650755222281738,0.10650755222281738,0.08778236500619219,0.08778236500619219,0.0277959999999986,0.0277959999999986,-0.0016030000000002431,0.0016030000000002431,0.05095272041015786,0.05095272041015786,0.0012274440425326105,0.0012274440425326105
2025-12-12,2026-01-30,4.2271,4.2131,Ridge,4.232072440960534,4.2271,4.244918333333334,4.230303413379231,4.232072440960534,4.313707552222818,4.2214496764651,4.2338309999999995,4.203513000000002,4.259706765068563,4.211441642926225,0.01897244096053452,0.01897244096053452,0.014000000000000234,0.014000000000000234,0.031818333333333726,0.031818333333333726,0.01720341337923159,0.01720341337923159,0.01897244096053452,0.01897244096053452,0.10060755222281781,0.10060755222281781,0.008349676465099876,0.008349676465099876,0.02073099999999961,0.02073099999999961,-0.009586999999998014,0.009586999999998014,0.04660676506856287,0.04660676506856287,-0.0016583570737749298,0.0016583570737749298
2025-12-15,2026-02-02,4.2192,4.2106,Ridge,4.22506273430689,4.2192,4.244128333333333,4.228284610946644,4.22506273430689,4.313707552222818,4.236271528559204,4.228640999999999,4.202745999999999,4.250090969228737,4.197932146418685,0.014462734306889935,0.014462734306889935,0.008599999999999497,0.008599999999999497,0.03352833333333294,0.03352833333333294,0.01768461094664353,0.01768461094664353,0.014462734306889935,0.014462734306889935,0.10310755222281731,0.10310755222281731,0.025671528559203516,0.025671528559203516,0.01804099999999842,0.01804099999999842,-0.007854000000000916,0.007854000000000916,0.03949096922873707,0.03949096922873707,-0.012667853581315391,0.012667853581315391
2025-12-16,2026-02-03,4.2239,4.2198,Ridge,4.230287331861226,4.2239,4.243451666666667,4.227487408956345,4.230287331861226,4.313707552222818,4.256436783660253,4.227843999999999,4.205871999999999,4.244234114172343,4.201237291534359,0.010487331861225968,0.010487331861225968,0.004100000000000215,0.004100000000000215,0.02365166666666685,0.02365166666666685,0.00768740895634501,0.00768740895634501,0.010487331861225968,0.010487331861225968,0.09390755222281744,0.09390755222281744,0.0366367836602528,0.0366367836602528,0.008043999999999052,0.008043999999999052,-0.013928000000000829,0.013928000000000829,0.02443411417234298,0.02443411417234298,-0.01856270846564101,0.01856270846564101
2025-12-17,2026-02-04,4.2149,4.2241,Ridge,4.224432061390927,4.2149,4.24278,4.2251987891461,4.224432061390927,4.313707552222818,4.188775959268764,4.224641,4.201611000000001,4.244299088957072,4.191358131784691,0.00033206139092722964,0.00033206139092722964,-0.009199999999999875,0.009199999999999875,0.018679999999999808,0.018679999999999808,0.0010987891461002874,0.0010987891461002874,0.00033206139092722964,0.00033206139092722964,0.08960755222281769,0.08960755222281769,-0.035324040731236295,0.035324040731236295,0.0005410000000001247,0.0005410000000001247,-0.022488999999999315,0.022488999999999315,0.020199088957071787,0.020199088957071787,-0.03274186821530911,0.03274186821530911
2025-12-18,2026-02-05,4.2076,4.2175,Ridge,4.220291212577914,4.2076,4.24178,4.221999009301355,4.220291212577914,4.313707552222818,4.209570944678989,4.219827999999999,4.203865,4.250457050984952,4.178823578622569,0.0027912125779137043,0.0027912125779137043,-0.00990000000000002,0.00990000000000002,0.02428000000000008,0.02428000000000008,0.004499009301354384,0.004499009301354384,0.0027912125779137043,0.0027912125779137043,0.0962075522228174,0.0962075522228174,-0.007929055321011624,0.007929055321011624,0.0023279999999985534,0.0023279999999985534,-0.013634999999999842,0.013634999999999842,0.03295705098495194,0.03295705098495194,-0.038676421377431325,0.038676421377431325
2025-12-19,2026-02-06,4.2094,4.2155,Ridge,4.219915344247653,4.2094,4.240905,4.219708280337471,4.219915344247653,4.313707552222818,4.151885544339403,4.220250999999999,4.192567,4.255713097850314,4.177212470911819,0.00441534424765333,0.00441534424765333,-0.006099999999999994,0.006099999999999994,0.025405000000000122,0.025405000000000122,0.00420828033747167,0.00420828033747167,0.00441534424765333,0.00441534424765333,0.09820755222281807,0.09820755222281807,-0.06361445566059665,0.06361445566059665,0.004750999999999728,0.004750999999999728,-0.022932999999999204,0.022932999999999204,0.04021309785031413,0.04021309785031413,-0.03828752908818078,0.03828752908818078
2025-12-22,2026-02-09,4.2115,4.2142,Ridge,4.221914909556837,4.2115,4.239983333333333,4.218215865730658,4.221914909556837,4.313707552222818,4.303237183832343,4.218975999999999,4.188444999999999,4.2428026350101735,4.184093244132957,0.0077149095568369574,0.0077149095568369574,-0.0026999999999999247,0.0026999999999999247,0.025783333333333047,0.025783333333333047,0.004015865730657708,0.004015865730657708,0.0077149095568369574,0.0077149095568369574,0.09950755222281771,0.09950755222281771,0.08903718383234338,0.08903718383234338,0.004775999999998781,0.004775999999998781,-0.025755000000001083,0.025755000000001083,0.02860263501017357,0.02860263501017357,-0.0301067558670427,0.0301067558670427
2025-12-23,2026-02-10,4.2274,4.2148,Ridge,4.233878276229133,4.2274,4.239293333333333,4.219885708325084,4.233878276229133,4.313707552222818,4.290887253083172,4.2216749999999985,4.192840999999999,4.235953458780182,4.205980674078617,0.019078276229132385,0.019078276229132385,0.012599999999999945,0.012599999999999945,0.024493333333333034,0.024493333333333034,0.00508570832508326,0.00508570832508326,0.019078276229132385,0.019078276229132385,0.09890755222281733,0.09890755222281733,0.07608725308317155,0.07608725308317155,0.006874999999998188,0.006874999999998188,-0.021959000000001616,0.021959000000001616,0.021153458780181822,0.021153458780181822,-0.008819325921383125,0.008819325921383125
2025-12-29,2026-02-11,4.2274,4.2174,Ridge,4.232515146779693,4.2274,4.238596666666667,4.221251943175068,4.232515146779693,4.313707552222818,4.30493339466679,4.220082999999999,4.195708,4.235501612008126,4.212632613780953,0.015115146779693056,0.015115146779693056,0.010000000000000675,0.010000000000000675,0.02119666666666742,0.02119666666666742,0.0038519431750687616,0.0038519431750687616,0.015115146779693056,0.015115146779693056,0.09630755222281806,0.09630755222281806,0.08753339466679044,0.08753339466679044,0.002682999999999325,0.002682999999999325,-0.021691999999999823,0.021691999999999823,0.018101612008126544,0.018101612008126544,-0.004767386219046266,0.004767386219046266
2025-12-30,2026-02-12,4.2293,4.2131,Ridge,4.233794162205058,4.2293,4.238108333333333,4.222715226234147,4.233794162205058,4.313707552222818,4.286468679119439,4.224447999999999,4.198315000000001,4.235953458780182,4.216100693849518,0.020694162205058042,0.020694162205058042,0.016200000000000436,0.016200000000000436,0.025008333333333077,0.025008333333333077,0.009615226234147123,0.009615226234147123,0.020694162205058042,0.020694162205058042,0.10060755222281781,0.10060755222281781,0.07336867911943923,0.07336867911943923,0.011347999999999026,0.011347999999999026,-0.014784999999998938,0.014784999999998938,0.0228534587801823,0.0228534587801823,0.003000693849518399,0.003000693849518399
2025-12-31,2026-02-13,4.2267,4.214,Ridge,4.229340649778062,4.2267,4.23762,4.223439730555211,4.229340649778062,4.313707552222818,4.322385375437442,4.2265749999999995,4.200885000000001,4.238838329152796,4.212397429600888,0.01534064977806171,0.01534064977806171,0.012699999999999712,0.012699999999999712,0.023619999999999308,0.023619999999999308,0.009439730555210524,0.009439730555210524,0.01534064977806171,0.01534064977806171,0.09970755222281724,0.09970755222281724,0.10838537543744131,0.10838537543744131,0.012574999999999115,0.012574999999999115,-0.0131149999999991,0.0131149999999991,0.024838329152795602,0.024838329152795602,-0.0016025703991120466,0.0016025703991120466
2026-01-02,2026-02-16,4.2156,4.208,Ridge,4.234020135668172,4.2156,4.236948333333333,4.2220143249997175,4.234020135668172,4.313707552222818,4.251550292157367,4.250513,4.227019999999999,4.241781436752087,4.1989366609801495,0.02602013566817174,0.02602013566817174,0.007600000000000051,0.007600000000000051,0.02894833333333313,0.02894833333333313,0.014014324999717331,0.014014324999717331,0.02602013566817174,0.02602013566817174,0.10570755222281747,0.10570755222281747,0.0435502921573665,0.0435502921573665,0.04251299999999958,0.04251299999999958,0.019019999999998483,0.019019999999998483,0.033781436752087224,0.033781436752087224,-0.00906333901985068,0.00906333901985068
2026-01-05,2026-02-17,4.211,4.2182,Ridge,4.23280816273792,4.211,4.2362633333333335,4.220011720454314,4.23280816273792,4.313707552222818,4.261195020175441,4.247337,4.221965,4.246816059253344,4.1883158482716984,0.014608162737919983,0.014608162737919983,-0.007200000000000095,0.007200000000000095,0.018063333333333098,0.018063333333333098,0.001811720454313992,0.001811720454313992,0.014608162737919983,0.014608162737919983,0.09550755222281726,0.09550755222281726,0.042995020175440324,0.042995020175440324,0.029136999999999524,0.029136999999999524,0.0037649999999995742,0.0037649999999995742,0.028616059253343984,0.028616059253343984,-0.029884151728301944,0.029884151728301944
2026-01-07,2026-02-18,4.2105,4.2148,Ridge,4.232385046926864,4.2105,4.235506666666667,4.218282316735348,4.232385046926864,4.313707552222818,4.314905860250323,4.241645000000001,4.217589,4.2456119706050846,4.185251782758394,0.01758504692686369,0.01758504692686369,-0.004300000000000637,0.004300000000000637,0.02070666666666643,0.02070666666666643,0.0034823167353472684,0.0034823167353472684,0.01758504692686369,0.01758504692686369,0.09890755222281733,0.09890755222281733,0.10010586025032264,0.10010586025032264,0.026845000000000674,0.026845000000000674,0.0027889999999999304,0.0027889999999999304,0.030811970605084227,0.030811970605084227,-0.029548217241606167,0.029548217241606167
2026-01-08,2026-02-19,4.2119,4.222,Ridge,4.234980013064054,4.2119,4.234816666666666,4.217121895510738,4.234980013064054,4.313707552222818,4.2849873789339785,4.236250000000001,4.214150000000002,4.244097986779924,4.186456067057431,0.012980013064053608,0.012980013064053608,-0.010100000000000442,0.010100000000000442,0.01281666666666581,0.01281666666666581,-0.0048781044892622916,0.0048781044892622916,0.012980013064053608,0.012980013064053608,0.09170755222281723,0.09170755222281723,0.0629873789339781,0.0629873789339781,0.01425000000000054,0.01425000000000054,-0.00784999999999858,0.00784999999999858,0.02209798677992314,0.02209798677992314,-0.03554393294256908,0.03554393294256908
2026-01-09,2026-02-20,4.2127,4.2241,Ridge,4.232977676325062,4.2127,4.23408,4.216317914508785,4.232977676325062,4.313707552222818,4.343700501754654,4.240894999999999,4.209938,4.236579076119215,4.185460664223533,0.008877676325061756,0.008877676325061756,-0.011400000000000077,0.011400000000000077,0.009979999999999656,0.009979999999999656,-0.00778208549121473,0.00778208549121473,0.008877676325061756,0.008877676325061756,0.08960755222281769,0.08960755222281769,0.11960050175465398,0.11960050175465398,0.016794999999999227,0.016794999999999227,-0.014161999999999786,0.014161999999999786,0.012479076119214838,0.012479076119214838,-0.03863933577646694,0.03863933577646694
2026-01-12,2026-02-23,4.2097,4.2173,Ridge,4.232382244592491,4.2097,4.23327,4.215114657325369,4.232382244592491,4.313707552222818,4.205244873166774,4.232955,4.21313,4.2448663620219955,4.185267618934136,0.015082244592490746,0.015082244592490746,-0.007600000000000051,0.007600000000000051,0.015970000000000262,0.015970000000000262,-0.0021853426746307747,0.0021853426746307747,0.015082244592490746,0.015082244592490746,0.09640755222281783,0.09640755222281783,-0.012055126833225849,0.012055126833225849,0.015654999999999752,0.015654999999999752,-0.004170000000000229,0.004170000000000229,0.027566362021995694,0.027566362021995694,-0.03203238106586426,0.03203238106586426
2026-01-13,2026-02-24,4.2116,4.2193,Ridge,4.234735289019816,4.2116,4.232476666666667,4.214475628720756,4.234735289019816,4.313707552222818,4.160312369402318,4.234572000000001,4.207779000000001,4.243184841079654,4.189313233302675,0.015435289019816167,0.015435289019816167,-0.007699999999999818,0.007699999999999818,0.01317666666666728,0.01317666666666728,-0.004824371279243955,0.004824371279243955,0.015435289019816167,0.015435289019816167,0.09440755222281805,0.09440755222281805,-0.05898763059768175,0.05898763059768175,0.015272000000001285,0.015272000000001285,-0.011520999999998338,0.011520999999998338,0.023884841079654606,0.023884841079654606,-0.029986766697324363,0.029986766697324363
2026-01-14,2026-02-25,4.211,4.2183,Ridge,4.2359826082750365,4.211,4.231585,4.213843696226073,4.2359826082750365,4.313707552222818,4.226741904593252,4.233712,4.212076,4.244594308237212,4.1875515845993885,0.017682608275036316,0.017682608275036316,-0.007299999999999862,0.007299999999999862,0.01328499999999977,0.01328499999999977,-0.004456303773927139,0.004456303773927139,0.017682608275036316,0.017682608275036316,0.0954075522228175,0.0954075522228175,0.008441904593252225,0.008441904593252225,0.015411999999999537,0.015411999999999537,-0.006224000000000451,0.006224000000000451,0.026294308237211794,0.026294308237211794,-0.030748415400611684,0.030748415400611684
2026-01-15,2026-02-26,4.2068,4.2224,Ridge,4.233227538535543,4.2068,4.230771666666667,4.212563024184968,4.233227538535543,4.313707552222818,4.238357356582604,4.229405000000001,4.203947000000001,4.23147645642012,4.188790750200057,0.010827538535542303,0.010827538535542303,-0.015600000000000058,0.015600000000000058,0.008371666666666222,0.008371666666666222,-0.00983697581503229,0.00983697581503229,0.010827538535542303,0.010827538535542303,0.09130755222281728,0.09130755222281728,0.015957356582603666,0.015957356582603666,0.007005000000000372,0.007005000000000372,-0.018452999999999165,0.018452999999999165,0.009076456420119783,0.009076456420119783,-0.03360924979994362,0.03360924979994362
2026-01-16,2026-02-27,4.2192,4.2233,Ridge,4.240510731227857,4.2192,4.23023,4.213769747060429,4.240510731227857,4.313707552222818,4.313435033616335,4.2307869999999985,4.210865999999999,4.231713395446346,4.205386882627092,0.017210731227857323,0.017210731227857323,-0.004100000000000215,0.004100000000000215,0.006929999999999659,0.006929999999999659,-0.009530252939571326,0.009530252939571326,0.017210731227857323,0.017210731227857323,0.0904075522228176,0.0904075522228176,0.09013503361633468,0.09013503361633468,0.007486999999998467,0.007486999999998467,-0.012434000000000722,0.012434000000000722,0.008413395446345895,0.008413395446345895,-0.017913117372907905,0.017913117372907905
2026-01-19,2026-03-02,4.2231,4.2304,Ridge,4.241456572726834,4.2231,4.229673333333333,4.215466156685805,4.241456572726834,4.313707552222818,4.281058459438418,4.233492,4.207605999999998,4.242301282764512,4.212154167458382,0.011056572726833913,0.011056572726833913,-0.00730000000000075,0.00730000000000075,-0.0007266666666669863,0.0007266666666669863,-0.01493384331419545,0.01493384331419545,0.011056572726833913,0.011056572726833913,0.08330755222281727,0.08330755222281727,0.0506584594384174,0.0506584594384174,0.0030919999999996506,0.0030919999999996506,-0.02279400000000198,0.02279400000000198,0.0119012827645113,0.0119012827645113,-0.018245832541618157,0.018245832541618157
2026-01-20,2026-03-03,4.2279,4.2732,Ridge,4.244688977763618,4.2279,4.229478333333334,4.217726855470204,4.244688977763618,4.313707552222818,4.300910267794118,4.2445330000000006,4.21816,4.247004691741426,4.222437668649753,-0.028511022236382466,0.028511022236382466,-0.04530000000000012,0.04530000000000012,-0.04372166666666644,0.04372166666666644,-0.05547314452979624,0.05547314452979624,-0.028511022236382466,0.028511022236382466,0.040507552222817544,0.040507552222817544,0.02771026779411745,0.02771026779411745,-0.028666999999999554,0.028666999999999554,-0.05503999999999998,0.05503999999999998,-0.026195308258573746,0.026195308258573746,-0.050762331350247436,0.050762331350247436
2026-01-21,2026-03-04,4.2271,4.2685,Ridge,4.2458016205175895,4.2271,4.229276666666666,4.21943106356653,4.2458016205175895,4.313707552222818,4.386525949068056,4.2473410000000005,4.2230919999999985,4.245502543975834,4.223526418776495,-0.022698379482410935,0.022698379482410935,-0.041400000000000325,0.041400000000000325,-0.039223333333334054,0.039223333333334054,-0.049068936433470434,0.049068936433470434,-0.022698379482410935,0.022698379482410935,0.04520755222281725,0.04520755222281725,0.11802594906805552,0.11802594906805552,-0.021158999999999928,0.021158999999999928,-0.04540800000000189,0.04540800000000189,-0.02299745602416614,0.02299745602416614,-0.04497358122350548,0.04497358122350548
2026-01-22,2026-03-05,4.2128,4.2739,Ridge,4.232907517658798,4.2128,4.22876,4.218225415645343,4.232907517658798,4.313707552222818,4.299255224494766,4.242338,4.2248709999999985,4.245932764485205,4.204032659880728,-0.040992482341202674,0.040992482341202674,-0.0611000000000006,0.0611000000000006,-0.04513999999999996,0.04513999999999996,-0.055674584354656886,0.055674584354656886,-0.040992482341202674,0.040992482341202674,0.0398075522228174,0.0398075522228174,0.025355224494766126,0.025355224494766126,-0.03156200000000009,0.03156200000000009,-0.049029000000001766,0.049029000000001766,-0.02796723551479552,0.02796723551479552,-0.06986734011927265,0.06986734011927265
2026-01-23,2026-03-06,4.205,4.2782,Ridge,4.222968121244111,4.205,4.228265,4.215820794618916,4.222968121244111,4.313707552222818,4.432583432480944,4.232197,4.2181239999999995,4.236355307042295,4.189845175759858,-0.05523187875588942,0.05523187875588942,-0.07319999999999993,0.07319999999999993,-0.04993499999999962,0.04993499999999962,-0.06237920538108366,0.06237920538108366,-0.05523187875588942,0.05523187875588942,0.03550755222281765,0.03550755222281765,0.15438343248094366,0.15438343248094366,-0.046002999999999794,0.046002999999999794,-0.06007600000000046,0.06007600000000046,-0.041844692957704765,0.041844692957704765,-0.08835482424014174,0.08835482424014174
2026-01-26,2026-03-09,4.2118,4.2836,Ridge,4.230321157490348,4.2118,4.227873333333333,4.21508974105184,4.230321157490348,4.313707552222818,4.278288736320455,4.233141000000001,4.215851000000001,4.24739878150994,4.196780276371026,-0.05327884250965198,0.05327884250965198,-0.07179999999999964,0.07179999999999964,-0.0557266666666667,0.0557266666666667,-0.06851025894815965,0.06851025894815965,-0.05327884250965198,0.05327884250965198,0.0301075522228178,0.0301075522228178,-0.005311263679544709,0.005311263679544709,-0.05045899999999914,0.05045899999999914,-0.06774899999999917,0.06774899999999917,-0.03620121849005997,0.03620121849005997,-0.08681972362897383,0.08681972362897383
