date,target_date,y_t,true_target,best_model,pred_best,pred_Naive,pred_SMA,pred_EMA,pred_Ridge,pred_ElasticNet,pred_MLPRegressor,pred_RandomForest,pred_ExtraTrees,pred_HistGB,pred_SARIMAX,err_pred_best,abs_err_pred_best,err_pred_Naive,abs_err_pred_Naive,err_pred_SMA,abs_err_pred_SMA,err_pred_EMA,abs_err_pred_EMA,err_pred_Ridge,abs_err_pred_Ridge,err_pred_ElasticNet,abs_err_pred_ElasticNet,err_pred_MLPRegressor,abs_err_pred_MLPRegressor,err_pred_RandomForest,abs_err_pred_RandomForest,err_pred_ExtraTrees,abs_err_pred_ExtraTrees,err_pred_HistGB,abs_err_pred_HistGB,err_pred_SARIMAX,abs_err_pred_SARIMAX
2024-06-07,2025-02-25,4.2891,4.1339,ExtraTrees,4.182509000000005,4.2891,4.29418,4.283671078953083,4.36722296767619,4.339157505773672,4.170732561367205,4.178441000000004,4.182509000000005,4.193654418154127,3.970225705370766,0.04860900000000523,0.04860900000000523,0.15520000000000067,0.15520000000000067,0.1602800000000002,0.1602800000000002,0.1497710789530835,0.1497710789530835,0.2333229676761901,0.2333229676761901,0.2052575057736723,0.2052575057736723,0.036832561367205585,0.036832561367205585,0.04454100000000416,0.04454100000000416,0.04860900000000523,0.04860900000000523,0.05975441815412719,0.05975441815412719,-0.16367429462923377,0.16367429462923377
2024-06-10,2025-02-26,4.3197,4.1394,ExtraTrees,4.190408000000002,4.3197,4.301779999999999,4.290221791870704,4.377026648489245,4.339157505773672,4.248438648129704,4.185743000000002,4.190408000000002,4.200358953721275,4.0425321716747655,0.05100800000000216,0.05100800000000216,0.1802999999999999,0.1802999999999999,0.16237999999999886,0.16237999999999886,0.15082179187070377,0.15082179187070377,0.23762664848924508,0.23762664848924508,0.1997575057736718,0.1997575057736718,0.10903864812970365,0.10903864812970365,0.04634300000000202,0.04634300000000202,0.05100800000000216,0.05100800000000216,0.06095895372127469,0.06095895372127469,-0.09686782832523466,0.09686782832523466
2024-06-11,2025-02-27,4.3456,4.1371,ExtraTrees,4.190204000000001,4.3456,4.3124400000000005,4.3002905569851215,4.377830126970562,4.339157505773672,4.093053005836998,4.191031000000002,4.190204000000001,4.205558306565002,4.084651302777584,0.05310400000000115,0.05310400000000115,0.2084999999999999,0.2084999999999999,0.17534000000000027,0.17534000000000027,0.1631905569851213,0.1631905569851213,0.24073012697056217,0.24073012697056217,0.20205750577367176,0.20205750577367176,-0.044046994163002395,0.044046994163002395,0.05393100000000217,0.05393100000000217,0.05310400000000115,0.05310400000000115,0.06845830656500151,0.06845830656500151,-0.05244869722241585,0.05244869722241585
2024-06-12,2025-02-28,4.3354,4.1575,ExtraTrees,4.194929000000003,4.3354,4.3179,4.306674092078736,4.368642710684542,4.339157505773672,4.158178984827113,4.193313000000002,4.194929000000003,4.200284328180619,4.055190801607939,0.03742900000000304,0.03742900000000304,0.17790000000000017,0.17790000000000017,0.1604000000000001,0.1604000000000001,0.1491740920787361,0.1491740920787361,0.21114271068454205,0.21114271068454205,0.18165750577367223,0.18165750577367223,0.0006789848271129273,0.0006789848271129273,0.03581300000000187,0.03581300000000187,0.03742900000000304,0.03742900000000304,0.042784328180618836,0.042784328180618836,-0.10230919839206098,0.10230919839206098
2024-06-13,2025-03-03,4.3355,4.1827,ExtraTrees,4.212183000000001,4.3355,4.32506,4.311915166246238,4.368054743714339,4.339157505773672,4.17116517253831,4.201724000000001,4.212183000000001,4.202638583343613,4.030229825532713,0.029483000000001702,0.029483000000001702,0.15280000000000005,0.15280000000000005,0.14236000000000004,0.14236000000000004,0.1292151662462384,0.1292151662462384,0.18535474371433924,0.18535474371433924,0.15645750577367235,0.15645750577367235,-0.011534827461689545,0.011534827461689545,0.019024000000001706,0.019024000000001706,0.029483000000001702,0.029483000000001702,0.019938583343613203,0.019938583343613203,-0.15247017446728695,0.15247017446728695
2024-06-14,2025-03-04,4.3581,4.1568,ExtraTrees,4.20577,4.3581,4.33886,4.320312408746922,4.391322682328329,4.339157505773672,4.317230309204509,4.212816,4.20577,4.205449485263977,4.073122149511687,0.048970000000000624,0.048970000000000624,0.2013000000000007,0.2013000000000007,0.18206000000000078,0.18206000000000078,0.1635124087469224,0.1635124087469224,0.23452268232832907,0.23452268232832907,0.18235750577367238,0.18235750577367238,0.16043030920450896,0.16043030920450896,0.05601600000000051,0.05601600000000051,0.048970000000000624,0.048970000000000624,0.04864948526397761,0.04864948526397761,-0.08367785048831244,0.08367785048831244
2024-06-17,2025-03-05,4.3608,4.1545,ExtraTrees,4.208671999999999,4.3608,4.34708,4.327673788974754,4.395167482441079,4.339157505773672,4.108041690307695,4.215207000000001,4.208671999999999,4.209207396544709,4.112800028054897,0.05417199999999944,0.05417199999999944,0.2063000000000006,0.2063000000000006,0.19258000000000042,0.19258000000000042,0.17317378897475422,0.17317378897475422,0.24066748244107927,0.24066748244107927,0.18465750577367235,0.18465750577367235,-0.04645830969230502,0.04645830969230502,0.06070700000000162,0.06070700000000162,0.05417199999999944,0.05417199999999944,0.054707396544709574,0.054707396544709574,-0.041699971945102554,0.041699971945102554
2024-06-18,2025-03-06,4.3468,4.1766,ExtraTrees,4.214570999999999,4.3468,4.34732,4.331151281888435,4.390806360057993,4.339157505773672,4.044325475341907,4.218644,4.214570999999999,4.209229056184489,4.065860324920434,0.037970999999999755,0.037970999999999755,0.17020000000000035,0.17020000000000035,0.1707200000000002,0.1707200000000002,0.15455128188843492,0.15455128188843492,0.2142063600579931,0.2142063600579931,0.16255750577367234,0.16255750577367234,-0.13227452465809275,0.13227452465809275,0.042044000000000636,0.042044000000000636,0.037970999999999755,0.037970999999999755,0.03262905618448908,0.03262905618448908,-0.11073967507956528,0.11073967507956528
2024-06-19,2025-03-07,4.3376,4.176,ExtraTrees,4.214194000000001,4.3376,4.34776,4.332323776090537,4.377307829224911,4.339157505773672,4.1742744562952,4.216078,4.214194000000001,4.216998783120204,4.043791521446644,0.03819400000000073,0.03819400000000073,0.16159999999999997,0.16159999999999997,0.1717599999999999,0.1717599999999999,0.15632377609053716,0.15632377609053716,0.20130782922491086,0.20130782922491086,0.16315750577367183,0.16315750577367183,-0.0017255437047998257,0.0017255437047998257,0.04007800000000028,0.04007800000000028,0.03819400000000073,0.03819400000000073,0.04099878312020344,0.04099878312020344,-0.13220847855335638,0.13220847855335638
2024-06-20,2025-03-10,4.3238,4.1857,ExtraTrees,4.222329,4.3238,4.34542,4.330773998619531,4.371676470656636,4.339157505773672,4.044386951265787,4.217865000000001,4.222329,4.216101229509628,4.036915315081358,0.03662900000000047,0.03662900000000047,0.13810000000000056,0.13810000000000056,0.15972000000000008,0.15972000000000008,0.14507399861953107,0.14507399861953107,0.18597647065663647,0.18597647065663647,0.15345750577367223,0.15345750577367223,-0.14131304873421247,0.14131304873421247,0.03216500000000089,0.03216500000000089,0.03662900000000047,0.03662900000000047,0.030401229509628536,0.030401229509628536,-0.14878468491864183,0.14878468491864183
2024-06-21,2025-03-11,4.3331,4.1977,ExtraTrees,4.225575999999999,4.3331,4.34042,4.331196907961434,4.381131148286597,4.339157505773672,4.233813925464241,4.225377999999999,4.225575999999999,4.217070466521966,4.0714843220082795,0.027875999999999124,0.027875999999999124,0.13539999999999974,0.13539999999999974,0.14271999999999974,0.14271999999999974,0.1334969079614341,0.1334969079614341,0.1834311482865969,0.1834311482865969,0.14145750577367178,0.14145750577367178,0.03611392546424064,0.03611392546424064,0.02767799999999898,0.02767799999999898,0.027875999999999124,0.027875999999999124,0.01937046652196539,0.01937046652196539,-0.12621567799172073,0.12621567799172073
2024-06-24,2025-03-12,4.3198,4.2017,ExtraTrees,4.23235,4.3198,4.33222,4.3291247428775375,4.369274571679572,4.339157505773672,4.047953522949533,4.226749000000002,4.23235,4.221307600293629,4.049899605613892,0.03065000000000051,0.03065000000000051,0.1181000000000001,0.1181000000000001,0.13052000000000064,0.13052000000000064,0.1274247428775377,0.1274247428775377,0.16757457167957224,0.16757457167957224,0.13745750577367222,0.13745750577367222,-0.15374647705046662,0.15374647705046662,0.025049000000001875,0.025049000000001875,0.03065000000000051,0.03065000000000051,0.019607600293629623,0.019607600293629623,-0.15180039438610748,0.15180039438610748
2024-06-25,2025-03-13,4.2909,4.196,ExtraTrees,4.228915,4.2909,4.32104,4.322174789627075,4.3478505468671855,4.339157505773672,3.948358316155911,4.226523000000001,4.228915,4.224156317132509,4.024932403956073,0.03291500000000003,0.03291500000000003,0.09489999999999998,0.09489999999999998,0.12504000000000026,0.12504000000000026,0.1261747896270755,0.1261747896270755,0.1518505468671858,0.1518505468671858,0.14315750577367226,0.14315750577367226,-0.2476416838440887,0.2476416838440887,0.03052300000000141,0.03052300000000141,0.03291500000000003,0.03291500000000003,0.028156317132509656,0.028156317132509656,-0.17106759604392696,0.17106759604392696
2024-06-26,2025-03-14,4.3087,4.179,ExtraTrees,4.232450999999999,4.3087,4.31526,4.319724827876698,4.3510852643586375,4.339157505773672,3.971294103381518,4.2290779999999994,4.232450999999999,4.224458342070013,4.098540582935818,0.05345099999999903,0.05345099999999903,0.1296999999999997,0.1296999999999997,0.13626000000000005,0.13626000000000005,0.1407248278766975,0.1407248278766975,0.17208526435863725,0.17208526435863725,0.16015750577367172,0.16015750577367172,-0.20770589661848238,0.20770589661848238,0.05007799999999918,0.05007799999999918,0.05345099999999903,0.05345099999999903,0.045458342070012314,0.045458342070012314,-0.08045941706418258,0.08045941706418258
2024-06-27,2025-03-17,4.3085,4.1777,ExtraTrees,4.232457,4.3085,4.3122,4.317683950080935,4.349824896448375,4.339157505773672,4.059758681311311,4.228338000000001,4.232457,4.229575251515766,4.077457290053406,0.05475700000000039,0.05475700000000039,0.1308000000000007,0.1308000000000007,0.13450000000000006,0.13450000000000006,0.13998395008093567,0.13998395008093567,0.17212489644837525,0.17212489644837525,0.16145750577367224,0.16145750577367224,-0.11794131868868885,0.11794131868868885,0.05063800000000107,0.05063800000000107,0.05475700000000039,0.05475700000000039,0.05187525151576633,0.05187525151576633,-0.10024270994659368,0.10024270994659368
2024-06-28,2025-03-18,4.313,4.1776,ExtraTrees,4.233491,4.313,4.30818,4.316832322793492,4.3549316382370185,4.339157505773672,4.076940919630426,4.229745000000001,4.233491,4.233746040892191,4.0834903811242365,0.05589099999999991,0.05589099999999991,0.13539999999999974,0.13539999999999974,0.13058000000000014,0.13058000000000014,0.13923232279349218,0.13923232279349218,0.17733163823701847,0.17733163823701847,0.161557505773672,0.161557505773672,-0.10065908036957438,0.10065908036957438,0.05214500000000122,0.05214500000000122,0.05589099999999991,0.05589099999999991,0.056146040892190996,0.056146040892190996,-0.09410961887576352,0.09410961887576352
2024-07-01,2025-03-19,4.2981,4.1945,ExtraTrees,4.236704999999999,4.2981,4.303839999999999,4.313426445921948,4.343475980717767,4.339157505773672,4.178678578147548,4.242022000000002,4.236704999999999,4.247542114143066,4.115787492473635,0.04220499999999916,0.04220499999999916,0.10360000000000014,0.10360000000000014,0.10933999999999955,0.10933999999999955,0.11892644592194834,0.11892644592194834,0.14897598071776752,0.14897598071776752,0.1446575057736723,0.1446575057736723,-0.0158214218524515,0.0158214218524515,0.04752200000000251,0.04752200000000251,0.04220499999999916,0.04220499999999916,0.053042114143066144,0.053042114143066144,-0.07871250752636438,0.07871250752636438
2024-07-02,2025-03-20,4.3286,4.1972,ExtraTrees,4.233803,4.3286,4.31138,4.31618527393614,4.363374410499745,4.339157505773672,4.128145713558102,4.241195,4.233803,4.245209988095998,4.216289643246012,0.036603000000000385,0.036603000000000385,0.13140000000000018,0.13140000000000018,0.11418000000000017,0.11418000000000017,0.11898527393614078,0.11898527393614078,0.16617441049974513,0.16617441049974513,0.1419575057736724,0.1419575057736724,-0.06905428644189726,0.06905428644189726,0.04399500000000067,0.04399500000000067,0.036603000000000385,0.036603000000000385,0.048009988095998324,0.048009988095998324,0.019089643246012145,0.019089643246012145
2024-07-03,2025-03-21,4.3021,4.1979,ExtraTrees,4.239393000000001,4.3021,4.31006,4.31362431503866,4.340655582416965,4.339157505773672,4.2605628366863035,4.244351,4.239393000000001,4.242450236828051,4.157884547003642,0.04149300000000089,0.04149300000000089,0.10420000000000051,0.10420000000000051,0.11216000000000026,0.11216000000000026,0.11572431503866021,0.11572431503866021,0.1427555824169655,0.1427555824169655,0.14125750577367224,0.14125750577367224,0.06266283668630379,0.06266283668630379,0.04645100000000024,0.04645100000000024,0.04149300000000089,0.04149300000000089,0.04455023682805148,0.04455023682805148,-0.040015452996358114,0.040015452996358114
2024-07-04,2025-03-24,4.2975,4.1832,ExtraTrees,4.239281999999999,4.2975,4.30786,4.310692621395267,4.330208223678693,4.339157505773672,4.072340005365039,4.245409000000001,4.239281999999999,4.24435368200753,4.138680058063318,0.05608199999999908,0.05608199999999908,0.11430000000000007,0.11430000000000007,0.12465999999999955,0.12465999999999955,0.12749262139526696,0.12749262139526696,0.14700822367869293,0.14700822367869293,0.15595750577367173,0.15595750577367173,-0.11085999463496155,0.11085999463496155,0.06220900000000107,0.06220900000000107,0.05608199999999908,0.05608199999999908,0.061153682007529575,0.061153682007529575,-0.04451994193668263,0.04451994193668263
2024-07-05,2025-03-25,4.2858,4.1664,ExtraTrees,4.241667,4.2858,4.302420000000001,4.306166690232491,4.327922246526112,4.339157505773672,4.04451311597738,4.246084,4.241667,4.237373955915444,4.100795846069136,0.0752669999999993,0.0752669999999993,0.11939999999999973,0.11939999999999973,0.13602000000000025,0.13602000000000025,0.13976669023249055,0.13976669023249055,0.16152224652611125,0.16152224652611125,0.17275750577367166,0.17275750577367166,-0.12188688402262038,0.12188688402262038,0.07968399999999942,0.07968399999999942,0.0752669999999993,0.0752669999999993,0.07097395591544409,0.07097395591544409,-0.06560415393086405,0.06560415393086405
2024-07-08,2025-03-26,4.278,4.1686,ExtraTrees,4.241257,4.278,4.2984,4.301045473826584,4.3238341880953834,4.339157505773672,4.21420031574923,4.249956000000002,4.241257,4.243516659017725,4.096431609007787,0.07265700000000042,0.07265700000000042,0.10939999999999994,0.10939999999999994,0.12980000000000036,0.12980000000000036,0.13244547382658478,0.13244547382658478,0.1552341880953838,0.1552341880953838,0.17055750577367235,0.17055750577367235,0.045600315749230624,0.045600315749230624,0.0813560000000022,0.0813560000000022,0.07265700000000042,0.07265700000000042,0.0749166590177257,0.0749166590177257,-0.0721683909922124,0.0721683909922124
2024-07-09,2025-03-27,4.2633,4.1913,ExtraTrees,4.237952999999999,4.2633,4.285340000000001,4.294182660403568,4.31703505716165,4.339157505773672,4.22248366231033,4.245646000000001,4.237952999999999,4.249220461049873,4.061589045944207,0.04665299999999917,0.04665299999999917,0.07200000000000006,0.07200000000000006,0.09404000000000057,0.09404000000000057,0.10288266040356842,0.10288266040356842,0.12573505716165023,0.12573505716165023,0.14785750577367196,0.14785750577367196,0.031183662310329652,0.031183662310329652,0.05434600000000067,0.05434600000000067,0.04665299999999917,0.04665299999999917,0.05792046104987314,0.05792046104987314,-0.1297109540557928,0.1297109540557928
2024-07-10,2025-03-28,4.2529,4.1819,ExtraTrees,4.2420409999999995,4.2529,4.275499999999999,4.286676722148374,4.308312644962523,4.339157505773672,4.212830183080153,4.244351999999999,4.2420409999999995,4.234498672424701,4.026020830943432,0.06014099999999978,0.06014099999999978,0.07100000000000062,0.07100000000000062,0.09359999999999946,0.09359999999999946,0.10477672214837419,0.10477672214837419,0.12641264496252358,0.12641264496252358,0.15725750577367226,0.15725750577367226,0.030930183080153384,0.030930183080153384,0.06245199999999951,0.06245199999999951,0.06014099999999978,0.06014099999999978,0.0525986724247014,0.0525986724247014,-0.1558791690565675,0.1558791690565675
2024-07-11,2025-03-31,4.2586,4.1839,ExtraTrees,4.246767999999999,4.2586,4.26772,4.281571863575942,4.316674187197777,4.339157505773672,4.005589355949693,4.250059,4.246767999999999,4.231568406534914,4.041294488243466,0.06286799999999904,0.06286799999999904,0.07469999999999999,0.07469999999999999,0.08381999999999934,0.08381999999999934,0.09767186357594149,0.09767186357594149,0.13277418719777678,0.13277418719777678,0.1552575057736716,0.1552575057736716,-0.17831064405030705,0.17831064405030705,0.06615899999999986,0.06615899999999986,0.06286799999999904,0.06286799999999904,0.047668406534914,0.047668406534914,-0.14260551175653458,0.14260551175653458
2024-07-12,2025-04-01,4.2567,4.1818,ExtraTrees,4.250222000000002,4.2567,4.2619,4.277049706562134,4.319112080153534,4.339157505773672,4.042923223311907,4.244607000000001,4.250222000000002,4.244242438154008,4.045956109924708,0.06842200000000176,0.06842200000000176,0.07490000000000041,0.07490000000000041,0.08009999999999984,0.08009999999999984,0.09524970656213405,0.09524970656213405,0.13731208015353413,0.13731208015353413,0.15735750577367202,0.15735750577367202,-0.13887677668809317,0.13887677668809317,0.06280700000000117,0.06280700000000117,0.06842200000000176,0.06842200000000176,0.06244243815400807,0.06244243815400807,-0.13584389007529207,0.13584389007529207
2024-07-15,2025-04-02,4.2499,4.1794,ExtraTrees,4.256317000000002,4.2499,4.25628,4.27211339627811,4.317336940886563,4.339157505773672,4.175695565687829,4.242558000000001,4.256317000000002,4.247485229712019,4.0487014007157,0.07691700000000168,0.07691700000000168,0.07050000000000001,0.07050000000000001,0.07688000000000006,0.07688000000000006,0.0927133962781097,0.0927133962781097,0.13793694088656316,0.13793694088656316,0.15975750577367176,0.15975750577367176,-0.0037044343121710455,0.0037044343121710455,0.06315800000000049,0.06315800000000049,0.07691700000000168,0.07691700000000168,0.06808522971201914,0.06808522971201914,-0.13069859928430017,0.13069859928430017
2024-07-16,2025-04-03,4.2604,4.1791,ExtraTrees,4.2576160000000005,4.2604,4.2557,4.269983687863908,4.32791550908308,4.339157505773672,4.238320367391835,4.250013999999999,4.2576160000000005,4.243872609491914,4.0693266968669395,0.07851600000000047,0.07851600000000047,0.0812999999999997,0.0812999999999997,0.0766,0.0766,0.09088368786390788,0.09088368786390788,0.1488155090830796,0.1488155090830796,0.16005750577367195,0.16005750577367195,0.059220367391835005,0.059220367391835005,0.07091399999999926,0.07091399999999926,0.07851600000000047,0.07851600000000047,0.06477260949191432,0.06477260949191432,-0.10977330313306055,0.10977330313306055
2024-07-17,2025-04-04,4.2904,4.2403,ExtraTrees,4.2574070000000015,4.2904,4.263199999999999,4.2736957446159245,4.332251726214295,4.339157505773672,4.134924385015405,4.25029,4.2574070000000015,4.2539801066070835,4.1222225185288135,0.017107000000001094,0.017107000000001094,0.05009999999999959,0.05009999999999959,0.022899999999999032,0.022899999999999032,0.033395744615924094,0.033395744615924094,0.09195172621429482,0.09195172621429482,0.09885750577367158,0.09885750577367158,-0.10537561498459525,0.10537561498459525,0.009989999999999277,0.009989999999999277,0.017107000000001094,0.017107000000001094,0.013680106607083076,0.013680106607083076,-0.11807748147118691,0.11807748147118691
2024-07-18,2025-04-07,4.2954,4.2975,ExtraTrees,4.260210000000001,4.2954,4.270560000000001,4.277641972867574,4.330539941707386,4.339157505773672,4.062518058893762,4.2610410000000005,4.260210000000001,4.255964136300339,4.126867801091659,-0.0372899999999996,0.0372899999999996,-0.002100000000000435,0.002100000000000435,-0.026939999999999742,0.026939999999999742,-0.019858027132426237,0.019858027132426237,0.033039941707385445,0.033039941707385445,0.041657505773671666,0.041657505773671666,-0.2349819411062386,0.2349819411062386,-0.0364589999999998,0.0364589999999998,-0.0372899999999996,0.0372899999999996,-0.04153586369966167,0.04153586369966167,-0.1706321989083417,0.1706321989083417
2024-07-19,2025-04-08,4.293,4.2946,ExtraTrees,4.272365000000001,4.293,4.27782,4.280434341437106,4.335353001832436,4.339157505773672,4.174310951817422,4.267799000000002,4.272365000000001,4.258627024089814,4.12388723865392,-0.02223499999999934,0.02223499999999934,-0.0015999999999998238,0.0015999999999998238,-0.016779999999999795,0.016779999999999795,-0.014165658562894201,0.014165658562894201,0.04075300183243602,0.04075300183243602,0.04455750577367201,0.04455750577367201,-0.12028904818257757,0.12028904818257757,-0.026800999999998076,0.026800999999998076,-0.02223499999999934,0.02223499999999934,-0.03597297591018567,0.03597297591018567,-0.17071276134608038,0.17071276134608038
2024-07-22,2025-04-09,4.2797,4.2818,ExtraTrees,4.264678,4.2797,4.28378,4.280300824812177,4.330162760969119,4.339157505773672,4.308841028699104,4.260267000000001,4.264678,4.255244626590197,4.101727073515626,-0.017121999999999638,0.017121999999999638,-0.0020999999999995467,0.0020999999999995467,0.001980000000000537,0.001980000000000537,-0.001499175187822388,0.001499175187822388,0.048362760969119734,0.048362760969119734,0.05735750577367238,0.05735750577367238,0.027041028699104075,0.027041028699104075,-0.021532999999998914,0.021532999999998914,-0.017121999999999638,0.017121999999999638,-0.02655537340980274,0.02655537340980274,-0.18007292648437367,0.18007292648437367
2024-07-23,2025-04-10,4.281,4.2644,ExtraTrees,4.270014000000001,4.281,4.2879000000000005,4.2804279475736,4.332144390791076,4.339157505773672,4.304567198773593,4.259797000000001,4.270014000000001,4.253709427964808,4.1014984539321855,0.005614000000000452,0.005614000000000452,0.016599999999999504,0.016599999999999504,0.0235000000000003,0.0235000000000003,0.016027947573599377,0.016027947573599377,0.06774439079107619,0.06774439079107619,0.0747575057736718,0.0747575057736718,0.04016719877359254,0.04016719877359254,-0.004602999999999469,0.004602999999999469,0.005614000000000452,0.005614000000000452,-0.01069057203519197,0.01069057203519197,-0.1629015460678147,0.1629015460678147
2024-07-24,2025-04-11,4.2796,4.2972,ExtraTrees,4.2710550000000005,4.2796,4.28574,4.280277411651126,4.324411387658559,4.339157505773672,4.3311483029673505,4.276834000000001,4.2710550000000005,4.263710056482822,4.115873785878252,-0.02614499999999964,0.02614499999999964,-0.017599999999999838,0.017599999999999838,-0.01146000000000047,0.01146000000000047,-0.016922588348873724,0.016922588348873724,0.027211387658558905,0.027211387658558905,0.041957505773671855,0.041957505773671855,0.03394830296735041,0.03394830296735041,-0.020365999999999218,0.020365999999999218,-0.02614499999999964,0.02614499999999964,-0.03348994351717849,0.03348994351717849,-0.1813262141217482,0.1813262141217482
2024-07-25,2025-04-14,4.2971,4.2776,ExtraTrees,4.264461999999999,4.2971,4.28608,4.283336064078195,4.331408697418074,4.339157505773672,4.1716722614428265,4.29056,4.264461999999999,4.2933649743133655,4.170483088207001,-0.013138000000000538,0.013138000000000538,0.01950000000000074,0.01950000000000074,0.008480000000000487,0.008480000000000487,0.005736064078194936,0.005736064078194936,0.05380869741807448,0.05380869741807448,0.06155750577367236,0.06155750577367236,-0.10592773855717308,0.10592773855717308,0.012960000000000527,0.012960000000000527,-0.013138000000000538,0.013138000000000538,0.015764974313365876,0.015764974313365876,-0.10711691179299887,0.10711691179299887
2024-07-26,2025-04-15,4.2773,4.2767,ExtraTrees,4.274211,4.2773,4.28294,4.282238597882159,4.322131492587137,4.339157505773672,4.07978098928981,4.292376000000002,4.274211,4.2605791067660235,4.117201476217582,-0.0024889999999997414,0.0024889999999997414,0.000600000000000378,0.000600000000000378,0.006240000000000023,0.006240000000000023,0.0055385978821593795,0.0055385978821593795,0.04543149258713708,0.04543149258713708,0.06245750577367204,0.06245750577367204,-0.19691901071019036,0.19691901071019036,0.0156760000000018,0.0156760000000018,-0.0024889999999997414,0.0024889999999997414,-0.016120893233976474,0.016120893233976474,-0.15949852378241758,0.15949852378241758
2024-07-29,2025-04-16,4.2847,4.3033,ExtraTrees,4.264941,4.2847,4.283939999999999,4.282686125539948,4.330284111929781,4.339157505773672,4.276962094176267,4.298662,4.264941,4.277564529266205,4.2048041244075876,-0.03835899999999981,0.03835899999999981,-0.018600000000000172,0.018600000000000172,-0.01936000000000071,0.01936000000000071,-0.020613874460051917,0.020613874460051917,0.026984111929780674,0.026984111929780674,0.03585750577367186,0.03585750577367186,-0.026337905823733188,0.026337905823733188,-0.00463799999999992,0.00463799999999992,-0.03835899999999981,0.03835899999999981,-0.02573547073379512,0.02573547073379512,-0.09849587559241257,0.09849587559241257
2024-07-30,2025-04-17,4.2845,4.2879,ExtraTrees,4.2732459999999985,4.2845,4.28464,4.283015920896321,4.338453759854408,4.339157505773672,4.333235841239839,4.2898380000000005,4.2732459999999985,4.2798422168473245,4.186117331899687,-0.014654000000001055,0.014654000000001055,-0.0033999999999991815,0.0033999999999991815,-0.0032600000000000406,0.0032600000000000406,-0.004884079103678829,0.004884079103678829,0.050553759854408575,0.050553759854408575,0.051257505773672385,0.051257505773672385,0.04533584123983925,0.04533584123983925,0.0019380000000008835,0.0019380000000008835,-0.014654000000001055,0.014654000000001055,-0.008057783152675135,0.008057783152675135,-0.10178266810031289,0.10178266810031289
2024-07-31,2025-04-18,4.2953,4.2823,ExtraTrees,4.2593559999999995,4.2953,4.287780000000001,4.285249389824262,4.334896323457686,4.339157505773672,4.332124596138593,4.285431000000002,4.2593559999999995,4.283298271080305,4.204719810563779,-0.02294400000000074,0.02294400000000074,0.0129999999999999,0.0129999999999999,0.0054800000000003735,0.0054800000000003735,0.00294938982426185,0.00294938982426185,0.052596323457685834,0.052596323457685834,0.05685750577367177,0.05685750577367177,0.0498245961385928,0.0498245961385928,0.003131000000001549,0.003131000000001549,-0.02294400000000074,0.02294400000000074,0.0009982710803049244,0.0009982710803049244,-0.07758018943622158,0.07758018943622158
2024-08-01,2025-04-22,4.2924,4.2801,ExtraTrees,4.2695219999999985,4.2924,4.28684,4.286549500765306,4.325896572456524,4.339157505773672,4.140234948257876,4.299741000000001,4.2695219999999985,4.275189451178078,4.20757776154262,-0.01057800000000153,0.01057800000000153,0.012299999999999756,0.012299999999999756,0.006739999999999746,0.006739999999999746,0.006449500765305594,0.006449500765305594,0.04579657245652413,0.04579657245652413,0.05905750577367197,0.05905750577367197,-0.13986505174212382,0.13986505174212382,0.019641000000000908,0.019641000000000908,-0.01057800000000153,0.01057800000000153,-0.0049105488219218785,0.0049105488219218785,-0.07252223845738026,0.07252223845738026
2024-08-02,2025-04-23,4.2903,4.2893,ExtraTrees,4.284162000000002,4.2903,4.289440000000001,4.2872314097170685,4.323861032414096,4.339157505773672,4.225161293408294,4.308172,4.284162000000002,4.307542450594393,4.211368082030146,-0.0051379999999978665,0.0051379999999978665,0.001000000000000334,0.001000000000000334,0.00014000000000091717,0.00014000000000091717,-0.002068590282931382,0.002068590282931382,0.03456103241409636,0.03456103241409636,0.049857505773672095,0.049857505773672095,-0.06413870659170584,0.06413870659170584,0.018872,0.018872,-0.0051379999999978665,0.0051379999999978665,0.01824245059439278,0.01824245059439278,-0.07793191796985433,0.07793191796985433
2024-08-05,2025-04-24,4.3073,4.2789,ExtraTrees,4.263403000000001,4.3073,4.29396,4.290880244313965,4.328243870763083,4.339157505773672,4.406243649376107,4.310191000000002,4.263403000000001,4.3188114222032405,4.246315199887362,-0.015496999999998984,0.015496999999998984,0.028399999999999537,0.028399999999999537,0.015060000000000073,0.015060000000000073,0.011980244313964938,0.011980244313964938,0.04934387076308244,0.04934387076308244,0.06025750577367184,0.06025750577367184,0.12734364937610643,0.12734364937610643,0.03129100000000218,0.03129100000000218,-0.015496999999998984,0.015496999999998984,0.0399114222032404,0.0399114222032404,-0.03258480011263831,0.03258480011263831
2024-08-06,2025-04-25,4.313,4.2688,ExtraTrees,4.287854000000003,4.313,4.29966,4.294902018075062,4.321728819155027,4.339157505773672,4.38366368342402,4.286395000000003,4.287854000000003,4.280886559800626,4.245493061695,0.019054000000003235,0.019054000000003235,0.04420000000000002,0.04420000000000002,0.030860000000000554,0.030860000000000554,0.026102018075062183,0.026102018075062183,0.05292881915502701,0.05292881915502701,0.07035750577367228,0.07035750577367228,0.1148636834240202,0.1148636834240202,0.01759500000000358,0.01759500000000358,0.019054000000003235,0.019054000000003235,0.01208655980062634,0.01208655980062634,-0.023306938304999747,0.023306938304999747
2024-08-07,2025-04-28,4.3158,4.2766,ExtraTrees,4.297538,4.3158,4.3037600000000005,4.298701651152324,4.3163623627558785,4.339157505773672,4.216803135060231,4.284165000000001,4.297538,4.266466137862414,4.261655338523777,0.020938000000000123,0.020938000000000123,0.039200000000000124,0.039200000000000124,0.027160000000000295,0.027160000000000295,0.02210165115232421,0.02210165115232421,0.0397623627558783,0.0397623627558783,0.0625575057736718,0.0625575057736718,-0.0597968649397691,0.0597968649397691,0.007565000000000488,0.007565000000000488,0.020938000000000123,0.020938000000000123,-0.010133862137585936,0.010133862137585936,-0.014944661476222976,0.014944661476222976
2024-08-08,2025-04-29,4.3225,4.2646,ExtraTrees,4.287762000000002,4.3225,4.30978,4.303028623670083,4.321417699424279,4.339157505773672,4.130308809810173,4.273078999999999,4.287762000000002,4.272051366207307,4.288353432459534,0.023162000000001903,0.023162000000001903,0.05790000000000006,0.05790000000000006,0.04518000000000022,0.04518000000000022,0.03842862367008326,0.03842862367008326,0.056817699424279056,0.056817699424279056,0.07455750577367226,0.07455750577367226,-0.13429119018982671,0.13429119018982671,0.00847899999999946,0.00847899999999946,0.023162000000001903,0.023162000000001903,0.007451366207307686,0.007451366207307686,0.023753432459534096,0.023753432459534096
2024-08-09,2025-04-30,4.3238,4.2778,ExtraTrees,4.281394000000001,4.3238,4.31648,4.306805237548249,4.323841356411027,4.339157505773672,4.202963976423403,4.271156000000002,4.281394000000001,4.272750143573397,4.296675554774951,0.003594000000000541,0.003594000000000541,0.04600000000000026,0.04600000000000026,0.03868000000000027,0.03868000000000027,0.02900523754824924,0.02900523754824924,0.04604135641102669,0.04604135641102669,0.06135750577367194,0.06135750577367194,-0.07483602357659702,0.07483602357659702,-0.006643999999997874,0.006643999999997874,0.003594000000000541,0.003594000000000541,-0.00504985642660305,0.00504985642660305,0.018875554774950842,0.018875554774950842
2024-08-12,2025-05-02,4.3123,4.275,ExtraTrees,4.296715999999999,4.3123,4.317480000000001,4.307804285266749,4.314140593276554,4.339157505773672,4.441595051575777,4.28513,4.296715999999999,4.285095640886577,4.232784370748363,0.021715999999998736,0.021715999999998736,0.03729999999999922,0.03729999999999922,0.042480000000000295,0.042480000000000295,0.0328042852667485,0.0328042852667485,0.03914059327655384,0.03914059327655384,0.06415750577367163,0.06415750577367163,0.1665950515757766,0.1665950515757766,0.010129999999999306,0.010129999999999306,0.021715999999998736,0.021715999999998736,0.01009564088657644,0.01009564088657644,-0.04221562925163713,0.04221562925163713
2024-08-13,2025-05-05,4.2945,4.276,ExtraTrees,4.314434,4.2945,4.31378,4.305385324309158,4.300941768871582,4.339157505773672,4.41150855545214,4.279131999999999,4.314434,4.278613055022806,4.251018353035394,0.03843400000000052,0.03843400000000052,0.018500000000000405,0.018500000000000405,0.03778000000000059,0.03778000000000059,0.029385324309158634,0.029385324309158634,0.024941768871582504,0.024941768871582504,0.06315750577367218,0.06315750577367218,0.13550855545214002,0.13550855545214002,0.0031319999999990245,0.0031319999999990245,0.03843400000000052,0.03843400000000052,0.0026130550228060656,0.0026130550228060656,-0.024981646964605808,0.024981646964605808
2024-08-14,2025-05-06,4.2933,4.2806,ExtraTrees,4.282253,4.2933,4.309279999999999,4.303187992616584,4.3015350389356,4.339157505773672,4.355258499985355,4.275663999999999,4.282253,4.284358359772852,4.234986002933422,0.0016530000000001266,0.0016530000000001266,0.0127000000000006,0.0127000000000006,0.028679999999999595,0.028679999999999595,0.022587992616584174,0.022587992616584174,0.020935038935600225,0.020935038935600225,0.05855750577367225,0.05855750577367225,0.07465849998535568,0.07465849998535568,-0.004936000000000718,0.004936000000000718,0.0016530000000001266,0.0016530000000001266,0.0037583597728518825,0.0037583597728518825,-0.045613997066578094,0.045613997066578094
2024-08-16,2025-05-07,4.2732,4.2757,ExtraTrees,4.281994999999999,4.2732,4.2994200000000005,4.297735630322659,4.290552206951604,4.339157505773672,4.3137042059104145,4.267690999999999,4.281994999999999,4.287208596617397,4.194084222261395,0.0062949999999997175,0.0062949999999997175,-0.0024999999999995026,0.0024999999999995026,0.02372000000000085,0.02372000000000085,0.02203563032265965,0.02203563032265965,0.014852206951604607,0.014852206951604607,0.06345750577367237,0.06345750577367237,0.03800420591041487,0.03800420591041487,-0.008009000000000377,0.008009000000000377,0.0062949999999997175,0.0062949999999997175,0.011508596617397338,0.011508596617397338,-0.0816157777386044,0.0816157777386044
2024-08-19,2025-05-08,4.2693,4.2714,ExtraTrees,4.289904000000002,4.2693,4.28852,4.29256551571854,4.2915804618069995,4.339157505773672,4.187058017767067,4.266120000000001,4.289904000000002,4.282673848244809,4.2037776372453965,0.018504000000001852,0.018504000000001852,-0.0020999999999995467,0.0020999999999995467,0.017120000000000246,0.017120000000000246,0.02116551571853975,0.02116551571853975,0.020180461806999617,0.020180461806999617,0.06775750577367212,0.06775750577367212,-0.08434198223293254,0.08434198223293254,-0.005279999999999063,0.005279999999999063,0.018504000000001852,0.018504000000001852,0.011273848244808704,0.011273848244808704,-0.06762236275460332,0.06762236275460332
2024-08-20,2025-05-09,4.2665,4.2414,ExtraTrees,4.286316000000002,4.2665,4.27936,4.287826331042441,4.289632696785444,4.339157505773672,4.415695752411994,4.27121,4.286316000000002,4.277448013167575,4.208485854807919,0.0449160000000024,0.0449160000000024,0.025100000000000122,0.025100000000000122,0.037959999999999994,0.037959999999999994,0.04642633104244176,0.04642633104244176,0.04823269678544406,0.04823269678544406,0.09775750577367237,0.09775750577367237,0.1742957524119948,0.1742957524119948,0.029810000000000336,0.029810000000000336,0.0449160000000024,0.0449160000000024,0.036048013167575554,0.036048013167575554,-0.03291414519208047,0.03291414519208047
2024-08-21,2025-05-12,4.2879,4.2337,ExtraTrees,4.29016,4.2879,4.27804,4.287839725398361,4.298070720725166,4.339157505773672,4.367268626428034,4.275477000000002,4.29016,4.287607918260473,4.238378806667477,0.0564600000000004,0.0564600000000004,0.054199999999999804,0.054199999999999804,0.044340000000000046,0.044340000000000046,0.054139725398361094,0.054139725398361094,0.06437072072516603,0.06437072072516603,0.10545750577367219,0.10545750577367219,0.13356862642803424,0.13356862642803424,0.041777000000002396,0.041777000000002396,0.0564600000000004,0.0564600000000004,0.053907918260473586,0.053907918260473586,0.004678806667476998,0.004678806667476998
2024-08-22,2025-05-13,4.285,4.2525,ExtraTrees,4.277486,4.285,4.2763800000000005,4.287323411689568,4.298574423752783,4.339157505773672,4.429805441464207,4.267572,4.277486,4.2974341305455015,4.235132333775287,0.024985999999999287,0.024985999999999287,0.03249999999999975,0.03249999999999975,0.023880000000000123,0.023880000000000123,0.03482341168956804,0.03482341168956804,0.046074423752783034,0.046074423752783034,0.0866575057736716,0.0866575057736716,0.17730544146420701,0.17730544146420701,0.015071999999999974,0.015071999999999974,0.024985999999999287,0.024985999999999287,0.044934130545501105,0.044934130545501105,-0.01736766622471375,0.01736766622471375
2024-08-23,2025-05-14,4.2769,4.2455,ExtraTrees,4.271184000000001,4.2769,4.277119999999999,4.285428245927828,4.304661461711871,4.339157505773672,4.423963954476473,4.263237,4.271184000000001,4.2735821716471,4.221050148042196,0.02568400000000093,0.02568400000000093,0.03140000000000054,0.03140000000000054,0.031619999999999315,0.031619999999999315,0.039928245927828065,0.039928245927828065,0.05916146171187098,0.05916146171187098,0.09365750577367216,0.09365750577367216,0.17846395447647279,0.17846395447647279,0.017737000000000336,0.017737000000000336,0.02568400000000093,0.02568400000000093,0.028082171647100473,0.028082171647100473,-0.02444985195780358,0.02444985195780358
2024-08-26,2025-05-15,4.2803,4.2378,ExtraTrees,4.270014000000001,4.2803,4.27932,4.284495837577314,4.308875113974914,4.339157505773672,4.425919209755311,4.268878999999998,4.270014000000001,4.272911900137307,4.223331919440245,0.03221400000000063,0.03221400000000063,0.042500000000000426,0.042500000000000426,0.04152000000000022,0.04152000000000022,0.04669583757731388,0.04669583757731388,0.0710751139749144,0.0710751139749144,0.10135750577367197,0.10135750577367197,0.18811920975531127,0.18811920975531127,0.031078999999998302,0.031078999999998302,0.03221400000000063,0.03221400000000063,0.035111900137306584,0.035111900137306584,-0.014468080559755236,0.014468080559755236
2024-08-27,2025-05-16,4.2802,4.2392,ExtraTrees,4.275239000000002,4.2802,4.28206,4.28371477619962,4.307950191139477,4.339157505773672,4.449501641653416,4.266717999999997,4.275239000000002,4.288549471927671,4.21903830117281,0.036039000000001487,0.036039000000001487,0.04099999999999948,0.04099999999999948,0.04286000000000012,0.04286000000000012,0.04451477619961963,0.04451477619961963,0.06875019113947634,0.06875019113947634,0.09995750577367168,0.09995750577367168,0.21030164165341603,0.21030164165341603,0.027517999999997045,0.027517999999997045,0.036039000000001487,0.036039000000001487,0.049349471927670585,0.049349471927670585,-0.020161698827190655,0.020161698827190655
2024-08-28,2025-05-19,4.2938,4.2785,ExtraTrees,4.269672000000002,4.2938,4.28324,4.2855484532542345,4.310550629006846,4.339157505773672,4.374392609473046,4.269620999999998,4.269672000000002,4.2661545491886805,4.257351119669388,-0.008827999999998504,0.008827999999998504,0.01529999999999987,0.01529999999999987,0.0047399999999999665,0.0047399999999999665,0.00704845325423431,0.00704845325423431,0.03205062900684563,0.03205062900684563,0.060657505773671794,0.060657505773671794,0.09589260947304545,0.09589260947304545,-0.00887900000000208,0.00887900000000208,-0.008827999999998504,0.008827999999998504,-0.012345450811319658,0.012345450811319658,-0.02114888033061213,0.02114888033061213
2024-08-29,2025-05-20,4.2862,4.2497,ExtraTrees,4.270652999999999,4.2862,4.28348,4.285666916298919,4.308853205983425,4.339157505773672,4.470777970102616,4.266957,4.270652999999999,4.252191079669254,4.266118016343501,0.020952999999999555,0.020952999999999555,0.0365000000000002,0.0365000000000002,0.03378000000000014,0.03378000000000014,0.03596691629891957,0.03596691629891957,0.05915320598342522,0.05915320598342522,0.08945750577367217,0.08945750577367217,0.2210779701026162,0.2210779701026162,0.017256999999999856,0.017256999999999856,0.020952999999999555,0.020952999999999555,0.0024910796692543258,0.0024910796692543258,0.016418016343501485,0.016418016343501485
2024-08-30,2025-05-21,4.2798,4.2403,ExtraTrees,4.277102999999999,4.2798,4.28406,4.28460020424457,4.30461083478312,4.339157505773672,4.499949048723078,4.265395000000001,4.277102999999999,4.255946203740875,4.247402418090749,0.03680299999999903,0.03680299999999903,0.039499999999999424,0.039499999999999424,0.0437599999999998,0.0437599999999998,0.044300204244569485,0.044300204244569485,0.06431083478311983,0.06431083478311983,0.09885750577367158,0.09885750577367158,0.2596490487230776,0.2596490487230776,0.02509500000000031,0.02509500000000031,0.03680299999999903,0.03680299999999903,0.01564620374087422,0.01564620374087422,0.007102418090748408,0.007102418090748408
2024-09-02,2025-05-22,4.2812,4.2447,ExtraTrees,4.265716999999999,4.2812,4.2842400000000005,4.283981985291011,4.2980890219949766,4.339157505773672,4.467055460024364,4.2639190000000005,4.265716999999999,4.279077633173444,4.234067928841697,0.02101699999999873,0.02101699999999873,0.0365000000000002,0.0365000000000002,0.039540000000000575,0.039540000000000575,0.039281985291011345,0.039281985291011345,0.05338902199497664,0.05338902199497664,0.09445750577367207,0.09445750577367207,0.2223554600243638,0.2223554600243638,0.01921900000000054,0.01921900000000054,0.02101699999999873,0.02101699999999873,0.034377633173444444,0.034377633173444444,-0.010632071158302558,0.010632071158302558
2024-09-03,2025-05-23,4.2757,4.2541,ExtraTrees,4.266820000000001,4.2757,4.28334,4.282476169783554,4.293104599553987,4.339157505773672,4.475947202138401,4.263585,4.266820000000001,4.277019037129531,4.216781597321544,0.01272000000000073,0.01272000000000073,0.021599999999999397,0.021599999999999397,0.02923999999999971,0.02923999999999971,0.02837616978355406,0.02837616978355406,0.03900459955398716,0.03900459955398716,0.08505750577367177,0.08505750577367177,0.2218472021384006,0.2218472021384006,0.009484999999999744,0.009484999999999744,0.01272000000000073,0.01272000000000073,0.022919037129530473,0.022919037129530473,-0.037318402678455875,0.037318402678455875
2024-09-04,2025-05-26,4.2815,4.2514,ExtraTrees,4.259292000000001,4.2815,4.28088,4.282298684368362,4.302295806237603,4.339157505773672,4.358190807415261,4.261065999999999,4.259292000000001,4.280415879702189,4.226858058586173,0.007892000000000898,0.007892000000000898,0.030100000000000016,0.030100000000000016,0.029479999999999507,0.029479999999999507,0.03089868436836163,0.03089868436836163,0.05089580623760259,0.05089580623760259,0.0877575057736717,0.0877575057736717,0.10679080741526104,0.10679080741526104,0.009665999999998398,0.009665999999998398,0.007892000000000898,0.007892000000000898,0.029015879702188663,0.029015879702188663,-0.02454194141382704,0.02454194141382704
2024-09-05,2025-05-27,4.2717,4.2479,ExtraTrees,4.271613000000001,4.2717,4.27798,4.280371650846841,4.300125270068325,4.339157505773672,4.333794003527624,4.258479,4.271613000000001,4.276718067010762,4.202259065153232,0.02371300000000165,0.02371300000000165,0.023800000000000487,0.023800000000000487,0.030080000000000773,0.030080000000000773,0.03247165084684145,0.03247165084684145,0.052225270068325,0.052225270068325,0.09125750577367242,0.09125750577367242,0.08589400352762411,0.08589400352762411,0.010579000000000782,0.010579000000000782,0.02371300000000165,0.02371300000000165,0.028818067010762505,0.028818067010762505,-0.04564093484676768,0.04564093484676768
2024-09-06,2025-05-28,4.279,4.2447,ExtraTrees,4.271595000000001,4.279,4.27782,4.280122259783779,4.310952166540293,4.339157505773672,4.417988548620164,4.264551,4.271595000000001,4.26582647816462,4.2280150343427945,0.026895000000001446,0.026895000000001446,0.0343,0.0343,0.03312000000000026,0.03312000000000026,0.035422259783779,0.035422259783779,0.06625216654029309,0.06625216654029309,0.09445750577367207,0.09445750577367207,0.17328854862016385,0.17328854862016385,0.019851000000000063,0.019851000000000063,0.026895000000001446,0.026895000000001446,0.021126478164619655,0.021126478164619655,-0.016684965657205453,0.016684965657205453
2024-09-09,2025-05-29,4.2818,4.2369,ExtraTrees,4.279515000000003,4.2818,4.277939999999999,4.280427303459455,4.31737460417301,4.339157505773672,4.472416763508174,4.270229000000001,4.279515000000003,4.259695053886167,4.229992379049204,0.04261500000000229,0.04261500000000229,0.044899999999999274,0.044899999999999274,0.041039999999998855,0.041039999999998855,0.04352730345945499,0.04352730345945499,0.08047460417301,0.08047460417301,0.10225750577367165,0.10225750577367165,0.23551676350817363,0.23551676350817363,0.03332900000000105,0.03332900000000105,0.04261500000000229,0.04261500000000229,0.022795053886166983,0.022795053886166983,-0.006907620950796556,0.006907620950796556
2024-09-10,2025-05-30,4.2827,4.2507,ExtraTrees,4.276468,4.2827,4.27934,4.280840521012282,4.317163679390059,4.339157505773672,4.5268764484503885,4.268252,4.276468,4.270200413903669,4.2238884116131,0.025768000000000235,0.025768000000000235,0.03200000000000003,0.03200000000000003,0.02864000000000022,0.02864000000000022,0.030140521012281596,0.030140521012281596,0.0664636793900586,0.0664636793900586,0.08845750577367184,0.08845750577367184,0.27617644845038836,0.27617644845038836,0.017552000000000234,0.017552000000000234,0.025768000000000235,0.025768000000000235,0.019500413903668523,0.019500413903668523,-0.026811588386900453,0.026811588386900453
2024-09-11,2025-06-02,4.2864,4.2578,ExtraTrees,4.271519,4.2864,4.280320000000001,4.281851335373685,4.324350050835727,4.339157505773672,4.470585435117365,4.2762100000000025,4.271519,4.28858670751504,4.222406526800335,0.013719000000000037,0.013719000000000037,0.028600000000000847,0.028600000000000847,0.022520000000000984,0.022520000000000984,0.024051335373685312,0.024051335373685312,0.06655005083572707,0.06655005083572707,0.0813575057736724,0.0813575057736724,0.21278543511736547,0.21278543511736547,0.018410000000002924,0.018410000000002924,0.013719000000000037,0.013719000000000037,0.030786707515040312,0.030786707515040312,-0.03539347319966435,0.03539347319966435
2024-09-12,2025-06-03,4.2986,4.2721,ExtraTrees,4.278239000000002,4.2986,4.2857,4.284896547123924,4.327350287563005,4.339157505773672,4.628824245239698,4.287043000000002,4.278239000000002,4.273016302401031,4.252568446772455,0.006139000000001893,0.006139000000001893,0.026500000000000412,0.026500000000000412,0.013600000000000279,0.013600000000000279,0.012796547123923752,0.012796547123923752,0.05525028756300543,0.05525028756300543,0.06705750577367198,0.06705750577367198,0.3567242452396977,0.3567242452396977,0.014943000000002371,0.014943000000002371,0.006139000000001893,0.006139000000001893,0.0009163024010305776,0.0009163024010305776,-0.019531553227545295,0.019531553227545295
2024-09-13,2025-06-04,4.2883,4.2778,ExtraTrees,4.2780320000000005,4.2883,4.287560000000001,4.285515356737755,4.326614138086172,4.339157505773672,4.605893015959897,4.292126000000001,4.2780320000000005,4.270714550506091,4.209921560771388,0.00023200000000045407,0.00023200000000045407,0.01049999999999951,0.01049999999999951,0.009760000000000879,0.009760000000000879,0.00771535673775503,0.00771535673775503,0.048814138086171965,0.048814138086171965,0.06135750577367194,0.06135750577367194,0.32809301595989737,0.32809301595989737,0.014326000000001393,0.014326000000001393,0.00023200000000045407,0.00023200000000045407,-0.007085449493908769,0.007085449493908769,-0.06787843922861203,0.06787843922861203
2024-09-16,2025-06-05,4.2753,4.2791,ExtraTrees,4.279319000000002,4.2753,4.28626,4.283658019149072,4.3161840890332,4.339157505773672,4.405499374184061,4.284046,4.279319000000002,4.2499599557530665,4.194903782950398,0.00021900000000218967,0.00021900000000218967,-0.0038000000000000256,0.0038000000000000256,0.007160000000000721,0.007160000000000721,0.004558019149071946,0.004558019149071946,0.037084089033200485,0.037084089033200485,0.060057505773672304,0.060057505773672304,0.12639937418406166,0.12639937418406166,0.004946000000000339,0.004946000000000339,0.00021900000000218967,0.00021900000000218967,-0.029140044246933172,0.029140044246933172,-0.08419621704960178,0.08419621704960178
2024-09-17,2025-06-06,4.2748,4.2881,ExtraTrees,4.273056,4.2748,4.28468,4.282047470212877,4.31098321777023,4.339157505773672,4.503830589295145,4.285089999999999,4.273056,4.247146452677329,4.199158761089316,-0.015043999999999613,0.015043999999999613,-0.01330000000000009,0.01330000000000009,-0.0034200000000002007,0.0034200000000002007,-0.006052529787123007,0.006052529787123007,0.022883217770229614,0.022883217770229614,0.05105750577367196,0.05105750577367196,0.21573058929514488,0.21573058929514488,-0.0030100000000006233,0.0030100000000006233,-0.015043999999999613,0.015043999999999613,-0.04095354732267076,0.04095354732267076,-0.08894123891068428,0.08894123891068428
2024-09-18,2025-06-09,4.2691,4.2772,ExtraTrees,4.278867,4.2691,4.281219999999999,4.279693384719627,4.302072974291634,4.339157505773672,4.451578686900664,4.308729000000002,4.278867,4.2771281249844275,4.1808215793063495,0.0016670000000003071,0.0016670000000003071,-0.008099999999999774,0.008099999999999774,0.0040199999999996905,0.0040199999999996905,0.002493384719627123,0.002493384719627123,0.024872974291634264,0.024872974291634264,0.06195750577367232,0.06195750577367232,0.17437868690066427,0.17437868690066427,0.03152900000000258,0.03152900000000258,0.0016670000000003071,0.0016670000000003071,-7.18750155721537e-05,7.18750155721537e-05,-0.09637842069365021,0.09637842069365021
2024-09-19,2025-06-10,4.2693,4.2611,ExtraTrees,4.285009000000001,4.2693,4.27536,4.277803678406968,4.300330409666403,4.339157505773672,4.602758109863576,4.324161000000001,4.285009000000001,4.295542037882125,4.203277790312173,0.023909000000001512,0.023909000000001512,0.00820000000000043,0.00820000000000043,0.014260000000000161,0.014260000000000161,0.016703678406968514,0.016703678406968514,0.0392304096664029,0.0392304096664029,0.0780575057736721,0.0780575057736721,0.3416581098635758,0.3416581098635758,0.06306100000000114,0.06306100000000114,0.023909000000001512,0.023909000000001512,0.0344420378821253,0.0344420378821253,-0.05782220968782692,0.05782220968782692
2024-09-20,2025-06-11,4.2779,4.2643,ExtraTrees,4.288273000000001,4.2779,4.27328,4.277821191423882,4.3089124859937495,4.339157505773672,4.649444552813035,4.334336,4.288273000000001,4.278839448172906,4.213565460273378,0.023973000000000688,0.023973000000000688,0.01359999999999939,0.01359999999999939,0.008979999999999322,0.008979999999999322,0.013521191423881973,0.013521191423881973,0.04461248599374912,0.04461248599374912,0.07485750577367156,0.07485750577367156,0.38514455281303484,0.38514455281303484,0.07003599999999999,0.07003599999999999,0.023973000000000688,0.023973000000000688,0.014539448172905978,0.014539448172905978,-0.050734539726622785,0.050734539726622785
2024-09-23,2025-06-12,4.2785,4.2631,ExtraTrees,4.297565,4.2785,4.27392,4.277944611164995,4.312386942329926,4.339157505773672,4.416999352989635,4.312589000000002,4.297565,4.286123249981824,4.204010557214337,0.03446499999999997,0.03446499999999997,0.015400000000000524,0.015400000000000524,0.010820000000000718,0.010820000000000718,0.014844611164995136,0.014844611164995136,0.049286942329926475,0.049286942329926475,0.07605750577367232,0.07605750577367232,0.15389935298963575,0.15389935298963575,0.049489000000002115,0.049489000000002115,0.03446499999999997,0.03446499999999997,0.023023249981823923,0.023023249981823923,-0.05908944278566253,0.05908944278566253
2024-09-24,2025-06-13,4.2668,4.272,ExtraTrees,4.28724,4.2668,4.27232,4.275918318225905,4.303165360612282,4.339157505773672,4.415725718264807,4.286047,4.28724,4.267161616521208,4.173217790269131,0.015239999999999476,0.015239999999999476,-0.0052000000000003155,0.0052000000000003155,0.00031999999999943185,0.00031999999999943185,0.003918318225904827,0.003918318225904827,0.031165360612281923,0.031165360612281923,0.06715750577367174,0.06715750577367174,0.14372571826480662,0.14372571826480662,0.014046999999999699,0.014046999999999699,0.015239999999999476,0.015239999999999476,-0.004838383478792174,0.004838383478792174,-0.09878220973086904,0.09878220973086904
2024-09-25,2025-06-16,4.2634,4.2612,ExtraTrees,4.2972100000000015,4.2634,4.271179999999999,4.273642260366649,4.300016245683815,4.339157505773672,4.378824596380284,4.291106,4.2972100000000015,4.2461764706789,4.14751163324504,0.036010000000001874,0.036010000000001874,0.002200000000000202,0.002200000000000202,0.009979999999999656,0.009979999999999656,0.012442260366649194,0.012442260366649194,0.038816245683815254,0.038816245683815254,0.07795750577367233,0.07795750577367233,0.117624596380284,0.117624596380284,0.029906000000000432,0.029906000000000432,0.036010000000001874,0.036010000000001874,-0.015023529321100071,0.015023529321100071,-0.11368836675495952,0.11368836675495952
2024-09-26,2025-06-17,4.2665,4.275,ExtraTrees,4.287493000000001,4.2665,4.270619999999999,4.272343667572713,4.300085381056518,4.339157505773672,4.494325609381484,4.310148999999999,4.287493000000001,4.275019870295522,4.133392040306061,0.012493000000000976,0.012493000000000976,-0.008500000000000618,0.008500000000000618,-0.004380000000001161,0.004380000000001161,-0.0026563324272874667,0.0026563324272874667,0.025085381056517697,0.025085381056517697,0.06415750577367163,0.06415750577367163,0.2193256093814835,0.2193256093814835,0.035148999999998765,0.035148999999998765,0.012493000000000976,0.012493000000000976,1.9870295521862147e-05,1.9870295521862147e-05,-0.14160795969393902,0.14160795969393902
2024-09-27,2025-06-18,4.2761,4.2717,ExtraTrees,4.314475999999999,4.2761,4.27026,4.273026637104946,4.310477314791355,4.339157505773672,4.454783252512517,4.309575000000001,4.314475999999999,4.273165123377946,4.206332596715889,0.04277599999999904,0.04277599999999904,0.004399999999999515,0.004399999999999515,-0.0014399999999996638,0.0014399999999996638,0.0013266371049462933,0.0013266371049462933,0.038777314791355266,0.038777314791355266,0.06745750577367193,0.06745750577367193,0.18308325251251656,0.18308325251251656,0.03787500000000055,0.03787500000000055,0.04277599999999904,0.04277599999999904,0.0014651233779456874,0.0014651233779456874,-0.06536740328411117,0.06536740328411117
2024-09-30,2025-06-20,4.2791,4.2709,ExtraTrees,4.305374000000001,4.2791,4.270379999999999,4.274130884904047,4.310931802705187,4.339157505773672,4.523822293288952,4.311082000000001,4.305374000000001,4.288617325720343,4.220617803862639,0.034474000000001226,0.034474000000001226,0.008199999999999541,0.008199999999999541,-0.0005200000000007421,0.0005200000000007421,0.0032308849040472154,0.0032308849040472154,0.04003180270518669,0.04003180270518669,0.06825750577367184,0.06825750577367184,0.2529222932889521,0.2529222932889521,0.040182000000000606,0.040182000000000606,0.034474000000001226,0.034474000000001226,0.01771732572034246,0.01771732572034246,-0.050282196137360735,0.050282196137360735
2024-10-01,2025-06-23,4.2846,4.2727,ExtraTrees,4.3259690000000015,4.2846,4.27394,4.276034360376038,4.304835433101717,4.339157505773672,4.4768636561013615,4.312660000000001,4.3259690000000015,4.274035577521248,4.22135440616389,0.05326900000000112,0.05326900000000112,0.0118999999999998,0.0118999999999998,0.0012399999999992417,0.0012399999999992417,0.003334360376037182,0.003334360376037182,0.032135433101716515,0.032135433101716515,0.0664575057736716,0.0664575057736716,0.2041636561013611,0.2041636561013611,0.03996000000000066,0.03996000000000066,0.05326900000000112,0.05326900000000112,0.0013355775212477994,0.0013355775212477994,-0.05134559383611048,0.05134559383611048
2024-10-02,2025-06-24,4.2952,4.2604,ExtraTrees,4.314232000000001,4.2952,4.2803,4.279519022125848,4.305929300244763,4.339157505773672,4.512926298769977,4.3100080000000025,4.314232000000001,4.270841396656133,4.233485022037235,0.053832000000001656,0.053832000000001656,0.03480000000000061,0.03480000000000061,0.019900000000000695,0.019900000000000695,0.019119022125848595,0.019119022125848595,0.045529300244763427,0.045529300244763427,0.07875750577367224,0.07875750577367224,0.25252629876997723,0.25252629876997723,0.04960800000000276,0.04960800000000276,0.053832000000001656,0.053832000000001656,0.010441396656132973,0.010441396656132973,-0.026914977962764652,0.026914977962764652
2024-10-03,2025-06-25,4.299,4.2479,ExtraTrees,4.318988000000001,4.299,4.2868,4.283061018102966,4.303668353782752,4.339157505773672,4.576534707661284,4.310704000000002,4.318988000000001,4.26328221383687,4.229931504027299,0.07108800000000137,0.07108800000000137,0.05110000000000081,0.05110000000000081,0.03890000000000082,0.03890000000000082,0.03516101810296668,0.03516101810296668,0.05576835378275202,0.05576835378275202,0.09125750577367242,0.09125750577367242,0.32863470766128433,0.32863470766128433,0.06280400000000252,0.06280400000000252,0.07108800000000137,0.07108800000000137,0.015382213836870662,0.015382213836870662,-0.017968495972700893,0.017968495972700893
2024-10-04,2025-06-26,4.313,4.2479,ExtraTrees,4.321990000000001,4.313,4.29418,4.2885044693569725,4.312079275056462,4.339157505773672,4.392509011013454,4.3139780000000005,4.321990000000001,4.268366089178576,4.25017158955045,0.07409000000000177,0.07409000000000177,0.06510000000000016,0.06510000000000016,0.04628000000000032,0.04628000000000032,0.04060446935697293,0.04060446935697293,0.06417927505646226,0.06417927505646226,0.09125750577367242,0.09125750577367242,0.14460901101345414,0.14460901101345414,0.06607800000000097,0.06607800000000097,0.07409000000000177,0.07409000000000177,0.020466089178576397,0.020466089178576397,0.0022715895504505923,0.0022715895504505923
2024-10-07,2025-06-27,4.3185,4.2362,ExtraTrees,4.337100000000002,4.3185,4.30206,4.293958202201159,4.312680832131768,4.339157505773672,4.519056622651569,4.307604000000001,4.337100000000002,4.2742244398147005,4.2564963953969945,0.10090000000000199,0.10090000000000199,0.08230000000000004,0.08230000000000004,0.06585999999999981,0.06585999999999981,0.05775820220115868,0.05775820220115868,0.07648083213176804,0.07648083213176804,0.1029575057736718,0.1029575057736718,0.2828566226515692,0.2828566226515692,0.07140400000000113,0.07140400000000113,0.10090000000000199,0.10090000000000199,0.03802443981470027,0.03802443981470027,0.02029639539699435,0.02029639539699435
2024-10-08,2025-06-30,4.3203,4.2419,ExtraTrees,4.329787999999999,4.3203,4.3092,4.298747619982766,4.321105952829817,4.339157505773672,4.454996289794086,4.308095000000002,4.329787999999999,4.291634150259978,4.258320793039761,0.08788799999999863,0.08788799999999863,0.07839999999999936,0.07839999999999936,0.06729999999999947,0.06729999999999947,0.056847619982765885,0.056847619982765885,0.0792059528298168,0.0792059528298168,0.09725750577367176,0.09725750577367176,0.2130962897940858,0.2130962897940858,0.06619500000000134,0.06619500000000134,0.08788799999999863,0.08788799999999863,0.04973415025997774,0.04973415025997774,0.016420793039761072,0.016420793039761072
2024-10-09,2025-07-01,4.3026,4.2415,ExtraTrees,4.332790999999999,4.3026,4.31068,4.299448052713172,4.322878791594053,4.339157505773672,4.535960474906619,4.309137000000001,4.332790999999999,4.268566297382437,4.237176498171013,0.09129099999999912,0.09129099999999912,0.06109999999999971,0.06109999999999971,0.06917999999999935,0.06917999999999935,0.05794805271317216,0.05794805271317216,0.08137879159405248,0.08137879159405248,0.09765750577367172,0.09765750577367172,0.29446047490661886,0.29446047490661886,0.06763700000000039,0.06763700000000039,0.09129099999999912,0.09129099999999912,0.02706629738243649,0.02706629738243649,-0.004323501828987553,0.004323501828987553
2024-10-10,2025-07-02,4.3029,4.25,ExtraTrees,4.338526,4.3029,4.311459999999999,4.300075679492595,4.326022928291121,4.339157505773672,4.758162616013345,4.318472000000002,4.338526,4.285934933183665,4.242637346250971,0.08852599999999988,0.08852599999999988,0.05290000000000017,0.05290000000000017,0.061459999999999404,0.061459999999999404,0.05007567949259517,0.05007567949259517,0.07602292829112134,0.07602292829112134,0.08915750577367199,0.08915750577367199,0.5081626160133448,0.5081626160133448,0.06847200000000164,0.06847200000000164,0.08852599999999988,0.08852599999999988,0.0359349331836647,0.0359349331836647,-0.00736265374902878,0.00736265374902878
2024-10-11,2025-07-03,4.2926,4.2634,ExtraTrees,4.346686000000003,4.2926,4.30738,4.298716465039396,4.322640158883304,4.339157505773672,4.64198979260084,4.333736000000002,4.346686000000003,4.307788418911638,4.244049065495014,0.08328600000000286,0.08328600000000286,0.029200000000000337,0.029200000000000337,0.04398000000000035,0.04398000000000035,0.03531646503939623,0.03531646503939623,0.059240158883303806,0.059240158883303806,0.07575750577367213,0.07575750577367213,0.3785897926008399,0.3785897926008399,0.07033600000000195,0.07033600000000195,0.08328600000000286,0.08328600000000286,0.04438841891163836,0.04438841891163836,-0.019350934504985595,0.019350934504985595
2024-10-14,2025-07-04,4.2928,4.2515,ExtraTrees,4.340409000000001,4.2928,4.30224,4.297640744123142,4.321138487609752,4.339157505773672,4.527286545675795,4.324421000000002,4.340409000000001,4.337617158674897,4.269756350248104,0.08890900000000101,0.08890900000000101,0.04129999999999967,0.04129999999999967,0.05074000000000023,0.05074000000000023,0.04614074412314206,0.04614074412314206,0.069638487609752,0.069638487609752,0.08765750577367193,0.08765750577367193,0.2757865456757953,0.2757865456757953,0.07292100000000179,0.07292100000000179,0.08890900000000101,0.08890900000000101,0.086117158674897,0.086117158674897,0.018256350248104347,0.018256350248104347
2024-10-15,2025-07-07,4.2913,4.2524,ExtraTrees,4.331301000000002,4.2913,4.29644,4.296487881555298,4.315870635155505,4.339157505773672,4.49730491083784,4.3348140000000015,4.331301000000002,4.322820315835236,4.263553643216858,0.07890100000000189,0.07890100000000189,0.038899999999999935,0.038899999999999935,0.04403999999999986,0.04403999999999986,0.0440878815552983,0.0440878815552983,0.06347063515550566,0.06347063515550566,0.08675750577367225,0.08675750577367225,0.24490491083783983,0.24490491083783983,0.08241400000000176,0.08241400000000176,0.07890100000000189,0.07890100000000189,0.07042031583523656,0.07042031583523656,0.011153643216858633,0.011153643216858633
2024-10-16,2025-07-08,4.2955,4.2455,ExtraTrees,4.347938000000002,4.2955,4.295019999999999,4.296308266727062,4.317735782968719,4.339157505773672,4.684528471598758,4.324938,4.347938000000002,4.356057736256315,4.253786036438775,0.10243800000000203,0.10243800000000203,0.04999999999999982,0.04999999999999982,0.04951999999999934,0.04951999999999934,0.050808266727061735,0.050808266727061735,0.07223578296871924,0.07223578296871924,0.09365750577367216,0.09365750577367216,0.4390284715987578,0.4390284715987578,0.07943800000000056,0.07943800000000056,0.10243800000000203,0.10243800000000203,0.11055773625631549,0.11055773625631549,0.008286036438775568,0.008286036438775568
2024-10-17,2025-07-09,4.3174,4.2399,ExtraTrees,4.3587190000000025,4.3174,4.29792,4.300143127322141,4.328165528529907,4.339157505773672,4.832664080011556,4.330565000000002,4.3587190000000025,4.319496192507392,4.2844678237278675,0.1188190000000029,0.1188190000000029,0.07750000000000057,0.07750000000000057,0.05802000000000085,0.05802000000000085,0.0602431273221411,0.0602431273221411,0.08826552852990766,0.08826552852990766,0.09925750577367243,0.09925750577367243,0.5927640800115563,0.5927640800115563,0.09066500000000222,0.09066500000000222,0.1188190000000029,0.1188190000000029,0.0795961925073927,0.0795961925073927,0.04456782372786794,0.04456782372786794
2024-10-18,2025-07-10,4.3048,4.2464,ExtraTrees,4.367216,4.3048,4.30036,4.300989831445388,4.3259507681613325,4.339157505773672,4.630477995932682,4.333055000000002,4.367216,4.352048709843395,4.260599743737146,0.12081599999999959,0.12081599999999959,0.058399999999999785,0.058399999999999785,0.05396000000000001,0.05396000000000001,0.054589831445387205,0.054589831445387205,0.07955076816133211,0.07955076816133211,0.09275750577367159,0.09275750577367159,0.38407799593268166,0.38407799593268166,0.08665500000000126,0.08665500000000126,0.12081599999999959,0.12081599999999959,0.10564870984339425,0.10564870984339425,0.014199743737145276,0.014199743737145276
2024-10-21,2025-07-11,4.3178,4.2563,ExtraTrees,4.358140000000001,4.3178,4.305359999999999,4.304046225728044,4.333824108279231,4.339157505773672,4.536926160607979,4.3490590000000005,4.358140000000001,4.354045565361451,4.295187965032346,0.10184000000000015,0.10184000000000015,0.061499999999999666,0.061499999999999666,0.04905999999999899,0.04905999999999899,0.047746225728043434,0.047746225728043434,0.0775241082792304,0.0775241082792304,0.08285750577367157,0.08285750577367157,0.2806261606079783,0.2806261606079783,0.09275900000000004,0.09275900000000004,0.10184000000000015,0.10184000000000015,0.09774556536145074,0.09774556536145074,0.038887965032345484,0.038887965032345484
2024-10-22,2025-07-14,4.3159,4.2614,ExtraTrees,4.361123000000001,4.3159,4.3102800000000006,4.306201457413854,4.3353384472843395,4.339157505773672,4.546683089671283,4.367168000000003,4.361123000000001,4.378929627261506,4.309834013446526,0.0997230000000009,0.0997230000000009,0.05449999999999999,0.05449999999999999,0.04888000000000048,0.04888000000000048,0.044801457413853996,0.044801457413853996,0.0739384472843394,0.0739384472843394,0.07775750577367191,0.07775750577367191,0.2852830896712826,0.2852830896712826,0.10576800000000297,0.10576800000000297,0.0997230000000009,0.0997230000000009,0.11752962726150606,0.11752962726150606,0.04843401344652598,0.04843401344652598
2024-10-23,2025-07-15,4.3344,4.2538,ExtraTrees,4.362758,4.3344,4.31806,4.311328465156789,4.341886007650706,4.339157505773672,4.705834933550894,4.371253000000001,4.362758,4.3495115804490405,4.345645816945454,0.10895800000000033,0.10895800000000033,0.08059999999999956,0.08059999999999956,0.06425999999999998,0.06425999999999998,0.05752846515678911,0.05752846515678911,0.0880860076507064,0.0880860076507064,0.08535750577367196,0.08535750577367196,0.45203493355089375,0.45203493355089375,0.11745300000000114,0.11745300000000114,0.10895800000000033,0.10895800000000033,0.09571158044904049,0.09571158044904049,0.09184581694545368,0.09184581694545368
2024-10-24,2025-07-16,4.3396,4.2585,ExtraTrees,4.364312000000001,4.3396,4.3225,4.316468744219191,4.34098267963466,4.339157505773672,4.780309832364467,4.384132999999999,4.364312000000001,4.359055101655332,4.354700163976256,0.10581200000000113,0.10581200000000113,0.08110000000000017,0.08110000000000017,0.06400000000000006,0.06400000000000006,0.05796874421919096,0.05796874421919096,0.08248267963466027,0.08248267963466027,0.08065750577367226,0.08065750577367226,0.5218098323644673,0.5218098323644673,0.12563299999999966,0.12563299999999966,0.10581200000000113,0.10581200000000113,0.1005551016553321,0.1005551016553321,0.09620016397625619,0.09620016397625619
2024-10-25,2025-07-17,4.3533,4.2559,ExtraTrees,4.374897000000001,4.3533,4.332199999999999,4.323165336179338,4.352117355934367,4.339157505773672,4.594635505123442,4.3566949999999975,4.374897000000001,4.433914821534226,4.362406815491094,0.11899700000000113,0.11899700000000113,0.09740000000000038,0.09740000000000038,0.07629999999999981,0.07629999999999981,0.0672653361793385,0.0672653361793385,0.09621735593436753,0.09621735593436753,0.08325750577367241,0.08325750577367241,0.3387355051234424,0.3387355051234424,0.10079499999999797,0.10079499999999797,0.11899700000000113,0.11899700000000113,0.17801482153422654,0.17801482153422654,0.10650681549109464,0.10650681549109464
2024-10-28,2025-07-18,4.3478,4.2509,ExtraTrees,4.385231999999999,4.3478,4.3382,4.327644365964913,4.3426146877386715,4.339157505773672,4.488032891695524,4.353637999999998,4.385231999999999,4.391911415253254,4.348052248764029,0.13433199999999967,0.13433199999999967,0.09690000000000065,0.09690000000000065,0.08729999999999993,0.08729999999999993,0.07674436596491319,0.07674436596491319,0.09171468773867186,0.09171468773867186,0.0882575057736723,0.0882575057736723,0.23713289169552443,0.23713289169552443,0.10273799999999866,0.10273799999999866,0.13433199999999967,0.13433199999999967,0.14101141525325467,0.14101141525325467,0.09715224876402928,0.09715224876402928
2024-10-29,2025-07-21,4.3542,4.2445,ExtraTrees,4.379650000000001,4.3542,4.34586,4.332472663062201,4.351687300157917,4.339157505773672,4.592742729557586,4.348881999999998,4.379650000000001,4.370120067983637,4.3670694100427365,0.13515000000000033,0.13515000000000033,0.10969999999999924,0.10969999999999924,0.10135999999999967,0.10135999999999967,0.08797266306220042,0.08797266306220042,0.10718730015791689,0.10718730015791689,0.0946575057736716,0.0946575057736716,0.34824272955758584,0.34824272955758584,0.10438199999999753,0.10438199999999753,0.13515000000000033,0.13515000000000033,0.125620067983637,0.125620067983637,0.12256941004273614,0.12256941004273614
2024-10-30,2025-07-22,4.335,4.2531,ExtraTrees,4.385537000000002,4.335,4.345979999999999,4.332932178869073,4.341057402889472,4.339157505773672,4.658537403965568,4.350238999999999,4.385537000000002,4.352646658167064,4.335769216615904,0.13243700000000214,0.13243700000000214,0.08190000000000008,0.08190000000000008,0.09287999999999919,0.09287999999999919,0.07983217886907301,0.07983217886907301,0.08795740288947229,0.08795740288947229,0.0860575057736721,0.0860575057736721,0.4054374039655677,0.4054374039655677,0.09713899999999942,0.09713899999999942,0.13243700000000214,0.13243700000000214,0.0995466581670641,0.0995466581670641,0.08266921661590398,0.08266921661590398
2024-10-31,2025-07-23,4.353,4.2544,ExtraTrees,4.389666,4.353,4.348660000000001,4.33658087362015,4.35084997066187,4.339157505773672,4.644911498255891,4.353887000000001,4.389666,4.362883336418536,4.382837938909839,0.13526599999999966,0.13526599999999966,0.09859999999999935,0.09859999999999935,0.09426000000000023,0.09426000000000023,0.0821808736201497,0.0821808736201497,0.09644997066186978,0.09644997066186978,0.08475750577367158,0.08475750577367158,0.3905114982558908,0.3905114982558908,0.09948700000000077,0.09948700000000077,0.13526599999999966,0.13526599999999966,0.10848333641853536,0.10848333641853536,0.12843793890983868,0.12843793890983868
2024-11-04,2025-07-24,4.3443,4.2514,ExtraTrees,4.402872999999999,4.3443,4.34686,4.337984351143759,4.342110860217603,4.339157505773672,4.488467173864254,4.342742,4.402872999999999,4.344571134564534,4.378246695965439,0.15147299999999841,0.15147299999999841,0.09289999999999932,0.09289999999999932,0.0954600000000001,0.0954600000000001,0.08658435114375873,0.08658435114375873,0.09071086021760255,0.09071086021760255,0.0877575057736717,0.0877575057736717,0.23706717386425336,0.23706717386425336,0.09134200000000003,0.09134200000000003,0.15147299999999841,0.15147299999999841,0.09317113456453363,0.09317113456453363,0.12684669596543863,0.12684669596543863
2024-11-05,2025-07-25,4.3607,4.2544,ExtraTrees,4.395691,4.3607,4.34944,4.342114469117621,4.346355341501626,4.339157505773672,4.526384235404203,4.354842999999999,4.395691,4.364196387912516,4.395809817818932,0.14129099999999983,0.14129099999999983,0.10629999999999917,0.10629999999999917,0.09504000000000001,0.09504000000000001,0.08771446911762038,0.08771446911762038,0.09195534150162565,0.09195534150162565,0.08475750577367158,0.08475750577367158,0.2719842354042026,0.2719842354042026,0.1004429999999985,0.1004429999999985,0.14129099999999983,0.14129099999999983,0.10979638791251567,0.10979638791251567,0.14140981781893203,0.14140981781893203
2024-11-06,2025-07-28,4.3662,4.2565,ExtraTrees,4.400480999999999,4.3662,4.35184,4.346493656550781,4.3439732911193945,4.339157505773672,4.4173169622192345,4.352816000000001,4.400480999999999,4.378371744690757,4.404821013760487,0.14398099999999925,0.14398099999999925,0.10970000000000013,0.10970000000000013,0.0953400000000002,0.0953400000000002,0.08999365655078062,0.08999365655078062,0.0874732911193945,0.0874732911193945,0.08265750577367204,0.08265750577367204,0.16081696221923458,0.16081696221923458,0.09631600000000073,0.09631600000000073,0.14398099999999925,0.14398099999999925,0.12187174469075668,0.12187174469075668,0.14832101376048712,0.14832101376048712
2024-11-07,2025-07-29,4.3431,4.2737,ExtraTrees,4.387653999999999,4.3431,4.35346,4.345876628087002,4.332714931796817,4.339157505773672,4.401378544199308,4.349434,4.387653999999999,4.3592093179765,4.374762044733406,0.11395399999999878,0.11395399999999878,0.0693999999999999,0.0693999999999999,0.07976000000000028,0.07976000000000028,0.07217662808700176,0.07217662808700176,0.05901493179681694,0.05901493179681694,0.06545750577367215,0.06545750577367215,0.12767854419930824,0.12767854419930824,0.07573399999999975,0.07573399999999975,0.11395399999999878,0.11395399999999878,0.0855093179765003,0.0855093179765003,0.10106204473340608,0.10106204473340608
2024-11-08,2025-07-30,4.3244,4.2732,ExtraTrees,4.4076699999999995,4.3244,4.34774,4.341971786616638,4.329238727227884,4.339157505773672,4.395290580349676,4.353766,4.4076699999999995,4.350707874830166,4.345055079989194,0.13446999999999942,0.13446999999999942,0.05119999999999969,0.05119999999999969,0.07453999999999983,0.07453999999999983,0.06877178661663752,0.06877178661663752,0.056038727227884166,0.056038727227884166,0.06595750577367188,0.06595750577367188,0.1220905803496759,0.1220905803496759,0.08056600000000014,0.08056600000000014,0.13446999999999942,0.13446999999999942,0.0775078748301663,0.0775078748301663,0.07185507998919416,0.07185507998919416
2024-11-12,2025-07-31,4.357,4.2661,ExtraTrees,4.4035649999999995,4.357,4.35028,4.344704189049976,4.344176704578775,4.339157505773672,4.41205111695855,4.354082999999998,4.4035649999999995,4.380240932775774,4.400562000471448,0.13746499999999973,0.13746499999999973,0.09090000000000042,0.09090000000000042,0.08417999999999992,0.08417999999999992,0.07860418904997601,0.07860418904997601,0.07807670457877514,0.07807670457877514,0.0730575057736722,0.0730575057736722,0.14595111695855056,0.14595111695855056,0.08798299999999859,0.08798299999999859,0.13746499999999973,0.13746499999999973,0.11414093277577386,0.11414093277577386,0.13446200047144785,0.13446200047144785
2024-11-13,2025-08-01,4.3416,4.2813,ExtraTrees,4.396973999999999,4.3416,4.34646,4.344139791040889,4.332859720500549,4.339157505773672,4.494515251187926,4.333894,4.396973999999999,4.37179617609977,4.366501796806916,0.11567399999999939,0.11567399999999939,0.0602999999999998,0.0602999999999998,0.06516000000000055,0.06516000000000055,0.0628397910408891,0.0628397910408891,0.05155972050054913,0.05155972050054913,0.0578575057736721,0.0578575057736721,0.2132152511879264,0.2132152511879264,0.05259400000000003,0.05259400000000003,0.11567399999999939,0.11567399999999939,0.09049617609977023,0.09049617609977023,0.08520179680691609,0.08520179680691609
2024-11-14,2025-08-04,4.3365,4.2734,ExtraTrees,4.389626999999999,4.3365,4.34052,4.342750738124363,4.330084547397462,4.339157505773672,4.32784162773486,4.338850999999998,4.389626999999999,4.354194780359362,4.354952229793279,0.11622699999999941,0.11622699999999941,0.06310000000000038,0.06310000000000038,0.06712000000000007,0.06712000000000007,0.06935073812436343,0.06935073812436343,0.056684547397462204,0.056684547397462204,0.06575750577367234,0.06575750577367234,0.054441627734860276,0.054441627734860276,0.0654509999999986,0.0654509999999986,0.11622699999999941,0.11622699999999941,0.08079478035936205,0.08079478035936205,0.08155222979327892,0.08155222979327892
2024-11-15,2025-08-05,4.3198,4.2763,ExtraTrees,4.396311,4.3198,4.33586,4.338577876647205,4.327856387087045,4.339157505773672,4.3650513067846655,4.336823999999998,4.396311,4.333436840055703,4.319033001745148,0.12001099999999987,0.12001099999999987,0.04349999999999987,0.04349999999999987,0.05956000000000028,0.05956000000000028,0.06227787664720541,0.06227787664720541,0.0515563870870448,0.0515563870870448,0.062857505773672,0.062857505773672,0.08875130678466547,0.08875130678466547,0.060523999999998246,0.060523999999998246,0.12001099999999987,0.12001099999999987,0.057136840055703075,0.057136840055703075,0.04273300174514816,0.04273300174514816
2024-11-18,2025-08-06,4.332,4.282,ExtraTrees,4.393012,4.332,4.3373800000000005,4.337381899074986,4.335259812163514,4.339157505773672,4.373372720633179,4.333321000000001,4.393012,4.353754630374768,4.339776982062103,0.11101199999999967,0.11101199999999967,0.04999999999999982,0.04999999999999982,0.05538000000000043,0.05538000000000043,0.055381899074985697,0.055381899074985697,0.05325981216351394,0.05325981216351394,0.05715750577367196,0.05715750577367196,0.0913727206331787,0.0913727206331787,0.051321000000000616,0.051321000000000616,0.11101199999999967,0.11101199999999967,0.07175463037476781,0.07175463037476781,0.057776982062103244,0.057776982062103244
2024-11-19,2025-08-07,4.3308,4.2618,ExtraTrees,4.377571000000001,4.3308,4.33214,4.336185190152261,4.33570077238683,4.339157505773672,4.424657120064695,4.336348,4.377571000000001,4.337836228939249,4.3532276725655095,0.1157710000000014,0.1157710000000014,0.06899999999999995,0.06899999999999995,0.07033999999999985,0.07033999999999985,0.07438519015226053,0.07438519015226053,0.07390077238683013,0.07390077238683013,0.07735750577367195,0.07735750577367195,0.16285712006469488,0.16285712006469488,0.07454800000000006,0.07454800000000006,0.1157710000000014,0.1157710000000014,0.0760362289392491,0.0760362289392491,0.09142767256550943,0.09142767256550943
2024-11-20,2025-08-08,4.3404,4.2566,ExtraTrees,4.375611000000001,4.3404,4.3319,4.336951519215486,4.337731107206887,4.339157505773672,4.487013102296251,4.33135,4.375611000000001,4.34347925650684,4.373462778685318,0.11901100000000131,0.11901100000000131,0.0838000000000001,0.0838000000000001,0.07530000000000037,0.07530000000000037,0.080351519215486,0.080351519215486,0.08113110720688699,0.08113110720688699,0.08255750577367227,0.08255750577367227,0.230413102296251,0.230413102296251,0.07474999999999987,0.07474999999999987,0.11901100000000131,0.11901100000000131,0.08687925650684036,0.08687925650684036,0.11686277868531825,0.11686277868531825
2024-11-21,2025-08-11,4.3469,4.2533,ExtraTrees,4.374882,4.3469,4.33398,4.338760333903579,4.338743872530889,4.339157505773672,4.521173625861931,4.329967999999999,4.374882,4.352392732696373,4.389005946672476,0.12158200000000008,0.12158200000000008,0.09359999999999946,0.09359999999999946,0.08068000000000008,0.08068000000000008,0.08546033390357888,0.08546033390357888,0.08544387253088903,0.08544387253088903,0.08585750577367168,0.08585750577367168,0.267873625861931,0.267873625861931,0.07666799999999885,0.07666799999999885,0.12158200000000008,0.12158200000000008,0.09909273269637264,0.09909273269637264,0.13570594667247526,0.13570594667247526
2024-11-22,2025-08-12,4.343,4.2626,ExtraTrees,4.373639,4.343,4.33862,4.339531182284746,4.344577774297191,4.339157505773672,4.518894049342477,4.340684000000002,4.373639,4.363797845634024,4.393798905087474,0.11103899999999989,0.11103899999999989,0.08040000000000003,0.08040000000000003,0.07601999999999975,0.07601999999999975,0.07693118228474649,0.07693118228474649,0.081977774297191,0.081977774297191,0.07655750577367204,0.07655750577367204,0.25629404934247724,0.25629404934247724,0.07808400000000226,0.07808400000000226,0.11103899999999989,0.11103899999999989,0.10119784563402412,0.10119784563402412,0.13119890508747378,0.13119890508747378
2024-11-25,2025-08-13,4.3319,4.2586,ExtraTrees,4.373437000000001,4.3319,4.3386000000000005,4.33814369459661,4.343418950526661,4.339157505773672,4.576117574376216,4.329211,4.373437000000001,4.384856655270725,4.383865447363549,0.11483700000000052,0.11483700000000052,0.0732999999999997,0.0732999999999997,0.08000000000000007,0.08000000000000007,0.0795436945966097,0.0795436945966097,0.08481895052666033,0.08481895052666033,0.0805575057736716,0.0805575057736716,0.31751757437621553,0.31751757437621553,0.07061099999999954,0.07061099999999954,0.11483700000000052,0.11483700000000052,0.1262566552707245,0.1262566552707245,0.1252654473635486,0.1252654473635486
2024-11-26,2025-08-14,4.3157,4.2639,ExtraTrees,4.373147000000002,4.3157,4.33558,4.334063022851772,4.333475859222766,4.339157505773672,4.4456567764347215,4.326455000000001,4.373147000000002,4.3940490962303445,4.344977798875015,0.10924700000000254,0.10924700000000254,0.05180000000000007,0.05180000000000007,0.07168000000000063,0.07168000000000063,0.070163022851772,0.070163022851772,0.06957585922276621,0.06957585922276621,0.0752575057736724,0.0752575057736724,0.18175677643472188,0.18175677643472188,0.06255500000000147,0.06255500000000147,0.10924700000000254,0.10924700000000254,0.13014909623034487,0.13014909623034487,0.08107779887501554,0.08107779887501554
2024-11-27,2025-08-18,4.309,4.2558,ExtraTrees,4.372096000000001,4.309,4.3293,4.329506109605995,4.31791057513991,4.339157505773672,4.485463209420608,4.337058000000001,4.372096000000001,4.3957421283748275,4.331803375748844,0.11629600000000107,0.11629600000000107,0.05320000000000036,0.05320000000000036,0.07350000000000012,0.07350000000000012,0.073706109605995,0.073706109605995,0.06211057513991047,0.06211057513991047,0.08335750577367218,0.08335750577367218,0.22966320942060836,0.22966320942060836,0.08125800000000094,0.08125800000000094,0.11629600000000107,0.11629600000000107,0.13994212837482767,0.13994212837482767,0.07600337574884453,0.07600337574884453
2024-11-28,2025-08-19,4.3085,4.242,ExtraTrees,4.37488,4.3085,4.32162,4.325686816950359,4.316588035129516,4.339157505773672,4.532279551875675,4.332779000000001,4.37488,4.396679738704375,4.320547000619581,0.1328800000000001,0.1328800000000001,0.06650000000000045,0.06650000000000045,0.07962000000000025,0.07962000000000025,0.08368681695035907,0.08368681695035907,0.07458803512951562,0.07458803512951562,0.09715750577367199,0.09715750577367199,0.2902795518756749,0.2902795518756749,0.09077900000000128,0.09077900000000128,0.1328800000000001,0.1328800000000001,0.1546797387043748,0.1546797387043748,0.0785470006195812,0.0785470006195812
2024-11-29,2025-08-20,4.3043,4.2524,ExtraTrees,4.376325,4.3043,4.31388,4.321798304777566,4.314111626724093,4.339157505773672,4.499646902776095,4.344378000000002,4.376325,4.405023957319062,4.3031669913348605,0.12392499999999984,0.12392499999999984,0.051899999999999835,0.051899999999999835,0.06148000000000042,0.06148000000000042,0.06939830477756637,0.06939830477756637,0.061711626724092916,0.061711626724092916,0.08675750577367225,0.08675750577367225,0.2472469027760953,0.2472469027760953,0.09197800000000189,0.09197800000000189,0.12392499999999984,0.12392499999999984,0.15262395731906242,0.15262395731906242,0.050766991334860734,0.050766991334860734
2024-12-02,2025-08-21,4.2923,4.2521,ExtraTrees,4.3751739999999995,4.2923,4.305960000000001,4.31643497663619,4.3096058715687295,4.339157505773672,4.424086134595675,4.333623000000001,4.3751739999999995,4.398806615319748,4.259008715104588,0.12307399999999902,0.12307399999999902,0.04019999999999957,0.04019999999999957,0.05386000000000024,0.05386000000000024,0.06433497663618937,0.06433497663618937,0.057505871568729106,0.057505871568729106,0.08705750577367155,0.08705750577367155,0.17198613459567458,0.17198613459567458,0.08152300000000068,0.08152300000000068,0.12307399999999902,0.12307399999999902,0.14670661531974716,0.14670661531974716,0.0069087151045872375,0.0069087151045872375
2024-12-03,2025-08-22,4.2927,4.267,ExtraTrees,4.371101000000001,4.2927,4.30136,4.312119526338701,4.313689809938528,4.339157505773672,4.471152860201971,4.3264840000000016,4.371101000000001,4.413917392846716,4.264081976102255,0.10410100000000089,0.10410100000000089,0.025699999999999612,0.025699999999999612,0.0343599999999995,0.0343599999999995,0.04511952633870031,0.04511952633870031,0.04668980993852756,0.04668980993852756,0.07215750577367164,0.07215750577367164,0.20415286020197065,0.20415286020197065,0.0594840000000012,0.0594840000000012,0.10410100000000089,0.10410100000000089,0.14691739284671534,0.14691739284671534,-0.0029180238977453143,0.0029180238977453143
2024-12-04,2025-08-25,4.2899,4.2627,ExtraTrees,4.361561,4.2899,4.29754,4.308079612458937,4.312358566235489,4.339157505773672,4.446213688909716,4.323505000000001,4.361561,4.379500946520135,4.271167225966142,0.09886100000000031,0.09886100000000031,0.027200000000000557,0.027200000000000557,0.03483999999999998,0.03483999999999998,0.0453796124589374,0.0453796124589374,0.04965856623548959,0.04965856623548959,0.07645750577367227,0.07645750577367227,0.18351368890971642,0.18351368890971642,0.06080500000000111,0.06080500000000111,0.09886100000000031,0.09886100000000031,0.11680094652013562,0.11680094652013562,0.008467225966142244,0.008467225966142244
2024-12-05,2025-08-26,4.2695,4.2657,ExtraTrees,4.3648180000000005,4.2695,4.28974,4.301065137466403,4.3018549274356355,4.339157505773672,4.221507063212277,4.321001000000001,4.3648180000000005,4.356689588327016,4.225153105526587,0.0991180000000007,0.0991180000000007,0.0038000000000000256,0.0038000000000000256,0.024040000000000283,0.024040000000000283,0.03536513746640324,0.03536513746640324,0.03615492743563564,0.03615492743563564,0.07345750577367216,0.07345750577367216,-0.044192936787722736,0.044192936787722736,0.05530100000000093,0.05530100000000093,0.0991180000000007,0.0991180000000007,0.09098958832701598,0.09098958832701598,-0.04054689447341264,0.04054689447341264
2024-12-06,2025-08-27,4.2669,4.2639,ExtraTrees,4.357251999999999,4.2669,4.282259999999999,4.294853294290693,4.305228113885503,4.339157505773672,4.296383050183701,4.332687000000003,4.357251999999999,4.3780194900109315,4.220142443698019,0.09335199999999944,0.09335199999999944,0.0030000000000001137,0.0030000000000001137,0.018359999999999488,0.018359999999999488,0.03095329429069338,0.03095329429069338,0.041328113885503726,0.041328113885503726,0.0752575057736724,0.0752575057736724,0.03248305018370168,0.03248305018370168,0.06878700000000304,0.06878700000000304,0.09335199999999944,0.09335199999999944,0.11411949001093191,0.11411949001093191,-0.04375755630198075,0.04375755630198075
2024-12-09,2025-08-28,4.2581,4.2681,ExtraTrees,4.3604140000000005,4.2581,4.27542,4.28817087714693,4.303942689861823,4.339157505773672,4.289279938250886,4.329246,4.3604140000000005,4.37873906638161,4.207783642840904,0.0923140000000009,0.0923140000000009,-0.009999999999999787,0.009999999999999787,0.007320000000000881,0.007320000000000881,0.020070877146930677,0.020070877146930677,0.035842689861823374,0.035842689861823374,0.07105750577367242,0.07105750577367242,0.02117993825088682,0.02117993825088682,0.06114600000000081,0.06114600000000081,0.0923140000000009,0.0923140000000009,0.11063906638161036,0.11063906638161036,-0.060316357159095446,0.060316357159095446
2024-12-10,2025-08-29,4.2672,4.2684,ExtraTrees,4.383509000000001,4.2672,4.27032,4.284357990392943,4.301294278178306,4.339157505773672,4.372909692119904,4.331881999999999,4.383509000000001,4.388878474189915,4.214873735382974,0.11510900000000124,0.11510900000000124,-0.0011999999999998678,0.0011999999999998678,0.0019200000000001438,0.0019200000000001438,0.01595799039294299,0.01595799039294299,0.032894278178305925,0.032894278178305925,0.07075750577367224,0.07075750577367224,0.10450969211990468,0.10450969211990468,0.0634819999999996,0.0634819999999996,0.11510900000000124,0.11510900000000124,0.1204784741899152,0.1204784741899152,-0.05352626461702581,0.05352626461702581
2024-12-11,2025-09-01,4.2661,4.2574,ExtraTrees,4.387886999999999,4.2661,4.265559999999999,4.281038355776044,4.306625707389247,4.339157505773672,4.409312098290115,4.359332,4.387886999999999,4.396226873276245,4.214575054627996,0.13048699999999958,0.13048699999999958,0.008700000000000152,0.008700000000000152,0.008159999999999279,0.008159999999999279,0.02363835577604423,0.02363835577604423,0.049225707389247475,0.049225707389247475,0.08175750577367236,0.08175750577367236,0.15191209829011498,0.15191209829011498,0.10193200000000058,0.10193200000000058,0.13048699999999958,0.13048699999999958,0.138826873276245,0.138826873276245,-0.04282494537200332,0.04282494537200332
2024-12-12,2025-09-02,4.2818,4.2651,ExtraTrees,4.3795959999999985,4.2818,4.268019999999999,4.281176836544035,4.3114909180111,4.339157505773672,4.2110562265831915,4.357179000000001,4.3795959999999985,4.415693182628212,4.258746179772657,0.11449599999999815,0.11449599999999815,0.01669999999999927,0.01669999999999927,0.0029199999999987014,0.0029199999999987014,0.01607683654403491,0.01607683654403491,0.046390918011099735,0.046390918011099735,0.07405750577367165,0.07405750577367165,-0.05404377341680888,0.05404377341680888,0.09207900000000091,0.09207900000000091,0.11449599999999815,0.11449599999999815,0.15059318262821186,0.15059318262821186,-0.006353820227343654,0.006353820227343654
2024-12-13,2025-09-03,4.2722,4.2589,ExtraTrees,4.381055,4.2722,4.269080000000001,4.279544684445119,4.31231327536676,4.339157505773672,4.133990441517802,4.373517999999999,4.381055,4.4225382173546945,4.254355514055921,0.12215500000000024,0.12215500000000024,0.01330000000000009,0.01330000000000009,0.010180000000000966,0.010180000000000966,0.020644684445119132,0.020644684445119132,0.05341327536676044,0.05341327536676044,0.0802575057736723,0.0802575057736723,-0.12490955848219798,0.12490955848219798,0.11461799999999922,0.11461799999999922,0.12215500000000024,0.12215500000000024,0.16363821735469486,0.16363821735469486,-0.004544485944078858,0.004544485944078858
2024-12-16,2025-09-04,4.2622,4.2553,ExtraTrees,4.385503999999998,4.2622,4.2699,4.276391105455097,4.307598348391728,4.339157505773672,4.325593440438017,4.373546999999999,4.385503999999998,4.437394145105952,4.229838035742207,0.1302039999999982,0.1302039999999982,0.006899999999999906,0.006899999999999906,0.014599999999999724,0.014599999999999724,0.021091105455097292,0.021091105455097292,0.05229834839172831,0.05229834839172831,0.0838575057736719,0.0838575057736719,0.07029344043801711,0.07029344043801711,0.11824699999999932,0.11824699999999932,0.1302039999999982,0.1302039999999982,0.18209414510595234,0.18209414510595234,-0.02546196425779268,0.02546196425779268
2024-12-17,2025-09-05,4.2599,4.2476,ExtraTrees,4.3854429999999995,4.2599,4.26844,4.273392722645079,4.299132054958155,4.339157505773672,4.384088494675074,4.377406000000001,4.3854429999999995,4.418890404033885,4.229158461176526,0.13784299999999927,0.13784299999999927,0.012299999999999756,0.012299999999999756,0.020839999999999748,0.020839999999999748,0.025792722645078925,0.025792722645078925,0.05153205495815438,0.05153205495815438,0.09155750577367172,0.09155750577367172,0.13648849467507418,0.13648849467507418,0.1298060000000003,0.1298060000000003,0.13784299999999927,0.13784299999999927,0.1712904040338845,0.1712904040338845,-0.01844153882347399,0.01844153882347399
2024-12-18,2025-09-08,4.2628,4.2484,ExtraTrees,4.392511999999999,4.2628,4.26778,4.271466773073247,4.297096208922324,4.339157505773672,4.373030891684036,4.382457,4.392511999999999,4.431503625866689,4.234083046111345,0.1441119999999989,0.1441119999999989,0.01440000000000019,0.01440000000000019,0.019379999999999953,0.019379999999999953,0.023066773073247226,0.023066773073247226,0.048696208922323514,0.048696208922323514,0.09075750577367181,0.09075750577367181,0.12463089168403574,0.12463089168403574,0.13405699999999943,0.13405699999999943,0.1441119999999989,0.1441119999999989,0.18310362586668916,0.18310362586668916,-0.01431695388865517,0.01431695388865517
2024-12-19,2025-09-09,4.2633,4.254,ExtraTrees,4.396093,4.2633,4.26408,4.269981905241747,4.300194020483115,4.339157505773672,4.318116596496753,4.381099000000001,4.396093,4.416770278866566,4.248347508395904,0.14209300000000002,0.14209300000000002,0.00930000000000053,0.00930000000000053,0.010080000000000311,0.010080000000000311,0.015981905241747363,0.015981905241747363,0.046194020483115494,0.046194020483115494,0.08515750577367243,0.08515750577367243,0.06411659649675361,0.06411659649675361,0.12709900000000118,0.12709900000000118,0.14209300000000002,0.14209300000000002,0.16277027886656636,0.16277027886656636,-0.005652491604095644,0.005652491604095644
2024-12-20,2025-09-10,4.2572,4.2604,ExtraTrees,4.397815999999999,4.2572,4.26108,4.26765792247052,4.29792640229726,4.339157505773672,4.310275853821408,4.3817720000000016,4.397815999999999,4.438790353489637,4.254646053688874,0.1374159999999991,0.1374159999999991,-0.0031999999999996476,0.0031999999999996476,0.0006800000000000139,0.0006800000000000139,0.007257922470520484,0.007257922470520484,0.03752640229726012,0.03752640229726012,0.07875750577367224,0.07875750577367224,0.049875853821408356,0.049875853821408356,0.12137200000000181,0.12137200000000181,0.1374159999999991,0.1374159999999991,0.17839035348963694,0.17839035348963694,-0.005753946311125802,0.005753946311125802
2024-12-23,2025-09-11,4.2621,4.2626,ExtraTrees,4.406488999999999,4.2621,4.26106,4.266647391112244,4.303246352212391,4.339157505773672,4.314782170621866,4.4042270000000014,4.406488999999999,4.445828122734726,4.265165713518964,0.14388899999999882,0.14388899999999882,-0.0004999999999997229,0.0004999999999997229,-0.001540000000000319,0.001540000000000319,0.004047391112243837,0.004047391112243837,0.040646352212391434,0.040646352212391434,0.07655750577367204,0.07655750577367204,0.05218217062186614,0.05218217062186614,0.1416270000000015,0.1416270000000015,0.14388899999999882,0.14388899999999882,0.1832281227347261,0.1832281227347261,0.0025657135189636193,0.0025657135189636193
2024-12-24,2025-09-12,4.2739,4.2593,ExtraTrees,4.401843999999998,4.2739,4.26386,4.267966047273654,4.30193786579982,4.339157505773672,4.485926313238182,4.40324,4.401843999999998,4.438088531598185,4.282108394586276,0.14254399999999823,0.14254399999999823,0.014600000000000612,0.014600000000000612,0.004560000000000564,0.004560000000000564,0.008666047273654165,0.008666047273654165,0.04263786579982032,0.04263786579982032,0.07985750577367234,0.07985750577367234,0.2266263132381825,0.2266263132381825,0.14394000000000062,0.14394000000000062,0.14254399999999823,0.14254399999999823,0.17878853159818497,0.17878853159818497,0.022808394586276037,0.022808394586276037
2024-12-27,2025-09-15,4.2747,4.2476,ExtraTrees,4.403035000000001,4.2747,4.26624,4.269190402314807,4.306461371603666,4.339157505773672,4.215500466462687,4.391634999999999,4.403035000000001,4.4448998759142775,4.281600933832913,0.15543500000000066,0.15543500000000066,0.027099999999999902,0.027099999999999902,0.018639999999999546,0.018639999999999546,0.021590402314807022,0.021590402314807022,0.05886137160366545,0.05886137160366545,0.09155750577367172,0.09155750577367172,-0.03209953353731354,0.03209953353731354,0.1440349999999988,0.1440349999999988,0.15543500000000066,0.15543500000000066,0.19729987591427722,0.19729987591427722,0.03400093383291303,0.03400093383291303
2024-12-30,2025-09-16,4.2738,4.2504,ExtraTrees,4.40864,4.2738,4.26834,4.270028510984842,4.300129704843437,4.339157505773672,4.263653414169817,4.401878000000002,4.40864,4.433647756582699,4.261534401923573,0.15824000000000016,0.15824000000000016,0.023399999999999643,0.023399999999999643,0.01794000000000029,0.01794000000000029,0.019628510984841974,0.019628510984841974,0.049729704843437084,0.049729704843437084,0.08875750577367203,0.08875750577367203,0.01325341416981729,0.01325341416981729,0.15147800000000178,0.15147800000000178,0.15824000000000016,0.15824000000000016,0.18324775658269932,0.18324775658269932,0.011134401923572845,0.011134401923572845
2024-12-31,2025-09-17,4.273,4.2559,ExtraTrees,4.414203,4.273,4.2715000000000005,4.270568781714871,4.301052554752307,4.339157505773672,4.173361118392211,4.386976000000001,4.414203,4.410302580019385,4.224285434065959,0.15830300000000008,0.15830300000000008,0.017100000000000115,0.017100000000000115,0.015600000000000946,0.015600000000000946,0.014668781714871848,0.014668781714871848,0.04515255475230706,0.04515255475230706,0.08325750577367241,0.08325750577367241,-0.082538881607789,0.082538881607789,0.13107600000000108,0.13107600000000108,0.15830300000000008,0.15830300000000008,0.15440258001938556,0.15440258001938556,-0.03161456593404033,0.03161456593404033
2025-01-02,2025-09-18,4.2668,4.2564,ExtraTrees,4.432614000000001,4.2668,4.2724400000000005,4.269883548675803,4.3326650905465005,4.339157505773672,4.145997375704073,4.379487,4.432614000000001,4.451098188639553,4.196475412087683,0.17621400000000076,0.17621400000000076,0.010399999999999743,0.010399999999999743,0.016040000000000276,0.016040000000000276,0.013483548675802481,0.013483548675802481,0.07626509054650032,0.07626509054650032,0.0827575057736718,0.0827575057736718,-0.11040262429592751,0.11040262429592751,0.12308699999999995,0.12308699999999995,0.17621400000000076,0.17621400000000076,0.19469818863955268,0.19469818863955268,-0.059924587912317584,0.059924587912317584
2025-01-03,2025-09-19,4.2718,4.2666,ExtraTrees,4.428324999999999,4.2718,4.27202,4.270231994371111,4.340940121079666,4.339157505773672,4.179576882624667,4.382594999999999,4.428324999999999,4.402834881811237,4.208308587808539,0.1617249999999988,0.1617249999999988,0.005199999999999427,0.005199999999999427,0.00541999999999998,0.00541999999999998,0.003631994371110281,0.003631994371110281,0.0743401210796657,0.0743401210796657,0.0725575057736716,0.0725575057736716,-0.08702311737533375,0.08702311737533375,0.11599499999999896,0.11599499999999896,0.1617249999999988,0.1617249999999988,0.13623488181123644,0.13623488181123644,-0.058291412191461056,0.058291412191461056
2025-01-07,2025-09-22,4.2515,4.2645,ExtraTrees,4.423218000000002,4.2515,4.26738,4.266826177212726,4.327256057323218,4.339157505773672,4.226999483075506,4.381573,4.423218000000002,4.392624542270172,4.174276368601111,0.15871800000000214,0.15871800000000214,-0.0129999999999999,0.0129999999999999,0.0028800000000002157,0.0028800000000002157,0.0023261772127263214,0.0023261772127263214,0.06275605732321843,0.06275605732321843,0.07465750577367203,0.07465750577367203,-0.037500516924493965,0.037500516924493965,0.11707300000000043,0.11707300000000043,0.15871800000000214,0.15871800000000214,0.12812454227017245,0.12812454227017245,-0.09022363139888867,0.09022363139888867
2025-01-08,2025-09-23,4.2656,4.2552,ExtraTrees,4.419453000000001,4.2656,4.265739999999999,4.2666032359013215,4.3251545746179785,4.339157505773672,4.056788887291909,4.3739110000000005,4.419453000000001,4.4098311529703205,4.2048108807751134,0.16425300000000043,0.16425300000000043,0.010399999999999743,0.010399999999999743,0.010539999999998884,0.010539999999998884,0.011403235901321196,0.011403235901321196,0.06995457461797816,0.06995457461797816,0.08395750577367167,0.08395750577367167,-0.19841111270809098,0.19841111270809098,0.11871100000000023,0.11871100000000023,0.16425300000000043,0.16425300000000043,0.15463115297032015,0.15463115297032015,-0.05038911922488687,0.05038911922488687
2025-01-09,2025-09-24,4.2794,4.2676,ExtraTrees,4.411856,4.2794,4.26702,4.268929920282899,4.333287177726652,4.339157505773672,4.046984571546967,4.381314999999999,4.411856,4.370882638171437,4.228822639006384,0.14425600000000038,0.14425600000000038,0.011800000000000033,0.011800000000000033,-0.000580000000000247,0.000580000000000247,0.001329920282898911,0.001329920282898911,0.06568717772665256,0.06568717772665256,0.07155750577367215,0.07155750577367215,-0.2206154284530326,0.2206154284530326,0.11371499999999912,0.11371499999999912,0.14425600000000038,0.14425600000000038,0.10328263817143757,0.10328263817143757,-0.03877736099361595,0.03877736099361595
2025-01-10,2025-09-25,4.2657,4.2619,ExtraTrees,4.428321,4.2657,4.2668,4.268342662049644,4.332419154423341,4.339157505773672,4.2265059298421646,4.378744000000001,4.428321,4.394676755899554,4.2131609075886365,0.1664210000000006,0.1664210000000006,0.0038000000000000256,0.0038000000000000256,0.0049000000000001265,0.0049000000000001265,0.006442662049644277,0.006442662049644277,0.07051915442334078,0.07051915442334078,0.07725750577367219,0.07725750577367219,-0.035394070157835245,0.035394070157835245,0.11684400000000128,0.11684400000000128,0.1664210000000006,0.1664210000000006,0.1327767558995543,0.1327767558995543,-0.048739092411363316,0.048739092411363316
2025-01-13,2025-09-26,4.2715,4.2668,ExtraTrees,4.41498,4.2715,4.26674,4.268916723495163,4.337236218004366,4.339157505773672,4.244605066842813,4.378268000000002,4.41498,4.365986540317255,4.220762872992525,0.14817999999999998,0.14817999999999998,0.004699999999999704,0.004699999999999704,-5.9999999999504894e-05,5.9999999999504894e-05,0.002116723495163342,0.002116723495163342,0.0704362180043665,0.0704362180043665,0.07235750577367206,0.07235750577367206,-0.022194933157186902,0.022194933157186902,0.11146800000000212,0.11146800000000212,0.14817999999999998,0.14817999999999998,0.09918654031725538,0.09918654031725538,-0.046037127007474865,0.046037127007474865
2025-01-14,2025-09-29,4.2737,4.2688,ExtraTrees,4.414432999999999,4.2737,4.271179999999999,4.269786410132406,4.336578959886084,4.339157505773672,4.1791302991403745,4.372930000000001,4.414432999999999,4.395170376713973,4.224058504553108,0.14563299999999924,0.14563299999999924,0.0049000000000001265,0.0049000000000001265,0.0023799999999996047,0.0023799999999996047,0.0009864101324064123,0.0009864101324064123,0.06777895988608407,0.06777895988608407,0.07035750577367228,0.07035750577367228,-0.08966970085962522,0.08966970085962522,0.10413000000000139,0.10413000000000139,0.14563299999999924,0.14563299999999924,0.12637037671397344,0.12637037671397344,-0.044741495446891655,0.044741495446891655
2025-01-15,2025-09-30,4.2611,4.2692,ExtraTrees,4.402869,4.2611,4.27028,4.268207062835605,4.328231603962664,4.339157505773672,4.120415024412838,4.363276000000001,4.402869,4.390510649442308,4.203240857851076,0.13366900000000026,0.13366900000000026,-0.008099999999999774,0.008099999999999774,0.0010799999999999699,0.0010799999999999699,-0.0009929371643950802,0.0009929371643950802,0.05903160396266394,0.05903160396266394,0.06995750577367232,0.06995750577367232,-0.1487849755871613,0.1487849755871613,0.09407600000000116,0.09407600000000116,0.13366900000000026,0.13366900000000026,0.12131064944230818,0.12131064944230818,-0.06595914214892407,0.06595914214892407
2025-01-16,2025-10-01,4.262,4.2586,ExtraTrees,4.402203000000001,4.262,4.266799999999999,4.267078505956404,4.339209299570564,4.339157505773672,4.279059962734956,4.363645000000002,4.402203000000001,4.358566631180223,4.200936418558044,0.1436030000000006,0.1436030000000006,0.0033999999999991815,0.0033999999999991815,0.008199999999998653,0.008199999999998653,0.008478505956403204,0.008478505956403204,0.08060929957056384,0.08060929957056384,0.0805575057736716,0.0805575057736716,0.02045996273495554,0.02045996273495554,0.10504500000000139,0.10504500000000139,0.1436030000000006,0.1436030000000006,0.09996663118022298,0.09996663118022298,-0.0576635814419566,0.0576635814419566
2025-01-17,2025-10-02,4.2691,4.256,ExtraTrees,4.4008329999999996,4.2691,4.26748,4.267446050327966,4.342973529849139,4.339157505773672,4.539406750764859,4.3614880000000005,4.4008329999999996,4.350415528961128,4.203588657146537,0.14483299999999932,0.14483299999999932,0.013099999999999667,0.013099999999999667,0.011479999999999713,0.011479999999999713,0.011446050327966084,0.011446050327966084,0.0869735298491392,0.0869735298491392,0.08315750577367176,0.08315750577367176,0.28340675076485855,0.28340675076485855,0.10548800000000025,0.10548800000000025,0.14483299999999932,0.14483299999999932,0.09441552896112793,0.09441552896112793,-0.05241134285346316,0.05241134285346316
2025-01-20,2025-10-03,4.2587,4.2559,ExtraTrees,4.404823,4.2587,4.264919999999999,4.265855859359245,4.333868822317802,4.339157505773672,4.3975265658815195,4.348974999999999,4.404823,4.332995135319443,4.1875148198184835,0.1489230000000008,0.1489230000000008,0.00280000000000058,0.00280000000000058,0.009019999999999584,0.009019999999999584,0.0099558593592457,0.0099558593592457,0.07796882231780256,0.07796882231780256,0.08325750577367241,0.08325750577367241,0.1416265658815199,0.1416265658815199,0.0930749999999998,0.0930749999999998,0.1489230000000008,0.1489230000000008,0.07709513531944356,0.07709513531944356,-0.06838518018151607,0.06838518018151607
2025-01-21,2025-10-06,4.2554,4.2521,ExtraTrees,4.404949,4.2554,4.26126,4.263954794021201,4.338673636073993,4.339157505773672,4.17495214203956,4.338153000000002,4.404949,4.3357911344648326,4.196942958169077,0.1528489999999998,0.1528489999999998,0.0032999999999994145,0.0032999999999994145,0.009159999999999613,0.009159999999999613,0.011854794021200377,0.011854794021200377,0.08657363607399216,0.08657363607399216,0.08705750577367155,0.08705750577367155,-0.07714785796044055,0.07714785796044055,0.08605300000000149,0.08605300000000149,0.1528489999999998,0.1528489999999998,0.08369113446483212,0.08369113446483212,-0.05515704183092307,0.05515704183092307
2025-01-22,2025-10-07,4.2461,4.2559,ExtraTrees,4.38708,4.2461,4.25826,4.260708467835528,4.330145647721717,4.339157505773672,4.309633578470932,4.340350000000001,4.38708,4.3326316049285625,4.1730672941677,0.13118000000000052,0.13118000000000052,-0.009799999999999365,0.009799999999999365,0.002360000000000362,0.002360000000000362,0.004808467835528241,0.004808467835528241,0.07424564772171749,0.07424564772171749,0.08325750577367241,0.08325750577367241,0.05373357847093274,0.05373357847093274,0.08445000000000125,0.08445000000000125,0.13118000000000052,0.13118000000000052,0.0767316049285629,0.0767316049285629,-0.08283270583229996,0.08283270583229996
2025-01-23,2025-10-08,4.2182,4.2533,ExtraTrees,4.394139,4.2182,4.2495,4.252979655501795,4.311477776320412,4.339157505773672,4.301129949026062,4.303590000000001,4.394139,4.312459626042522,4.137857252715543,0.14083899999999971,0.14083899999999971,-0.03509999999999991,0.03509999999999991,-0.0038000000000000256,0.0038000000000000256,-0.0003203444982053938,0.0003203444982053938,0.0581777763204121,0.0581777763204121,0.08585750577367168,0.08585750577367168,0.047829949026061414,0.047829949026061414,0.05029000000000039,0.05029000000000039,0.14083899999999971,0.14083899999999971,0.05915962604252201,0.05915962604252201,-0.11544274728445725,0.11544274728445725
2025-01-24,2025-10-09,4.21,4.2569,ExtraTrees,4.3853550000000014,4.21,4.23768,4.245165172683286,4.308956622749553,4.339157505773672,4.3159394162234,4.27806,4.3853550000000014,4.321034933750241,4.12056586922669,0.12845500000000154,0.12845500000000154,-0.04689999999999994,0.04689999999999994,-0.019219999999999793,0.019219999999999793,-0.011734827316713492,0.011734827316713492,0.052056622749552695,0.052056622749552695,0.08225750577367208,0.08225750577367208,0.05903941622340003,0.05903941622340003,0.021160000000000068,0.021160000000000068,0.12845500000000154,0.12845500000000154,0.06413493375024082,0.06413493375024082,-0.13633413077331014,0.13633413077331014
2025-01-27,2025-10-10,4.2176,4.2583,ExtraTrees,4.379882,4.2176,4.22946,4.240153323104507,4.308587717297799,4.339157505773672,4.2540193643352,4.260889999999998,4.379882,4.308115168766456,4.135101779119239,0.12158200000000008,0.12158200000000008,-0.04070000000000018,0.04070000000000018,-0.028839999999999755,0.028839999999999755,-0.018146676895493208,0.018146676895493208,0.050287717297798906,0.050287717297798906,0.08085750577367179,0.08085750577367179,-0.004280635664800414,0.004280635664800414,0.0025899999999978718,0.0025899999999978718,0.12158200000000008,0.12158200000000008,0.04981516876645564,0.04981516876645564,-0.12319822088076116,0.12319822088076116
2025-01-28,2025-10-13,4.2092,4.2592,ExtraTrees,4.364408000000002,4.2092,4.22022,4.234525446176415,4.303012018650236,4.339157505773672,4.216385108206251,4.246830999999999,4.364408000000002,4.297005049714804,4.135631433904267,0.10520800000000197,0.10520800000000197,-0.04999999999999982,0.04999999999999982,-0.03897999999999957,0.03897999999999957,-0.0246745538235853,0.0246745538235853,0.043812018650235984,0.043812018650235984,0.07995750577367211,0.07995750577367211,-0.04281489179374898,0.04281489179374898,-0.012369000000000518,0.012369000000000518,0.10520800000000197,0.10520800000000197,0.03780504971480436,0.03780504971480436,-0.12356856609573263,0.12356856609573263
2025-01-29,2025-10-14,4.2077,4.2645,ExtraTrees,4.348292000000001,4.2077,4.212540000000001,4.2296480923261575,4.304533297097408,4.339157505773672,4.3017992826243505,4.2454790000000004,4.348292000000001,4.285457864713541,4.149764184917975,0.08379200000000075,0.08379200000000075,-0.05679999999999996,0.05679999999999996,-0.05195999999999934,0.05195999999999934,-0.0348519076738425,0.0348519076738425,0.040033297097408216,0.040033297097408216,0.07465750577367203,0.07465750577367203,0.03729928262435056,0.03729928262435056,-0.01902099999999951,0.01902099999999951,0.08379200000000075,0.08379200000000075,0.020957864713540886,0.020957864713540886,-0.11473581508202457,0.11473581508202457
2025-01-30,2025-10-15,4.2039,4.2556,ExtraTrees,4.346444999999999,4.2039,4.2096800000000005,4.224966620994128,4.301438376019086,4.339157505773672,4.333500372064588,4.2346260000000004,4.346444999999999,4.297244229107329,4.144641449349093,0.09084499999999895,0.09084499999999895,-0.0517000000000003,0.0517000000000003,-0.04591999999999974,0.04591999999999974,-0.03063337900587193,0.03063337900587193,0.045838376019085914,0.045838376019085914,0.08355750577367171,0.08355750577367171,0.07790037206458766,0.07790037206458766,-0.020973999999999826,0.020973999999999826,0.09084499999999895,0.09084499999999895,0.041644229107328457,0.041644229107328457,-0.1109585506509072,0.1109585506509072
2025-01-31,2025-10-16,4.213,4.2517,ExtraTrees,4.335842000000001,4.213,4.210279999999999,4.222790871722468,4.310688221490208,4.339157505773672,4.344151757185229,4.235181,4.335842000000001,4.258648095475584,4.154839966038311,0.08414200000000172,0.08414200000000172,-0.03869999999999951,0.03869999999999951,-0.041420000000000456,0.041420000000000456,-0.028909128277531337,0.028909128277531337,0.05898822149020866,0.05898822149020866,0.0874575057736724,0.0874575057736724,0.09245175718522969,0.09245175718522969,-0.01651899999999973,0.01651899999999973,0.08414200000000172,0.08414200000000172,0.006948095475584282,0.006948095475584282,-0.09686003396168896,0.09686003396168896
2025-02-03,2025-10-17,4.2305,4.2565,ExtraTrees,4.322939,4.2305,4.212860000000001,4.224192531409292,4.314874029853984,4.339157505773672,4.336559123578211,4.231890999999999,4.322939,4.259752344527177,4.1989087906615525,0.06643899999999991,0.06643899999999991,-0.0259999999999998,0.0259999999999998,-0.04363999999999901,0.04363999999999901,-0.03230746859070788,0.03230746859070788,0.05837402985398388,0.05837402985398388,0.08265750577367204,0.08265750577367204,0.0800591235782111,0.0800591235782111,-0.02460900000000077,0.02460900000000077,0.06643899999999991,0.06643899999999991,0.0032523445271772644,0.0032523445271772644,-0.05759120933844741,0.05759120933844741
2025-02-04,2025-10-20,4.2249,4.2396,ExtraTrees,4.3079220000000005,4.2249,4.215999999999999,4.224321162062148,4.311244494714933,4.339157505773672,4.3564418857708676,4.227982999999999,4.3079220000000005,4.244369248187754,4.191568353926868,0.06832200000000022,0.06832200000000022,-0.01470000000000038,0.01470000000000038,-0.023600000000000954,0.023600000000000954,-0.015278837937851897,0.015278837937851897,0.07164449471493306,0.07164449471493306,0.09955750577367173,0.09955750577367173,0.1168418857708673,0.1168418857708673,-0.011617000000001099,0.011617000000001099,0.06832200000000022,0.06832200000000022,0.004769248187753483,0.004769248187753483,-0.04803164607313182,0.04803164607313182
2025-02-05,2025-10-21,4.2059,4.2392,ExtraTrees,4.313773999999999,4.2059,4.21564,4.220971859869031,4.299818426384218,4.339157505773672,4.502745062575784,4.231414000000001,4.313773999999999,4.247512121438304,4.153778035797071,0.07457399999999836,0.07457399999999836,-0.03330000000000055,0.03330000000000055,-0.02356000000000069,0.02356000000000069,-0.018228140130969628,0.018228140130969628,0.06061842638421755,0.06061842638421755,0.09995750577367168,0.09995750577367168,0.26354506257578336,0.26354506257578336,-0.0077859999999994045,0.0077859999999994045,0.07457399999999836,0.07457399999999836,0.008312121438303954,0.008312121438303954,-0.08542196420292925,0.08542196420292925
2025-02-06,2025-10-22,4.2073,4.2438,ExtraTrees,4.301841000000001,4.2073,4.21632,4.21848606716557,4.304561015287515,4.339157505773672,4.499444872389807,4.233064,4.301841000000001,4.242687940035049,4.145791985581608,0.05804100000000112,0.05804100000000112,-0.0365000000000002,0.0365000000000002,-0.027480000000000615,0.027480000000000615,-0.025313932834429842,0.025313932834429842,0.06076101528751465,0.06076101528751465,0.09535750577367175,0.09535750577367175,0.2556448723898068,0.2556448723898068,-0.010736000000000523,0.010736000000000523,0.05804100000000112,0.05804100000000112,-0.0011120599649512286,0.0011120599649512286,-0.09800801441839191,0.09800801441839191
2025-02-07,2025-10-23,4.1898,4.2347,ExtraTrees,4.293741999999999,4.1898,4.211679999999999,4.213270418590012,4.292304618016934,4.339157505773672,4.531529835625149,4.236532,4.293741999999999,4.2407087534724806,4.118243137556085,0.05904199999999893,0.05904199999999893,-0.04490000000000016,0.04490000000000016,-0.023020000000000707,0.023020000000000707,-0.021429581409988074,0.021429581409988074,0.05760461801693406,0.05760461801693406,0.10445750577367185,0.10445750577367185,0.2968298356251493,0.2968298356251493,0.0018320000000002779,0.0018320000000002779,0.05904199999999893,0.05904199999999893,0.0060087534724804215,0.0060087534724804215,-0.11645686244391484,0.11645686244391484
2025-02-10,2025-10-24,4.1872,4.2353,ExtraTrees,4.2880840000000005,4.1872,4.20302,4.208530342482737,4.286922996381117,4.339157505773672,4.412962529957206,4.233451,4.2880840000000005,4.2250894812680215,4.119364788464859,0.05278400000000083,0.05278400000000083,-0.04809999999999981,0.04809999999999981,-0.0322799999999992,0.0322799999999992,-0.02676965751726268,0.02676965751726268,0.051622996381117225,0.051622996381117225,0.10385750577367237,0.10385750577367237,0.17766252995720677,0.17766252995720677,-0.0018489999999999895,0.0018489999999999895,0.05278400000000083,0.05278400000000083,-0.010210518731978091,0.010210518731978091,-0.11593521153514086,0.11593521153514086
2025-02-11,2025-10-27,4.1783,4.2353,ExtraTrees,4.278209000000001,4.1783,4.1937,4.203033916576785,4.281331264664459,4.339157505773672,4.412769928733255,4.235237999999999,4.278209000000001,4.2134340393531176,4.09672481132049,0.04290900000000164,0.04290900000000164,-0.056999999999999496,0.056999999999999496,-0.04159999999999986,0.04159999999999986,-0.03226608342321491,0.03226608342321491,0.04603126466445939,0.04603126466445939,0.10385750577367237,0.10385750577367237,0.17746992873325507,0.17746992873325507,-6.200000000067263e-05,6.200000000067263e-05,0.04290900000000164,0.04290900000000164,-0.021865960646882066,0.021865960646882066,-0.1385751886795097,0.1385751886795097
2025-02-12,2025-10-28,4.1721,4.2345,ExtraTrees,4.265970000000001,4.1721,4.18694,4.197409568108278,4.276829769119517,4.339157505773672,4.408612053079592,4.223094,4.265970000000001,4.230101455412605,4.090490319965495,0.03147000000000144,0.03147000000000144,-0.062399999999999345,0.062399999999999345,-0.047559999999999825,0.047559999999999825,-0.037090431891721565,0.037090431891721565,0.042329769119517024,0.042329769119517024,0.10465750577367228,0.10465750577367228,0.17411205307959232,0.17411205307959232,-0.011406000000000027,0.011406000000000027,0.03147000000000144,0.03147000000000144,-0.004398544587394859,0.004398544587394859,-0.14400968003450476,0.14400968003450476
2025-02-13,2025-10-29,4.1652,4.2374,ExtraTrees,4.254087000000001,4.1652,4.178520000000001,4.191553282997682,4.27424027777138,4.339157505773672,4.429841627797575,4.232142000000002,4.254087000000001,4.243881049980258,4.061369483860459,0.016687000000001007,0.016687000000001007,-0.07220000000000049,0.07220000000000049,-0.05887999999999938,0.05887999999999938,-0.045846717002318016,0.045846717002318016,0.03684027777137988,0.03684027777137988,0.10175750577367193,0.10175750577367193,0.19244162779757534,0.19244162779757534,-0.0052579999999977645,0.0052579999999977645,0.016687000000001007,0.016687000000001007,0.006481049980258113,0.006481049980258113,-0.1760305161395408,0.1760305161395408
2025-02-14,2025-10-30,4.1632,4.2425,ExtraTrees,4.268201,4.1632,4.1732,4.186398140634466,4.275305264452611,4.339157505773672,4.436512720635915,4.233249999999999,4.268201,4.239484702562128,4.043674869286591,0.02570100000000064,0.02570100000000064,-0.07929999999999993,0.07929999999999993,-0.06930000000000014,0.06930000000000014,-0.05610185936553336,0.05610185936553336,0.03280526445261156,0.03280526445261156,0.09665750577367227,0.09665750577367227,0.19401272063591524,0.19401272063591524,-0.009250000000000647,0.009250000000000647,0.02570100000000064,0.02570100000000064,-0.0030152974378721,0.0030152974378721,-0.19882513071340835,0.19882513071340835
2025-02-17,2025-10-31,4.1635,4.2543,ExtraTrees,4.260505,4.1635,4.1684600000000005,4.18223484233729,4.278225249173043,4.339157505773672,4.449494143288345,4.233200999999999,4.260505,4.228239376151697,4.0315407058199515,0.00620500000000046,0.00620500000000046,-0.09079999999999977,0.09079999999999977,-0.08583999999999925,0.08583999999999925,-0.07206515766270982,0.07206515766270982,0.023925249173043284,0.023925249173043284,0.08485750577367224,0.08485750577367224,0.1951941432883455,0.1951941432883455,-0.021099000000000423,0.021099000000000423,0.00620500000000046,0.00620500000000046,-0.02606062384830299,0.02606062384830299,-0.22275929418004825,0.22275929418004825
2025-02-18,2025-11-03,4.1574,4.2527,ExtraTrees,4.265131,4.1574,4.16428,4.177719416457783,4.278064328379834,4.339157505773672,4.1776894877052,4.228610999999999,4.265131,4.23325002713538,4.005646309377611,0.012431000000000303,0.012431000000000303,-0.09529999999999994,0.09529999999999994,-0.08842000000000017,0.08842000000000017,-0.07498058354221726,0.07498058354221726,0.025364328379834156,0.025364328379834156,0.08645750577367206,0.08645750577367206,-0.07501051229480016,0.07501051229480016,-0.024089000000000915,0.024089000000000915,0.012431000000000303,0.012431000000000303,-0.019449972864619802,0.019449972864619802,-0.2470536906223888,0.2470536906223888
2025-02-19,2025-11-04,4.1582,4.2575,ExtraTrees,4.268558000000002,4.1582,4.1615,4.174170431647276,4.278057721866676,4.339157505773672,4.409458193635978,4.236356999999999,4.268558000000002,4.232435436537266,4.0127332964393805,0.01105800000000201,0.01105800000000201,-0.09930000000000039,0.09930000000000039,-0.09600000000000009,0.09600000000000009,-0.08332956835272398,0.08332956835272398,0.020557721866675926,0.020557721866675926,0.0816575057736717,0.0816575057736717,0.15195819363597796,0.15195819363597796,-0.021143000000001244,0.021143000000001244,0.01105800000000201,0.01105800000000201,-0.025064563462734668,0.025064563462734668,-0.2447667035606198,0.2447667035606198
2025-02-20,2025-11-05,4.1723,4.2597,ExtraTrees,4.274644,4.1723,4.16292,4.173830353165953,4.283140318313676,4.339157505773672,4.416822389357033,4.2292309999999995,4.274644,4.227154277723177,4.05012666900688,0.014944000000000734,0.014944000000000734,-0.0873999999999997,0.0873999999999997,-0.09677999999999987,0.09677999999999987,-0.08586964683404652,0.08586964683404652,0.023440318313676656,0.023440318313676656,0.07945750577367239,0.07945750577367239,0.15712238935703304,0.15712238935703304,-0.03046900000000008,0.03046900000000008,0.014944000000000734,0.014944000000000734,-0.032545722276822175,0.032545722276822175,-0.2095733309931198,0.2095733309931198
2025-02-21,2025-11-06,4.1705,4.2566,ExtraTrees,4.271578000000002,4.1705,4.16438,4.173224834408506,4.284014675757063,4.339157505773672,4.613237060836796,4.236876999999999,4.271578000000002,4.229817586744405,4.020192684400686,0.014978000000001934,0.014978000000001934,-0.08610000000000007,0.08610000000000007,-0.0922199999999993,0.0922199999999993,-0.0833751655914936,0.0833751655914936,0.027414675757063023,0.027414675757063023,0.08255750577367227,0.08255750577367227,0.35663706083679614,0.35663706083679614,-0.019723000000000823,0.019723000000000823,0.014978000000001934,0.014978000000001934,-0.02678241325559494,0.02678241325559494,-0.2364073155993136,0.2364073155993136
2025-02-24,2025-11-07,4.1609,4.2483,ExtraTrees,4.273201000000001,4.1609,4.16386,4.170983955425141,4.270812120150992,4.339157505773672,4.399024383709324,4.231812,4.273201000000001,4.2295755305780025,3.9748540530218572,0.024901000000000728,0.024901000000000728,-0.08740000000000059,0.08740000000000059,-0.08444000000000074,0.08444000000000074,-0.07731604457485908,0.07731604457485908,0.022512120150991244,0.022512120150991244,0.09085750577367158,0.09085750577367158,0.15072438370932328,0.15072438370932328,-0.016488000000000724,0.016488000000000724,0.024901000000000728,0.024901000000000728,-0.018724469421997902,0.018724469421997902,-0.2734459469781432,0.2734459469781432
2025-02-25,2025-11-10,4.1339,4.2351,ExtraTrees,4.265932000000001,4.1339,4.15916,4.164241418075116,4.258144268669414,4.339157505773672,4.222813991752768,4.2382290000000005,4.265932000000001,4.215151860195386,3.928507079995178,0.03083200000000108,0.03083200000000108,-0.1012000000000004,0.1012000000000004,-0.07594000000000012,0.07594000000000012,-0.0708585819248837,0.0708585819248837,0.023044268669414336,0.023044268669414336,0.1040575057736719,0.1040575057736719,-0.012286008247231806,0.012286008247231806,0.0031290000000003815,0.0031290000000003815,0.03083200000000108,0.03083200000000108,-0.019948139804614407,0.019948139804614407,-0.3065929200048223,0.3065929200048223
2025-02-26,2025-11-12,4.1394,4.2312,ExtraTrees,4.266958000000002,4.1394,4.155399999999999,4.159724796606913,4.261668408472568,4.339157505773672,4.405179558479596,4.239106,4.266958000000002,4.2203356624112685,3.936231318092662,0.03575800000000129,0.03575800000000129,-0.0918000000000001,0.0918000000000001,-0.07580000000000098,0.07580000000000098,-0.07147520339308766,0.07147520339308766,0.03046840847256771,0.03046840847256771,0.10795750577367169,0.10795750577367169,0.173979558479596,0.173979558479596,0.007905999999999302,0.007905999999999302,0.03575800000000129,0.03575800000000129,-0.010864337588731843,0.010864337588731843,-0.2949686819073385,0.2949686819073385
2025-02-27,2025-11-13,4.1371,4.2304,ExtraTrees,4.268932000000002,4.1371,4.148359999999999,4.155611197223838,4.255784385007281,4.339157505773672,4.422892282677949,4.244886999999999,4.268932000000002,4.230564566283071,3.914191033864359,0.03853200000000179,0.03853200000000179,-0.09330000000000016,0.09330000000000016,-0.082040000000001,0.082040000000001,-0.07478880277616273,0.07478880277616273,0.02538438500728102,0.02538438500728102,0.1087575057736716,0.1087575057736716,0.19249228267794827,0.19249228267794827,0.014486999999999028,0.014486999999999028,0.03853200000000179,0.03853200000000179,0.00016456628307093268,0.00016456628307093268,-0.3162089661356413,0.3162089661356413
2025-02-28,2025-11-14,4.1575,4.2274,ExtraTrees,4.275969000000002,4.1575,4.14576,4.155954615910412,4.266241182056383,4.339157505773672,4.453765450635228,4.241892,4.275969000000002,4.2494145299913795,3.9451982621486708,0.04856900000000142,0.04856900000000142,-0.06990000000000052,0.06990000000000052,-0.08164000000000016,0.08164000000000016,-0.07144538408958834,0.07144538408958834,0.038841182056382983,0.038841182056382983,0.11175750577367172,0.11175750577367172,0.22636545063522817,0.22636545063522817,0.014491999999999727,0.014491999999999727,0.04856900000000142,0.04856900000000142,0.022014529991379206,0.022014529991379206,-0.2822017378513295,0.2822017378513295
2025-03-03,2025-11-17,4.1827,4.2231,ExtraTrees,4.255642000000002,4.1827,4.150119999999999,4.160817413017609,4.274313144693555,4.339157505773672,4.458665810879792,4.243649999999999,4.255642000000002,4.245993899251344,4.013651532265011,0.03254200000000207,0.03254200000000207,-0.04039999999999999,0.04039999999999999,-0.07298000000000027,0.07298000000000027,-0.06228258698239042,0.06228258698239042,0.051213144693555535,0.051213144693555535,0.11605750577367235,0.11605750577367235,0.235565810879792,0.235565810879792,0.02054999999999918,0.02054999999999918,0.03254200000000207,0.03254200000000207,0.02289389925134433,0.02289389925134433,-0.2094484677349886,0.2094484677349886
2025-03-04,2025-11-18,4.1568,4.2331,ExtraTrees,4.271033,4.1568,4.1547,4.160086974287134,4.2651371874724,4.339157505773672,4.3777450054769655,4.240618999999999,4.271033,4.241864638695392,3.9779576766322515,0.03793299999999977,0.03793299999999977,-0.0763000000000007,0.0763000000000007,-0.07840000000000025,0.07840000000000025,-0.07301302571286605,0.07301302571286605,0.03203718747239925,0.03203718747239925,0.10605750577367168,0.10605750577367168,0.14464500547696524,0.14464500547696524,0.007518999999998499,0.007518999999998499,0.03793299999999977,0.03793299999999977,0.008764638695391902,0.008764638695391902,-0.2551423233677488,0.2551423233677488
2025-03-05,2025-11-19,4.1545,4.2424,ExtraTrees,4.254798000000001,4.1545,4.157719999999999,4.159071160780382,4.266374559684135,4.339157505773672,4.445577683238796,4.240531000000001,4.254798000000001,4.233861882917671,3.980236364815737,0.01239800000000102,0.01239800000000102,-0.08790000000000031,0.08790000000000031,-0.08468000000000053,0.08468000000000053,-0.08332883921961809,0.08332883921961809,0.02397455968413542,0.02397455968413542,0.09675750577367204,0.09675750577367204,0.20317768323879637,0.20317768323879637,-0.0018689999999992324,0.0018689999999992324,0.01239800000000102,0.01239800000000102,-0.008538117082329322,0.008538117082329322,-0.2621636351842631,0.2621636351842631
2025-03-06,2025-11-20,4.1766,4.2289,ExtraTrees,4.258344000000002,4.1766,4.16562,4.162258222456676,4.279758947584018,4.339157505773672,4.337188471139827,4.241277999999999,4.258344000000002,4.250390208085687,4.013453081410818,0.02944400000000158,0.02944400000000158,-0.05230000000000068,0.05230000000000068,-0.06328000000000067,0.06328000000000067,-0.06664177754332457,0.06664177754332457,0.05085894758401732,0.05085894758401732,0.11025750577367166,0.11025750577367166,0.10828847113982665,0.10828847113982665,0.012377999999999112,0.012377999999999112,0.02944400000000158,0.02944400000000158,0.02149020808568647,0.02149020808568647,-0.21544691858918252,0.21544691858918252
2025-03-07,2025-11-21,4.176,4.2489,ExtraTrees,4.250672000000001,4.176,4.169320000000001,4.164756727464552,4.273596558245287,4.339157505773672,4.317339486813695,4.236959,4.250672000000001,4.271064592944092,4.027865865834564,0.001772000000000773,0.001772000000000773,-0.07289999999999974,0.07289999999999974,-0.0795799999999991,0.0795799999999991,-0.08414327253544762,0.08414327253544762,0.024696558245286937,0.024696558245286937,0.09025750577367209,0.09025750577367209,0.06843948681369483,0.06843948681369483,-0.011941000000000201,0.011941000000000201,0.001772000000000773,0.001772000000000773,0.02216459294409212,0.02216459294409212,-0.2210341341654356,0.2210341341654356
2025-03-10,2025-11-24,4.1857,4.2345,ExtraTrees,4.262765000000002,4.1857,4.169919999999999,4.16856459519827,4.275958523831724,4.339157505773672,4.318205587078965,4.231292999999998,4.262765000000002,4.269767438826014,4.07378115759676,0.028265000000001983,0.028265000000001983,-0.048799999999999955,0.048799999999999955,-0.0645800000000003,0.0645800000000003,-0.06593540480172955,0.06593540480172955,0.041458523831724214,0.041458523831724214,0.10465750577367228,0.10465750577367228,0.08370558707896514,0.08370558707896514,-0.003207000000001514,0.003207000000001514,0.028265000000001983,0.028265000000001983,0.03526743882601391,0.03526743882601391,-0.16071884240323975,0.16071884240323975
2025-03-11,2025-11-25,4.1977,4.2301,ExtraTrees,4.26055,4.1977,4.1781,4.173861941525857,4.283563677032335,4.339157505773672,4.413906415165233,4.242739999999999,4.26055,4.271478953175957,4.092717809723794,0.030450000000000088,0.030450000000000088,-0.032399999999999984,0.032399999999999984,-0.05200000000000049,0.05200000000000049,-0.056238058474143315,0.056238058474143315,0.0534636770323349,0.0534636770323349,0.10905750577367179,0.10905750577367179,0.18380641516523255,0.18380641516523255,0.01263999999999843,0.01263999999999843,0.030450000000000088,0.030450000000000088,0.041378953175956745,0.041378953175956745,-0.13738219027620602,0.13738219027620602
2025-03-12,2025-11-26,4.2017,4.233,ExtraTrees,4.259455000000002,4.2017,4.18754,4.178923406702974,4.283408271094944,4.339157505773672,4.461203367668815,4.2473149999999995,4.259455000000002,4.271238183482304,4.08535655456461,0.026455000000002116,0.026455000000002116,-0.031299999999999883,0.031299999999999883,-0.04545999999999939,0.04545999999999939,-0.054076593297025966,0.054076593297025966,0.05040827109494472,0.05040827109494472,0.10615750577367233,0.10615750577367233,0.2282033676688151,0.2282033676688151,0.014314999999999856,0.014314999999999856,0.026455000000002116,0.026455000000002116,0.03823818348230468,0.03823818348230468,-0.14764344543538943,0.14764344543538943
2025-03-13,2025-11-27,4.196,4.227,ExtraTrees,4.257844,4.196,4.19142,4.182028241847887,4.282787240138926,4.339157505773672,4.436262417960367,4.250806,4.257844,4.295833392714973,4.083444950002133,0.030844000000000094,0.030844000000000094,-0.031000000000000583,0.031000000000000583,-0.03558000000000039,0.03558000000000039,-0.04497175815211296,0.04497175815211296,0.05578724013892611,0.05578724013892611,0.11215750577367167,0.11215750577367167,0.2092624179603666,0.2092624179603666,0.02380599999999955,0.02380599999999955,0.030844000000000094,0.030844000000000094,0.06883339271497313,0.06883339271497313,-0.14355504999786728,0.14355504999786728
2025-03-14,2025-11-28,4.179,4.2369,ExtraTrees,4.267256000000002,4.179,4.19202,4.181477652420998,4.269909992139424,4.339157505773672,4.217572146081707,4.248171999999999,4.267256000000002,4.293812744009861,4.050019940289884,0.030356000000002048,0.030356000000002048,-0.05790000000000006,0.05790000000000006,-0.04488000000000003,0.04488000000000003,-0.05542234757900211,0.05542234757900211,0.033009992139423794,0.033009992139423794,0.10225750577367165,0.10225750577367165,-0.01932785391829306,0.01932785391829306,0.01127199999999906,0.01127199999999906,0.030356000000002048,0.030356000000002048,0.05691274400986046,0.05691274400986046,-0.18688005971011634,0.18688005971011634
2025-03-17,2025-12-01,4.1777,4.2286,ExtraTrees,4.2566489999999995,4.1777,4.1904200000000005,4.180790806526272,4.270192641256392,4.339157505773672,4.336596588280709,4.256663,4.2566489999999995,4.2920727362486195,4.0265447281749225,0.028048999999999324,0.028048999999999324,-0.05090000000000039,0.05090000000000039,-0.03817999999999966,0.03817999999999966,-0.047809193473727696,0.047809193473727696,0.041592641256391616,0.041592641256391616,0.11055750577367185,0.11055750577367185,0.10799658828070857,0.10799658828070857,0.028062999999999505,0.028062999999999505,0.028048999999999324,0.028048999999999324,0.06347273624861938,0.06347273624861938,-0.20205527182507765,0.20205527182507765
2025-03-18,2025-12-02,4.1776,4.239,ExtraTrees,4.264621000000001,4.1776,4.1864,4.180210659885131,4.269614073369075,4.339157505773672,4.390063494138675,4.252771999999998,4.264621000000001,4.306385028470906,4.048425755828539,0.025621000000001004,0.025621000000001004,-0.0613999999999999,0.0613999999999999,-0.05259999999999998,0.05259999999999998,-0.05878934011486869,0.05878934011486869,0.03061407336907518,0.03061407336907518,0.1001575057736721,0.1001575057736721,0.15106349413867548,0.15106349413867548,0.013771999999998563,0.013771999999998563,0.025621000000001004,0.025621000000001004,0.06738502847090633,0.06738502847090633,-0.19057424417146063,0.19057424417146063
2025-03-19,2025-12-03,4.1945,4.2312,ExtraTrees,4.265959999999999,4.1945,4.18496,4.182808721724198,4.285833951538948,4.339157505773672,4.427352444642138,4.259396999999998,4.265959999999999,4.290091250203801,4.089459267011929,0.03475999999999857,0.03475999999999857,-0.03670000000000062,0.03670000000000062,-0.04624000000000006,0.04624000000000006,-0.04839127827580203,0.04839127827580203,0.05463395153894801,0.05463395153894801,0.10795750577367169,0.10795750577367169,0.19615244464213788,0.19615244464213788,0.028196999999997807,0.028196999999997807,0.03475999999999857,0.03475999999999857,0.058891250203800816,0.058891250203800816,-0.14174073298807155,0.14174073298807155
2025-03-20,2025-12-04,4.1972,4.2299,ExtraTrees,4.263311000000001,4.1972,4.1852,4.185425317774344,4.285599364570804,4.339157505773672,4.360044788866603,4.257155999999998,4.263311000000001,4.296292661631535,4.120446915599117,0.03341100000000097,0.03341100000000097,-0.03270000000000017,0.03270000000000017,-0.04469999999999974,0.04469999999999974,-0.04447468222565565,0.04447468222565565,0.05569936457080438,0.05569936457080438,0.10925750577367221,0.10925750577367221,0.13014478886660363,0.13014478886660363,0.027255999999998615,0.027255999999998615,0.03341100000000097,0.03341100000000097,0.0663926616315349,0.0663926616315349,-0.10945308440088297,0.10945308440088297
2025-03-21,2025-12-05,4.1979,4.2321,ExtraTrees,4.260391000000001,4.1979,4.18898,4.187693441815372,4.286213327468625,4.339157505773672,4.270971897473571,4.253992,4.260391000000001,4.297365053634148,4.130254940506649,0.028291000000001176,0.028291000000001176,-0.03420000000000023,0.03420000000000023,-0.04312000000000005,0.04312000000000005,-0.0444065581846278,0.0444065581846278,0.05411332746862474,0.05411332746862474,0.10705750577367201,0.10705750577367201,0.03887189747357134,0.03887189747357134,0.021892000000000245,0.021892000000000245,0.028291000000001176,0.028291000000001176,0.06526505363414792,0.06526505363414792,-0.10184505949335065,0.10184505949335065
2025-03-24,2025-12-08,4.1832,4.2289,ExtraTrees,4.256603999999999,4.1832,4.19008,4.186876452394396,4.277495454465676,4.339157505773672,4.227670159240311,4.2445309999999985,4.256603999999999,4.304910996509717,4.1092485039181925,0.027703999999999063,0.027703999999999063,-0.045700000000000074,0.045700000000000074,-0.0388200000000003,0.0388200000000003,-0.042023547605603895,0.042023547605603895,0.04859545446567548,0.04859545446567548,0.11025750577367166,0.11025750577367166,-0.001229840759688905,0.001229840759688905,0.015630999999998174,0.015630999999998174,0.027703999999999063,0.027703999999999063,0.07601099650971666,0.07601099650971666,-0.1196514960818078,0.1196514960818078
2025-03-25,2025-12-09,4.1664,4.234,ExtraTrees,4.258847,4.1664,4.18784,4.18315346104996,4.274783265198638,4.339157505773672,4.375198495334257,4.247799999999999,4.258847,4.296444915726843,4.082906231714943,0.024847000000000286,0.024847000000000286,-0.06759999999999966,0.06759999999999966,-0.04616000000000042,0.04616000000000042,-0.0508465389500401,0.0508465389500401,0.040783265198638396,0.040783265198638396,0.105157505773672,0.105157505773672,0.14119849533425732,0.14119849533425732,0.013799999999998924,0.013799999999998924,0.024847000000000286,0.024847000000000286,0.062444915726842964,0.062444915726842964,-0.15109376828505727,0.15109376828505727
2025-03-26,2025-12-10,4.1686,4.2274,ExtraTrees,4.263783,4.1686,4.18266,4.180507377222694,4.273732409466346,4.339157505773672,4.341549657202955,4.240945000000001,4.263783,4.299849010943115,4.0783226543053885,0.03638299999999983,0.03638299999999983,-0.05880000000000063,0.05880000000000063,-0.04474,0.04474,-0.04689262277730588,0.04689262277730588,0.04633240946634576,0.04633240946634576,0.11175750577367172,0.11175750577367172,0.11414965720295456,0.11414965720295456,0.013545000000000584,0.013545000000000584,0.03638299999999983,0.03638299999999983,0.07244901094311462,0.07244901094311462,-0.14907734569461173,0.14907734569461173
2025-03-27,2025-12-11,4.1913,4.2284,ExtraTrees,4.265473999999999,4.1913,4.18148,4.182469672273113,4.2815053842993525,4.339157505773672,4.323606125742093,4.240428,4.265473999999999,4.295211982819299,4.118257646843434,0.03707399999999961,0.03707399999999961,-0.03709999999999969,0.03709999999999969,-0.04692000000000007,0.04692000000000007,-0.045930327726886766,0.045930327726886766,0.05310538429935274,0.05310538429935274,0.11075750577367227,0.11075750577367227,0.0952061257420933,0.0952061257420933,0.012027999999999928,0.012027999999999928,0.03707399999999961,0.03707399999999961,0.06681198281929923,0.06681198281929923,-0.11014235315656595,0.11014235315656595
2025-03-28,2025-12-12,4.1819,4.2271,ExtraTrees,4.274378000000001,4.1819,4.178279999999999,4.182366095496183,4.274235573555239,4.339157505773672,4.2714718353571515,4.247247999999998,4.274378000000001,4.301905238210177,4.102669625963564,0.04727800000000126,0.04727800000000126,-0.04520000000000035,0.04520000000000035,-0.048820000000000974,0.048820000000000974,-0.044733904503816646,0.044733904503816646,0.047135573555238786,0.047135573555238786,0.1120575057736719,0.1120575057736719,0.04437183535715139,0.04437183535715139,0.020147999999998056,0.020147999999998056,0.04727800000000126,0.04727800000000126,0.07480523821017648,0.07480523821017648,-0.12443037403643586,0.12443037403643586
2025-03-31,2025-12-15,4.1839,4.2192,ExtraTrees,4.27216,4.1839,4.17842,4.182644987224149,4.2794445384975965,4.339157505773672,4.181876651812091,4.256904999999999,4.27216,4.303787142635245,4.070344404994783,0.05296000000000056,0.05296000000000056,-0.03529999999999944,0.03529999999999944,-0.040779999999999816,0.040779999999999816,-0.03655501277585049,0.03655501277585049,0.0602445384975967,0.0602445384975967,0.11995750577367215,0.11995750577367215,-0.0373233481879085,0.0373233481879085,0.03770499999999899,0.03770499999999899,0.05296000000000056,0.05296000000000056,0.08458714263524492,0.08458714263524492,-0.14885559500521683,0.14885559500521683
2025-04-01,2025-12-16,4.1818,4.2239,ExtraTrees,4.276427999999999,4.1818,4.1815,4.182491353183394,4.2795284814959755,4.339157505773672,4.164174206084622,4.260035999999999,4.276427999999999,4.302951741589157,4.067416949214483,0.0525279999999988,0.0525279999999988,-0.04210000000000047,0.04210000000000047,-0.04240000000000066,0.04240000000000066,-0.041408646816606165,0.041408646816606165,0.0556284814959751,0.0556284814959751,0.11525750577367155,0.11525750577367155,-0.059725793915378134,0.059725793915378134,0.03613599999999817,0.03613599999999817,0.0525279999999988,0.0525279999999988,0.07905174158915695,0.07905174158915695,-0.15648305078551772,0.15648305078551772
2025-04-02,2025-12-17,4.1794,4.2149,ExtraTrees,4.268388000000001,4.1794,4.18366,4.181929288968231,4.285542230347755,4.339157505773672,4.2149806060153905,4.261785,4.268388000000001,4.305075179616653,4.038082039343531,0.053488000000000646,0.053488000000000646,-0.035499999999999865,0.035499999999999865,-0.03124000000000038,0.03124000000000038,-0.032970711031769184,0.032970711031769184,0.07064223034775452,0.07064223034775452,0.1242575057736719,0.1242575057736719,8.060601539039425e-05,8.060601539039425e-05,0.04688499999999962,0.04688499999999962,0.053488000000000646,0.053488000000000646,0.09017517961665256,0.09017517961665256,-0.17681796065646882,0.17681796065646882
2025-04-03,2025-12-18,4.1791,4.2076,ExtraTrees,4.2654,4.1791,4.181220000000001,4.181414872792189,4.284276403094331,4.339157505773672,4.153281125574099,4.263353,4.2654,4.317883946490254,4.0134429802365785,0.05779999999999941,0.05779999999999941,-0.028500000000000192,0.028500000000000192,-0.026379999999999626,0.026379999999999626,-0.0261851272078113,0.0261851272078113,0.07667640309433121,0.07667640309433121,0.13155750577367176,0.13155750577367176,-0.05431887442590089,0.05431887442590089,0.055753000000000164,0.055753000000000164,0.05779999999999941,0.05779999999999941,0.11028394649025408,0.11028394649025408,-0.1941570197634217,0.1941570197634217
2025-04-04,2025-12-19,4.2403,4.2094,ExtraTrees,4.267083000000002,4.2403,4.1929,4.192121259557245,4.303870249408186,4.339157505773672,3.9995781995321757,4.348038999999997,4.267083000000002,4.368042666049226,4.144180721480678,0.05768300000000259,0.05768300000000259,0.030900000000000816,0.030900000000000816,-0.016499999999999737,0.016499999999999737,-0.017278740442754348,0.017278740442754348,0.09447024940818682,0.09447024940818682,0.1297575057736724,0.1297575057736724,-0.20982180046782384,0.20982180046782384,0.13863899999999774,0.13863899999999774,0.05768300000000259,0.05768300000000259,0.15864266604922683,0.15864266604922683,-0.0652192785193213,0.0652192785193213
2025-04-07,2025-12-22,4.2975,4.2115,ExtraTrees,4.269126,4.2975,4.21562,4.211281030546837,4.32096556399595,4.339157505773672,4.073443475119981,4.392706999999999,4.269126,4.357685026769576,4.326486909595563,0.057625999999999955,0.057625999999999955,0.0860000000000003,0.0860000000000003,0.004120000000000346,0.004120000000000346,-0.00021896945316335348,0.00021896945316335348,0.10946556399594964,0.10946556399594964,0.12765750577367196,0.12765750577367196,-0.13805652488001918,0.13805652488001918,0.18120699999999879,0.18120699999999879,0.057625999999999955,0.057625999999999955,0.1461850267695759,0.1461850267695759,0.11498690959556335,0.11498690959556335
2025-04-08,2025-12-23,4.2946,4.2274,ExtraTrees,4.303859,4.2946,4.238180000000001,4.226429934083775,4.319314987987391,4.339157505773672,4.032730131441263,4.450688000000002,4.303859,4.451454870799461,4.307718038166519,0.07645899999999983,0.07645899999999983,0.0671999999999997,0.0671999999999997,0.010780000000000456,0.010780000000000456,-0.0009700659162250602,0.0009700659162250602,0.09191498798739062,0.09191498798739062,0.11175750577367172,0.11175750577367172,-0.19466986855873714,0.19466986855873714,0.22328800000000193,0.22328800000000193,0.07645899999999983,0.07645899999999983,0.22405487079946074,0.22405487079946074,0.08031803816651895,0.08031803816651895
2025-04-09,2025-12-29,4.2818,4.2274,ExtraTrees,4.316764000000003,4.2818,4.258660000000001,4.236497218795816,4.317150587631113,4.339157505773672,4.045328401676051,4.465852999999999,4.316764000000003,4.453882114277817,4.2609022487585015,0.08936400000000244,0.08936400000000244,0.05439999999999934,0.05439999999999934,0.03126000000000051,0.03126000000000051,0.00909721879581582,0.00909721879581582,0.0897505876311131,0.0897505876311131,0.11175750577367172,0.11175750577367172,-0.18207159832394915,0.18207159832394915,0.23845299999999892,0.23845299999999892,0.08936400000000244,0.08936400000000244,0.2264821142778164,0.2264821142778164,0.033502248758501274,0.033502248758501274
2025-04-10,2025-12-30,4.2644,4.2293,ExtraTrees,4.345524000000001,4.2644,4.27572,4.241570451742031,4.321505141654132,4.339157505773672,4.042986628288488,4.455033,4.345524000000001,4.456464651190983,4.248467454442309,0.11622400000000077,0.11622400000000077,0.03509999999999991,0.03509999999999991,0.04641999999999946,0.04641999999999946,0.012270451742030453,0.012270451742030453,0.09220514165413185,0.09220514165413185,0.1098575057736717,0.1098575057736717,-0.1863133717115124,0.1863133717115124,0.22573299999999996,0.22573299999999996,0.11622400000000077,0.11622400000000077,0.22716465119098306,0.22716465119098306,0.01916745444230905,0.01916745444230905
2025-04-11,2025-12-31,4.2972,4.2267,ExtraTrees,4.3508330000000015,4.2972,4.287100000000001,4.251684915061661,4.343685881030022,4.339157505773672,4.145489216380428,4.451191000000001,4.3508330000000015,4.451953672227954,4.313937531336844,0.12413300000000138,0.12413300000000138,0.07050000000000001,0.07050000000000001,0.06040000000000045,0.06040000000000045,0.024984915061661006,0.024984915061661006,0.11698588103002194,0.11698588103002194,0.11245750577367186,0.11245750577367186,-0.08121078361957235,0.08121078361957235,0.22449100000000044,0.22449100000000044,0.12413300000000138,0.12413300000000138,0.22525367222795367,0.22525367222795367,0.08723753133684387,0.08723753133684387
2025-04-14,2026-01-02,4.2776,4.2156,ExtraTrees,4.3279250000000005,4.2776,4.283119999999999,4.2563967486868135,4.321096146684009,4.339157505773672,4.253209762429681,4.451689999999999,4.3279250000000005,4.435776488385063,4.263847573441017,0.11232500000000023,0.11232500000000023,0.06199999999999939,0.06199999999999939,0.06751999999999914,0.06751999999999914,0.04079674868681327,0.04079674868681327,0.10549614668400853,0.10549614668400853,0.12355750577367175,0.12355750577367175,0.03760976242968095,0.03760976242968095,0.23608999999999902,0.23608999999999902,0.11232500000000023,0.11232500000000023,0.22017648838506254,0.22017648838506254,0.04824757344101638,0.04824757344101638
2025-04-15,2026-01-05,4.2767,4.211,ExtraTrees,4.328072000000001,4.2767,4.27954,4.260088248925574,4.3228740950687605,4.339157505773672,4.185498617592013,4.451024999999999,4.328072000000001,4.437869327983331,4.2572300024660255,0.11707200000000029,0.11707200000000029,0.06569999999999965,0.06569999999999965,0.0685399999999996,0.0685399999999996,0.04908824892557373,0.04908824892557373,0.11187409506876023,0.11187409506876023,0.1281575057736717,0.1281575057736717,-0.025501382407987272,0.025501382407987272,0.24002499999999838,0.24002499999999838,0.11707200000000029,0.11707200000000029,0.22686932798333093,0.22686932798333093,0.046230002466025155,0.046230002466025155
2025-04-16,2026-01-07,4.3033,4.2105,ExtraTrees,4.327995,4.3033,4.28384,4.267944930939106,4.3401856988950955,4.339157505773672,4.378798896850294,4.445111999999998,4.327995,4.441060286323852,4.316816921004959,0.1174949999999999,0.1174949999999999,0.09280000000000044,0.09280000000000044,0.07333999999999996,0.07333999999999996,0.05744493093910652,0.05744493093910652,0.12968569889509585,0.12968569889509585,0.1286575057736723,0.1286575057736723,0.16829889685029453,0.16829889685029453,0.2346119999999985,0.2346119999999985,0.1174949999999999,0.1174949999999999,0.23056028632385228,0.23056028632385228,0.10631692100495904,0.10631692100495904
2025-04-17,2026-01-08,4.2879,4.2119,ExtraTrees,4.3390200000000005,4.2879,4.28854,4.271573125313814,4.333649047822383,4.339157505773672,4.169421083293163,4.456949,4.3390200000000005,4.413875103203232,4.282258370534886,0.12712000000000057,0.12712000000000057,0.07599999999999962,0.07599999999999962,0.07664000000000026,0.07664000000000026,0.059673125313813635,0.059673125313813635,0.12174904782238283,0.12174904782238283,0.127257505773672,0.127257505773672,-0.04247891670683668,0.04247891670683668,0.24504899999999985,0.24504899999999985,0.12712000000000057,0.12712000000000057,0.20197510320323175,0.20197510320323175,0.07035837053488603,0.07035837053488603
2025-04-18,2026-01-09,4.2823,4.2127,ExtraTrees,4.355904000000001,4.2823,4.28556,4.273523466165847,4.334745234947159,4.339157505773672,4.164014556295041,4.4418409999999975,4.355904000000001,4.405504979340944,4.254186427302978,0.14320400000000078,0.14320400000000078,0.06960000000000033,0.06960000000000033,0.07286000000000037,0.07286000000000037,0.06082346616584733,0.06082346616584733,0.12204523494715946,0.12204523494715946,0.1264575057736721,0.1264575057736721,-0.048685443704958864,0.048685443704958864,0.2291409999999976,0.2291409999999976,0.14320400000000078,0.14320400000000078,0.1928049793409441,0.1928049793409441,0.0414864273029778,0.0414864273029778
2025-04-22,2026-01-12,4.2801,4.2097,ExtraTrees,4.356824,4.2801,4.286060000000001,4.274719199590239,4.334441029358387,4.339157505773672,4.066586378619514,4.429786999999998,4.356824,4.408310657772422,4.24359629193469,0.1471239999999998,0.1471239999999998,0.07040000000000024,0.07040000000000024,0.0763600000000011,0.0763600000000011,0.06501919959023894,0.06501919959023894,0.12474102935838705,0.12474102935838705,0.1294575057736722,0.1294575057736722,-0.14311362138048533,0.14311362138048533,0.2200869999999986,0.2200869999999986,0.1471239999999998,0.1471239999999998,0.19861065777242182,0.19861065777242182,0.033896291934690126,0.033896291934690126
2025-04-23,2026-01-13,4.2893,4.2116,ExtraTrees,4.362223,4.2893,4.28858,4.277370254210196,4.34111818380078,4.339157505773672,4.30832763969964,4.441875,4.362223,4.447848376558888,4.259465741021172,0.1506230000000004,0.1506230000000004,0.0777000000000001,0.0777000000000001,0.07697999999999983,0.07697999999999983,0.06577025421019655,0.06577025421019655,0.12951818380077995,0.12951818380077995,0.1275575057736722,0.1275575057736722,0.09672763969964038,0.09672763969964038,0.23027499999999979,0.23027499999999979,0.1506230000000004,0.1506230000000004,0.23624837655888786,0.23624837655888786,0.04786574102117225,0.04786574102117225
2025-04-24,2026-01-14,4.2789,4.211,ExtraTrees,4.364203000000001,4.2789,4.2837,4.277648389808341,4.341695645223651,4.339157505773672,4.351166310828639,4.436281999999998,4.364203000000001,4.453614518265838,4.233271693416187,0.15320300000000042,0.15320300000000042,0.06789999999999985,0.06789999999999985,0.07269999999999932,0.07269999999999932,0.06664838980834098,0.06664838980834098,0.13069564522365074,0.13069564522365074,0.1281575057736717,0.1281575057736717,0.14016631082863906,0.14016631082863906,0.22528199999999732,0.22528199999999732,0.15320300000000042,0.15320300000000042,0.2426145182658379,0.2426145182658379,0.022271693416186622,0.022271693416186622
2025-04-25,2026-01-15,4.2688,4.2068,ExtraTrees,4.361034000000002,4.2688,4.27988,4.27603959166137,4.33688268863841,4.339157505773672,4.182163517512073,4.432072999999998,4.361034000000002,4.444732978580681,4.211611397576326,0.15423400000000154,0.15423400000000154,0.06199999999999939,0.06199999999999939,0.07308000000000003,0.07308000000000003,0.06923959166136928,0.06923959166136928,0.1300826886384101,0.1300826886384101,0.13235750577367167,0.13235750577367167,-0.024636482487927047,0.024636482487927047,0.22527299999999784,0.22527299999999784,0.15423400000000154,0.15423400000000154,0.2379329785806803,0.2379329785806803,0.00481139757632576,0.00481139757632576
2025-04-28,2026-01-16,4.2766,4.2192,ExtraTrees,4.3790330000000015,4.2766,4.27874,4.276141484086575,4.332228244709726,4.339157505773672,4.13720685476203,4.4241009999999985,4.3790330000000015,4.433413445082107,4.242559719158915,0.15983300000000167,0.15983300000000167,0.05740000000000034,0.05740000000000034,0.05954000000000015,0.05954000000000015,0.0569414840865754,0.0569414840865754,0.11302824470972617,0.11302824470972617,0.11995750577367215,0.11995750577367215,-0.08199314523796986,0.08199314523796986,0.20490099999999867,0.20490099999999867,0.15983300000000167,0.15983300000000167,0.21421344508210716,0.21421344508210716,0.02335971915891477,0.02335971915891477
2025-04-29,2026-01-19,4.2646,4.2231,ExtraTrees,4.371859000000001,4.2646,4.27564,4.27404303243447,4.32305574291756,4.339157505773672,4.078565869997774,4.406097999999998,4.371859000000001,4.412344718749455,4.2525817073724514,0.14875900000000097,0.14875900000000097,0.04150000000000009,0.04150000000000009,0.052540000000000475,0.052540000000000475,0.0509430324344704,0.0509430324344704,0.09995574291755993,0.09995574291755993,0.11605750577367235,0.11605750577367235,-0.14453413000222604,0.14453413000222604,0.18299799999999866,0.18299799999999866,0.14875900000000097,0.14875900000000097,0.18924471874945503,0.18924471874945503,0.029481707372451815,0.029481707372451815
2025-04-30,2026-01-20,4.2778,4.2279,ExtraTrees,4.371539000000001,4.2778,4.27334,4.274726117446384,4.325285012607054,4.339157505773672,4.273876145273925,4.405610999999999,4.371539000000001,4.398827345559017,4.278334614174858,0.14363900000000118,0.14363900000000118,0.049900000000000055,0.049900000000000055,0.04544000000000015,0.04544000000000015,0.04682611744638443,0.04682611744638443,0.09738501260705412,0.09738501260705412,0.111257505773672,0.111257505773672,0.04597614527392491,0.04597614527392491,0.17771099999999862,0.17771099999999862,0.14363900000000118,0.14363900000000118,0.17092734555901679,0.17092734555901679,0.05043461417485773,0.05043461417485773
2025-05-02,2026-01-21,4.275,4.2271,ExtraTrees,4.382396000000001,4.275,4.27256,4.274775914274315,4.325739302745589,4.339157505773672,4.262236033046004,4.401081,4.382396000000001,4.3999593832510415,4.278561471984633,0.15529600000000077,0.15529600000000077,0.047900000000000276,0.047900000000000276,0.04546000000000028,0.04546000000000028,0.047675914274314835,0.047675914274314835,0.09863930274558896,0.09863930274558896,0.1120575057736719,0.1120575057736719,0.03513603304600377,0.03513603304600377,0.1739809999999995,0.1739809999999995,0.15529600000000077,0.15529600000000077,0.17285938325104144,0.17285938325104144,0.051461471984633356,0.051461471984633356
2025-05-05,2026-01-22,4.276,4.2128,ExtraTrees,4.376842,4.276,4.274,4.274998475315348,4.320716729963956,4.339157505773672,4.320543802929563,4.388497,4.376842,4.422347215767996,4.286500108161954,0.16404200000000024,0.16404200000000024,0.06320000000000014,0.06320000000000014,0.061200000000000365,0.061200000000000365,0.06219847531534839,0.06219847531534839,0.10791672996395629,0.10791672996395629,0.12635750577367233,0.12635750577367233,0.10774380292956298,0.10774380292956298,0.17569700000000044,0.17569700000000044,0.16404200000000024,0.16404200000000024,0.20954721576799606,0.20954721576799606,0.0737001081619546,0.0737001081619546
2025-05-06,2026-01-23,4.2806,4.205,ExtraTrees,4.3784659999999995,4.2806,4.2748,4.276016934348921,4.31543189021522,4.339157505773672,4.3935216845181175,4.388300000000001,4.3784659999999995,4.428107574329775,4.286996410613675,0.17346599999999945,0.17346599999999945,0.07559999999999967,0.07559999999999967,0.06979999999999986,0.06979999999999986,0.07101693434892109,0.07101693434892109,0.11043189021521993,0.11043189021521993,0.13415750577367191,0.13415750577367191,0.18852168451811746,0.18852168451811746,0.1833000000000009,0.1833000000000009,0.17346599999999945,0.17346599999999945,0.22310757432977457,0.22310757432977457,0.0819964106136748,0.0819964106136748
2025-05-07,2026-01-26,4.2757,4.2118,ExtraTrees,4.378231,4.2757,4.27702,4.275959309921844,4.313762682068364,4.339157505773672,4.455294842728285,4.380482999999999,4.378231,4.411243644354619,4.2625035368124555,0.16643100000000022,0.16643100000000022,0.0638999999999994,0.0638999999999994,0.06522000000000006,0.06522000000000006,0.06415930992184382,0.06415930992184382,0.1019626820683639,0.1019626820683639,0.12735750577367178,0.12735750577367178,0.2434948427282846,0.2434948427282846,0.1686829999999988,0.1686829999999988,0.16643100000000022,0.16643100000000022,0.19944364435461903,0.19944364435461903,0.05070353681245532,0.05070353681245532
2025-05-08,2026-01-27,4.2714,4.2032,ExtraTrees,4.377695000000002,4.2714,4.27574,4.275130344481508,4.311937111746683,4.339157505773672,4.367998062204075,4.380006999999999,4.377695000000002,4.386531349033348,4.25313630477388,0.17449500000000207,0.17449500000000207,0.06820000000000004,0.06820000000000004,0.07254000000000005,0.07254000000000005,0.07193034448150826,0.07193034448150826,0.10873711174668355,0.10873711174668355,0.13595750577367216,0.13595750577367216,0.164798062204075,0.164798062204075,0.17680699999999927,0.17680699999999927,0.17449500000000207,0.17449500000000207,0.1833313490333479,0.1833313490333479,0.04993630477388056,0.04993630477388056
2025-05-09,2026-01-28,4.2414,4.2009,ExtraTrees,4.380179999999999,4.2414,4.269019999999999,4.268997554575779,4.3015626541259735,4.339157505773672,4.041625695122584,4.373502,4.380179999999999,4.375004188868402,4.206343801373815,0.17927999999999944,0.17927999999999944,0.04049999999999976,0.04049999999999976,0.06811999999999951,0.06811999999999951,0.06809755457577893,0.06809755457577893,0.10066265412597364,0.10066265412597364,0.13825750577367213,0.13825750577367213,-0.15927430487741567,0.15927430487741567,0.17260200000000037,0.17260200000000037,0.17927999999999944,0.17927999999999944,0.1741041888684025,0.1741041888684025,0.005443801373814949,0.005443801373814949
2025-05-12,2026-01-29,4.2337,4.2072,ExtraTrees,4.370267999999999,4.2337,4.26056,4.262579817380183,4.295466036981035,4.339157505773672,4.267596599653288,4.3658920000000006,4.370267999999999,4.3666579123555245,4.185545581699922,0.1630679999999991,0.1630679999999991,0.026499999999999524,0.026499999999999524,0.05335999999999963,0.05335999999999963,0.055379817380182494,0.055379817380182494,0.08826603698103508,0.08826603698103508,0.1319575057736717,0.1319575057736717,0.06039659965328781,0.06039659965328781,0.15869200000000028,0.15869200000000028,0.1630679999999991,0.1630679999999991,0.1594579123555242,0.1594579123555242,-0.02165441830007797,0.02165441830007797
2025-05-13,2026-01-30,4.2525,4.2131,ExtraTrees,4.351227999999999,4.2525,4.25494,4.2607471233110585,4.295859933279794,4.339157505773672,4.187037365261371,4.356918,4.351227999999999,4.370625346633885,4.22034657976991,0.13812799999999914,0.13812799999999914,0.039400000000000546,0.039400000000000546,0.04184000000000054,0.04184000000000054,0.04764712331105869,0.04764712331105869,0.08275993327979414,0.08275993327979414,0.12605750577367214,0.12605750577367214,-0.026062634738629242,0.026062634738629242,0.14381800000000045,0.14381800000000045,0.13812799999999914,0.13812799999999914,0.15752534663388484,0.15752534663388484,0.007246579769909722,0.007246579769909722
2025-05-14,2026-02-02,4.2455,4.2106,ExtraTrees,4.338525999999999,4.2455,4.2489,4.257974919072684,4.2831901409610795,4.339157505773672,4.26210736265555,4.339256000000002,4.338525999999999,4.384035363804237,4.19625206078149,0.12792599999999865,0.12792599999999865,0.03489999999999949,0.03489999999999949,0.03829999999999956,0.03829999999999956,0.04737491907268332,0.04737491907268332,0.07259014096107919,0.07259014096107919,0.12855750577367164,0.12855750577367164,0.051507362655550004,0.051507362655550004,0.1286560000000012,0.1286560000000012,0.12792599999999865,0.12792599999999865,0.17343536380423696,0.17343536380423696,-0.014347939218509964,0.014347939218509964
2025-05-15,2026-02-03,4.2378,4.2198,ExtraTrees,4.3489439999999995,4.2378,4.242179999999999,4.254306751968559,4.285886081141566,4.339157505773672,4.188327008364671,4.326640000000001,4.3489439999999995,4.326629482813598,4.187485611206093,0.12914399999999926,0.12914399999999926,0.017999999999999794,0.017999999999999794,0.02237999999999918,0.02237999999999918,0.0345067519685589,0.0345067519685589,0.06608608114156578,0.06608608114156578,0.11935750577367177,0.11935750577367177,-0.03147299163532935,0.03147299163532935,0.10684000000000093,0.10684000000000093,0.12914399999999926,0.12914399999999926,0.10682948281359739,0.10682948281359739,-0.0323143887939068,0.0323143887939068
2025-05-16,2026-02-04,4.2392,4.2241,ExtraTrees,4.341435000000001,4.2392,4.24174,4.251560069792458,4.296270212513842,4.339157505773672,4.102150864081934,4.309237000000001,4.341435000000001,4.3450115439004975,4.197463646109455,0.11733500000000063,0.11733500000000063,0.015100000000000335,0.015100000000000335,0.0176400000000001,0.0176400000000001,0.02746006979245763,0.02746006979245763,0.07217021251384192,0.07217021251384192,0.11505750577367202,0.11505750577367202,-0.121949135918066,0.121949135918066,0.08513700000000135,0.08513700000000135,0.11733500000000063,0.11733500000000063,0.12091154390049752,0.12091154390049752,-0.026636353890545195,0.026636353890545195
2025-05-19,2026-02-05,4.2785,4.2175,ExtraTrees,4.342357999999999,4.2785,4.2507,4.256458238921101,4.311042849258603,4.339157505773672,4.025721462270387,4.300756000000002,4.342357999999999,4.3236085358291945,4.27462335752013,0.1248579999999988,0.1248579999999988,0.06099999999999994,0.06099999999999994,0.033199999999999896,0.033199999999999896,0.03895823892110073,0.03895823892110073,0.09354284925860235,0.09354284925860235,0.12165750577367174,0.12165750577367174,-0.19177853772961306,0.19177853772961306,0.08325600000000133,0.08325600000000133,0.1248579999999988,0.1248579999999988,0.10610853582919422,0.10610853582919422,0.05712335752012976,0.05712335752012976
2025-05-20,2026-02-06,4.2497,4.2155,ExtraTrees,4.324626999999998,4.2497,4.25014,4.2552294682081735,4.29501737975119,4.339157505773672,4.204665503058755,4.298159000000002,4.324626999999998,4.309164257914306,4.221218626089911,0.1091269999999982,0.1091269999999982,0.03420000000000023,0.03420000000000023,0.03464000000000045,0.03464000000000045,0.03972946820817391,0.03972946820817391,0.07951737975119055,0.07951737975119055,0.1236575057736724,0.1236575057736724,-0.010834496941244609,0.010834496941244609,0.08265900000000226,0.08265900000000226,0.1091269999999982,0.1091269999999982,0.09366425791430633,0.09366425791430633,0.0057186260899113606,0.0057186260899113606
2025-05-21,2026-02-09,4.2403,4.2142,ExtraTrees,4.32099,4.2403,4.2491,4.2525150194430505,4.2899661876271145,4.339157505773672,4.270487389898013,4.295886,4.32099,4.276322671075468,4.202351198182872,0.10679000000000016,0.10679000000000016,0.026100000000000456,0.026100000000000456,0.034900000000000375,0.034900000000000375,0.0383150194430506,0.0383150194430506,0.07576618762711451,0.07576618762711451,0.12495750577367204,0.12495750577367204,0.05628738989801274,0.05628738989801274,0.08168600000000037,0.08168600000000037,0.10679000000000016,0.10679000000000016,0.06212267107546765,0.06212267107546765,-0.011848801817127885,0.011848801817127885
2025-05-22,2026-02-10,4.2447,4.2148,ExtraTrees,4.326759999999999,4.2447,4.2504800000000005,4.251094106817041,4.293254186287979,4.339157505773672,4.334303088966159,4.300528000000001,4.326759999999999,4.297005761881256,4.212551726013722,0.11195999999999895,0.11195999999999895,0.029899999999999594,0.029899999999999594,0.035680000000000156,0.035680000000000156,0.03629410681704037,0.03629410681704037,0.07845418628797862,0.07845418628797862,0.12435750577367166,0.12435750577367166,0.1195030889661588,0.1195030889661588,0.08572800000000047,0.08572800000000047,0.11195999999999895,0.11195999999999895,0.08220576188125595,0.08220576188125595,-0.0022482739862779155,0.0022482739862779155
2025-05-23,2026-02-11,4.2541,4.2174,ExtraTrees,4.321831000000002,4.2541,4.2534600000000005,4.251640632850306,4.301181628957961,4.339157505773672,4.188873151647125,4.290266999999999,4.321831000000002,4.266572842063559,4.224024340292412,0.1044310000000026,0.1044310000000026,0.03670000000000062,0.03670000000000062,0.03606000000000087,0.03606000000000087,0.034240632850305985,0.034240632850305985,0.08378162895796137,0.08378162895796137,0.12175750577367239,0.12175750577367239,-0.028526848352874445,0.028526848352874445,0.07286699999999957,0.07286699999999957,0.1044310000000026,0.1044310000000026,0.04917284206355976,0.04917284206355976,0.006624340292412434,0.006624340292412434
2025-05-26,2026-02-12,4.2514,4.2131,ExtraTrees,4.310128999999999,4.2514,4.2480400000000005,4.251596881422977,4.299998016477799,4.339157505773672,4.37991948019381,4.295245,4.310128999999999,4.313493733015942,4.212871579238216,0.09702899999999914,0.09702899999999914,0.038300000000000445,0.038300000000000445,0.03494000000000064,0.03494000000000064,0.03849688142297758,0.03849688142297758,0.08689801647779927,0.08689801647779927,0.12605750577367214,0.12605750577367214,0.16681948019381032,0.16681948019381032,0.08214500000000058,0.08214500000000058,0.09702899999999914,0.09702899999999914,0.10039373301594257,0.10039373301594257,-0.0002284207617835321,0.0002284207617835321
2025-05-27,2026-02-13,4.2479,4.214,ExtraTrees,4.308439999999997,4.2479,4.24768,4.250924721164254,4.299816382140296,4.339157505773672,4.331290820052181,4.301301999999999,4.308439999999997,4.3237556502142676,4.208791639629647,0.09443999999999697,0.09443999999999697,0.03389999999999915,0.03389999999999915,0.03367999999999949,0.03367999999999949,0.036924721164253604,0.036924721164253604,0.08581638214029574,0.08581638214029574,0.12515750577367157,0.12515750577367157,0.1172908200521805,0.1172908200521805,0.08730199999999844,0.08730199999999844,0.09443999999999697,0.09443999999999697,0.10975565021426714,0.10975565021426714,-0.00520836037035366,0.00520836037035366
2025-05-28,2026-02-16,4.2447,4.208,ExtraTrees,4.314980999999999,4.2447,4.24856,4.249792953679844,4.298497464408623,4.339157505773672,4.407706709249449,4.2854969999999994,4.314980999999999,4.287633976882001,4.199598506966625,0.10698099999999844,0.10698099999999844,0.03669999999999973,0.03669999999999973,0.04056000000000015,0.04056000000000015,0.04179295367984359,0.04179295367984359,0.09049746440862272,0.09049746440862272,0.1311575057736718,0.1311575057736718,0.19970670924944844,0.19970670924944844,0.07749699999999926,0.07749699999999926,0.10698099999999844,0.10698099999999844,0.07963397688200047,0.07963397688200047,-0.008401493033375118,0.008401493033375118
2025-05-29,2026-02-17,4.2369,4.2182,ExtraTrees,4.313978999999998,4.2369,4.247,4.247448780283508,4.291939210978923,4.339157505773672,4.386112923212407,4.292519000000001,4.313978999999998,4.292660228878509,4.178259963241799,0.09577899999999762,0.09577899999999762,0.01869999999999994,0.01869999999999994,0.028799999999999493,0.028799999999999493,0.02924878028350797,0.02924878028350797,0.073739210978923,0.073739210978923,0.12095750577367159,0.12095750577367159,0.16791292321240636,0.16791292321240636,0.07431900000000091,0.07431900000000091,0.09577899999999762,0.09577899999999762,0.07446022887850834,0.07446022887850834,-0.03994003675820146,0.03994003675820146
2025-05-30,2026-02-18,4.2507,4.2148,ExtraTrees,4.310661999999997,4.2507,4.24632,4.248039911141052,4.305558257211535,4.339157505773672,4.316606276192586,4.291136000000001,4.310661999999997,4.3101698874058405,4.214909045219229,0.09586199999999678,0.09586199999999678,0.03589999999999982,0.03589999999999982,0.03151999999999955,0.03151999999999955,0.033239911141051515,0.033239911141051515,0.09075825721153485,0.09075825721153485,0.12435750577367166,0.12435750577367166,0.10180627619258598,0.10180627619258598,0.0763360000000004,0.0763360000000004,0.09586199999999678,0.09586199999999678,0.09536988740584018,0.09536988740584018,0.00010904521922849852,0.00010904521922849852
2025-06-02,2026-02-19,4.2578,4.222,ExtraTrees,4.297927999999998,4.2578,4.2476,4.249814472751769,4.314646311109209,4.339157505773672,4.485772766226293,4.2827410000000015,4.297927999999998,4.305661272309717,4.241407687089328,0.07592799999999755,0.07592799999999755,0.035799999999999166,0.035799999999999166,0.025599999999999845,0.025599999999999845,0.027814472751768626,0.027814472751768626,0.09264631110920885,0.09264631110920885,0.11715750577367157,0.11715750577367157,0.26377276622629253,0.26377276622629253,0.060741000000001044,0.060741000000001044,0.07592799999999755,0.07592799999999755,0.08366127230971632,0.08366127230971632,0.01940768708932783,0.01940768708932783
2025-06-03,2026-02-20,4.2721,4.2241,ExtraTrees,4.287896999999998,4.2721,4.25244,4.2538663867969015,4.3163225577173785,4.339157505773672,4.498730894620033,4.282698,4.287896999999998,4.285304270715485,4.268842871881144,0.06379699999999833,0.06379699999999833,0.04800000000000004,0.04800000000000004,0.028340000000000032,0.028340000000000032,0.02976638679690158,0.02976638679690158,0.09222255771737853,0.09222255771737853,0.11505750577367202,0.11505750577367202,0.2746308946200333,0.2746308946200333,0.05859799999999993,0.05859799999999993,0.06379699999999833,0.06379699999999833,0.06120427071548473,0.06120427071548473,0.04474287188114445,0.04474287188114445
2025-06-04,2026-02-23,4.2778,4.2173,ExtraTrees,4.293855000000001,4.2778,4.25906,4.258217952833828,4.31186254059288,4.339157505773672,4.483343181703713,4.2782930000000015,4.293855000000001,4.293888405371718,4.279763050323704,0.07655500000000082,0.07655500000000082,0.06050000000000022,0.06050000000000022,0.04176000000000002,0.04176000000000002,0.04091795283382815,0.04091795283382815,0.0945625405928805,0.0945625405928805,0.12185750577367216,0.12185750577367216,0.2660431817037132,0.2660431817037132,0.06099300000000163,0.06099300000000163,0.07655500000000082,0.07655500000000082,0.07658840537171852,0.07658840537171852,0.06246305032370447,0.06246305032370447
2025-06-05,2026-02-24,4.2791,4.2193,ExtraTrees,4.299961,4.2791,4.2675,4.262014688682223,4.317422517659142,4.339157505773672,4.460495523606686,4.2787619999999995,4.299961,4.282384675670922,4.285348148453284,0.0806610000000001,0.0806610000000001,0.059800000000000075,0.059800000000000075,0.048200000000000465,0.048200000000000465,0.04271468868222339,0.04271468868222339,0.09812251765914226,0.09812251765914226,0.11985750577367238,0.11985750577367238,0.24119552360668628,0.24119552360668628,0.059461999999999904,0.059461999999999904,0.0806610000000001,0.0806610000000001,0.06308467567092269,0.06308467567092269,0.06604814845328466,0.06604814845328466
2025-06-06,2026-02-25,4.2881,4.2183,ExtraTrees,4.306662000000001,4.2881,4.274979999999999,4.266757472558182,4.327997263696185,4.339157505773672,4.316972978663416,4.270922,4.306662000000001,4.290230628581997,4.296006428219616,0.08836200000000094,0.08836200000000094,0.06979999999999986,0.06979999999999986,0.056679999999999175,0.056679999999999175,0.04845747255818189,0.04845747255818189,0.1096972636961846,0.1096972636961846,0.12085750577367183,0.12085750577367183,0.09867297866341573,0.09867297866341573,0.0526219999999995,0.0526219999999995,0.08836200000000094,0.08836200000000094,0.07193062858199717,0.07193062858199717,0.07770642821961626,0.07770642821961626
2025-06-09,2026-02-26,4.2772,4.2224,ExtraTrees,4.296614000000002,4.2772,4.27886,4.26865611391124,4.319340172101708,4.339157505773672,4.481582760838774,4.275579000000001,4.296614000000002,4.267675171384903,4.275757999904834,0.07421400000000133,0.07421400000000133,0.054799999999999294,0.054799999999999294,0.05645999999999951,0.05645999999999951,0.04625611391123918,0.04625611391123918,0.09694017210170802,0.09694017210170802,0.11675750577367161,0.11675750577367161,0.25918276083877334,0.25918276083877334,0.053179000000000975,0.053179000000000975,0.07421400000000133,0.07421400000000133,0.04527517138490289,0.04527517138490289,0.0533579999048337,0.0533579999048337
2025-06-10,2026-02-27,4.2611,4.2233,ExtraTrees,4.298658000000001,4.2611,4.27666,4.267282275018287,4.302128543845774,4.339157505773672,4.574180201220561,4.260668000000001,4.298658000000001,4.297405257599247,4.25684168767912,0.07535800000000137,0.07535800000000137,0.037799999999999834,0.037799999999999834,0.05335999999999963,0.05335999999999963,0.043982275018287,0.043982275018287,0.07882854384577431,0.07882854384577431,0.11585750577367193,0.11585750577367193,0.3508802012205612,0.3508802012205612,0.037368000000000734,0.037368000000000734,0.07535800000000137,0.07535800000000137,0.07410525759924713,0.07410525759924713,0.03354168767912036,0.03354168767912036
2025-06-11,2026-03-02,4.2643,4.2304,ExtraTrees,4.314319,4.2643,4.273960000000001,4.26674004319678,4.294570140979301,4.339157505773672,4.493177168524434,4.2581000000000016,4.314319,4.290712411286384,4.264397439138693,0.08391899999999985,0.08391899999999985,0.03390000000000004,0.03390000000000004,0.043560000000000265,0.043560000000000265,0.036340043196779526,0.036340043196779526,0.06417014097930096,0.06417014097930096,0.1087575057736716,0.1087575057736716,0.26277716852443334,0.26277716852443334,0.027700000000001168,0.027700000000001168,0.08391899999999985,0.08391899999999985,0.060312411286383316,0.060312411286383316,0.0339974391386928,0.0339974391386928
2025-06-12,2026-03-03,4.2631,4.2732,ExtraTrees,4.312071000000001,4.2631,4.27076,4.266078217161001,4.289473173849208,4.339157505773672,4.434068547837217,4.246746,4.312071000000001,4.284887945174288,4.235695173163729,0.03887100000000121,0.03887100000000121,-0.010100000000000442,0.010100000000000442,-0.0024399999999999977,0.0024399999999999977,-0.007121782838998669,0.007121782838998669,0.0162731738492079,0.0162731738492079,0.06595750577367188,0.06595750577367188,0.16086854783721716,0.16086854783721716,-0.0264540000000002,0.0264540000000002,0.03887100000000121,0.03887100000000121,0.011687945174287506,0.011687945174287506,-0.037504826836270766,0.037504826836270766
2025-06-13,2026-03-04,4.272,4.2685,ExtraTrees,4.286302,4.272,4.26754,4.26715490494991,4.300804040300753,4.339157505773672,4.289993378727746,4.248659,4.286302,4.284289085074181,4.2407517710008635,0.01780199999999965,0.01780199999999965,0.0034999999999998366,0.0034999999999998366,-0.0009600000000000719,0.0009600000000000719,-0.0013450950500901726,0.0013450950500901726,0.032304040300752845,0.032304040300752845,0.07065750577367158,0.07065750577367158,0.021493378727745593,0.021493378727745593,-0.01984100000000044,0.01984100000000044,0.01780199999999965,0.01780199999999965,0.01578908507418042,0.01578908507418042,-0.02774822899913687,0.02774822899913687
2025-06-16,2026-03-05,4.2612,4.2739,ExtraTrees,4.292825000000001,4.2612,4.26434,4.266072194959017,4.300331886754962,4.339157505773672,4.349276630163416,4.249543999999999,4.292825000000001,4.27197478387692,4.218587996592833,0.018925000000000303,0.018925000000000303,-0.0127000000000006,0.0127000000000006,-0.009560000000000457,0.009560000000000457,-0.007827805040983016,0.007827805040983016,0.026431886754961553,0.026431886754961553,0.06525750577367173,0.06525750577367173,0.075376630163416,0.075376630163416,-0.024356000000000932,0.024356000000000932,0.018925000000000303,0.018925000000000303,-0.0019252161230802756,0.0019252161230802756,-0.05531200340716769,0.05531200340716769
2025-06-17,2026-03-06,4.275,4.2782,ExtraTrees,4.286730000000001,4.275,4.26712,4.267695432239195,4.30305191764296,4.339157505773672,4.574997610132691,4.241567,4.286730000000001,4.27910630895748,4.246980528746368,0.008530000000001259,0.008530000000001259,-0.0031999999999996476,0.0031999999999996476,-0.011079999999999757,0.011079999999999757,-0.010504567760804662,0.010504567760804662,0.024851917642959798,0.024851917642959798,0.06095750577367198,0.06095750577367198,0.2967976101326908,0.2967976101326908,-0.03663300000000014,0.03663300000000014,0.008530000000001259,0.008530000000001259,0.0009063089574796734,0.0009063089574796734,-0.03121947125363178,0.03121947125363178
2025-06-18,2026-03-09,4.2717,4.2836,ExtraTrees,4.309009,4.2717,4.2686,4.268423535468433,4.306584217280779,4.339157505773672,4.550013141102251,4.246439999999999,4.309009,4.285621609497842,4.2291085191753135,0.025408999999999793,0.025408999999999793,-0.0118999999999998,0.0118999999999998,-0.01499999999999968,0.01499999999999968,-0.01517646453156729,0.01517646453156729,0.022984217280779262,0.022984217280779262,0.05555750577367213,0.05555750577367213,0.2664131411022508,0.2664131411022508,-0.03716000000000097,0.03716000000000097,0.025408999999999793,0.025408999999999793,0.0020216094978424692,0.0020216094978424692,-0.054491480824686356,0.054491480824686356
