date,target_date,y_t,true_target,best_model,pred_best,pred_Naive,pred_SMA,pred_EMA,pred_Ridge,pred_ElasticNet,pred_MLPRegressor,pred_RandomForest,pred_ExtraTrees,pred_HistGB,pred_SARIMAX,err_pred_best,abs_err_pred_best,err_pred_Naive,abs_err_pred_Naive,err_pred_SMA,abs_err_pred_SMA,err_pred_EMA,abs_err_pred_EMA,err_pred_Ridge,abs_err_pred_Ridge,err_pred_ElasticNet,abs_err_pred_ElasticNet,err_pred_MLPRegressor,abs_err_pred_MLPRegressor,err_pred_RandomForest,abs_err_pred_RandomForest,err_pred_ExtraTrees,abs_err_pred_ExtraTrees,err_pred_HistGB,abs_err_pred_HistGB,err_pred_SARIMAX,abs_err_pred_SARIMAX
2025-05-21,2025-05-22,4.2403,4.2447,Naive,4.2403,4.2403,4.2491,4.2525150194430505,4.24330462313035,4.241627751623497,4.2286273066530695,4.24197087114514,4.246814789479737,4.2426880692233135,4.240327647522491,-0.004399999999999515,0.004399999999999515,-0.004399999999999515,0.004399999999999515,0.004400000000000404,0.004400000000000404,0.00781501944305063,0.00781501944305063,-0.0013953768696497448,0.0013953768696497448,-0.003072248376502884,0.003072248376502884,-0.0160726933469304,0.0160726933469304,-0.0027291288548596526,0.0027291288548596526,0.0021147894797373112,0.0021147894797373112,-0.002011930776686377,0.002011930776686377,-0.0043723524775085565,0.0043723524775085565
2025-05-22,2025-05-23,4.2447,4.2541,Naive,4.2447,4.2447,4.2504800000000005,4.251094106817041,4.246819954115863,4.24546215513719,4.223304113811025,4.2425807584732915,4.247994468109411,4.244882875159486,4.2405860538283555,-0.009400000000000297,0.009400000000000297,-0.009400000000000297,0.009400000000000297,-0.0036199999999997345,0.0036199999999997345,-0.003005893182959518,0.003005893182959518,-0.00728004588413711,0.00728004588413711,-0.008637844862810162,0.008637844862810162,-0.030795886188974997,0.030795886188974997,-0.01151924152670869,0.01151924152670869,-0.006105531890589155,0.006105531890589155,-0.009217124840514401,0.009217124840514401,-0.013513946171644697,0.013513946171644697
2025-05-23,2025-05-26,4.2541,4.2514,Naive,4.2541,4.2541,4.2534600000000005,4.251640632850306,4.252085096624381,4.253314591242528,4.2413831821981685,4.258862588800613,4.254670543103575,4.2573895104129935,4.24427333469987,0.0026999999999999247,0.0026999999999999247,0.0026999999999999247,0.0026999999999999247,0.002060000000000173,0.002060000000000173,0.00024063285030528903,0.00024063285030528903,0.0006850966243803214,0.0006850966243803214,0.0019145912425280187,0.0019145912425280187,-0.010016817801831834,0.010016817801831834,0.0074625888006130126,0.0074625888006130126,0.0032705431035751076,0.0032705431035751076,0.005989510412993226,0.005989510412993226,-0.007126665300130064,0.007126665300130064
2025-05-26,2025-05-27,4.2514,4.2479,Naive,4.2514,4.2514,4.2480400000000005,4.251596881422977,4.252686060258997,4.252086121531926,4.246183500463431,4.2578802135038,4.252350800107872,4.2521885787877185,4.2447242087210055,0.0035000000000007248,0.0035000000000007248,0.0035000000000007248,0.0035000000000007248,0.00014000000000091717,0.00014000000000091717,0.00369688142297786,0.00369688142297786,0.004786060258997082,0.004786060258997082,0.0041861215319265455,0.0041861215319265455,-0.0017164995365686053,0.0017164995365686053,0.009980213503800073,0.009980213503800073,0.004450800107872688,0.004450800107872688,0.004288578787718933,0.004288578787718933,-0.0031757912789940335,0.0031757912789940335
2025-05-27,2025-05-28,4.2479,4.2447,Naive,4.2479,4.2479,4.24768,4.250924721164254,4.2469856498625855,4.248864651181068,4.2555349047425555,4.246779321118512,4.2501658845358135,4.247927981512936,4.243880414679813,0.0031999999999996476,0.0031999999999996476,0.0031999999999996476,0.0031999999999996476,0.0029799999999999827,0.0029799999999999827,0.006224721164254099,0.006224721164254099,0.0022856498625856148,0.0022856498625856148,0.004164651181068457,0.004164651181068457,0.010834904742555551,0.010834904742555551,0.0020793211185123894,0.0020793211185123894,0.005465884535813537,0.005465884535813537,0.003227981512935685,0.003227981512935685,-0.0008195853201868886,0.0008195853201868886
2025-05-28,2025-05-29,4.2447,4.2369,Naive,4.2447,4.2447,4.24856,4.249792953679844,4.245163266132586,4.245856036090473,4.2701262486090075,4.2426400341411865,4.248043446602193,4.244709348396855,4.241335468350809,0.007799999999999585,0.007799999999999585,0.007799999999999585,0.007799999999999585,0.011660000000000004,0.011660000000000004,0.012892953679843444,0.012892953679843444,0.008263266132585656,0.008263266132585656,0.008956036090472352,0.008956036090472352,0.033226248609007136,0.033226248609007136,0.005740034141186179,0.005740034141186179,0.011143446602192242,0.011143446602192242,0.007809348396854432,0.007809348396854432,0.004435468350808769,0.004435468350808769
2025-05-29,2025-05-30,4.2369,4.2507,Naive,4.2369,4.2369,4.247,4.247448780283508,4.2376413376348365,4.237662234992949,4.225387846753723,4.239633482767607,4.242982666981746,4.241060808845669,4.237136973385949,-0.013799999999999812,0.013799999999999812,-0.013799999999999812,0.013799999999999812,-0.0037000000000002586,0.0037000000000002586,-0.003251219716491782,0.003251219716491782,-0.01305866236516362,0.01305866236516362,-0.013037765007051227,0.013037765007051227,-0.025312153246277447,0.025312153246277447,-0.01106651723239338,0.01106651723239338,-0.00771733301825428,0.00771733301825428,-0.009639191154331428,0.009639191154331428,-0.013563026614050955,0.013563026614050955
2025-05-30,2025-06-02,4.2507,4.2578,Naive,4.2507,4.2507,4.24632,4.248039911141052,4.251907934301679,4.250016106167172,4.276216718014128,4.2562122005571394,4.251277580590923,4.251282918549941,4.244760086411817,-0.00709999999999944,0.00709999999999944,-0.00709999999999944,0.00709999999999944,-0.011479999999999713,0.011479999999999713,-0.009760088858947746,0.009760088858947746,-0.005892065698320792,0.005892065698320792,-0.007783893832827182,0.007783893832827182,0.018416718014128364,0.018416718014128364,-0.0015877994428601383,0.0015877994428601383,-0.0065224194090767185,0.0065224194090767185,-0.006517081450058804,0.006517081450058804,-0.013039913588182905,0.013039913588182905
2025-06-02,2025-06-03,4.2578,4.2721,Naive,4.2578,4.2578,4.2476,4.249814472751769,4.2576865021748,4.258733405393482,4.231187686523324,4.261239395679776,4.256673989240607,4.260596382984371,4.250489526400221,-0.014300000000000423,0.014300000000000423,-0.014300000000000423,0.014300000000000423,-0.024499999999999744,0.024499999999999744,-0.022285527248230963,0.022285527248230963,-0.014413497825199961,0.014413497825199961,-0.013366594606518234,0.013366594606518234,-0.04091231347667623,0.04091231347667623,-0.010860604320224176,0.010860604320224176,-0.015426010759393094,0.015426010759393094,-0.011503617015629075,0.011503617015629075,-0.021610473599778857,0.021610473599778857
2025-06-03,2025-06-04,4.2721,4.2778,Naive,4.2721,4.2721,4.25244,4.2538663867969015,4.27290500617573,4.273440783982129,4.271029126898662,4.27045030312588,4.267146986951071,4.27297034498638,4.259146984594214,-0.005700000000000038,0.005700000000000038,-0.005700000000000038,0.005700000000000038,-0.02536000000000005,0.02536000000000005,-0.023933613203098503,0.023933613203098503,-0.004894993824270166,0.004894993824270166,-0.004359216017871148,0.004359216017871148,-0.006770873101338282,0.006770873101338282,-0.007349696874119793,0.007349696874119793,-0.010653013048928628,0.010653013048928628,-0.004829655013620204,0.004829655013620204,-0.018653015405786455,0.018653015405786455
2025-06-04,2025-06-05,4.2778,4.2791,Naive,4.2778,4.2778,4.25906,4.258217952833828,4.279599312715878,4.278915083081673,4.274652479296039,4.272563217326042,4.272007620713871,4.274275982807953,4.2651862000933,-0.0012999999999996348,0.0012999999999996348,-0.0012999999999996348,0.0012999999999996348,-0.020039999999999836,0.020039999999999836,-0.020882047166171702,0.020882047166171702,0.0004993127158785526,0.0004993127158785526,-0.00018491691832700496,0.00018491691832700496,-0.004447520703960706,0.004447520703960706,-0.006536782673957298,0.006536782673957298,-0.007092379286128825,0.007092379286128825,-0.004824017192047059,0.004824017192047059,-0.013913799906699609,0.013913799906699609
2025-06-05,2025-06-06,4.2791,4.2881,Naive,4.2791,4.2791,4.2675,4.262014688682223,4.280586349353943,4.2796144683256445,4.2810971661614365,4.275672764968362,4.276226717714234,4.282609528655788,4.272226322557815,-0.009000000000000341,0.009000000000000341,-0.009000000000000341,0.009000000000000341,-0.02059999999999995,0.02059999999999995,-0.026085311317777027,0.026085311317777027,-0.007513650646057357,0.007513650646057357,-0.008485531674355506,0.008485531674355506,-0.0070028338385634825,0.0070028338385634825,-0.01242723503163834,0.01242723503163834,-0.011873282285765896,0.011873282285765896,-0.005490471344211656,0.005490471344211656,-0.01587367744218504,0.01587367744218504
2025-06-06,2025-06-09,4.2881,4.2772,Naive,4.2881,4.2881,4.274979999999999,4.266757472558182,4.286519806683664,4.28709109863495,4.294649790820824,4.288499802682425,4.284029226976144,4.28478115421097,4.281691408730974,0.010900000000000354,0.010900000000000354,0.010900000000000354,0.010900000000000354,-0.002220000000000333,0.002220000000000333,-0.010442527441817617,0.010442527441817617,0.009319806683664389,0.009319806683664389,0.009891098634950524,0.009891098634950524,0.017449790820823985,0.017449790820823985,0.011299802682425586,0.011299802682425586,0.006829226976144298,0.006829226976144298,0.007581154210970276,0.007581154210970276,0.0044914087309742,0.0044914087309742
2025-06-09,2025-06-10,4.2772,4.2611,Naive,4.2772,4.2772,4.27886,4.26865611391124,4.278759876339092,4.278045893356772,4.253988057710634,4.275199990644953,4.279581413835675,4.2756676451180855,4.2782794866499385,0.01609999999999978,0.01609999999999978,0.01609999999999978,0.01609999999999978,0.017759999999999998,0.017759999999999998,0.00755611391123967,0.00755611391123967,0.01765987633909205,0.01765987633909205,0.016945893356772324,0.016945893356772324,-0.007111942289365736,0.007111942289365736,0.014099990644953486,0.014099990644953486,0.018481413835675475,0.018481413835675475,0.014567645118085615,0.014567645118085615,0.017179486649938625,0.017179486649938625
2025-06-10,2025-06-11,4.2611,4.2643,Naive,4.2611,4.2611,4.27666,4.267282275018287,4.262083422513329,4.262449834549189,4.258335016749636,4.2644561348751555,4.268163206850891,4.2640139313758505,4.269943062032588,-0.0032000000000005357,0.0032000000000005357,-0.0032000000000005357,0.0032000000000005357,0.01235999999999926,0.01235999999999926,0.0029822750182866287,0.0029822750182866287,-0.0022165774866715893,0.0022165774866715893,-0.001850165450811403,0.001850165450811403,-0.00596498325036432,0.00596498325036432,0.0001561348751550895,0.0001561348751550895,0.003863206850890144,0.003863206850890144,-0.0002860686241499266,0.0002860686241499266,0.00564306203258802,0.00564306203258802
2025-06-11,2025-06-12,4.2643,4.2631,Naive,4.2643,4.2643,4.273960000000001,4.26674004319678,4.268648659725609,4.2656194010643285,4.246448949471803,4.26641298719353,4.267159082643419,4.268352153404408,4.269057311709013,0.001200000000000756,0.001200000000000756,0.001200000000000756,0.001200000000000756,0.01086000000000098,0.01086000000000098,0.0036400431967802405,0.0036400431967802405,0.005548659725609362,0.005548659725609362,0.0025194010643287967,0.0025194010643287967,-0.016651050528196265,0.016651050528196265,0.003312987193530681,0.003312987193530681,0.004059082643419032,0.004059082643419032,0.005252153404408766,0.005252153404408766,0.005957311709013702,0.005957311709013702
2025-06-12,2025-06-13,4.2631,4.272,Naive,4.2631,4.2631,4.27076,4.266078217161001,4.262323945424542,4.2639524527801616,4.284634743847964,4.26499553443116,4.2653200340257005,4.267286572476686,4.263113526448718,-0.008900000000000574,0.008900000000000574,-0.008900000000000574,0.008900000000000574,-0.0012400000000001299,0.0012400000000001299,-0.005921782838998801,0.005921782838998801,-0.009676054575458615,0.009676054575458615,-0.008047547219838691,0.008047547219838691,0.012634743847963925,0.012634743847963925,-0.007004465568840601,0.007004465568840601,-0.006679965974299762,0.006679965974299762,-0.004713427523314273,0.004713427523314273,-0.008886473551282137,0.008886473551282137
2025-06-13,2025-06-16,4.272,4.2612,Naive,4.272,4.272,4.26754,4.26715490494991,4.270202016200471,4.271237452227287,4.280683018843365,4.271162968791617,4.270199960428051,4.27302570493813,4.275445072821892,0.010800000000000587,0.010800000000000587,0.010800000000000587,0.010800000000000587,0.006340000000000678,0.006340000000000678,0.005954904949910578,0.005954904949910578,0.00900201620047092,0.00900201620047092,0.010037452227287247,0.010037452227287247,0.01948301884336523,0.01948301884336523,0.0099629687916174,0.0099629687916174,0.008999960428051068,0.008999960428051068,0.011825704938130066,0.011825704938130066,0.014245072821892357,0.014245072821892357
2025-06-16,2025-06-17,4.2612,4.275,Naive,4.2612,4.2612,4.26434,4.266072194959017,4.262220227415343,4.262353813078667,4.243900731027144,4.263432474499957,4.263612150309515,4.2615537197222055,4.262383536495984,-0.0138000000000007,0.0138000000000007,-0.0138000000000007,0.0138000000000007,-0.010660000000000558,0.010660000000000558,-0.008927805040983117,0.008927805040983117,-0.012779772584657678,0.012779772584657678,-0.01264618692133368,0.01264618692133368,-0.031099268972856642,0.031099268972856642,-0.011567525500042919,0.011567525500042919,-0.011387849690485119,0.011387849690485119,-0.01344628027779482,0.01344628027779482,-0.012616463504016018,0.012616463504016018
2025-06-17,2025-06-18,4.275,4.2717,Naive,4.275,4.275,4.26712,4.267695432239195,4.275084413570629,4.276294355855687,4.2658559411612025,4.272434724655759,4.2719817551184525,4.275052417496327,4.27386301122766,0.0033000000000003027,0.0033000000000003027,0.0033000000000003027,0.0033000000000003027,-0.0045799999999998064,0.0045799999999998064,-0.0040045677608047114,0.0040045677608047114,0.003384413570628908,0.003384413570628908,0.004594355855687127,0.004594355855687127,-0.005844058838797572,0.005844058838797572,0.0007347246557589671,0.0007347246557589671,0.0002817551184524092,0.0002817551184524092,0.003352417496326865,0.003352417496326865,0.00216301122766005,0.00216301122766005
2025-06-18,2025-06-20,4.2717,4.2709,Naive,4.2717,4.2717,4.2686,4.268423535468433,4.272067211638113,4.273200061032845,4.245439523130027,4.27114392816852,4.271224655053115,4.273988603759183,4.273583525445046,0.0007999999999999119,0.0007999999999999119,0.0007999999999999119,0.0007999999999999119,-0.0022999999999999687,0.0022999999999999687,-0.0024764645315675793,0.0024764645315675793,0.0011672116381129527,0.0011672116381129527,0.002300061032844525,0.002300061032844525,-0.025460476869973547,0.025460476869973547,0.00024392816852003563,0.00024392816852003563,0.0003246550531148529,0.0003246550531148529,0.003088603759183073,0.003088603759183073,0.002683525445045909,0.002683525445045909
2025-06-20,2025-06-23,4.2709,4.2727,Naive,4.2709,4.2709,4.270160000000001,4.268873801746899,4.27058305117997,4.270578021913992,4.2662630740708645,4.270263678401378,4.270953071308262,4.2687983584920515,4.269907139017849,-0.0018000000000002458,0.0018000000000002458,-0.0018000000000002458,0.0018000000000002458,-0.0025399999999997647,0.0025399999999997647,-0.003826198253101154,0.003826198253101154,-0.002116948820030551,0.002116948820030551,-0.002121978086008447,0.002121978086008447,-0.006436925929135917,0.006436925929135917,-0.002436321598622726,0.002436321598622726,-0.0017469286917384252,0.0017469286917384252,-0.0039016415079489164,0.0039016415079489164,-0.0027928609821517014,0.0027928609821517014
2025-06-23,2025-06-24,4.2727,4.2604,Naive,4.2727,4.2727,4.270300000000001,4.269569474156554,4.275453561803301,4.274083940560705,4.248233844002308,4.271531695956202,4.272079486048735,4.273891185911817,4.275688867121284,0.012300000000000644,0.012300000000000644,0.012300000000000644,0.012300000000000644,0.009900000000000908,0.009900000000000908,0.009169474156554003,0.009169474156554003,0.01505356180330164,0.01505356180330164,0.01368394056070521,0.01368394056070521,-0.012166155997691774,0.012166155997691774,0.01113169595620267,0.01113169595620267,0.011679486048735477,0.011679486048735477,0.013491185911817638,0.013491185911817638,0.015288867121284078,0.015288867121284078
2025-06-24,2025-06-25,4.2604,4.2479,Naive,4.2604,4.2604,4.2701400000000005,4.26790229703718,4.262101142357788,4.262316673007747,4.243320966037891,4.263496568356331,4.264763819563639,4.261094701289011,4.26156118744633,0.012500000000000178,0.012500000000000178,0.012500000000000178,0.012500000000000178,0.022240000000000926,0.022240000000000926,0.020002297037180483,0.020002297037180483,0.014201142357788576,0.014201142357788576,0.014416673007747072,0.014416673007747072,-0.0045790339621083476,0.0045790339621083476,0.015596568356331275,0.015596568356331275,0.016863819563639026,0.016863819563639026,0.013194701289011235,0.013194701289011235,0.01366118744633038,0.01366118744633038
2025-06-25,2025-06-26,4.2479,4.2479,Naive,4.2479,4.2479,4.26472,4.2642655157576925,4.252336848856815,4.249997970179798,4.2261251811058935,4.247701860800582,4.255620133274226,4.248913042192622,4.246768882628013,0.0,0.0,0.0,0.0,0.016820000000000057,0.016820000000000057,0.01636551575769296,0.01636551575769296,0.004436848856815168,0.004436848856815168,0.002097970179798736,0.002097970179798736,-0.02177481889410604,0.02177481889410604,-0.0001981391994174686,0.0001981391994174686,0.007720133274226271,0.007720133274226271,0.0010130421926222155,0.0010130421926222155,-0.0011311173719867895,0.0011311173719867895
2025-06-26,2025-06-27,4.2479,4.2362,Naive,4.2479,4.2479,4.25996,4.261289967438112,4.2499341450208705,4.249437210799251,4.277386858227501,4.246866104924082,4.252827627807467,4.249679937565678,4.247858224469426,0.011699999999999378,0.011699999999999378,0.011699999999999378,0.011699999999999378,0.023760000000000225,0.023760000000000225,0.025089967438112204,0.025089967438112204,0.013734145020870336,0.013734145020870336,0.013237210799251109,0.013237210799251109,0.04118685822750123,0.04118685822750123,0.010666104924081488,0.010666104924081488,0.01662762780746707,0.01662762780746707,0.01347993756567778,0.01347993756567778,0.011658224469425882,0.011658224469425882
2025-06-27,2025-06-30,4.2362,4.2419,Naive,4.2362,4.2362,4.253019999999999,4.256728155176637,4.235897865386821,4.236568460550383,4.2374439147966845,4.2400960173579865,4.244249160416766,4.241272514049174,4.236903052652661,-0.005700000000000038,0.005700000000000038,-0.005700000000000038,0.005700000000000038,0.01111999999999913,0.01111999999999913,0.014828155176636493,0.014828155176636493,-0.006002134613178889,0.006002134613178889,-0.005331539449617395,0.005331539449617395,-0.004456085203315752,0.004456085203315752,-0.0018039826420137572,0.0018039826420137572,0.0023491604167658053,0.0023491604167658053,-0.0006274859508259567,0.0006274859508259567,-0.004996947347339464,0.004996947347339464
2025-06-30,2025-07-01,4.2419,4.2415,Naive,4.2419,4.2419,4.24686,4.254032126962703,4.245713332765889,4.243941831584469,4.223240697152162,4.242219088031762,4.246395624485576,4.245650205099175,4.237559736908463,0.00039999999999995595,0.00039999999999995595,0.00039999999999995595,0.00039999999999995595,0.005359999999999587,0.005359999999999587,0.012532126962702783,0.012532126962702783,0.004213332765888644,0.004213332765888644,0.0024418315844689786,0.0024418315844689786,-0.018259302847837944,0.018259302847837944,0.0007190880317615722,0.0007190880317615722,0.004895624485575567,0.004895624485575567,0.004150205099175075,0.004150205099175075,-0.003940263091537055,0.003940263091537055
2025-07-01,2025-07-02,4.2415,4.25,Naive,4.2415,4.2415,4.243080000000001,4.25175355842403,4.242799033205578,4.243931939218856,4.240252167351599,4.242261268234122,4.245435837334036,4.2448675584629125,4.23978310173445,-0.00849999999999973,0.00849999999999973,-0.00849999999999973,0.00849999999999973,-0.006919999999999149,0.006919999999999149,0.0017535584240295776,0.0017535584240295776,-0.007200966794422392,0.007200966794422392,-0.006068060781143636,0.006068060781143636,-0.009747832648400845,0.009747832648400845,-0.007738731765877915,0.007738731765877915,-0.0045641626659636,0.0045641626659636,-0.005132441537087473,0.005132441537087473,-0.010216898265549723,0.010216898265549723
2025-07-02,2025-07-03,4.25,4.2634,Naive,4.25,4.25,4.2435,4.25143472961966,4.251912396411887,4.252259146914148,4.244807445253944,4.254485764008112,4.250409742804778,4.251303052604727,4.245248041048568,-0.013399999999999856,0.013399999999999856,-0.013399999999999856,0.013399999999999856,-0.019899999999999807,0.019899999999999807,-0.011965270380339454,0.011965270380339454,-0.011487603588112627,0.011487603588112627,-0.011140853085851887,0.011140853085851887,-0.018592554746056145,0.018592554746056145,-0.00891423599188812,0.00891423599188812,-0.012990257195221844,0.012990257195221844,-0.012096947395273006,0.012096947395273006,-0.018151958951431624,0.018151958951431624
2025-07-03,2025-07-04,4.2634,4.2515,Naive,4.2634,4.2634,4.246599999999999,4.253610233325176,4.265185593421389,4.26512998786314,4.279810257432496,4.264673885523397,4.260772196544997,4.266826799939718,4.262082950983499,0.0118999999999998,0.0118999999999998,0.0118999999999998,0.0118999999999998,-0.004900000000001015,0.004900000000001015,0.002110233325176125,0.002110233325176125,0.013685593421389086,0.013685593421389086,0.013629987863139625,0.013629987863139625,0.028310257432496044,0.028310257432496044,0.013173885523396933,0.013173885523396933,0.009272196544997335,0.009272196544997335,0.015326799939717972,0.015326799939717972,0.010582950983499373,0.010582950983499373
2025-07-04,2025-07-07,4.2515,4.2524,Naive,4.2515,4.2515,4.24966,4.25322655453878,4.250946251947043,4.251953691890918,4.239182212713973,4.257785155376141,4.253267813193528,4.251052438224656,4.254787851690988,-0.0008999999999996788,0.0008999999999996788,-0.0008999999999996788,0.0008999999999996788,-0.0027399999999992986,0.0027399999999992986,0.000826554538780222,0.000826554538780222,-0.0014537480529570601,0.0014537480529570601,-0.00044630810908152796,0.00044630810908152796,-0.013217787286026628,0.013217787286026628,0.005385155376141704,0.005385155376141704,0.000867813193528022,0.000867813193528022,-0.0013475617753435642,0.0013475617753435642,0.0023878516909885406,0.0023878516909885406
2025-07-07,2025-07-08,4.2524,4.2455,Naive,4.2524,4.2524,4.25176,4.253076271895365,4.256235875923795,4.254477658522183,4.234767400270885,4.258173321581741,4.254872413608418,4.252877576478917,4.253546529001429,0.006899999999999906,0.006899999999999906,0.006899999999999906,0.006899999999999906,0.006260000000000154,0.006260000000000154,0.007576271895365139,0.007576271895365139,0.010735875923795213,0.010735875923795213,0.00897765852218324,0.00897765852218324,-0.010732599729115222,0.010732599729115222,0.01267332158174117,0.01267332158174117,0.009372413608418562,0.009372413608418562,0.007377576478917014,0.007377576478917014,0.008046529001429548,0.008046529001429548
2025-07-08,2025-07-09,4.2455,4.2399,Naive,4.2455,4.2455,4.25256,4.251698767914389,4.248083106053729,4.247928895213345,4.240023619071349,4.2433637613294275,4.2497878188174605,4.244063275309969,4.246315281696939,0.005600000000000271,0.005600000000000271,0.005600000000000271,0.005600000000000271,0.012660000000000338,0.012660000000000338,0.011798767914389607,0.011798767914389607,0.008183106053729183,0.008183106053729183,0.0080288952133456,0.0080288952133456,0.00012361907134916805,0.00012361907134916805,0.003463761329427939,0.003463761329427939,0.009887818817460925,0.009887818817460925,0.004163275309969627,0.004163275309969627,0.006415281696939168,0.006415281696939168
2025-07-09,2025-07-10,4.2399,4.2464,Naive,4.2399,4.2399,4.250539999999999,4.2495535373845,4.2439321258593745,4.242345461690485,4.233496337595911,4.241053067855447,4.2457560205587175,4.244851800618581,4.238397503565437,-0.0065000000000008384,0.0065000000000008384,-0.0065000000000008384,0.0065000000000008384,0.0041399999999987,0.0041399999999987,0.0031535373844997494,0.0031535373844997494,-0.002467874140625881,0.002467874140625881,-0.004054538309515188,0.004054538309515188,-0.012903662404089467,0.012903662404089467,-0.00534693214455384,0.00534693214455384,-0.0006439794412829158,0.0006439794412829158,-0.0015481993814194794,0.0015481993814194794,-0.008002496434563078,0.008002496434563078
2025-07-10,2025-07-11,4.2464,4.2563,Naive,4.2464,4.2464,4.24714,4.248980166950955,4.248051508857627,4.248135806913713,4.262792931866293,4.244537506553771,4.248273784599986,4.248262918078749,4.244319878892584,-0.00990000000000002,0.00990000000000002,-0.00990000000000002,0.00990000000000002,-0.009160000000000501,0.009160000000000501,-0.007319833049045599,0.007319833049045599,-0.008248491142373027,0.008248491142373027,-0.008164193086287241,0.008164193086287241,0.006492931866292295,0.006492931866292295,-0.011762493446229705,0.011762493446229705,-0.008026215400014358,0.008026215400014358,-0.008037081921251854,0.008037081921251854,-0.011980121107415975,0.011980121107415975
2025-07-11,2025-07-14,4.2563,4.2614,Naive,4.2563,4.2563,4.2481,4.250311045687145,4.256014313428091,4.2564934502396925,4.263888706455106,4.260252452357876,4.255387759778208,4.2583348106093375,4.255793329542448,-0.00509999999999966,0.00509999999999966,-0.00509999999999966,0.00509999999999966,-0.01330000000000009,0.01330000000000009,-0.011088954312855392,0.011088954312855392,-0.005385686571909076,0.005385686571909076,-0.004906549760307577,0.004906549760307577,0.0024887064551055715,0.0024887064551055715,-0.0011475476421241027,0.0011475476421241027,-0.00601224022179192,0.00601224022179192,-0.0030651893906625816,0.0030651893906625816,-0.005606670457551921,0.005606670457551921
2025-07-14,2025-07-15,4.2614,4.2538,Naive,4.2614,4.2614,4.2499,4.252327219198573,4.261977959302503,4.263149439969277,4.253209944421733,4.263434721772802,4.2602637831175905,4.261908485770339,4.2615601099057985,0.007600000000000051,0.007600000000000051,0.007600000000000051,0.007600000000000051,-0.0038999999999997925,0.0038999999999997925,-0.0014727808014267652,0.0014727808014267652,0.00817795930250309,0.00817795930250309,0.009349439969277284,0.009349439969277284,-0.0005900555782671901,0.0005900555782671901,0.009634721772801669,0.009634721772801669,0.006463783117590438,0.006463783117590438,0.008108485770338625,0.008108485770338625,0.007760109905798451,0.007760109905798451
2025-07-15,2025-07-16,4.2538,4.2585,Naive,4.2538,4.2538,4.25156,4.2525949975261055,4.255203206311217,4.25596357416652,4.239365973127221,4.259174921865027,4.255964996466957,4.256192321272662,4.252322869279616,-0.004699999999999704,0.004699999999999704,-0.004699999999999704,0.004699999999999704,-0.006940000000000168,0.006940000000000168,-0.00590500247389425,0.00590500247389425,-0.003296793688782884,0.003296793688782884,-0.002536425833479683,0.002536425833479683,-0.019134026872778875,0.019134026872778875,0.000674921865027045,0.000674921865027045,-0.0025350035330431453,0.0025350035330431453,-0.0023076787273375032,0.0023076787273375032,-0.00617713072038395,0.00617713072038395
2025-07-16,2025-07-17,4.2585,4.2559,Naive,4.2585,4.2585,4.255280000000001,4.25366863433954,4.261003010177397,4.260589189794232,4.245132554501275,4.261223186919849,4.259614261346661,4.260536130204518,4.257844197736079,0.0026000000000001577,0.0026000000000001577,0.0026000000000001577,0.0026000000000001577,-0.0006199999999987327,0.0006199999999987327,-0.002231365660459339,0.002231365660459339,0.005103010177397671,0.005103010177397671,0.004689189794232718,0.004689189794232718,-0.010767445498724548,0.010767445498724548,0.005323186919849121,0.005323186919849121,0.0037142613466611962,0.0037142613466611962,0.004636130204518807,0.004636130204518807,0.001944197736079012,0.001944197736079012
2025-07-17,2025-07-18,4.2559,4.2509,Naive,4.2559,4.2559,4.25718,4.254074337186896,4.257409447982048,4.257575009426653,4.262446113860881,4.260490227919547,4.2582518926146875,4.257988618021475,4.255583549428214,0.004999999999999893,0.004999999999999893,0.004999999999999893,0.004999999999999893,0.006280000000000285,0.006280000000000285,0.0031743371868966364,0.0031743371868966364,0.006509447982048222,0.006509447982048222,0.006675009426653666,0.006675009426653666,0.011546113860881668,0.011546113860881668,0.009590227919547445,0.009590227919547445,0.007351892614687827,0.007351892614687827,0.0070886180214753125,0.0070886180214753125,0.004683549428214029,0.004683549428214029
2025-07-18,2025-07-21,4.2509,4.2445,Naive,4.2509,4.2509,4.2561,4.2534971849710965,4.251762327140381,4.25133310466761,4.250343636326782,4.258037430526566,4.254916689903645,4.252096165896039,4.251494524934043,0.006399999999999295,0.006399999999999295,0.006399999999999295,0.006399999999999295,0.01159999999999961,0.01159999999999961,0.00899718497109614,0.00899718497109614,0.007262327140380442,0.007262327140380442,0.006833104667610002,0.006833104667610002,0.005843636326781976,0.005843636326781976,0.013537430526565863,0.013537430526565863,0.010416689903644638,0.010416689903644638,0.00759616589603862,0.00759616589603862,0.006994524934042623,0.006994524934042623
2025-07-21,2025-07-22,4.2445,4.2531,Naive,4.2445,4.2445,4.252719999999999,4.251861333158169,4.248220067568324,4.246601163386381,4.222578157112773,4.24330254267062,4.249506686467184,4.244244219633048,4.242132997796854,-0.008599999999999497,0.008599999999999497,-0.008599999999999497,0.008599999999999497,-0.0003800000000007131,0.0003800000000007131,-0.0012386668418304936,0.0012386668418304936,-0.0048799324316757264,0.0048799324316757264,-0.006498836613618941,0.006498836613618941,-0.030521842887226924,0.030521842887226924,-0.009797457329379533,0.009797457329379533,-0.0035933135328161114,0.0035933135328161114,-0.008855780366952004,0.008855780366952004,-0.010967002203146059,0.010967002203146059
2025-07-22,2025-07-23,4.2531,4.2544,Naive,4.2531,4.2531,4.25258,4.252086545311229,4.255022761597953,4.2553429120889925,4.237585412644051,4.257692949376849,4.25494003302037,4.258196422676044,4.254593923325888,-0.001300000000000523,0.001300000000000523,-0.001300000000000523,0.001300000000000523,-0.0018200000000003769,0.0018200000000003769,-0.0023134546887710883,0.0023134546887710883,0.0006227615979526036,0.0006227615979526036,0.0009429120889921094,0.0009429120889921094,-0.01681458735594976,0.01681458735594976,0.00329294937684832,0.00329294937684832,0.0005400330203695347,0.0005400330203695347,0.0037964226760438535,0.0037964226760438535,0.00019392332588719086,0.00019392332588719086
2025-07-23,2025-07-24,4.2544,4.2514,Naive,4.2544,4.2544,4.25176,4.25250717343646,4.2573518625566615,4.2565935938711945,4.259882989308941,4.259883180964866,4.256067985365706,4.258153519453171,4.254809298544949,0.0030000000000001137,0.0030000000000001137,0.0030000000000001137,0.0030000000000001137,0.0003599999999996939,0.0003599999999996939,0.0011071734364600516,0.0011071734364600516,0.005951862556661247,0.005951862556661247,0.005193593871194224,0.005193593871194224,0.008482989308940425,0.008482989308940425,0.008483180964865333,0.008483180964865333,0.004667985365705896,0.004667985365705896,0.006753519453170931,0.006753519453170931,0.0034092985449483137,0.0034092985449483137
2025-07-24,2025-07-25,4.2514,4.2544,Naive,4.2514,4.2514,4.25086,4.252305869175285,4.252878888258242,4.25309039981832,4.27299375734315,4.257944634248168,4.25374469815907,4.252472209601778,4.252405844293847,-0.0030000000000001137,0.0030000000000001137,-0.0030000000000001137,0.0030000000000001137,-0.0035400000000000986,0.0035400000000000986,-0.0020941308247151014,0.0020941308247151014,-0.0015211117417583964,0.0015211117417583964,-0.0013096001816803593,0.0013096001816803593,0.018593757343149164,0.018593757343149164,0.003544634248167533,0.003544634248167533,-0.0006553018409301004,0.0006553018409301004,-0.0019277903982226618,0.0019277903982226618,-0.0019941557061535775,0.0019941557061535775
2025-07-25,2025-07-28,4.2544,4.2565,Naive,4.2544,4.2544,4.25156,4.252686620234324,4.254252499534615,4.254677695963476,4.259173083437791,4.259872160360456,4.25593480328781,4.256589767833912,4.25388685150599,-0.0020999999999995467,0.0020999999999995467,-0.0020999999999995467,0.0020999999999995467,-0.0049400000000003885,0.0049400000000003885,-0.0038133797656758617,0.0038133797656758617,-0.0022475004653852437,0.0022475004653852437,-0.0018223040365237253,0.0018223040365237253,0.0026730834377914903,0.0026730834377914903,0.003372160360456178,0.003372160360456178,-0.0005651967121895751,0.0005651967121895751,8.976783391201337e-05,8.976783391201337e-05,-0.0026131484940101757,0.0026131484940101757
2025-07-28,2025-07-29,4.2565,4.2737,Naive,4.2565,4.2565,4.25396,4.253379962009901,4.258883720907495,4.258470012478859,4.259730934292659,4.260935714159585,4.2576278547525765,4.258234320248656,4.254219865034234,-0.017199999999999882,0.017199999999999882,-0.017199999999999882,0.017199999999999882,-0.019739999999999647,0.019739999999999647,-0.02032003799009896,0.02032003799009896,-0.014816279092505269,0.014816279092505269,-0.01522998752114102,0.01522998752114102,-0.013969065707341244,0.013969065707341244,-0.012764285840415113,0.012764285840415113,-0.016072145247423286,0.016072145247423286,-0.015465679751343941,0.015465679751343941,-0.019480134965765394,0.019480134965765394
2025-07-29,2025-07-30,4.2737,4.2732,Naive,4.2737,4.2737,4.25808,4.257074514371737,4.275040463337297,4.275780675705689,4.255545052519946,4.271080826400476,4.268948381113374,4.274847482849121,4.2716886539831345,0.0004999999999997229,0.0004999999999997229,0.0004999999999997229,0.0004999999999997229,-0.015120000000000466,0.015120000000000466,-0.016125485628263547,0.016125485628263547,0.001840463337297038,0.001840463337297038,0.002580675705688762,0.002580675705688762,-0.017654947480053806,0.017654947480053806,-0.0021191735995245153,0.0021191735995245153,-0.004251618886626396,0.004251618886626396,0.0016474828491208626,0.0016474828491208626,-0.0015113460168656445,0.0015113460168656445
2025-07-30,2025-07-31,4.2732,4.2661,Naive,4.2732,4.2732,4.261840000000001,4.260006420849603,4.276186200365951,4.275277005914211,4.267546141812396,4.271056670458531,4.270182935513326,4.2732456847241025,4.274049172433731,0.007100000000000328,0.007100000000000328,0.007100000000000328,0.007100000000000328,-0.004259999999998598,0.004259999999998598,-0.006093579150396877,0.006093579150396877,0.010086200365951647,0.010086200365951647,0.009177005914211556,0.009177005914211556,0.0014461418123961067,0.0014461418123961067,0.00495667045853132,0.00495667045853132,0.004082935513325836,0.004082935513325836,0.007145684724102708,0.007145684724102708,0.007949172433731277,0.007949172433731277
2025-07-31,2025-08-01,4.2661,4.2813,Naive,4.2661,4.2661,4.26478,4.261114344331493,4.268556678896476,4.267728369333503,4.282949796949871,4.267876532570567,4.267160630504641,4.267543040137091,4.2667546929161295,-0.015200000000000102,0.015200000000000102,-0.015200000000000102,0.015200000000000102,-0.016519999999999868,0.016519999999999868,-0.02018565566850672,0.02018565566850672,-0.01274332110352372,0.01274332110352372,-0.013571630666496581,0.013571630666496581,0.0016497969498709963,0.0016497969498709963,-0.013423467429432456,0.013423467429432456,-0.014139369495358878,0.014139369495358878,-0.013756959862909035,0.013756959862909035,-0.014545307083870362,0.014545307083870362
2025-08-01,2025-08-04,4.2813,4.2734,Naive,4.2813,4.2813,4.27016,4.264784463543949,4.281806442220534,4.281266785463067,4.296590329159347,4.280251903351394,4.277065960121801,4.280518023188788,4.280232375547972,0.00790000000000024,0.00790000000000024,0.00790000000000024,0.00790000000000024,-0.0032399999999999096,0.0032399999999999096,-0.008615536456050954,0.008615536456050954,0.008406442220534771,0.008406442220534771,0.007866785463066961,0.007866785463066961,0.023190329159347378,0.023190329159347378,0.006851903351394739,0.006851903351394739,0.003665960121801426,0.003665960121801426,0.007118023188787959,0.007118023188787959,0.006832375547972447,0.006832375547972447
2025-08-04,2025-08-05,4.2734,4.2763,Naive,4.2734,4.2734,4.27354,4.266350924717776,4.275359262694901,4.275082604048509,4.250137772101382,4.27364287762536,4.274106739866141,4.276138993252595,4.2771133150036915,-0.0029000000000003467,0.0029000000000003467,-0.0029000000000003467,0.0029000000000003467,-0.0027600000000003178,0.0027600000000003178,-0.009949075282223774,0.009949075282223774,-0.0009407373050986934,0.0009407373050986934,-0.0012173959514907295,0.0012173959514907295,-0.02616222789861755,0.02616222789861755,-0.0026571223746403305,0.0026571223746403305,-0.0021932601338585656,0.0021932601338585656,-0.00016100674740471277,0.00016100674740471277,0.0008133150036915282,0.0008133150036915282
2025-08-05,2025-08-06,4.2763,4.282,Naive,4.2763,4.2763,4.27406,4.268159847496362,4.277751607170544,4.278153555944186,4.267963174732428,4.272831545679683,4.275868911665109,4.274489417505201,4.276180186129851,-0.005700000000000038,0.005700000000000038,-0.005700000000000038,0.005700000000000038,-0.007939999999999614,0.007939999999999614,-0.013840152503638237,0.013840152503638237,-0.0042483928294556605,0.0042483928294556605,-0.0038464440558136914,0.0038464440558136914,-0.01403682526757244,0.01403682526757244,-0.00916845432031721,0.00916845432031721,-0.006131088334891288,0.006131088334891288,-0.0075105824947989674,0.0075105824947989674,-0.005819813870148849,0.005819813870148849
2025-08-06,2025-08-07,4.282,4.2618,Naive,4.282,4.282,4.27582,4.270676238860659,4.285005411178864,4.28384749937745,4.274667254772483,4.281734186056734,4.280232791725101,4.284296106825037,4.281245614459436,0.020199999999999996,0.020199999999999996,0.020199999999999996,0.020199999999999996,0.014020000000000366,0.014020000000000366,0.008876238860659136,0.008876238860659136,0.02320541117886421,0.02320541117886421,0.022047499377450208,0.022047499377450208,0.012867254772483072,0.012867254772483072,0.019934186056733694,0.019934186056733694,0.01843279172510126,0.01843279172510126,0.02249610682503711,0.02249610682503711,0.019445614459436378,0.019445614459436378
2025-08-07,2025-08-08,4.2618,4.2566,Naive,4.2618,4.2618,4.27496,4.26906237724963,4.262438900213695,4.263450687641489,4.277928186755241,4.267184389366478,4.269038963052101,4.265374777757983,4.272294365218319,0.0052000000000003155,0.0052000000000003155,0.0052000000000003155,0.0052000000000003155,0.018360000000000376,0.018360000000000376,0.012462377249629952,0.012462377249629952,0.005838900213695375,0.005838900213695375,0.00685068764148955,0.00685068764148955,0.021328186755241063,0.021328186755241063,0.01058438936647832,0.01058438936647832,0.01243896305210157,0.01243896305210157,0.008774777757983188,0.008774777757983188,0.01569436521831946,0.01569436521831946
2025-08-08,2025-08-11,4.2566,4.2533,Naive,4.2566,4.2566,4.27002,4.2667964904769695,4.258010625954386,4.256882671847387,4.2718677445933455,4.261532571174715,4.262170885713197,4.258591193354691,4.25824244319628,0.0032999999999994145,0.0032999999999994145,0.0032999999999994145,0.0032999999999994145,0.016719999999999402,0.016719999999999402,0.013496490476969214,0.013496490476969214,0.004710625954385428,0.004710625954385428,0.003582671847386365,0.003582671847386365,0.018567744593345203,0.018567744593345203,0.008232571174715098,0.008232571174715098,0.008870885713196941,0.008870885713196941,0.005291193354691082,0.005291193354691082,0.004942443196279456,0.004942443196279456
2025-08-11,2025-08-12,4.2533,4.2626,Naive,4.2533,4.2533,4.266,4.264342583117521,4.255890113954579,4.2553233703331745,4.253905985650589,4.260249134819655,4.258736332418334,4.259394526554042,4.250308254165124,-0.009299999999999642,0.009299999999999642,-0.009299999999999642,0.009299999999999642,0.0034000000000000696,0.0034000000000000696,0.0017425831175206241,0.0017425831175206241,-0.0067098860454208875,0.0067098860454208875,-0.007276629666825407,0.007276629666825407,-0.00869401434941075,0.00869401434941075,-0.0023508651803449965,0.0023508651803449965,-0.0038636675816663413,0.0038636675816663413,-0.00320547344595834,0.00320547344595834,-0.012291745834875911,0.012291745834875911
2025-08-12,2025-08-13,4.2626,4.2586,Naive,4.2626,4.2626,4.26326,4.264025749823426,4.263318091629266,4.264762957045313,4.2427213941749,4.264620444582449,4.263270980431087,4.265305954769763,4.26145634846191,0.0039999999999995595,0.0039999999999995595,0.0039999999999995595,0.0039999999999995595,0.004659999999999442,0.004659999999999442,0.005425749823425363,0.005425749823425363,0.004718091629265508,0.004718091629265508,0.006162957045313,0.006162957045313,-0.015878605825100145,0.015878605825100145,0.0060204445824485475,0.0060204445824485475,0.004670980431086491,0.004670980431086491,0.0067059547697629895,0.0067059547697629895,0.002856348461909519,0.002856348461909519
2025-08-13,2025-08-14,4.2586,4.2639,Naive,4.2586,4.2586,4.25858,4.26303924985553,4.2618667841430025,4.260909913467953,4.253057699260432,4.2610173166654555,4.260167107777025,4.261734234082516,4.26022063465868,-0.005299999999999194,0.005299999999999194,-0.005299999999999194,0.005299999999999194,-0.005319999999999325,0.005319999999999325,-0.0008607501444695131,0.0008607501444695131,-0.002033215856997117,0.002033215856997117,-0.0029900865320469094,0.0029900865320469094,-0.010842300739567712,0.010842300739567712,-0.0028826833345441116,0.0028826833345441116,-0.003732892222974904,0.003732892222974904,-0.002165765917483853,0.002165765917483853,-0.0036793653413198513,0.0036793653413198513
2025-08-14,2025-08-18,4.2639,4.2558,Naive,4.2639,4.2639,4.259,4.263195749881797,4.266723124482013,4.2648130502525765,4.235553554854469,4.265513971700235,4.263767550827881,4.267781077789906,4.263628096356213,0.008099999999999774,0.008099999999999774,0.008099999999999774,0.008099999999999774,0.0032000000000005357,0.0032000000000005357,0.007395749881797364,0.007395749881797364,0.010923124482013158,0.010923124482013158,0.009013050252576704,0.009013050252576704,-0.020246445145530423,0.020246445145530423,0.009713971700235469,0.009713971700235469,0.00796755082788092,0.00796755082788092,0.011981077789906536,0.011981077789906536,0.00782809635621362,0.00782809635621362
2025-08-18,2025-08-19,4.2558,4.242,Naive,4.2558,4.2558,4.25884,4.2618510680851065,4.2581152079881,4.257843331597777,4.239084072340348,4.260220795682121,4.25879371045262,4.258728957757803,4.258093458768139,0.013799999999999812,0.013799999999999812,0.013799999999999812,0.013799999999999812,0.016840000000000188,0.016840000000000188,0.019851068085106505,0.019851068085106505,0.016115207988099733,0.016115207988099733,0.015843331597777066,0.015843331597777066,-0.0029159276596519845,0.0029159276596519845,0.018220795682121427,0.018220795682121427,0.016793710452620125,0.016793710452620125,0.016728957757803364,0.016728957757803364,0.016093458768138724,0.016093458768138724
2025-08-19,2025-08-20,4.242,4.2524,Naive,4.242,4.242,4.2565800000000005,4.258241782978724,4.244960378472353,4.244613233533085,4.221840752230472,4.243193626945775,4.249692430237715,4.2455880959417405,4.244054114841931,-0.010399999999999743,0.010399999999999743,-0.010399999999999743,0.010399999999999743,0.004180000000000739,0.004180000000000739,0.005841782978723842,0.005841782978723842,-0.007439621527646878,0.007439621527646878,-0.007786766466915118,0.007786766466915118,-0.030559247769527786,0.030559247769527786,-0.00920637305422467,0.00920637305422467,-0.0027075697622844785,0.0027075697622844785,-0.006811904058259266,0.006811904058259266,-0.008345885158068889,0.008345885158068889
2025-08-20,2025-08-21,4.2524,4.2521,Naive,4.2524,4.2524,4.25454,4.257179640618956,4.256414510367662,4.254810376575571,4.260579219486194,4.257335097938234,4.255050333067213,4.254906370040904,4.2501102306215985,0.0002999999999993008,0.0002999999999993008,0.0002999999999993008,0.0002999999999993008,0.0024399999999999977,0.0024399999999999977,0.005079640618955494,0.005079640618955494,0.004314510367661839,0.004314510367661839,0.0027103765755702725,0.0027103765755702725,0.008479219486193124,0.008479219486193124,0.005235097938233402,0.005235097938233402,0.002950333067212263,0.002950333067212263,0.0028063700409033387,0.0028063700409033387,-0.0019897693784018955,0.0019897693784018955
2025-08-21,2025-08-22,4.2521,4.267,Naive,4.2521,4.2521,4.25324,4.256256069597328,4.253806399380938,4.25404278758864,4.251860245091342,4.258316303372538,4.254431499455055,4.254363177871594,4.250455938951154,-0.014899999999999913,0.014899999999999913,-0.014899999999999913,0.014899999999999913,-0.013760000000000439,0.013760000000000439,-0.010743930402671964,0.010743930402671964,-0.013193600619062273,0.013193600619062273,-0.012957212411360608,0.012957212411360608,-0.015139754908658709,0.015139754908658709,-0.008683696627461934,0.008683696627461934,-0.01256850054494496,0.01256850054494496,-0.012636822128406777,0.012636822128406777,-0.016544061048846537,0.016544061048846537
2025-08-22,2025-08-25,4.267,4.2627,Naive,4.267,4.267,4.25386,4.258209511488722,4.267735489231979,4.267366853257559,4.287069923044106,4.267208946425019,4.264638391295177,4.2696940866525495,4.25738742781097,0.004300000000000637,0.004300000000000637,0.004300000000000637,0.004300000000000637,-0.008839999999999293,0.008839999999999293,-0.004490488511277313,0.004490488511277313,0.005035489231979717,0.005035489231979717,0.0046668532575591115,0.0046668532575591115,0.024369923044106123,0.024369923044106123,0.004508946425019644,0.004508946425019644,0.0019383912951775883,0.0019383912951775883,0.006994086652549747,0.006994086652549747,-0.005312572189029474,0.005312572189029474
2025-08-25,2025-08-26,4.2627,4.2657,Naive,4.2627,4.2627,4.25524,4.259025963945318,4.264879373401332,4.264669757070374,4.252440672208367,4.263957597138594,4.262071121458611,4.265002051000769,4.262808618423931,-0.0030000000000001137,0.0030000000000001137,-0.0030000000000001137,0.0030000000000001137,-0.010460000000000136,0.010460000000000136,-0.0066740360546821975,0.0066740360546821975,-0.0008206265986681061,0.0008206265986681061,-0.0010302429296258353,0.0010302429296258353,-0.013259327791632636,0.013259327791632636,-0.0017424028614057008,0.0017424028614057008,-0.0036288785413889357,0.0036288785413889357,-0.000697948999230924,0.000697948999230924,-0.002891381576068497,0.002891381576068497
2025-08-26,2025-08-27,4.2657,4.2639,Naive,4.2657,4.2657,4.2599800000000005,4.260239425046169,4.2663805776941235,4.2678289363763415,4.244616763355425,4.266838507077778,4.265443956807034,4.268645379685907,4.2645828319132315,0.0018000000000002458,0.0018000000000002458,0.0018000000000002458,0.0018000000000002458,-0.003919999999999035,0.003919999999999035,-0.00366057495383032,0.00366057495383032,0.002480577694123909,0.002480577694123909,0.003928936376341952,0.003928936376341952,-0.019283236644574764,0.019283236644574764,0.0029385070777783184,0.0029385070777783184,0.0015439568070343412,0.0015439568070343412,0.0047453796859073805,0.0047453796859073805,0.0006828319132319294,0.0006828319132319294
2025-08-27,2025-08-28,4.2639,4.2681,Naive,4.2639,4.2639,4.26228,4.260904984128684,4.266973762097836,4.266034334582612,4.25981120135092,4.265514213687282,4.264270919240078,4.268745523213501,4.263320557948442,-0.0041999999999999815,0.0041999999999999815,-0.0041999999999999815,0.0041999999999999815,-0.005819999999999936,0.005819999999999936,-0.0071950158713152135,0.0071950158713152135,-0.001126237902163929,0.001126237902163929,-0.002065665417387841,0.002065665417387841,-0.00828879864907961,0.00828879864907961,-0.002585786312717886,0.002585786312717886,-0.0038290807599219434,0.0038290807599219434,0.0006455232135014199,0.0006455232135014199,-0.004779442051557226,0.004779442051557226
2025-08-28,2025-08-29,4.2681,4.2684,Naive,4.2681,4.2681,4.265479999999999,4.262213168832559,4.26923634095642,4.269716699739035,4.28148944056908,4.267994712589417,4.267510766392599,4.270093933326431,4.266677180839641,-0.000300000000000189,0.000300000000000189,-0.000300000000000189,0.000300000000000189,-0.0029200000000004778,0.0029200000000004778,-0.00618683116744112,0.00618683116744112,0.0008363409564200452,0.0008363409564200452,0.00131669973903481,0.00131669973903481,0.01308944056908068,0.01308944056908068,-0.00040528741058309947,0.00040528741058309947,-0.0008892336074008966,0.0008892336074008966,0.0016939333264316403,0.0016939333264316403,-0.0017228191603591014,0.0017228191603591014
2025-08-29,2025-09-01,4.2684,4.2574,Naive,4.2684,4.2684,4.265759999999999,4.263338047226639,4.266416093521235,4.268376649292755,4.26786782825973,4.267898086977786,4.267908494889917,4.269148875043097,4.267961772815827,0.01100000000000012,0.01100000000000012,0.01100000000000012,0.01100000000000012,0.008359999999999701,0.008359999999999701,0.005938047226639043,0.005938047226639043,0.009016093521235113,0.009016093521235113,0.010976649292754992,0.010976649292754992,0.01046782825973036,0.01046782825973036,0.010498086977785981,0.010498086977785981,0.01050849488991723,0.01050849488991723,0.011748875043097406,0.011748875043097406,0.010561772815827375,0.010561772815827375
2025-09-01,2025-09-02,4.2574,4.2651,Naive,4.2574,4.2574,4.2647,4.26225840227634,4.260421396078729,4.259242842911593,4.249634946676992,4.261734510017641,4.261259013359558,4.2610521288307535,4.257222981395805,-0.007700000000000706,0.007700000000000706,-0.007700000000000706,0.007700000000000706,-0.00039999999999995595,0.00039999999999995595,-0.0028415977236599943,0.0028415977236599943,-0.004678603921271396,0.004678603921271396,-0.00585715708840695,0.00585715708840695,-0.015465053323008071,0.015465053323008071,-0.0033654899823591933,0.0033654899823591933,-0.003840986640442523,0.003840986640442523,-0.004047871169246875,0.004047871169246875,-0.007877018604195207,0.007877018604195207
2025-09-02,2025-09-03,4.2651,4.2589,Naive,4.2651,4.2651,4.2645800000000005,4.262775056407914,4.266233479892079,4.267044391178606,4.248718157492593,4.266419008737584,4.265392208432852,4.268628761786416,4.263450435827924,0.0062000000000006494,0.0062000000000006494,0.0062000000000006494,0.0062000000000006494,0.0056800000000007955,0.0056800000000007955,0.0038750564079146343,0.0038750564079146343,0.007333479892078998,0.007333479892078998,0.008144391178606547,0.008144391178606547,-0.01018184250740628,0.01018184250740628,0.007519008737584265,0.007519008737584265,0.006492208432852031,0.006492208432852031,0.009728761786416129,0.009728761786416129,0.0045504358279240265,0.0045504358279240265
2025-09-03,2025-09-04,4.2589,4.2553,Naive,4.2589,4.2589,4.263579999999999,4.2620705006973845,4.261292125357272,4.260859725719883,4.237173546030714,4.261640073040993,4.261135373915973,4.261677214742316,4.262840216843194,0.0035999999999996035,0.0035999999999996035,0.0035999999999996035,0.0035999999999996035,0.008279999999999177,0.008279999999999177,0.006770500697384385,0.006770500697384385,0.005992125357272116,0.005992125357272116,0.0055597257198831684,0.0055597257198831684,-0.018126453969285805,0.018126453969285805,0.0063400730409926,0.0063400730409926,0.005835373915973108,0.005835373915973108,0.006377214742316006,0.006377214742316006,0.0075402168431937255,0.0075402168431937255
2025-09-04,2025-09-05,4.2553,4.2476,Naive,4.2553,4.2553,4.26102,4.260839500570588,4.2566056206164635,4.25687850891714,4.264709160059369,4.260189208003465,4.25871396755587,4.259275474989968,4.256575406182307,0.007699999999999818,0.007699999999999818,0.007699999999999818,0.007699999999999818,0.013419999999999987,0.013419999999999987,0.013239500570588092,0.013239500570588092,0.009005620616463261,0.009005620616463261,0.00927850891713966,0.00927850891713966,0.01710916005936891,0.01710916005936891,0.012589208003464414,0.012589208003464414,0.011113967555870019,0.011113967555870019,0.011675474989967682,0.011675474989967682,0.008975406182306855,0.008975406182306855
2025-09-05,2025-09-08,4.2476,4.2484,Naive,4.2476,4.2476,4.2568600000000005,4.258432318648662,4.248012970768974,4.247856466494289,4.254093359995663,4.247162969551264,4.252636783768729,4.248175464343203,4.2488563350604,-0.0007999999999999119,0.0007999999999999119,-0.0007999999999999119,0.0007999999999999119,0.008460000000000356,0.008460000000000356,0.010032318648661942,0.010032318648661942,-0.0003870292310264034,0.0003870292310264034,-0.0005435335057111246,0.0005435335057111246,0.005693359995662561,0.005693359995662561,-0.0012370304487365757,0.0012370304487365757,0.0042367837687287135,0.0042367837687287135,-0.00022453565679736442,0.00022453565679736442,0.00045633506039965965,0.00045633506039965965
2025-09-08,2025-09-09,4.2484,4.254,Naive,4.2484,4.2484,4.25506,4.256608260712541,4.250721994633975,4.250407226394369,4.243538857750501,4.246804425525779,4.25192997531152,4.253246328903053,4.24664944194836,-0.005599999999999383,0.005599999999999383,-0.005599999999999383,0.005599999999999383,0.001060000000000727,0.001060000000000727,0.002608260712541721,0.002608260712541721,-0.00327800536602485,0.00327800536602485,-0.0035927736056304838,0.0035927736056304838,-0.010461142249498678,0.010461142249498678,-0.007195574474220479,0.007195574474220479,-0.0020700246884794993,0.0020700246884794993,-0.0007536710969464622,0.0007536710969464622,-0.007350558051639311,0.007350558051639311
2025-09-09,2025-09-10,4.254,4.2604,Naive,4.254,4.254,4.25284,4.256134031492079,4.255722041948625,4.25614379464685,4.246522330367174,4.259255601917985,4.255631820229149,4.259744056292595,4.251733629527772,-0.006400000000000183,0.006400000000000183,-0.006400000000000183,0.006400000000000183,-0.007559999999999789,0.007559999999999789,-0.0042659685079211584,0.0042659685079211584,-0.004677958051375164,0.004677958051375164,-0.0042562053531494115,0.0042562053531494115,-0.013877669632825551,0.013877669632825551,-0.0011443980820144972,0.0011443980820144972,-0.004768179770850978,0.004768179770850978,-0.0006559437074047381,0.0006559437074047381,-0.008666370472227847,0.008666370472227847
2025-09-10,2025-09-11,4.2604,4.2626,Naive,4.2604,4.2604,4.25314,4.256909662129882,4.263457462289805,4.262496921443106,4.2521044355829885,4.262676739581196,4.260611640294604,4.262083763821069,4.259426624597128,-0.002200000000000202,0.002200000000000202,-0.002200000000000202,0.002200000000000202,-0.009459999999999802,0.009459999999999802,-0.0056903378701180785,0.0056903378701180785,0.0008574622898054329,0.0008574622898054329,-0.000103078556893621,0.000103078556893621,-0.010495564417011494,0.010495564417011494,7.673958119625013e-05,7.673958119625013e-05,-0.0019883597053960145,0.0019883597053960145,-0.0005162361789308179,0.0005162361789308179,-0.0031733754028717698,0.0031733754028717698
2025-09-11,2025-09-12,4.2626,4.2593,Naive,4.2626,4.2626,4.2546,4.257944269015358,4.2635418791489705,4.264175216486354,4.266280469247232,4.264027681489374,4.262202436935676,4.265203521105181,4.263891179443812,0.0033000000000003027,0.0033000000000003027,0.0033000000000003027,0.0033000000000003027,-0.004699999999999704,0.004699999999999704,-0.001355730984641923,0.001355730984641923,0.004241879148970895,0.004241879148970895,0.004875216486354361,0.004875216486354361,0.006980469247232612,0.006980469247232612,0.004727681489374191,0.004727681489374191,0.002902436935676711,0.002902436935676711,0.00590352110518122,0.00590352110518122,0.0045911794438122655,0.0045911794438122655
2025-09-12,2025-09-15,4.2593,4.2476,Naive,4.2593,4.2593,4.256939999999999,4.25819076555802,4.260322098434399,4.2595240954442914,4.282314979944079,4.2610173166654555,4.260157633217282,4.260569980707514,4.260397261469698,0.011699999999999378,0.011699999999999378,0.011699999999999378,0.011699999999999378,0.009339999999999016,0.009339999999999016,0.0105907655580193,0.0105907655580193,0.012722098434398532,0.012722098434398532,0.011924095444291183,0.011924095444291183,0.034714979944078905,0.034714979944078905,0.013417316665455203,0.013417316665455203,0.012557633217281428,0.012557633217281428,0.012969980707513429,0.012969980707513429,0.012797261469697396,0.012797261469697396
2025-09-15,2025-09-16,4.2476,4.2504,Naive,4.2476,4.2476,4.25678,4.256265171820198,4.25038019158632,4.249643875724461,4.246816666505851,4.247180334933989,4.25307097175199,4.248941092456452,4.247681284644934,-0.0027999999999996916,0.0027999999999996916,-0.0027999999999996916,0.0027999999999996916,0.006380000000000052,0.006380000000000052,0.0058651718201980785,0.0058651718201980785,-1.98084136799892e-05,1.98084136799892e-05,-0.0007561242755391717,0.0007561242755391717,-0.0035833334941486328,0.0035833334941486328,-0.0032196650660107906,0.0032196650660107906,0.002670971751990159,0.002670971751990159,-0.0014589075435482712,0.0014589075435482712,-0.0027187153550656262,0.0027187153550656262
2025-09-16,2025-09-17,4.2504,4.2559,Naive,4.2504,4.2504,4.25606,4.255198776943798,4.252975087789805,4.2525826371043385,4.247260878375869,4.256982916836571,4.253963519458228,4.252985552254995,4.2485750661369845,-0.005499999999999616,0.005499999999999616,-0.005499999999999616,0.005499999999999616,0.00016000000000016001,0.00016000000000016001,-0.00070122305620135,0.00070122305620135,-0.002924912210194641,0.002924912210194641,-0.003317362895661091,0.003317362895661091,-0.00863912162413083,0.00863912162413083,0.001082916836571357,0.001082916836571357,-0.0019364805417714237,0.0019364805417714237,-0.002914447745004267,0.002914447745004267,-0.007324933863015026,0.007324933863015026
2025-09-17,2025-09-18,4.2559,4.2564,Naive,4.2559,4.2559,4.25516,4.255326272044925,4.258661832209771,4.258072597885887,4.246001803585394,4.260665840190834,4.257190811599554,4.25976436749521,4.25430689148373,-0.0005000000000006111,0.0005000000000006111,-0.0005000000000006111,0.0005000000000006111,-0.0012400000000001299,0.0012400000000001299,-0.0010737279550747658,0.0010737279550747658,0.002261832209771164,0.002261832209771164,0.0016725978858866952,0.0016725978858866952,-0.01039819641460582,0.01039819641460582,0.004265840190833536,0.004265840190833536,0.0007908115995540754,0.0007908115995540754,0.0033643674952097413,0.0033643674952097413,-0.0020931085162700924,0.0020931085162700924
2025-09-18,2025-09-19,4.2564,4.2666,Naive,4.2564,4.2564,4.25392,4.255521495309484,4.257720352281659,4.258018192501043,4.264922387571685,4.260749277686256,4.257937300480684,4.259538977318254,4.2552542511329445,-0.010200000000000209,0.010200000000000209,-0.010200000000000209,0.010200000000000209,-0.012680000000000469,0.012680000000000469,-0.01107850469051641,0.01107850469051641,-0.008879647718341488,0.008879647718341488,-0.008581807498956984,0.008581807498956984,-0.0016776124283151006,0.0016776124283151006,-0.005850722313744505,0.005850722313744505,-0.008662699519316419,0.008662699519316419,-0.007061022681746465,0.007061022681746465,-0.01134574886705586,0.01134574886705586
2025-09-19,2025-09-22,4.2666,4.2645,Naive,4.2666,4.2666,4.255380000000001,4.257535768889578,4.266468555922908,4.266647278099418,4.28446086743883,4.267320078237455,4.2647202612274215,4.26996949765457,4.265786450371641,0.002100000000000435,0.002100000000000435,0.002100000000000435,0.002100000000000435,-0.00911999999999935,0.00911999999999935,-0.006964231110422325,0.006964231110422325,0.001968555922908344,0.001968555922908344,0.0021472780994180596,0.0021472780994180596,0.0199608674388303,0.0199608674388303,0.002820078237455448,0.002820078237455448,0.00022026122742158094,0.00022026122742158094,0.005469497654569722,0.005469497654569722,0.0012864503716407683,0.0012864503716407683
2025-09-22,2025-09-23,4.2645,4.2552,Naive,4.2645,4.2645,4.25876,4.258801992727836,4.26575475576825,4.266194886621117,4.2623278188755505,4.265608754603294,4.263927129520436,4.268565547360928,4.263998473689559,0.009299999999999642,0.009299999999999642,0.009299999999999642,0.009299999999999642,0.0035599999999993415,0.0035599999999993415,0.003601992727835679,0.003601992727835679,0.010554755768249713,0.010554755768249713,0.010994886621116251,0.010994886621116251,0.00712781887555014,0.00712781887555014,0.010408754603293602,0.010408754603293602,0.00872712952043564,0.00872712952043564,0.013365547360927543,0.013365547360927543,0.008798473689558328,0.008798473689558328
2025-09-23,2025-09-24,4.2552,4.2676,Naive,4.2552,4.2552,4.25972,4.2581470849591385,4.256657931055589,4.257280674123772,4.234833533867839,4.260144208347506,4.258774949053259,4.258732732504894,4.2557583522272555,-0.012399999999999523,0.012399999999999523,-0.012399999999999523,0.012399999999999523,-0.00788000000000011,0.00788000000000011,-0.00945291504086132,0.00945291504086132,-0.010942068944411076,0.010942068944411076,-0.010319325876228191,0.010319325876228191,-0.03276646613216094,0.03276646613216094,-0.007455791652493993,0.007455791652493993,-0.008825050946740909,0.008825050946740909,-0.00886726749510558,0.00886726749510558,-0.011841647772744324,0.011841647772744324
2025-09-24,2025-09-25,4.2676,4.2619,Naive,4.2676,4.2676,4.26206,4.25986579678475,4.27022273383669,4.269563299908956,4.256348993982305,4.2673237085552875,4.266348958499392,4.271156564014351,4.26523810431605,0.005700000000000038,0.005700000000000038,0.005700000000000038,0.005700000000000038,0.00016000000000016001,0.00016000000000016001,-0.002034203215250052,0.002034203215250052,0.0083227338366898,0.0083227338366898,0.007663299908956311,0.007663299908956311,-0.0055510060176944265,0.0055510060176944265,0.005423708555287732,0.005423708555287732,0.004448958499391864,0.004448958499391864,0.009256564014351376,0.009256564014351376,0.0033381043160503054,0.0033381043160503054
2025-09-25,2025-09-26,4.2619,4.2668,Naive,4.2619,4.2619,4.26316,4.260235651914795,4.263493468448705,4.2634923024961635,4.273347855227994,4.263986066971937,4.262925238167309,4.264940018776895,4.26211216242221,-0.0049000000000001265,0.0049000000000001265,-0.0049000000000001265,0.0049000000000001265,-0.0036399999999998656,0.0036399999999998656,-0.006564348085205118,0.006564348085205118,-0.003306531551294789,0.003306531551294789,-0.0033076975038364154,0.0033076975038364154,0.0065478552279945035,0.0065478552279945035,-0.002813933028062543,0.002813933028062543,-0.003874761832690865,0.003874761832690865,-0.001859981223105045,0.001859981223105045,-0.0046878375777898995,0.0046878375777898995
2025-09-26,2025-09-29,4.2668,4.2688,Naive,4.2668,4.2668,4.263199999999999,4.261429169748468,4.266999915587307,4.266910841186986,4.272870754994516,4.267772987576502,4.266289298956431,4.269212089468585,4.2652666359180635,-0.0019999999999997797,0.0019999999999997797,-0.0019999999999997797,0.0019999999999997797,-0.005600000000000271,0.005600000000000271,-0.007370830251531402,0.007370830251531402,-0.0018000844126930815,0.0018000844126930815,-0.0018891588130136583,0.0018891588130136583,0.004070754994516257,0.004070754994516257,-0.0010270124234974531,0.0010270124234974531,-0.002510701043568986,0.002510701043568986,0.00041208946858528606,0.00041208946858528606,-0.0035333640819361634,0.0035333640819361634
2025-09-29,2025-09-30,4.2688,4.2692,Naive,4.2688,4.2688,4.264059999999999,4.262769320703292,4.27165768134839,4.270525777233192,4.247768015709637,4.267849874889079,4.2677544811323225,4.270155965550305,4.267729548558368,-0.00039999999999995595,0.00039999999999995595,-0.00039999999999995595,0.00039999999999995595,-0.005140000000000811,0.005140000000000811,-0.006430679296707709,0.006430679296707709,0.00245768134839075,0.00245768134839075,0.0013257772331920492,0.0013257772331920492,-0.02143198429036275,0.02143198429036275,-0.0013501251109202528,0.0013501251109202528,-0.0014455188676771868,0.0014455188676771868,0.0009559655503057485,0.0009559655503057485,-0.001470451441631937,0.001470451441631937
2025-09-30,2025-10-01,4.2692,4.2586,Naive,4.2692,4.2692,4.266859999999999,4.263938535120875,4.266524732819782,4.270812253225108,4.225680488868603,4.267930821294555,4.268890404228063,4.269393961115514,4.269244596671499,0.010599999999999277,0.010599999999999277,0.010599999999999277,0.010599999999999277,0.008259999999999046,0.008259999999999046,0.005338535120874788,0.005338535120874788,0.007924732819781788,0.007924732819781788,0.012212253225107439,0.012212253225107439,-0.03291951113139735,0.03291951113139735,0.009330821294554426,0.009330821294554426,0.010290404228062933,0.010290404228062933,0.010793961115513895,0.010793961115513895,0.010644596671498974,0.010644596671498974
2025-10-01,2025-10-02,4.2586,4.256,Naive,4.2586,4.2586,4.26506,4.262967892371625,4.261495476437876,4.260404949803707,4.251582356195232,4.261792821546912,4.262231166682114,4.260390267923556,4.264786566356617,0.0026000000000001577,0.0026000000000001577,0.0026000000000001577,0.0026000000000001577,0.009059999999999846,0.009059999999999846,0.006967892371624984,0.006967892371624984,0.005495476437875624,0.005495476437875624,0.00440494980370687,0.00440494980370687,-0.004417643804767835,0.004417643804767835,0.005792821546911853,0.005792821546911853,0.006231166682113987,0.006231166682113987,0.004390267923556124,0.004390267923556124,0.008786566356616454,0.008786566356616454
2025-10-02,2025-10-03,4.256,4.2559,Naive,4.256,4.256,4.26388,4.261701002849511,4.257767506914252,4.257390876467524,4.277270278314958,4.261029556965679,4.259881733737706,4.258593302880156,4.261394396384625,0.00010000000000065512,0.00010000000000065512,0.00010000000000065512,0.00010000000000065512,0.007980000000000764,0.007980000000000764,0.005801002849511683,0.005801002849511683,0.0018675069142526368,0.0018675069142526368,0.001490876467524771,0.001490876467524771,0.021370278314958746,0.021370278314958746,0.005129556965679072,0.005129556965679072,0.003981733737706605,0.003981733737706605,0.0026933028801563452,0.0026933028801563452,0.005494396384625233,0.005494396384625233
2025-10-03,2025-10-06,4.2559,4.2521,Naive,4.2559,4.2559,4.2617,4.260646275058691,4.255508173553466,4.255878246061641,4.2499498715170905,4.260603761623267,4.258608198184516,4.258219984854645,4.259844974000384,0.0037999999999991374,0.0037999999999991374,0.0037999999999991374,0.0037999999999991374,0.009599999999999831,0.009599999999999831,0.008546275058690433,0.008546275058690433,0.0034081735534652324,0.0034081735534652324,0.0037782460616408997,0.0037782460616408997,-0.002150128482909963,0.002150128482909963,0.008503761623266826,0.008503761623266826,0.0065081981845152015,0.0065081981845152015,0.006119984854644933,0.006119984854644933,0.007744974000383209,0.007744974000383209
2025-10-06,2025-10-07,4.2521,4.2559,Naive,4.2521,4.2521,4.258360000000001,4.259092406866201,4.25445493379885,4.253856946101074,4.253340210885456,4.258406608124307,4.255787674452649,4.253487976792499,4.252707071383946,-0.0037999999999991374,0.0037999999999991374,-0.0037999999999991374,0.0037999999999991374,0.002460000000001017,0.002460000000001017,0.0031924068662014804,0.0031924068662014804,-0.0014450662011498139,0.0014450662011498139,-0.002043053898925784,0.002043053898925784,-0.0025597891145432428,0.0025597891145432428,0.0025066081243076965,0.0025066081243076965,-0.00011232554735052247,0.00011232554735052247,-0.0024120232075004466,0.0024120232075004466,-0.003192928616053692,0.003192928616053692
2025-10-07,2025-10-08,4.2559,4.2533,Naive,4.2559,4.2559,4.2557,4.258511969254164,4.257544431448318,4.257814774508704,4.263209371249102,4.260707666218972,4.257779646080904,4.259007110892425,4.254696520471274,0.0025999999999992696,0.0025999999999992696,0.0025999999999992696,0.0025999999999992696,0.0023999999999997357,0.0023999999999997357,0.005211969254164117,0.005211969254164117,0.004244431448317876,0.004244431448317876,0.004514774508703745,0.004514774508703745,0.009909371249102072,0.009909371249102072,0.007407666218971265,0.007407666218971265,0.004479646080903343,0.004479646080903343,0.005707110892424261,0.005707110892424261,0.00139652047127381,0.00139652047127381
2025-10-08,2025-10-09,4.2533,4.2569,Naive,4.2533,4.2533,4.25464,4.257564338480679,4.255252600781022,4.255194370409517,4.25623471873771,4.259418990037727,4.256027121576983,4.258843752091733,4.25416503655391,-0.0035999999999996035,0.0035999999999996035,-0.0035999999999996035,0.0035999999999996035,-0.0022599999999997067,0.0022599999999997067,0.0006643384806794828,0.0006643384806794828,-0.0016473992189780517,0.0016473992189780517,-0.0017056295904831487,0.0017056295904831487,-0.0006652812622895965,0.0006652812622895965,0.0025189900377267094,0.0025189900377267094,-0.0008728784230171982,0.0008728784230171982,0.0019437520917326978,0.0019437520917326978,-0.002734963446090255,0.002734963446090255
2025-10-09,2025-10-10,4.2569,4.2583,Naive,4.2569,4.2569,4.25482,4.25744354966601,4.258572167290974,4.258331471343396,4.283006533691203,4.260925588270935,4.258252936980749,4.2589450786685505,4.256103442058175,-0.00140000000000029,0.00140000000000029,-0.00140000000000029,0.00140000000000029,-0.0034800000000005937,0.0034800000000005937,-0.0008564503339902885,0.0008564503339902885,0.00027216729097379044,0.00027216729097379044,3.14713433962055e-05,3.14713433962055e-05,0.02470653369120246,0.02470653369120246,0.0026255882709351752,0.0026255882709351752,-4.7063019251503135e-05,4.7063019251503135e-05,0.0006450786685503473,0.0006450786685503473,-0.0021965579418248282,0.0021965579418248282
2025-10-10,2025-10-13,4.2583,4.2592,Naive,4.2583,4.2583,4.2553,4.257599267908553,4.258066574578046,4.258254512829014,4.252545245007556,4.261102050879261,4.25913144930091,4.2604595488555255,4.257997137899285,-0.0008999999999996788,0.0008999999999996788,-0.0008999999999996788,0.0008999999999996788,-0.0038999999999997925,0.0038999999999997925,-0.0016007320914468437,0.0016007320914468437,-0.0011334254219539375,0.0011334254219539375,-0.0009454871709859702,0.0009454871709859702,-0.006654754992443834,0.006654754992443834,0.0019020508792610968,0.0019020508792610968,-6.855069908962008e-05,6.855069908962008e-05,0.001259548855525594,0.001259548855525594,-0.001202862100714519,0.001202862100714519
2025-10-13,2025-10-14,4.2592,4.2645,Naive,4.2592,4.2592,4.25672,4.257890310106998,4.261019736004555,4.260836930229379,4.252228775569623,4.2611702607314825,4.260171608790776,4.261158401433196,4.257113400700147,-0.005300000000000082,0.005300000000000082,-0.005300000000000082,0.005300000000000082,-0.007780000000000342,0.007780000000000342,-0.006609689893002368,0.006609689893002368,-0.0034802639954447656,0.0034802639954447656,-0.003663069770620808,0.003663069770620808,-0.012271224430376648,0.012271224430376648,-0.0033297392685174287,0.0033297392685174287,-0.004328391209224236,0.004328391209224236,-0.0033415985668039383,0.0033415985668039383,-0.0073865992998527474,0.0073865992998527474
2025-10-14,2025-10-15,4.2645,4.2556,Naive,4.2645,4.2645,4.25844,4.259092071905725,4.266070193411372,4.2663562385572,4.274964137216391,4.265714537722807,4.263961964563231,4.267946589676604,4.26193502917897,0.008899999999999686,0.008899999999999686,0.008899999999999686,0.008899999999999686,0.0028399999999999537,0.0028399999999999537,0.0034920719057245364,0.0034920719057245364,0.010470193411372009,0.010470193411372009,0.010756238557199538,0.010756238557199538,0.01936413721639063,0.01936413721639063,0.01011453772280646,0.01011453772280646,0.008361964563230906,0.008361964563230906,0.012346589676603514,0.012346589676603514,0.006335029178969442,0.006335029178969442
2025-10-15,2025-10-16,4.2556,4.2517,Naive,4.2556,4.2556,4.2589,4.258457149741048,4.2586945565571535,4.257592094289063,4.255488150623177,4.260210135975516,4.258560281677869,4.258150703922676,4.259077258136598,0.0039000000000006807,0.0039000000000006807,0.0039000000000006807,0.0039000000000006807,0.007200000000000095,0.007200000000000095,0.006757149741048352,0.006757149741048352,0.006994556557153864,0.006994556557153864,0.00589209428906301,0.00589209428906301,0.0037881506231771667,0.0037881506231771667,0.00851013597551642,0.00851013597551642,0.006860281677869118,0.006860281677869118,0.006450703922676659,0.006450703922676659,0.007377258136598286,0.007377258136598286
2025-10-16,2025-10-17,4.2517,4.2565,Naive,4.2517,4.2517,4.257859999999999,4.257228577060857,4.25308343170686,4.253168913481948,4.278092241961438,4.258410101829697,4.255863833915516,4.2533376711085165,4.251867825333987,-0.0048000000000003595,0.0048000000000003595,-0.0048000000000003595,0.0048000000000003595,0.0013599999999991397,0.0013599999999991397,0.0007285770608573827,0.0007285770608573827,-0.0034165682931401875,0.0034165682931401875,-0.0033310865180515847,0.0033310865180515847,0.021592241961437608,0.021592241961437608,0.0019101018296971972,0.0019101018296971972,-0.0006361660844840245,0.0006361660844840245,-0.00316232889148349,0.00316232889148349,-0.004632174666013178,0.004632174666013178
2025-10-17,2025-10-20,4.2565,4.2396,Naive,4.2565,4.2565,4.2575,4.257096108504338,4.256988429811339,4.256459374245963,4.2548050016038665,4.260967414299073,4.2578481847804674,4.258283199280133,4.254849084084616,0.016899999999999693,0.016899999999999693,0.016899999999999693,0.016899999999999693,0.017900000000000027,0.017900000000000027,0.01749610850433747,0.01749610850433747,0.017388429811338924,0.017388429811338924,0.0168593742459624,0.0168593742459624,0.015205001603866286,0.015205001603866286,0.021367414299072962,0.021367414299072962,0.01824818478046719,0.01824818478046719,0.018683199280133067,0.018683199280133067,0.01524908408461556,0.01524908408461556
2025-10-20,2025-10-21,4.2396,4.2392,Naive,4.2396,4.2396,4.25358,4.253914997867185,4.241102531314528,4.241468714582928,4.235821235953755,4.241885398232907,4.247070073697762,4.2450207850239075,4.243117845837226,0.00039999999999995595,0.00039999999999995595,0.00039999999999995595,0.00039999999999995595,0.01438000000000006,0.01438000000000006,0.014714997867184998,0.014714997867184998,0.0019025313145277778,0.0019025313145277778,0.0022687145829278776,0.0022687145829278776,-0.003378764046245486,0.003378764046245486,0.0026853982329066994,0.0026853982329066994,0.00787007369776127,0.00787007369776127,0.005820785023907149,0.005820785023907149,0.003917845837225542,0.003917845837225542
2025-10-21,2025-10-22,4.2392,4.2438,Naive,4.2392,4.2392,4.24852,4.251239543709515,4.241255440035738,4.241273215384763,4.253584528657287,4.24075321041697,4.245258258822445,4.245889062061141,4.2378109065901794,-0.0045999999999999375,0.0045999999999999375,-0.0045999999999999375,0.0045999999999999375,0.0047199999999998354,0.0047199999999998354,0.007439543709514496,0.007439543709514496,-0.00254455996426195,0.00254455996426195,-0.002526784615237254,0.002526784615237254,0.009784528657286629,0.009784528657286629,-0.003046789583030396,0.003046789583030396,0.001458258822444769,0.001458258822444769,0.0020890620611409005,0.0020890620611409005,-0.005989093409820789,0.005989093409820789
2025-10-22,2025-10-23,4.2438,4.2347,Naive,4.2438,4.2438,4.246160000000001,4.249886899398693,4.2463782268521815,4.245839649762825,4.255858236629447,4.242276513174999,4.2467428621574745,4.245989205588735,4.241113448811121,0.009100000000000108,0.009100000000000108,0.009100000000000108,0.009100000000000108,0.01146000000000047,0.01146000000000047,0.015186899398693221,0.015186899398693221,0.01167822685218134,0.01167822685218134,0.011139649762824888,0.011139649762824888,0.021158236629446492,0.021158236629446492,0.007576513174998745,0.007576513174998745,0.01204286215747441,0.01204286215747441,0.01128920558873503,0.01128920558873503,0.0064134488111209365,0.0064134488111209365
2025-10-23,2025-10-24,4.2347,4.2353,Naive,4.2347,4.2347,4.2427600000000005,4.247125644962567,4.235605079907438,4.236341112829659,4.258488906376304,4.2386607673619245,4.240282788947471,4.239764114559081,4.234751340704037,-0.0005999999999994898,0.0005999999999994898,-0.0005999999999994898,0.0005999999999994898,0.00746000000000091,0.00746000000000091,0.011825644962567772,0.011825644962567772,0.0003050799074379995,0.0003050799074379995,0.001041112829659241,0.001041112829659241,0.023188906376303997,0.023188906376303997,0.003360767361924921,0.003360767361924921,0.004982788947470951,0.004982788947470951,0.0044641145590818,0.0044641145590818,-0.0005486592959629277,0.0005486592959629277
2025-10-24,2025-10-27,4.2353,4.2353,Naive,4.2353,4.2353,4.23852,4.244975527696646,4.2356674360142925,4.235480950896622,4.241548796852233,4.238006587125675,4.239130637024385,4.237866634622832,4.232578114279229,0.0,0.0,0.0,0.0,0.0032200000000006668,0.0032200000000006668,0.009675527696646036,0.009675527696646036,0.00036743601429289896,0.00036743601429289896,0.00018095089662217845,0.00018095089662217845,0.00624879685223334,0.00624879685223334,0.002706587125675064,0.002706587125675064,0.0038306370243850196,0.0038306370243850196,0.0025666346228323533,0.0025666346228323533,-0.0027218857207707003,0.0027218857207707003
2025-10-27,2025-10-28,4.2353,4.2345,Naive,4.2353,4.2353,4.23766,4.24321634084271,4.237368413770275,4.23715025192882,4.232126148321393,4.238001067164441,4.238736637903324,4.23860329484997,4.233460885063089,0.0007999999999999119,0.0007999999999999119,0.0007999999999999119,0.0007999999999999119,0.0031600000000002737,0.0031600000000002737,0.008716340842710224,0.008716340842710224,0.0028684137702752466,0.0028684137702752466,0.0026502519288200688,0.0026502519288200688,-0.0023738516786062647,0.0023738516786062647,0.0035010671644410962,0.0035010671644410962,0.004236637903324514,0.004236637903324514,0.004103294849969963,0.004103294849969963,-0.001039114936911112,0.001039114936911112
2025-10-28,2025-10-29,4.2345,4.2374,Naive,4.2345,4.2345,4.23672,4.241631551598581,4.235910962542476,4.236617965319909,4.238984022964503,4.237672280579655,4.237615734389476,4.238626107834749,4.232931812299668,-0.0029000000000003467,0.0029000000000003467,-0.0029000000000003467,0.0029000000000003467,-0.0006800000000000139,0.0006800000000000139,0.004231551598580907,0.004231551598580907,-0.0014890374575244891,0.0014890374575244891,-0.0007820346800908595,0.0007820346800908595,0.0015840229645025516,0.0015840229645025516,0.00027228057965533736,0.00027228057965533736,0.0002157343894761965,0.0002157343894761965,0.0012261078347490795,0.0012261078347490795,-0.00446818770033186,0.00446818770033186
2025-10-29,2025-10-30,4.2374,4.2425,Naive,4.2374,4.2374,4.23544,4.240862178580657,4.240913494408503,4.239506294553331,4.232556704689449,4.23820768062996,4.238672268591537,4.239406114683328,4.2347783501562715,-0.00509999999999966,0.00509999999999966,-0.00509999999999966,0.00509999999999966,-0.007060000000000066,0.007060000000000066,-0.0016378214193428775,0.0016378214193428775,-0.0015865055914963122,0.0015865055914963122,-0.0029937054466691038,0.0029937054466691038,-0.009943295310550937,0.009943295310550937,-0.004292319370040154,0.004292319370040154,-0.003827731408462931,0.003827731408462931,-0.0030938853166713187,0.0030938853166713187,-0.007721649843728251,0.007721649843728251
2025-10-30,2025-10-31,4.2425,4.2543,Naive,4.2425,4.2425,4.237,4.2411599642932645,4.2441030898906735,4.244001296284182,4.2663101366670455,4.241171407604366,4.24168712083025,4.242774712767845,4.239531019074981,-0.011800000000000033,0.011800000000000033,-0.011800000000000033,0.011800000000000033,-0.01729999999999965,0.01729999999999965,-0.013140035706735276,0.013140035706735276,-0.010196910109326218,0.010196910109326218,-0.010298703715817759,0.010298703715817759,0.012010136667045757,0.012010136667045757,-0.013128592395633909,0.013128592395633909,-0.01261287916975018,0.01261287916975018,-0.01152528723215518,0.01152528723215518,-0.01476898092501866,0.01476898092501866
2025-10-31,2025-11-03,4.2543,4.2527,Naive,4.2543,4.2543,4.2408,4.243549061694489,4.249580417080925,4.253962845328467,4.252657259604486,4.257069458311494,4.250478901922513,4.256792391590766,4.255326427914253,0.0015999999999998238,0.0015999999999998238,0.0015999999999998238,0.0015999999999998238,-0.0118999999999998,0.0118999999999998,-0.009150938305510614,0.009150938305510614,-0.0031195829190746593,0.0031195829190746593,0.0012628453284673213,0.0012628453284673213,-4.2740395514329066e-05,4.2740395514329066e-05,0.0043694583114941565,0.0043694583114941565,-0.0022210980774870492,0.0022210980774870492,0.00409239159076602,0.00409239159076602,0.002626427914252716,0.002626427914252716
2025-11-03,2025-11-04,4.2527,4.2575,Naive,4.2527,4.2527,4.24428,4.245212868659127,4.254770906363601,4.25409168105768,4.265784484902159,4.25814533665935,4.2513287421703865,4.252727076596094,4.252248587251731,-0.0048000000000003595,0.0048000000000003595,-0.0048000000000003595,0.0048000000000003595,-0.013220000000000454,0.013220000000000454,-0.012287131340873003,0.012287131340873003,-0.0027290936363995044,0.0027290936363995044,-0.0034083189423199656,0.0034083189423199656,0.00828448490215905,0.00828448490215905,0.0006453366593497378,0.0006453366593497378,-0.006171257829613808,0.006171257829613808,-0.004772923403906226,0.004772923403906226,-0.005251412748269679,0.005251412748269679
2025-11-04,2025-11-05,4.2575,4.2597,Naive,4.2575,4.2575,4.24888,4.247446892539286,4.258257433233257,4.258959223079918,4.2609719685458165,4.2612176150675305,4.256650975976321,4.260954645991793,4.256742745560183,-0.0021999999999993136,0.0021999999999993136,-0.0021999999999993136,0.0021999999999993136,-0.01081999999999983,0.01081999999999983,-0.012253107460713508,0.012253107460713508,-0.0014425667667428144,0.0014425667667428144,-0.000740776920081565,0.000740776920081565,0.0012719685458169039,0.0012719685458169039,0.0015176150675308975,0.0015176150675308975,-0.0030490240236789035,0.0030490240236789035,0.0012546459917937014,0.0012546459917937014,-0.0029572544398162037,0.0029572544398162037
2025-11-05,2025-11-06,4.2597,4.2566,Naive,4.2597,4.2597,4.25334,4.249674730259415,4.261712800438446,4.261129066725324,4.268008664862933,4.2616491723174175,4.259746491719194,4.26048803769726,4.259430727144414,0.0030999999999998806,0.0030999999999998806,0.0030999999999998806,0.0030999999999998806,-0.0032600000000000406,0.0032600000000000406,-0.006925269740584383,0.006925269740584383,0.005112800438446641,0.005112800438446641,0.004529066725324604,0.004529066725324604,0.011408664862933016,0.011408664862933016,0.005049172317417749,0.005049172317417749,0.0031464917191943442,0.0031464917191943442,0.003888037697260316,0.003888037697260316,0.0028307271444143467,0.0028307271444143467
2025-11-06,2025-11-07,4.2566,4.2483,Naive,4.2566,4.2566,4.25616,4.250933870212249,4.257585069868935,4.257578304739225,4.274248334056409,4.260749975999649,4.258235297462869,4.257822795616626,4.257112633303499,0.008299999999999308,0.008299999999999308,0.008299999999999308,0.008299999999999308,0.007859999999999978,0.007859999999999978,0.002633870212248368,0.002633870212248368,0.009285069868934848,0.009285069868934848,0.009278304739224197,0.009278304739224197,0.02594833405640884,0.02594833405640884,0.012449975999648366,0.012449975999648366,0.00993529746286903,0.00993529746286903,0.009522795616625501,0.009522795616625501,0.008812633303498352,0.008812633303498352
2025-11-07,2025-11-10,4.2483,4.2351,Naive,4.2483,4.2483,4.25496,4.250454984719113,4.2477910466277535,4.247911847772396,4.2588413168919255,4.24715261605846,4.252398193053565,4.251246930707426,4.286277081669336,0.013200000000000323,0.013200000000000323,0.013200000000000323,0.013200000000000323,0.019859999999999545,0.019859999999999545,0.015354984719112785,0.015354984719112785,0.012691046627753444,0.012691046627753444,0.012811847772395524,0.012811847772395524,0.02374131689192538,0.02374131689192538,0.012052616058459975,0.012052616058459975,0.017298193053564503,0.017298193053564503,0.01614693070742579,0.01614693070742579,0.05117708166933621,0.05117708166933621
2025-11-10,2025-11-12,4.2351,4.2312,Naive,4.2351,4.2351,4.2514400000000006,4.247663169315637,4.238207946845076,4.236942720714647,4.2698191338307785,4.2394365505415745,4.243080784260534,4.239143988001279,4.233153808301639,0.0038999999999997925,0.0038999999999997925,0.0038999999999997925,0.0038999999999997925,0.020240000000000258,0.020240000000000258,0.01646316931563696,0.01646316931563696,0.007007946845075885,0.007007946845075885,0.005742720714646765,0.005742720714646765,0.038619133830778196,0.038619133830778196,0.008236550541574239,0.008236550541574239,0.011880784260533517,0.011880784260533517,0.007943988001279045,0.007943988001279045,0.0019538083016383823,0.0019538083016383823
2025-11-12,2025-11-13,4.2312,4.2304,Naive,4.2312,4.2312,4.246180000000001,4.244669865803703,4.234329634950403,4.232991605796997,4.249793508372744,4.234545513616572,4.238178409031751,4.240050340607637,4.228690812281653,0.0007999999999999119,0.0007999999999999119,0.0007999999999999119,0.0007999999999999119,0.01578000000000035,0.01578000000000035,0.014269865803703041,0.014269865803703041,0.003929634950402772,0.003929634950402772,0.0025916057969963546,0.0025916057969963546,0.019393508372743895,0.019393508372743895,0.004145513616571783,0.004145513616571783,0.007778409031750755,0.007778409031750755,0.00965034060763692,0.00965034060763692,-0.0017091877183474935,0.0017091877183474935
2025-11-13,2025-11-14,4.2304,4.2274,Naive,4.2304,4.2304,4.2403200000000005,4.242075344748485,4.231293406297533,4.231670812401576,4.246655329727917,4.230249475008606,4.23524258616161,4.226797378991421,4.229926732040471,0.0030000000000001137,0.0030000000000001137,0.0030000000000001137,0.0030000000000001137,0.012920000000000265,0.012920000000000265,0.01467534474848442,0.01467534474848442,0.0038934062975330974,0.0038934062975330974,0.004270812401575341,0.004270812401575341,0.019255329727916326,0.019255329727916326,0.002849475008606106,0.002849475008606106,0.007842586161610043,0.007842586161610043,-0.0006026210085794403,0.0006026210085794403,0.002526732040470492,0.002526732040470492
2025-11-14,2025-11-17,4.2274,4.2231,Naive,4.2274,4.2274,4.23448,4.23940710024876,4.226783841914064,4.2272670208098395,4.2187764654016515,4.227126392882033,4.231500277890736,4.2247165220382925,4.2259824453044255,0.004300000000000637,0.004300000000000637,0.004300000000000637,0.004300000000000637,0.011379999999999946,0.011379999999999946,0.016307100248760698,0.016307100248760698,0.0036838419140643452,0.0036838419140643452,0.004167020809839883,0.004167020809839883,-0.004323534598348111,0.004323534598348111,0.004026392882033214,0.004026392882033214,0.008400277890736163,0.008400277890736163,0.001616522038292878,0.001616522038292878,0.002882445304425829,0.002882445304425829
2025-11-17,2025-11-18,4.2231,4.2331,Naive,4.2231,4.2231,4.229439999999999,4.236442172930803,4.225151758441646,4.224674467342157,4.226540509396455,4.225899567560863,4.225869515669814,4.2247840230677385,4.220517968166438,-0.010000000000000675,0.010000000000000675,-0.010000000000000675,0.010000000000000675,-0.0036600000000008848,0.0036600000000008848,0.003342172930802967,0.003342172930802967,-0.007948241558354496,0.007948241558354496,-0.008425532657843071,0.008425532657843071,-0.006559490603545548,0.006559490603545548,-0.007200432439137039,0.007200432439137039,-0.007230484330186471,0.007230484330186471,-0.008315976932261826,0.008315976932261826,-0.012582031833562546,0.012582031833562546
2025-11-18,2025-11-19,4.2331,4.2424,Naive,4.2331,4.2331,4.22904,4.235834505125203,4.234148554068547,4.234864586637241,4.244805214330418,4.234907921923244,4.230557446709939,4.239015534911808,4.236655264101404,-0.009299999999999642,0.009299999999999642,-0.009299999999999642,0.009299999999999642,-0.013359999999999594,0.013359999999999594,-0.006565494874797295,0.006565494874797295,-0.008251445931453105,0.008251445931453105,-0.00753541336275898,0.00753541336275898,0.0024052143304178486,0.0024052143304178486,-0.0074920780767557815,0.0074920780767557815,-0.011842553290060565,0.011842553290060565,-0.0033844650881915683,0.0033844650881915683,-0.005744735898596254,0.005744735898596254
2025-11-19,2025-11-20,4.2424,4.2289,Naive,4.2424,4.2424,4.23128,4.237028231466074,4.244623715073842,4.244069760320323,4.266908588883952,4.240667937549963,4.237980144626918,4.243095019857612,4.246965781996777,0.013499999999999623,0.013499999999999623,0.013499999999999623,0.013499999999999623,0.0023799999999996047,0.0023799999999996047,0.008128231466073998,0.008128231466073998,0.015723715073841404,0.015723715073841404,0.015169760320322467,0.015169760320322467,0.038008588883951866,0.038008588883951866,0.011767937549962859,0.011767937549962859,0.00908014462691753,0.00908014462691753,0.014195019857611513,0.014195019857611513,0.018065781996776664,0.018065781996776664
2025-11-20,2025-11-21,4.2289,4.2489,Naive,4.2289,4.2289,4.230980000000001,4.235550371199516,4.230852770181383,4.230286604523135,4.24683972074386,4.227102029273109,4.230610357732428,4.224861930155689,4.223068252119993,-0.019999999999999574,0.019999999999999574,-0.019999999999999574,0.019999999999999574,-0.01791999999999927,0.01791999999999927,-0.013349628800483515,0.013349628800483515,-0.018047229818616728,0.018047229818616728,-0.018613395476864802,0.018613395476864802,-0.002060279256140163,0.002060279256140163,-0.021797970726891158,0.021797970726891158,-0.018289642267571793,0.018289642267571793,-0.024038069844310783,0.024038069844310783,-0.025831747880006972,0.025831747880006972
2025-11-21,2025-11-24,4.2489,4.2345,Naive,4.2489,4.2489,4.23528,4.237977576435967,4.2494315846730375,4.248619562725313,4.259210823724871,4.244895669000809,4.242997956809073,4.251033990886574,4.2494095433949655,0.01440000000000019,0.01440000000000019,0.01440000000000019,0.01440000000000019,0.000780000000000669,0.000780000000000669,0.0034775764359675776,0.0034775764359675776,0.01493158467303779,0.01493158467303779,0.01411956272531345,0.01411956272531345,0.02471082372487121,0.02471082372487121,0.010395669000809349,0.010395669000809349,0.00849795680907306,0.00849795680907306,0.01653399088657448,0.01653399088657448,0.014909543394965752,0.014909543394965752
2025-11-24,2025-11-25,4.2345,4.2301,Naive,4.2345,4.2345,4.23756,4.237345289811246,4.236693223545651,4.236052337949843,4.2374326404971985,4.237724745906774,4.237340321311195,4.236816473558658,4.242434914693867,0.004399999999999515,0.004399999999999515,0.004399999999999515,0.004399999999999515,0.007460000000000022,0.007460000000000022,0.007245289811245392,0.007245289811245392,0.00659322354565095,0.00659322354565095,0.005952337949842956,0.005952337949842956,0.007332640497198284,0.007332640497198284,0.0076247459067735335,0.0076247459067735335,0.007240321311194897,0.007240321311194897,0.006716473558658009,0.006716473558658009,0.012334914693866494,0.012334914693866494
2025-11-25,2025-11-26,4.2301,4.233,Naive,4.2301,4.2301,4.236960000000001,4.236027964391019,4.232133338675225,4.231893077825794,4.2431792866239615,4.229817923710198,4.23365270978439,4.226311962989069,4.22926433086065,-0.0028999999999994586,0.0028999999999994586,-0.0028999999999994586,0.0028999999999994586,0.003960000000001074,0.003960000000001074,0.0030279643910189336,0.0030279643910189336,-0.0008666613247747534,0.0008666613247747534,-0.0011069221742054935,0.0011069221742054935,0.010179286623961836,0.010179286623961836,-0.0031820762898018273,0.0031820762898018273,0.0006527097843900265,0.0006527097843900265,-0.006688037010930792,0.006688037010930792,-0.003735669139349973,0.003735669139349973
2025-11-26,2025-11-27,4.233,4.227,Naive,4.233,4.233,4.235079999999999,4.235477425410833,4.236481003533721,4.234661191764337,4.251556273892849,4.236879237045959,4.234711505559523,4.238301991331618,4.230658980716853,0.005999999999999339,0.005999999999999339,0.005999999999999339,0.005999999999999339,0.008079999999998755,0.008079999999998755,0.00847742541083285,0.00847742541083285,0.009481003533720944,0.009481003533720944,0.00766119176433655,0.00766119176433655,0.024556273892848424,0.024556273892848424,0.009879237045958611,0.009879237045958611,0.007711505559522713,0.007711505559522713,0.011301991331617245,0.011301991331617245,0.0036589807168523336,0.0036589807168523336
2025-11-27,2025-11-28,4.227,4.2369,Naive,4.227,4.227,4.234699999999999,4.233936075336136,4.226907781708713,4.2282103653958645,4.2421426698686915,4.227029053834115,4.230424839584868,4.225217844555988,4.226662756560213,-0.00990000000000002,0.00990000000000002,-0.00990000000000002,0.00990000000000002,-0.00220000000000109,0.00220000000000109,-0.0029639246638639705,0.0029639246638639705,-0.009992218291287713,0.009992218291287713,-0.008689634604135854,0.008689634604135854,0.005242669868691152,0.005242669868691152,-0.009870946165885464,0.009870946165885464,-0.006475160415132741,0.006475160415132741,-0.011682155444012743,0.011682155444012743,-0.010237243439787491,0.010237243439787491
2025-11-28,2025-12-01,4.2369,4.2286,Naive,4.2369,4.2369,4.2323,4.234474970729566,4.23204098417597,4.236312371601893,4.205681336895103,4.237054699953222,4.234955231201312,4.239090777813043,4.231537227138303,0.008300000000000196,0.008300000000000196,0.008300000000000196,0.008300000000000196,0.0037000000000002586,0.0037000000000002586,0.005874970729565554,0.005874970729565554,0.003440984175969497,0.003440984175969497,0.0077123716018929755,0.0077123716018929755,-0.022918663104896986,0.022918663104896986,0.008454699953222011,0.008454699953222011,0.00635523120131154,0.00635523120131154,0.010490777813043195,0.010490777813043195,0.0029372271383030224,0.0029372271383030224
2025-12-01,2025-12-02,4.2286,4.239,Naive,4.2286,4.2286,4.23112,4.2334067942332805,4.229527890985245,4.22976255416595,4.243652654976492,4.226855816620612,4.229589268427287,4.222924797194896,4.2295718925920855,-0.010399999999999743,0.010399999999999743,-0.010399999999999743,0.010399999999999743,-0.00788000000000011,0.00788000000000011,-0.0055932057667194,0.0055932057667194,-0.009472109014755148,0.009472109014755148,-0.009237445834050284,0.009237445834050284,0.00465265497649181,0.00465265497649181,-0.012144183379388274,0.012144183379388274,-0.00941073157271255,0.00941073157271255,-0.016075202805104105,0.016075202805104105,-0.009428107407914332,0.009428107407914332
2025-12-02,2025-12-03,4.239,4.2312,Naive,4.239,4.239,4.2329,4.23442374073632,4.238416141901844,4.240246713756216,4.252378409029508,4.237497319624541,4.236430229594644,4.2430910060574,4.232420796082029,0.007799999999999585,0.007799999999999585,0.007799999999999585,0.007799999999999585,0.0016999999999995907,0.0016999999999995907,0.0032237407363195913,0.0032237407363195913,0.00721614190184372,0.00721614190184372,0.009046713756215574,0.009046713756215574,0.02117840902950796,0.02117840902950796,0.006297319624541053,0.006297319624541053,0.005230229594643809,0.005230229594643809,0.011891006057399345,0.011891006057399345,0.0012207960820287411,0.0012207960820287411
2025-12-03,2025-12-04,4.2312,4.2299,Naive,4.2312,4.2312,4.23254,4.233837606056989,4.23323636495634,4.232638624746458,4.242339584736179,4.232977343030495,4.2320779198213945,4.235306437866307,4.233686494642089,0.001300000000000523,0.001300000000000523,0.001300000000000523,0.001300000000000523,0.00264000000000042,0.00264000000000042,0.003937606056989118,0.003937606056989118,0.0033363649563398212,0.0033363649563398212,0.0027386247464580293,0.0027386247464580293,0.012439584736179121,0.012439584736179121,0.0030773430304948945,0.0030773430304948945,0.0021779198213947026,0.0021779198213947026,0.005406437866307456,0.005406437866307456,0.003786494642088911,0.003786494642088911
2025-12-04,2025-12-05,4.2299,4.2321,Naive,4.2299,4.2299,4.23312,4.23312167768299,4.230911499487659,4.230906504053826,4.245811361683608,4.2294971324777615,4.231106094829678,4.225014715384371,4.2298899121001226,-0.002200000000000202,0.002200000000000202,-0.002200000000000202,0.002200000000000202,0.001020000000000465,0.001020000000000465,0.0010216776829903296,0.0010216776829903296,-0.0011885005123408732,0.0011885005123408732,-0.0011934959461736838,0.0011934959461736838,0.013711361683608203,0.013711361683608203,-0.0026028675222384834,0.0026028675222384834,-0.0009939051703220514,0.0009939051703220514,-0.007085284615628851,0.007085284615628851,-0.002210087899877422,0.002210087899877422
2025-12-05,2025-12-08,4.2321,4.2289,Naive,4.2321,4.2321,4.23216,4.232935918104264,4.231515539830775,4.231550537646068,4.248292238076661,4.235413072412818,4.231752903345816,4.236930359186678,4.2308496766594015,0.0031999999999996476,0.0031999999999996476,0.0031999999999996476,0.0031999999999996476,0.0032600000000000406,0.0032600000000000406,0.004035918104263736,0.004035918104263736,0.0026155398307743383,0.0026155398307743383,0.0026505376460672636,0.0026505376460672636,0.019392238076660462,0.019392238076660462,0.006513072412817955,0.006513072412817955,0.0028529033458157826,0.0028529033458157826,0.008030359186677494,0.008030359186677494,0.001949676659401156,0.001949676659401156
2025-12-08,2025-12-09,4.2289,4.234,Naive,4.2289,4.2289,4.23222,4.23220211481258,4.2311888643046105,4.230191827635126,4.215747163261169,4.227126482420115,4.230020099333924,4.224801130310611,4.231031875312496,-0.00509999999999966,0.00509999999999966,-0.00509999999999966,0.00509999999999966,-0.0017800000000001148,0.0017800000000001148,-0.0017978851874200785,0.0017978851874200785,-0.0028111356953894884,0.0028111356953894884,-0.003808172364873741,0.003808172364873741,-0.018252836738830602,0.018252836738830602,-0.006873517579885302,0.006873517579885302,-0.003979900666076119,0.003979900666076119,-0.009198869689388545,0.009198869689388545,-0.002968124687503959,0.002968124687503959
2025-12-09,2025-12-10,4.234,4.2274,Naive,4.234,4.234,4.23122,4.232529003028475,4.234806802220156,4.235357220327602,4.245467748474769,4.235989039927744,4.232656080696644,4.238365822219092,4.2326549496371255,0.006599999999999717,0.006599999999999717,0.006599999999999717,0.006599999999999717,0.0038200000000001566,0.0038200000000001566,0.005129003028474521,0.005129003028474521,0.007406802220155662,0.007406802220155662,0.00795722032760171,0.00795722032760171,0.018067748474768663,0.018067748474768663,0.008589039927743514,0.008589039927743514,0.005256080696643295,0.005256080696643295,0.010965822219091592,0.010965822219091592,0.00525494963712525,0.00525494963712525
2025-12-10,2025-12-11,4.2274,4.2284,Naive,4.2274,4.2274,4.230460000000001,4.231596457023297,4.229742788077091,4.228828603096952,4.236488145768456,4.226307252434661,4.228051352386489,4.2231459363382235,4.2322810415479655,-0.0009999999999994458,0.0009999999999994458,-0.0009999999999994458,0.0009999999999994458,0.002060000000001061,0.002060000000001061,0.0031964570232974054,0.0031964570232974054,0.0013427880770908729,0.0013427880770908729,0.0004286030969522514,0.0004286030969522514,0.008088145768455846,0.008088145768455846,-0.002092747565338726,0.002092747565338726,-0.000348647613511055,0.000348647613511055,-0.005254063661776165,0.005254063661776165,0.003881041547965758,0.003881041547965758
2025-12-11,2025-12-12,4.2284,4.2271,Naive,4.2284,4.2284,4.23016,4.231015283019061,4.229138381196338,4.229325831992661,4.246776424829245,4.226008754215496,4.227532190468934,4.224257282726571,4.2286833104922685,0.0012999999999996348,0.0012999999999996348,0.0012999999999996348,0.0012999999999996348,0.0030599999999996186,0.0030599999999996186,0.003915283019060745,0.003915283019060745,0.002038381196338257,0.002038381196338257,0.0022258319926606873,0.0022258319926606873,0.019676424829245143,0.019676424829245143,-0.0010912457845044798,0.0010912457845044798,0.0004321904689339462,0.0004321904689339462,-0.0028427172734293293,0.0028427172734293293,0.0015833104922684527,0.0015833104922684527
2025-12-12,2025-12-15,4.2271,4.2192,Naive,4.2271,4.2271,4.22916,4.230303413379231,4.226635774392345,4.226572925531936,4.229913642526446,4.225796805834045,4.226478566375367,4.223862804607346,4.228742600614345,0.00790000000000024,0.00790000000000024,0.00790000000000024,0.00790000000000024,0.009960000000000413,0.009960000000000413,0.011103413379231597,0.011103413379231597,0.007435774392344996,0.007435774392344996,0.0073729255319365805,0.0073729255319365805,0.010713642526446243,0.010713642526446243,0.006596805834044872,0.006596805834044872,0.00727856637536739,0.00727856637536739,0.004662804607345805,0.004662804607345805,0.009542600614345531,0.009542600614345531
2025-12-15,2025-12-16,4.2192,4.2239,Naive,4.2192,4.2192,4.22722,4.228284610946644,4.220109254182779,4.22052068120253,4.220396971348009,4.224109863057901,4.2215962007455765,4.222922848531905,4.22851823413862,-0.004700000000000593,0.004700000000000593,-0.004700000000000593,0.004700000000000593,0.0033199999999995455,0.0033199999999995455,0.004384610946643441,0.004384610946643441,-0.003790745817221719,0.003790745817221719,-0.003379318797469999,0.003379318797469999,-0.003503028651991258,0.003503028651991258,0.00020986305790060555,0.00020986305790060555,-0.0023037992544239216,0.0023037992544239216,-0.0009771514680956273,0.0009771514680956273,0.004618234138619393,0.004618234138619393
2025-12-16,2025-12-17,4.2239,4.2149,Naive,4.2239,4.2239,4.2252,4.227487408956345,4.225371318413761,4.225336767519031,4.238552438046053,4.225452015909375,4.222512575575771,4.225408611799793,4.22129177711102,0.009000000000000341,0.009000000000000341,0.009000000000000341,0.009000000000000341,0.010299999999999976,0.010299999999999976,0.012587408956345136,0.012587408956345136,0.010471318413761033,0.010471318413761033,0.010436767519030887,0.010436767519030887,0.023652438046052993,0.023652438046052993,0.010552015909374823,0.010552015909374823,0.007612575575770997,0.007612575575770997,0.010508611799792789,0.010508611799792789,0.006391777111019792,0.006391777111019792
2025-12-17,2025-12-18,4.2149,4.2076,Naive,4.2149,4.2149,4.222700000000001,4.2251987891461,4.217047451617337,4.216548351018667,4.229617692039615,4.216349284473719,4.216545120738201,4.214107459274192,4.218649596608976,0.007299999999999862,0.007299999999999862,0.007299999999999862,0.007299999999999862,0.015100000000000335,0.015100000000000335,0.017598789146100025,0.017598789146100025,0.009447451617337066,0.009447451617337066,0.008948351018666756,0.008948351018666756,0.0220176920396149,0.0220176920396149,0.008749284473719143,0.008749284473719143,0.00894512073820053,0.00894512073820053,0.006507459274192051,0.006507459274192051,0.01104959660897542,0.01104959660897542
2025-12-18,2025-12-19,4.2076,4.2094,Naive,4.2076,4.2076,4.21854,4.221999009301355,4.208742219996188,4.208786431492671,4.232122310719136,4.204167325658701,4.2096497612525745,4.2026680220445645,4.212286590597862,-0.0017999999999993577,0.0017999999999993577,-0.0017999999999993577,0.0017999999999993577,0.00914000000000037,0.00914000000000037,0.012599009301355046,0.012599009301355046,-0.0006577800038112258,0.0006577800038112258,-0.0006135685073287434,0.0006135685073287434,0.02272231071913655,0.02272231071913655,-0.005232674341298704,0.005232674341298704,0.00024976125257492043,0.00024976125257492043,-0.00673197795543512,0.00673197795543512,0.0028865905978623374,0.0028865905978623374
2025-12-19,2025-12-22,4.2094,4.2115,Naive,4.2094,4.2094,4.215000000000001,4.219708280337471,4.2097662767218225,4.2091040596858855,4.220064705548175,4.205862263079958,4.208489952550881,4.203649770119656,4.206006148107332,-0.002100000000000435,0.002100000000000435,-0.002100000000000435,0.002100000000000435,0.0035000000000007248,0.0035000000000007248,0.00820828033747123,0.00820828033747123,-0.001733723278177557,0.001733723278177557,-0.0023959403141144975,0.0023959403141144975,0.008564705548175233,0.008564705548175233,-0.005637736920042435,0.005637736920042435,-0.0030100474491190354,0.0030100474491190354,-0.00785022988034445,0.00785022988034445,-0.005493851892667934,0.005493851892667934
2025-12-22,2025-12-23,4.2115,4.2274,Naive,4.2115,4.2115,4.21346,4.218215865730658,4.212270907883458,4.21284434926502,4.196210962796461,4.211935239341181,4.2100677562379225,4.210444187483416,4.208116889508852,-0.015900000000000247,0.015900000000000247,-0.015900000000000247,0.015900000000000247,-0.013939999999999841,0.013939999999999841,-0.009184134269342614,0.009184134269342614,-0.015129092116541898,0.015129092116541898,-0.014555650734980219,0.014555650734980219,-0.03118903720353927,0.03118903720353927,-0.015464760658819188,0.015464760658819188,-0.01733224376207776,0.01733224376207776,-0.016955812516584068,0.016955812516584068,-0.019283110491148392,0.019283110491148392
2025-12-23,2025-12-29,4.2274,4.2274,Naive,4.2274,4.2274,4.21416,4.219885708325084,4.227797288667426,4.228252211371151,3.893504070303752,4.224374301050156,4.221061352707327,4.225557293055249,4.2203840965740635,0.0,0.0,0.0,0.0,-0.013240000000000585,0.013240000000000585,-0.007514291674916684,0.007514291674916684,0.0003972886674254994,0.0003972886674254994,0.0008522113711508794,0.0008522113711508794,-0.3338959296962485,0.3338959296962485,-0.003025698949843836,0.003025698949843836,-0.006338647292673194,0.006338647292673194,-0.0018427069447515265,0.0018427069447515265,-0.00701590342593672,0.00701590342593672
2025-12-29,2025-12-30,4.2274,4.2293,Naive,4.2274,4.2274,4.21666,4.221251943175068,4.228247148662199,4.228603478304297,4.225913994572275,4.225767036917003,4.222708036309574,4.224373402741281,4.228135433665694,-0.0019000000000000128,0.0019000000000000128,-0.0019000000000000128,0.0019000000000000128,-0.012640000000000207,0.012640000000000207,-0.008048056824931926,0.008048056824931926,-0.0010528513378016413,0.0010528513378016413,-0.0006965216957031117,0.0006965216957031117,-0.0033860054277257134,0.0033860054277257134,-0.0035329630829972203,0.0035329630829972203,-0.006591963690426361,0.006591963690426361,-0.004926597258719134,0.004926597258719134,-0.0011645663343058388,0.0011645663343058388
2025-12-30,2025-12-31,4.2293,4.2267,Naive,4.2293,4.2293,4.221,4.222715226234147,4.230236136611541,4.230691205304999,4.239293075513947,4.2262189857437,4.225017810857342,4.224373402741281,4.228418358705459,0.0026000000000001577,0.0026000000000001577,0.0026000000000001577,0.0026000000000001577,-0.005700000000000038,0.005700000000000038,-0.003984773765853156,0.003984773765853156,0.003536136611541174,0.003536136611541174,0.003991205304998857,0.003991205304998857,0.01259307551394695,0.01259307551394695,-0.00048101425629987205,0.00048101425629987205,-0.0016821891426577196,0.0016821891426577196,-0.0023265972587189765,0.0023265972587189765,0.0017183587054585558,0.0017183587054585558
2025-12-31,2026-01-02,4.2267,4.2156,Naive,4.2267,4.2267,4.2244600000000005,4.223439730555211,4.2314131255221,4.228061671882878,4.282833643299593,4.2257300780573255,4.22446670720306,4.2242442296098615,4.226595261683265,0.011099999999999888,0.011099999999999888,0.011099999999999888,0.011099999999999888,0.008860000000000312,0.008860000000000312,0.0078397305552107,0.0078397305552107,0.015813125522099902,0.015813125522099902,0.01246167188287739,0.01246167188287739,0.06723364329959303,0.06723364329959303,0.010130078057325242,0.010130078057325242,0.008866707203059931,0.008866707203059931,0.00864422960986122,0.00864422960986122,0.010995261683264701,0.010995261683264701
2026-01-02,2026-01-05,4.2156,4.211,Naive,4.2156,4.2156,4.225280000000001,4.2220143249997175,4.215044617424876,4.215160116079229,4.20480962384012,4.216881698346334,4.217595481361435,4.21372561037818,4.215000416893782,0.0045999999999999375,0.0045999999999999375,0.0045999999999999375,0.0045999999999999375,0.014280000000000292,0.014280000000000292,0.011014324999717218,0.011014324999717218,0.004044617424876051,0.004044617424876051,0.004160116079228615,0.004160116079228615,-0.006190376159880273,0.006190376159880273,0.005881698346334119,0.005881698346334119,0.006595481361435063,0.006595481361435063,0.0027256103781798657,0.0027256103781798657,0.004000416893781278,0.004000416893781278
2026-01-05,2026-01-07,4.211,4.2105,Naive,4.211,4.211,4.222,4.220011720454314,4.214182340246971,4.2125929281547005,4.385639599467489,4.209410260403588,4.212449803249116,4.210136098435776,4.209846462868349,0.0005000000000006111,0.0005000000000006111,0.0005000000000006111,0.0005000000000006111,0.011500000000000732,0.011500000000000732,0.009511720454314698,0.009511720454314698,0.0036823402469714495,0.0036823402469714495,0.002092928154700857,0.002092928154700857,0.17513959946748958,0.17513959946748958,-0.0010897395964120093,0.0010897395964120093,0.001949803249116755,0.001949803249116755,-0.00036390156422339004,0.00036390156422339004,-0.0006535371316509497,0.0006535371316509497
2026-01-07,2026-01-08,4.2105,4.2119,Naive,4.2105,4.2105,4.21862,4.218282316735348,4.212783219132462,4.212027796458312,4.21554055094337,4.208545319750171,4.2101890787747145,4.210533929960929,4.210549988051121,-0.00140000000000029,0.00140000000000029,-0.00140000000000029,0.00140000000000029,0.006719999999999615,0.006719999999999615,0.006382316735347615,0.006382316735347615,0.000883219132462365,0.000883219132462365,0.00012779645831173525,0.00012779645831173525,0.0036405509433699024,0.0036405509433699024,-0.0033546802498287676,0.0033546802498287676,-0.0017109212252854888,0.0017109212252854888,-0.0013660700390714098,0.0013660700390714098,-0.0013500119488787377,0.0013500119488787377
2026-01-08,2026-01-09,4.2119,4.2127,Naive,4.2119,4.2119,4.21514,4.217121895510738,4.212363552585025,4.212824302246019,4.227644220276888,4.2128408133521456,4.210583928989737,4.2146265574249755,4.2101845945679806,-0.0007999999999999119,0.0007999999999999119,-0.0007999999999999119,0.0007999999999999119,0.0024399999999999977,0.0024399999999999977,0.0044218955107382385,0.0044218955107382385,-0.0003364474149751828,0.0003364474149751828,0.0001243022460188925,0.0001243022460188925,0.014944220276888132,0.014944220276888132,0.00014081335214566337,0.00014081335214566337,-0.0021160710102625657,0.0021160710102625657,0.0019265574249756057,0.0019265574249756057,-0.0025154054320193353,0.0025154054320193353
2026-01-09,2026-01-12,4.2127,4.2097,Naive,4.2127,4.2127,4.21234,4.216317914508785,4.211076925173252,4.212104730413507,4.222954397739916,4.2133495918599335,4.211274069664621,4.214121735145717,4.2119614670244525,0.0030000000000001137,0.0030000000000001137,0.0030000000000001137,0.0030000000000001137,0.00264000000000042,0.00264000000000042,0.006617914508785461,0.006617914508785461,0.0013769251732522747,0.0013769251732522747,0.0024047304135068615,0.0024047304135068615,0.013254397739916435,0.013254397739916435,0.003649591859933743,0.003649591859933743,0.0015740696646213692,0.0015740696646213692,0.00442173514571742,0.00442173514571742,0.0022614670244527346,0.0022614670244527346
2026-01-12,2026-01-13,4.2097,4.2116,Naive,4.2097,4.2097,4.21116,4.215114657325369,4.210249244089529,4.210810395081499,4.198551422101602,4.208432439172172,4.208483974856162,4.210136098435776,4.208340606266252,-0.0019000000000000128,0.0019000000000000128,-0.0019000000000000128,0.0019000000000000128,-0.000440000000000218,0.000440000000000218,0.0035146573253692637,0.0035146573253692637,-0.0013507559104706246,0.0013507559104706246,-0.0007896049185012188,0.0007896049185012188,-0.013048577898397973,0.013048577898397973,-0.0031675608278280976,0.0031675608278280976,-0.0031160251438375752,0.0031160251438375752,-0.001463901564223491,0.001463901564223491,-0.0032593937337477286,0.0032593937337477286
2026-01-13,2026-01-14,4.2116,4.211,Naive,4.2116,4.2116,4.21128,4.214475628720756,4.211578527310116,4.212956792290618,4.211676680275744,4.211748687307672,4.209690234804081,4.214654403979577,4.211048038224509,0.0005999999999994898,0.0005999999999994898,0.0005999999999994898,0.0005999999999994898,0.000280000000000058,0.000280000000000058,0.0034756287207553527,0.0034756287207553527,0.0005785273101155397,0.0005785273101155397,0.001956792290617848,0.001956792290617848,0.0006766802757436352,0.0006766802757436352,0.0007486873076718581,0.0007486873076718581,-0.001309765195919077,0.001309765195919077,0.003654403979576948,0.003654403979576948,4.8038224508495375e-05,4.8038224508495375e-05
2026-01-14,2026-01-15,4.211,4.2068,Naive,4.211,4.211,4.21138,4.213843696226073,4.212850803544826,4.212499196475874,4.193241971013492,4.208729269825048,4.209541322649431,4.210533929960929,4.21032188491866,0.0041999999999999815,0.0041999999999999815,0.0041999999999999815,0.0041999999999999815,0.0045799999999998064,0.0045799999999998064,0.007043696226072704,0.007043696226072704,0.006050803544825456,0.006050803544825456,0.005699196475873691,0.005699196475873691,-0.013558028986508042,0.013558028986508042,0.001929269825047264,0.001929269825047264,0.002741322649431055,0.002741322649431055,0.0037339299609282506,0.0037339299609282506,0.003521884918659346,0.003521884918659346
2026-01-15,2026-01-16,4.2068,4.2192,Naive,4.2068,4.2068,4.21036,4.212563024184968,4.208151103528025,4.207861531397565,4.225983556190039,4.203488012781462,4.206043238273076,4.203758229891165,4.205337148604736,-0.012399999999999523,0.012399999999999523,-0.012399999999999523,0.012399999999999523,-0.008840000000000181,0.008840000000000181,-0.006636975815031754,0.006636975815031754,-0.0110488964719746,0.0110488964719746,-0.011338468602434482,0.011338468602434482,0.0067835561900393415,0.0067835561900393415,-0.015711987218537615,0.015711987218537615,-0.013156761726923705,0.013156761726923705,-0.015441770108834518,0.015441770108834518,-0.013862851395264109,0.013862851395264109
2026-01-16,2026-01-19,4.2192,4.2231,Naive,4.2192,4.2192,4.21166,4.213769747060429,4.218838990968703,4.218698833373456,4.224807694832298,4.221071934449857,4.215409916730445,4.224747234212621,4.21909615404155,-0.0038999999999997925,0.0038999999999997925,-0.0038999999999997925,0.0038999999999997925,-0.01143999999999945,0.01143999999999945,-0.009330252939570904,0.009330252939570904,-0.004261009031296226,0.004261009031296226,-0.004401166626543329,0.004401166626543329,0.0017076948322980456,0.0017076948322980456,-0.002028065550142344,0.002028065550142344,-0.007690083269555004,0.007690083269555004,0.0016472342126210293,0.0016472342126210293,-0.004003845958449936,0.004003845958449936
2026-01-19,2026-01-20,4.2231,4.2279,Naive,4.2231,4.2231,4.21434,4.215466156685805,4.224277191356775,4.224220869705217,4.2088721413540995,4.225259184623548,4.219430168898804,4.224240542561819,4.22145455002635,-0.0048000000000003595,0.0048000000000003595,-0.0048000000000003595,0.0048000000000003595,-0.013560000000000016,0.013560000000000016,-0.012433843314195059,0.012433843314195059,-0.0036228086432252837,0.0036228086432252837,-0.0036791302947829507,0.0036791302947829507,-0.01902785864590051,0.01902785864590051,-0.0026408153764521103,0.0026408153764521103,-0.008469831101195702,0.008469831101195702,-0.0036594574381814127,0.0036594574381814127,-0.006445449973649708,0.006445449973649708
2026-01-20,2026-01-21,4.2279,4.2271,Naive,4.2279,4.2279,4.2176,4.217726855470204,4.228630609068384,4.229152304267372,4.2489398103393174,4.225523250902912,4.222363664557131,4.225341954380514,4.22958921107174,0.0007999999999999119,0.0007999999999999119,0.0007999999999999119,0.0007999999999999119,-0.009500000000000064,0.009500000000000064,-0.009373144529796207,0.009373144529796207,0.0015306090683839813,0.0015306090683839813,0.0020523042673721292,0.0020523042673721292,0.021839810339317367,0.021839810339317367,-0.0015767490970883813,0.0015767490970883813,-0.004736335442869333,0.004736335442869333,-0.0017580456194856708,0.0017580456194856708,0.0024892110717402716,0.0024892110717402716
2026-01-21,2026-01-22,4.2271,4.2128,Naive,4.2271,4.2271,4.220820000000001,4.21943106356653,4.228870511267287,4.228346161515019,4.212918876948329,4.225638463146539,4.223574632743812,4.2244631452187935,4.227701921628433,0.014300000000000423,0.014300000000000423,0.014300000000000423,0.014300000000000423,0.008020000000001026,0.008020000000001026,0.006631063566530315,0.006631063566530315,0.016070511267287202,0.016070511267287202,0.01554616151501964,0.01554616151501964,0.00011887694832957152,0.00011887694832957152,0.012838463146539247,0.012838463146539247,0.010774632743812518,0.010774632743812518,0.011663145218793858,0.011663145218793858,0.014901921628433179,0.014901921628433179
2026-01-22,2026-01-23,4.2128,4.205,Naive,4.2128,4.2128,4.22202,4.218225415645343,4.213693204210812,4.213717912713929,4.219298808681254,4.214804768516715,4.215145948157844,4.2137167722223134,4.208226826925548,0.007799999999999585,0.007799999999999585,0.007799999999999585,0.007799999999999585,0.01701999999999959,0.01701999999999959,0.013225415645343297,0.013225415645343297,0.008693204210811878,0.008693204210811878,0.008717912713929188,0.008717912713929188,0.01429880868125366,0.01429880868125366,0.009804768516715079,0.009804768516715079,0.010145948157844309,0.010145948157844309,0.008716772222313374,0.008716772222313374,0.0032268269255482096,0.0032268269255482096
2026-01-23,2026-01-26,4.205,4.2118,Naive,4.205,4.205,4.21918,4.215820794618916,4.20463862803015,4.204612483274156,4.1881040138032795,4.203767011512245,4.207489316552042,4.202360075439912,4.2035061948928725,-0.006800000000000139,0.006800000000000139,-0.006800000000000139,0.006800000000000139,0.007379999999999498,0.007379999999999498,0.004020794618916135,0.004020794618916135,-0.00716137196985045,0.00716137196985045,-0.0071875167258443895,0.0071875167258443895,-0.023695986196720753,0.023695986196720753,-0.0080329884877548,0.0080329884877548,-0.004310683447958041,0.004310683447958041,-0.009439924560088464,0.009439924560088464,-0.008293805107127739,0.008293805107127739
2026-01-26,2026-01-27,4.2118,4.2032,Naive,4.2118,4.2118,4.21692,4.21508974105184,4.213315604838294,4.212973252638923,4.1637378298928525,4.21211674537837,4.2100824610681284,4.215667542338164,4.214190339752323,0.008600000000000385,0.008600000000000385,0.008600000000000385,0.008600000000000385,0.013720000000000176,0.013720000000000176,0.011889741051840375,0.011889741051840375,0.01011560483829399,0.01011560483829399,0.009773252638923147,0.009773252638923147,-0.039462170107147365,0.039462170107147365,0.00891674537836984,0.00891674537836984,0.00688246106812862,0.00688246106812862,0.012467542338164606,0.012467542338164606,0.010990339752322775,0.010990339752322775
2026-01-27,2026-01-28,4.2032,4.2009,Naive,4.2032,4.2032,4.2119800000000005,4.212927969951505,4.203373346101308,4.20471671457298,4.214477803125835,4.203537658247263,4.20424530453641,4.202564957082695,4.198436046585227,0.0022999999999999687,0.0022999999999999687,0.0022999999999999687,0.0022999999999999687,0.011080000000000645,0.011080000000000645,0.012027969951505568,0.012027969951505568,0.002473346101307783,0.002473346101307783,0.00381671457297994,0.00381671457297994,0.013577803125834897,0.013577803125834897,0.0026376582472629195,0.0026376582472629195,0.003345304536409799,0.003345304536409799,0.0016649570826947624,0.0016649570826947624,-0.0024639534147725684,0.0024639534147725684
2026-01-28,2026-01-29,4.2009,4.2072,Naive,4.2009,4.2009,4.206739999999999,4.210741066323958,4.202994042729644,4.202424453998617,4.194565806013302,4.200663003370064,4.200809969387832,4.201557710167177,4.201297218302104,-0.006300000000000416,0.006300000000000416,-0.006300000000000416,0.006300000000000416,-0.0004600000000012372,0.0004600000000012372,0.0035410663239581197,0.0035410663239581197,-0.004205957270356109,0.004205957270356109,-0.004775546001383191,0.004775546001383191,-0.012634193986698072,0.012634193986698072,-0.0065369966299364535,0.0065369966299364535,-0.006390030612168474,0.006390030612168474,-0.005642289832823444,0.005642289832823444,-0.0059027816978964864,0.0059027816978964864
2026-01-29,2026-01-30,4.2072,4.2131,Naive,4.2072,4.2072,4.205620000000001,4.210097236083239,4.207698276546185,4.208118442533678,4.23099718345653,4.202568218502592,4.2036807035948875,4.205100331053368,4.205718337386226,-0.005899999999999572,0.005899999999999572,-0.005899999999999572,0.005899999999999572,-0.007479999999999265,0.007479999999999265,-0.0030027639167604647,0.0030027639167604647,-0.005401723453815066,0.005401723453815066,-0.004981557466321895,0.004981557466321895,0.017897183456530463,0.017897183456530463,-0.010531781497407522,0.010531781497407522,-0.009419296405112298,0.009419296405112298,-0.007999668946632177,0.007999668946632177,-0.007381662613774154,0.007381662613774154
2026-01-30,2026-02-02,4.2131,4.2106,Naive,4.2131,4.2131,4.2072400000000005,4.210643193159013,4.209544684866958,4.212568571352833,4.182114222916498,4.212669422358712,4.209232968064033,4.215134873504304,4.214324355116612,0.0024999999999995026,0.0024999999999995026,0.0024999999999995026,0.0024999999999995026,-0.0033599999999998076,0.0033599999999998076,4.31931590130219e-05,4.31931590130219e-05,-0.001055315133042356,0.001055315133042356,0.001968571352832349,0.001968571352832349,-0.028485777083502306,0.028485777083502306,0.002069422358711215,0.002069422358711215,-0.0013670319359677663,0.0013670319359677663,0.004534873504304038,0.004534873504304038,0.003724355116611733,0.003724355116611733
2026-02-02,2026-02-03,4.2106,4.2198,Naive,4.2106,4.2106,4.206999999999999,4.210635339857374,4.212146901833497,4.21186158736109,4.20035498612748,4.208628489651358,4.208040261057999,4.210136098435776,4.20934196584179,-0.009199999999999875,0.009199999999999875,-0.009199999999999875,0.009199999999999875,-0.012800000000001255,0.012800000000001255,-0.009164660142626069,0.009164660142626069,-0.007653098166502836,0.007653098166502836,-0.00793841263890993,0.00793841263890993,-0.019445013872520178,0.019445013872520178,-0.0111715103486425,0.0111715103486425,-0.011759738942001441,0.011759738942001441,-0.00966390156422392,0.00966390156422392,-0.010458034158210339,0.010458034158210339
2026-02-03,2026-02-04,4.2198,4.2241,Naive,4.2198,4.2198,4.21032,4.212301641701488,4.220660592293127,4.2212448880699664,4.232871865306912,4.222227192566027,4.216361871177463,4.224530935995626,4.22122400185035,-0.0042999999999997485,0.0042999999999997485,-0.0042999999999997485,0.0042999999999997485,-0.013779999999999681,0.013779999999999681,-0.01179835829851239,0.01179835829851239,-0.003439407706872899,0.003439407706872899,-0.002855111930033516,0.002855111930033516,0.008771865306911764,0.008771865306911764,-0.0018728074339726675,0.0018728074339726675,-0.007738128822537327,0.007738128822537327,0.00043093599562560314,0.00043093599562560314,-0.0028759981496495612,0.0028759981496495612
2026-02-04,2026-02-05,4.2241,4.2175,Naive,4.2241,4.2241,4.2149600000000005,4.2144467977557625,4.226074950193639,4.2255580042082,4.221960358652117,4.225259184623548,4.2200011230093,4.225413069151893,4.2245303538605485,0.006599999999999717,0.006599999999999717,0.006599999999999717,0.006599999999999717,-0.0025399999999997647,0.0025399999999997647,-0.0030532022442377738,0.0030532022442377738,0.008574950193638742,0.008574950193638742,0.008058004208200131,0.008058004208200131,0.004460358652116803,0.004460358652116803,0.0077591846235476325,0.0077591846235476325,0.0025011230093001657,0.0025011230093001657,0.007913069151892493,0.007913069151892493,0.0070303538605482885,0.0070303538605482885
2026-02-05,2026-02-06,4.2175,4.2155,Naive,4.2175,4.2175,4.217020000000001,4.215001925436533,4.21917061275396,4.218558480838684,4.239853768092389,4.219454462591038,4.217130668191907,4.219253370336936,4.216600924783713,0.002000000000000668,0.002000000000000668,0.002000000000000668,0.002000000000000668,0.001520000000001076,0.001520000000001076,-0.0004980745634668438,0.0004980745634668438,0.0036706127539600786,0.0036706127539600786,0.003058480838684652,0.003058480838684652,0.024353768092389316,0.024353768092389316,0.003954462591038599,0.003954462591038599,0.0016306681919076027,0.0016306681919076027,0.00375337033693679,0.00375337033693679,0.0011009247837137082,0.0011009247837137082
2026-02-06,2026-02-09,4.2155,4.2142,Naive,4.2155,4.2155,4.2175,4.215092484448072,4.215645906621627,4.215073236455912,4.213369889653522,4.21640118227428,4.215034148988908,4.214932753530606,4.214911532141554,0.0012999999999996348,0.0012999999999996348,0.0012999999999996348,0.0012999999999996348,0.0033000000000003027,0.0033000000000003027,0.0008924844480722172,0.0008924844480722172,0.0014459066216270244,0.0014459066216270244,0.0008732364559120853,0.0008732364559120853,-0.0008301103464782855,0.0008301103464782855,0.0022011822742804554,0.0022011822742804554,0.000834148988907657,0.000834148988907657,0.0007327535306060895,0.0007327535306060895,0.0007115321415538389,0.0007115321415538389
2026-02-09,2026-02-10,4.2142,4.2148,Naive,4.2142,4.2142,4.21822,4.214930214548422,4.215098160066049,4.2153968316571255,4.1999676834530035,4.214370136657952,4.213455815988152,4.214654403979577,4.215210909900912,-0.000600000000000378,0.000600000000000378,-0.000600000000000378,0.000600000000000378,0.0034199999999993125,0.0034199999999993125,0.0001302145484221029,0.0001302145484221029,0.00029816006604832523,0.00029816006604832523,0.0005968316571252075,0.0005968316571252075,-0.014832316546996793,0.014832316546996793,-0.00042986334204808685,0.00042986334204808685,-0.001344184011847993,0.001344184011847993,-0.00014559602042307773,0.00014559602042307773,0.0004109099009115269,0.0004109099009115269
2026-02-10,2026-02-11,4.2148,4.2174,Naive,4.2148,4.2148,4.217219999999999,4.214906539175982,4.215691599312237,4.216296201353068,4.233913337741614,4.215143401325616,4.213292624940369,4.214654403979577,4.215108388040061,-0.0025999999999992696,0.0025999999999992696,-0.0025999999999992696,0.0025999999999992696,-0.00018000000000029104,0.00018000000000029104,-0.0024934608240174683,0.0024934608240174683,-0.00170840068776279,0.00170840068776279,-0.001103798646931331,0.001103798646931331,0.01651333774161401,0.01651333774161401,-0.0022565986743838806,0.0022565986743838806,-0.004107375059630769,0.004107375059630769,-0.0027455960204223473,0.0027455960204223473,-0.0022916119599383222,0.0022916119599383222
2026-02-11,2026-02-12,4.2174,4.2131,Naive,4.2174,4.2174,4.21588,4.21535989568944,4.218826026843189,4.218794744746374,4.18271799914283,4.218471350344786,4.215384031985052,4.219789776383222,4.217704019224841,0.0042999999999997485,0.0042999999999997485,0.0042999999999997485,0.0042999999999997485,0.0027800000000004488,0.0027800000000004488,0.0022598956894404054,0.0022598956894404054,0.005726026843189125,0.005726026843189125,0.005694744746373992,0.005694744746373992,-0.0303820008571698,0.0303820008571698,0.005371350344786308,0.005371350344786308,0.002284031985052337,0.002284031985052337,0.006689776383222323,0.006689776383222323,0.004604019224840883,0.004604019224840883
2026-02-12,2026-02-13,4.2131,4.214,Naive,4.2131,4.2131,4.214999999999999,4.214949005564088,4.213072594330157,4.214038874765697,4.221277001630002,4.214375382854482,4.212614165813771,4.21508580002147,4.210837974278299,-0.000900000000000567,0.000900000000000567,-0.000900000000000567,0.000900000000000567,0.0009999999999985576,0.0009999999999985576,0.0009490055640872797,0.0009490055640872797,-0.0009274056698433952,0.0009274056698433952,3.887476569630621e-05,3.887476569630621e-05,0.007277001630001223,0.007277001630001223,0.00037538285448146524,0.00037538285448146524,-0.0013858341862293955,0.0013858341862293955,0.0010858000214692964,0.0010858000214692964,-0.0031620257217017667,0.0031620257217017667
2026-02-13,2026-02-16,4.214,4.208,Naive,4.214,4.214,4.2147,4.21477645909789,4.21267403536472,4.21354269543933,4.221419194000042,4.214149197207217,4.21247920827854,4.2140334616856086,4.215150663353743,0.006000000000000227,0.006000000000000227,0.006000000000000227,0.006000000000000227,0.006699999999999484,0.006699999999999484,0.00677645909788982,0.00677645909788982,0.004674035364719664,0.004674035364719664,0.005542695439329393,0.005542695439329393,0.013419194000041657,0.013419194000041657,0.006149197207216517,0.006149197207216517,0.004479208278540092,0.004479208278540092,0.006033461685608366,0.006033461685608366,0.007150663353742814,0.007150663353742814
2026-02-16,2026-02-17,4.208,4.2182,Naive,4.208,4.208,4.21346,4.213544375625546,4.209262283897149,4.209333432191491,4.199198251743586,4.2037648751911325,4.207468070242374,4.203700302135452,4.20607205803764,-0.010200000000000209,0.010200000000000209,-0.010200000000000209,0.010200000000000209,-0.0047399999999999665,0.0047399999999999665,-0.004655624374453993,0.004655624374453993,-0.008937716102851212,0.008937716102851212,-0.008866567808509807,0.008866567808509807,-0.01900174825641443,0.01900174825641443,-0.014435124808867883,0.014435124808867883,-0.010731929757626268,0.010731929757626268,-0.014499697864548189,0.014499697864548189,-0.012127941962360111,0.012127941962360111
2026-02-17,2026-02-18,4.2182,4.2148,Naive,4.2182,4.2182,4.21414,4.214390852784538,4.218433766756834,4.219635854916688,4.233959568300144,4.217996884469632,4.214885022734275,4.221505826055907,4.215675413245286,0.0034000000000000696,0.0034000000000000696,0.0034000000000000696,0.0034000000000000696,-0.0006599999999998829,0.0006599999999998829,-0.00040914721546236876,0.00040914721546236876,0.0036337667568338006,0.0036337667568338006,0.0048358549166875875,0.0048358549166875875,0.01915956830014398,0.01915956830014398,0.0031968844696317333,0.0031968844696317333,8.50227342743537e-05,8.50227342743537e-05,0.0067058260559065275,0.0067058260559065275,0.0008754132452857277,0.0008754132452857277
2026-02-18,2026-02-19,4.2148,4.222,Naive,4.2148,4.2148,4.213620000000001,4.214465243187349,4.217286212347666,4.216374802679074,4.1902057431291535,4.216047846833008,4.2134071194855505,4.215247975772938,4.215676890975238,-0.007200000000000095,0.007200000000000095,-0.007200000000000095,0.007200000000000095,-0.008379999999999832,0.008379999999999832,-0.007534756812651366,0.007534756812651366,-0.0047137876523342115,0.0047137876523342115,-0.005625197320926034,0.005625197320926034,-0.031794256870846915,0.031794256870846915,-0.005952153166992602,0.005952153166992602,-0.008592880514449952,0.008592880514449952,-0.00675202422706267,0.00675202422706267,-0.00632310902476263,0.00632310902476263
2026-02-19,2026-02-20,4.222,4.2241,Naive,4.222,4.222,4.215400000000001,4.215835198971467,4.222805237896169,4.223015547291115,4.243403271557625,4.224353897391911,4.218671602143309,4.224414815980915,4.221369876704445,-0.0020999999999995467,0.0020999999999995467,-0.0020999999999995467,0.0020999999999995467,-0.008699999999999264,0.008699999999999264,-0.008264801028532887,0.008264801028532887,-0.0012947621038312818,0.0012947621038312818,-0.0010844527088851308,0.0010844527088851308,0.019303271557625123,0.019303271557625123,0.00025389739191084004,0.00025389739191084004,-0.005428397856690914,0.005428397856690914,0.00031481598091520624,0.00031481598091520624,-0.002730123295554776,0.002730123295554776
2026-02-20,2026-02-23,4.2241,4.2173,Naive,4.2241,4.2241,4.21742,4.217337890067563,4.223509887703853,4.223650026590072,4.217930194856492,4.22536722067336,4.220390368100089,4.2237078737279585,4.225431308795849,0.006800000000000139,0.006800000000000139,0.006800000000000139,0.006800000000000139,0.00011999999999989797,0.00011999999999989797,3.789006756349522e-05,3.789006756349522e-05,0.006209887703852779,0.006209887703852779,0.006350026590071778,0.006350026590071778,0.0006301948564919613,0.0006301948564919613,0.008067220673360076,0.008067220673360076,0.0030903681000893357,0.0030903681000893357,0.006407873727958702,0.006407873727958702,0.008131308795849002,0.008131308795849002
2026-02-23,2026-02-24,4.2173,4.2193,Naive,4.2173,4.2173,4.21928,4.21733100096437,4.218800231272646,4.21857561358801,4.20309185575194,4.219385783925955,4.217284872266995,4.219104184821977,4.220319609731803,-0.0019999999999997797,0.0019999999999997797,-0.0019999999999997797,0.0019999999999997797,-1.9999999999242846e-05,1.9999999999242846e-05,-0.0019689990356299703,0.0019689990356299703,-0.0004997687273533558,0.0004997687273533558,-0.0007243864119894639,0.0007243864119894639,-0.016208144248059497,0.016208144248059497,8.578392595559592e-05,8.578392595559592e-05,-0.002015127733004718,0.002015127733004718,-0.00019581517802258475,0.00019581517802258475,0.0010196097318031505,0.0010196097318031505
2026-02-24,2026-02-25,4.2193,4.2183,Naive,4.2193,4.2193,4.2195,4.217689000789029,4.220515571996568,4.220792940704021,4.228919707477113,4.223614183527794,4.21813138727843,4.224240542561819,4.2193527721555935,0.0009999999999994458,0.0009999999999994458,0.0009999999999994458,0.0009999999999994458,0.0011999999999998678,0.0011999999999998678,-0.0006109992109708529,0.0006109992109708529,0.0022155719965679666,0.0022155719965679666,0.0024929407040206186,0.0024929407040206186,0.010619707477112605,0.010619707477112605,0.005314183527794114,0.005314183527794114,-0.00016861272156987184,0.00016861272156987184,0.005940542561818418,0.005940542561818418,0.0010527721555932956,0.0010527721555932956
2026-02-25,2026-02-26,4.2183,4.2224,Naive,4.2183,4.2183,4.2202,4.21780009155466,4.21996490101419,4.219822186336916,4.191357336790091,4.219906231138962,4.217657209142771,4.224374871758685,4.2183443722284855,-0.004100000000000215,0.004100000000000215,-0.004100000000000215,0.004100000000000215,-0.002200000000000202,0.002200000000000202,-0.004599908445340084,0.004599908445340084,-0.002435098985809958,0.002435098985809958,-0.002577813663084072,0.002577813663084072,-0.03104266320990945,0.03104266320990945,-0.002493768861038248,0.002493768861038248,-0.004742790857229728,0.004742790857229728,0.0019748717586844933,0.0019748717586844933,-0.004055627771514914,0.004055627771514914
2026-02-26,2026-02-27,4.2224,4.2233,Naive,4.2224,4.2224,4.22028,4.218636438544722,4.223052445958361,4.223384916305385,4.24544660243176,4.2253209188239005,4.220071738604873,4.225162619940316,4.221329855858485,-0.0008999999999996788,0.0008999999999996788,-0.0008999999999996788,0.0008999999999996788,-0.0030200000000002447,0.0030200000000002447,-0.004663561455277687,0.004663561455277687,-0.00024755404163911976,0.00024755404163911976,8.491630538465245e-05,8.491630538465245e-05,0.02214660243175981,0.02214660243175981,0.0020209188239004305,0.0020209188239004305,-0.0032282613951268857,0.0032282613951268857,0.0018626199403160015,0.0018626199403160015,-0.0019701441415147514,0.0019701441415147514
2026-02-27,2026-03-02,4.2233,4.2304,Naive,4.2233,4.2233,4.22012,4.219484358809318,4.222781336792408,4.223021338306698,4.25293818257229,4.2254183002048284,4.221059300044507,4.224128281463638,4.222427568244676,-0.007100000000000328,0.007100000000000328,-0.007100000000000328,0.007100000000000328,-0.010280000000000733,0.010280000000000733,-0.010915641190682557,0.010915641190682557,-0.007618663207592746,0.007618663207592746,-0.0073786616933020355,0.0073786616933020355,0.022538182572289678,0.022538182572289678,-0.004981699795171934,0.004981699795171934,-0.00934069995549347,0.00934069995549347,-0.006271718536362769,0.006271718536362769,-0.007972431755324472,0.007972431755324472
2026-03-02,2026-03-03,4.2304,4.2732,Naive,4.2304,4.2304,4.22274,4.221469020843987,4.231264222975244,4.231703301911768,4.237040496102595,4.227718117002626,4.225547703392245,4.224890348466796,4.229213721183109,-0.04279999999999973,0.04279999999999973,-0.04279999999999973,0.04279999999999973,-0.05046000000000017,0.05046000000000017,-0.05173097915601321,0.05173097915601321,-0.04193577702475615,0.04193577702475615,-0.04149669808823209,0.04149669808823209,-0.03615950389740519,0.03615950389740519,-0.045481882997374434,0.045481882997374434,-0.047652296607755495,0.047652296607755495,-0.04830965153320399,0.04830965153320399,-0.04398627881689077,0.04398627881689077
2026-03-03,2026-03-04,4.2732,4.2685,Naive,4.2732,4.2732,4.23352,4.230874653417807,4.272670834299337,4.274199193016145,4.306427249688625,4.269594495404004,4.258278501858816,4.272436064919828,4.29676355242579,0.004699999999999704,0.004699999999999704,0.004699999999999704,0.004699999999999704,-0.03498000000000001,0.03498000000000001,-0.03762534658219341,0.03762534658219341,0.004170834299336512,0.004170834299336512,0.005699193016144299,0.005699193016144299,0.037927249688624265,0.037927249688624265,0.001094495404003304,0.001094495404003304,-0.010221498141184782,0.010221498141184782,0.003936064919827231,0.003936064919827231,0.028263552425789484,0.028263552425789484
2026-03-04,2026-03-05,4.2685,4.2739,Naive,4.2685,4.2685,4.24356,4.23771562552366,4.269301802652194,4.269653720392831,4.266850268790338,4.267103679635035,4.261087586925538,4.267182573813052,4.269843719591229,-0.005399999999999849,0.005399999999999849,-0.005399999999999849,0.005399999999999849,-0.03033999999999981,0.03033999999999981,-0.03618437447634015,0.03618437447634015,-0.004598197347806199,0.004598197347806199,-0.004246279607169612,0.004246279607169612,-0.0070497312096620135,0.0070497312096620135,-0.006796320364965247,0.006796320364965247,-0.012812413074462015,0.012812413074462015,-0.006717426186948039,0.006717426186948039,-0.004056280408771151,0.004056280408771151
2026-03-05,2026-03-06,4.2739,4.2782,Naive,4.2739,4.2739,4.25386,4.244294602701176,4.274526255352622,4.274398325578044,4.291868205735871,4.2713444411165895,4.268152229517164,4.273293642957178,4.276786844828674,-0.0042999999999997485,0.0042999999999997485,-0.0042999999999997485,0.0042999999999997485,-0.024339999999999584,0.024339999999999584,-0.033905397298823914,0.033905397298823914,-0.0036737446473775748,0.0036737446473775748,-0.0038016744219557808,0.0038016744219557808,0.01366820573587102,0.01366820573587102,-0.006855558883410495,0.006855558883410495,-0.010047770482835894,0.010047770482835894,-0.0049063570428220515,0.0049063570428220515,-0.0014131551713258972,0.0014131551713258972
2026-03-06,2026-03-09,4.2782,4.2836,Naive,4.2782,4.2782,4.26484,4.250459220391871,4.278082373777939,4.27718404081514,4.276277112434665,4.273167183422002,4.272653687803081,4.270910427504585,4.2816635105911915,-0.005399999999999849,0.005399999999999849,-0.005399999999999849,0.005399999999999849,-0.018759999999999444,0.018759999999999444,-0.03314077960812867,0.03314077960812867,-0.0055176262220610894,0.0055176262220610894,-0.006415959184860043,0.006415959184860043,-0.007322887565335279,0.007322887565335279,-0.010432816577997883,0.010432816577997883,-0.010946312196918662,0.010946312196918662,-0.01268957249541458,0.01268957249541458,-0.0019364894088083062,0.0019364894088083062
2026-03-09,2026-03-10,4.2836,4.2555,Naive,4.2836,4.2836,4.27548,4.2564848166842575,4.283691971504074,4.284038005139847,4.273569844062035,4.284625347317978,4.279361144432621,4.284462584528806,4.287521197456347,0.028100000000000236,0.028100000000000236,0.028100000000000236,0.028100000000000236,0.01998000000000033,0.01998000000000033,0.000984816684257872,0.000984816684257872,0.028191971504074154,0.028191971504074154,0.028538005139846945,0.028538005139846945,0.018069844062035045,0.018069844062035045,0.029125347317978445,0.029125347317978445,0.02386114443262155,0.02386114443262155,0.028962584528806623,0.028962584528806623,0.03202119745634757,0.03202119745634757
2026-03-10,2026-03-11,4.2555,4.274,Naive,4.2555,4.2555,4.27194,4.2563057591053015,4.257191089115376,4.256556258671162,4.234934348406869,4.264751053131055,4.265074385578763,4.25965969270222,4.263954432440291,-0.018500000000000405,0.018500000000000405,-0.018500000000000405,0.018500000000000405,-0.002060000000000173,0.002060000000000173,-0.01769424089469851,0.01769424089469851,-0.016808910884623884,0.016808910884623884,-0.017443741328838414,0.017443741328838414,-0.039065651593131356,0.039065651593131356,-0.009248946868945396,0.009248946868945396,-0.008925614421237071,0.008925614421237071,-0.014340307297779908,0.014340307297779908,-0.010045567559709312,0.010045567559709312
2026-03-11,2026-03-12,4.274,4.2629,Naive,4.274,4.274,4.27304,4.259522893813428,4.276068211402651,4.274771081605906,4.284065330087201,4.272402228896649,4.272244538244998,4.2737968138249665,4.274357421046427,0.011099999999999888,0.011099999999999888,0.011099999999999888,0.011099999999999888,0.010139999999999816,0.010139999999999816,-0.003377106186571943,0.003377106186571943,0.013168211402651231,0.013168211402651231,0.01187108160590622,0.01187108160590622,0.021165330087201006,0.021165330087201006,0.009502228896648646,0.009502228896648646,0.00934453824499748,0.00934453824499748,0.010896813824966323,0.010896813824966323,0.011457421046427108,0.011457421046427108
2026-03-12,2026-03-13,4.2629,4.2693,Naive,4.2629,4.2629,4.27084,4.2601369131200775,4.262342261030288,4.263318273223711,4.263727374270149,4.264946954015221,4.266429399264515,4.262122140517365,4.273637099419144,-0.006400000000000183,0.006400000000000183,-0.006400000000000183,0.006400000000000183,0.0015399999999994307,0.0015399999999994307,-0.009163086879922844,0.009163086879922844,-0.0069577389697119685,0.0069577389697119685,-0.005981726776289165,0.005981726776289165,-0.005572625729850955,0.005572625729850955,-0.004353045984779591,0.004353045984779591,-0.0028706007354850627,0.0028706007354850627,-0.007177859482635718,0.007177859482635718,0.00433709941914362,0.00433709941914362
2026-03-13,2026-03-16,4.2693,4.2694,Naive,4.2693,4.2693,4.2690600000000005,4.261802928916427,4.267280759518943,4.268197600166958,4.27041627501408,4.268114763263341,4.268776359429896,4.267577270624739,4.270051395015165,-9.999999999976694e-05,9.999999999976694e-05,-9.999999999976694e-05,9.999999999976694e-05,-0.0003399999999995629,0.0003399999999995629,-0.007597071083573326,0.007597071083573326,-0.0021192404810568277,0.0021192404810568277,-0.001202399833042378,0.001202399833042378,0.0010162750140798593,0.0010162750140798593,-0.0012852367366589235,0.0012852367366589235,-0.0006236405701036674,0.0006236405701036674,-0.0018227293752612894,0.0018227293752612894,0.0006513950151649794,0.0006513950151649794
2026-03-16,2026-03-17,4.2694,4.2666,Naive,4.2694,4.2694,4.266220000000001,4.2631842145679855,4.269832454141182,4.269920708975905,4.269402402910908,4.267961075310153,4.26873720765696,4.268682031659515,4.273428490682403,0.0027999999999996916,0.0027999999999996916,0.0027999999999996916,0.0027999999999996916,-0.0003799999999998249,0.0003799999999998249,-0.0034157854320149283,0.0034157854320149283,0.003232454141181229,0.003232454141181229,0.0033207089759041963,0.0033207089759041963,0.0028024029109072757,0.0028024029109072757,0.0013610753101529482,0.0013610753101529482,0.002137207656959461,0.002137207656959461,0.002082031659514705,0.002082031659514705,0.006828490682402766,0.006828490682402766
2026-03-17,2026-03-18,4.2666,4.2613,Naive,4.2666,4.2666,4.26844,4.263805266464715,4.264773676389363,4.2674276790700985,4.263406461207456,4.267951973841602,4.267538831200772,4.268338177789124,4.270490170019019,0.005300000000000082,0.005300000000000082,0.005300000000000082,0.005300000000000082,0.007139999999999702,0.007139999999999702,0.002505266464714495,0.002505266464714495,0.003473676389362801,0.003473676389362801,0.0061276790700981465,0.0061276790700981465,0.002106461207455723,0.002106461207455723,0.006651973841601766,0.006651973841601766,0.006238831200771955,0.006238831200771955,0.007038177789123523,0.007038177789123523,0.009190170019018673,0.009190170019018673
2026-03-18,2026-03-19,4.2613,4.2782,Naive,4.2613,4.2613,4.2659,4.26334976347113,4.263619232073268,4.2624992355904565,4.252777390117611,4.263479690062387,4.263717899999561,4.261944729744498,4.265716564552338,-0.016899999999999693,0.016899999999999693,-0.016899999999999693,0.016899999999999693,-0.012299999999999756,0.012299999999999756,-0.014850236528870298,0.014850236528870298,-0.014580767926731575,0.014580767926731575,-0.01570076440954349,0.01570076440954349,-0.02542260988238887,0.02542260988238887,-0.014720309937612974,0.014720309937612974,-0.014482100000439146,0.014482100000439146,-0.016255270255501664,0.016255270255501664,-0.012483435447662394,0.012483435447662394
2026-03-19,2026-03-20,4.2782,4.2768,Naive,4.2782,4.2782,4.268960000000001,4.266049806476379,4.279004077917034,4.278625425454865,4.270640575863818,4.273056430737105,4.274286568341075,4.27431665429777,4.277240955664952,0.00140000000000029,0.00140000000000029,0.00140000000000029,0.00140000000000029,-0.007839999999998959,0.007839999999998959,-0.010750193523620943,0.010750193523620943,0.002204077917034475,0.002204077917034475,0.0018254254548653037,0.0018254254548653037,-0.006159424136181535,0.006159424136181535,-0.0037435692628946526,0.0037435692628946526,-0.002513431658925036,0.002513431658925036,-0.0024833457022293004,0.0024833457022293004,0.00044095566495272465,0.00044095566495272465
2026-03-20,2026-03-23,4.2768,4.2867,Naive,4.2768,4.2768,4.27046,4.268004387117037,4.275403758895575,4.2758610924362905,4.268731482019064,4.273413104654633,4.275362694297022,4.275162022644483,4.282296644407679,-0.00990000000000002,0.00990000000000002,-0.00990000000000002,0.00990000000000002,-0.01623999999999981,0.01623999999999981,-0.018695612882963175,0.018695612882963175,-0.011296241104425064,0.011296241104425064,-0.0108389075637092,0.0108389075637092,-0.017968517980936127,0.017968517980936127,-0.013286895345366645,0.013286895345366645,-0.011337305702977751,0.011337305702977751,-0.011537977355517093,0.011537977355517093,-0.004403355592320857,0.004403355592320857
2026-03-23,2026-03-24,4.2867,4.2728,Naive,4.2867,4.2867,4.27392,4.271403589459394,4.288070192015113,4.287306864555043,4.275186476706656,4.2870747723093166,4.283022212705861,4.285256574941989,4.287884568049025,0.01389999999999958,0.01389999999999958,0.01389999999999958,0.01389999999999958,0.001120000000000232,0.001120000000000232,-0.001396410540606574,0.001396410540606574,0.01527019201511326,0.01527019201511326,0.014506864555042576,0.014506864555042576,0.0023864767066559267,0.0023864767066559267,0.014274772309316397,0.014274772309316397,0.010222212705860656,0.010222212705860656,0.012456574941988485,0.012456574941988485,0.015084568049024583,0.015084568049024583
2026-03-24,2026-03-25,4.2728,4.2692,Naive,4.2728,4.2728,4.27516,4.271657482284958,4.274171560597716,4.273879182008835,4.279113212701034,4.273781538534855,4.275724277790701,4.275027055660434,4.283654471220411,0.0036000000000004917,0.0036000000000004917,0.0036000000000004917,0.0036000000000004917,0.005959999999999965,0.005959999999999965,0.0024574822849583455,0.0024574822849583455,0.004971560597716085,0.004971560597716085,0.004679182008834992,0.004679182008834992,0.009913212701034624,0.009913212701034624,0.004581538534855767,0.004581538534855767,0.006524277790701305,0.006524277790701305,0.00582705566043451,0.00582705566043451,0.014454471220411769,0.014454471220411769
2026-03-25,2026-03-26,4.2692,4.271,Naive,4.2692,4.2692,4.27674,4.271210667324056,4.269666996625239,4.2700965242376805,4.248357856869402,4.26826946983653,4.271860579843425,4.268857856172673,4.266541868223176,-0.0018000000000002458,0.0018000000000002458,-0.0018000000000002458,0.0018000000000002458,0.0057400000000003,0.0057400000000003,0.00021066732405650157,0.00021066732405650157,-0.0013330033747607217,0.0013330033747607217,-0.0009034757623194167,0.0009034757623194167,-0.022642143130598313,0.022642143130598313,-0.002730530163470135,0.002730530163470135,0.0008605798434251355,0.0008605798434251355,-0.0021421438273270255,0.0021421438273270255,-0.004458131776823748,0.004458131776823748
2026-03-26,2026-03-27,4.271,4.2858,Naive,4.271,4.271,4.2753,4.271172364174228,4.272957242280852,4.271489327857914,4.245887210342188,4.270321267107462,4.271646535014699,4.273315447689166,4.270911981510439,-0.014800000000000146,0.014800000000000146,-0.014800000000000146,0.014800000000000146,-0.010500000000000398,0.010500000000000398,-0.014627635825772423,0.014627635825772423,-0.01284275771914789,0.01284275771914789,-0.014310672142086034,0.014310672142086034,-0.0399127896578122,0.0399127896578122,-0.01547873289253765,0.01547873289253765,-0.014153464985301234,0.014153464985301234,-0.012484552310834118,0.012484552310834118,-0.014888018489561006,0.014888018489561006
2026-03-27,2026-03-30,4.2858,4.2832,Naive,4.2858,4.2858,4.2771,4.273831934324368,4.281792670253274,4.284572679999758,4.2675358463480215,4.285521706625838,4.282190057976742,4.283222413638575,4.275004071933596,0.0026000000000001577,0.0026000000000001577,0.0026000000000001577,0.0026000000000001577,-0.006099999999999994,0.006099999999999994,-0.009368065675632309,0.009368065675632309,-0.0014073297467263046,0.0014073297467263046,0.0013726799997577643,0.0013726799997577643,-0.015664153651978374,0.015664153651978374,0.0023217066258380825,0.0023217066258380825,-0.0010099420232583256,0.0010099420232583256,2.2413638575358164e-05,2.2413638575358164e-05,-0.008195928066403901,0.008195928066403901
2026-03-30,2026-03-31,4.2832,4.2894,Naive,4.2832,4.2832,4.276400000000001,4.2755352189926645,4.283082485103712,4.283701647157425,4.296127627799166,4.285519637933955,4.28289476775308,4.285358768808206,4.278065737149269,-0.006199999999999761,0.006199999999999761,-0.006199999999999761,0.006199999999999761,-0.012999999999999012,0.012999999999999012,-0.013864781007335125,0.013864781007335125,-0.006317514896287513,0.006317514896287513,-0.005698352842574472,0.005698352842574472,0.006727627799166136,0.006727627799166136,-0.0038803620660443627,0.0038803620660443627,-0.006505232246919235,0.006505232246919235,-0.0040412311917936705,0.0040412311917936705,-0.011334262850730248,0.011334262850730248
2026-03-31,2026-04-01,4.2894,4.2874,Naive,4.2894,4.2894,4.27972,4.278056088266725,4.290262155803946,4.290329389861381,4.324096248759034,4.292603278715813,4.287633897500725,4.292880177615193,4.286784113555428,0.0019999999999997797,0.0019999999999997797,0.0019999999999997797,0.0019999999999997797,-0.007679999999999687,0.007679999999999687,-0.009343911733274979,0.009343911733274979,0.0028621558039461092,0.0028621558039461092,0.0029293898613813596,0.0029293898613813596,0.03669624875903388,0.03669624875903388,0.005203278715812942,0.005203278715812942,0.00023389750072499993,0.00023389750072499993,0.005480177615193149,0.005480177615193149,-0.0006158864445717782,0.0006158864445717782
2026-04-01,2026-04-02,4.2874,4.2869,Naive,4.2874,4.2874,4.28336,4.2797549813091385,4.28870591955475,4.288326383752268,4.2544565344950245,4.289459988204157,4.288217614209812,4.28710221904194,4.284233929982886,0.0004999999999997229,0.0004999999999997229,0.0004999999999997229,0.0004999999999997229,-0.0035400000000000986,0.0035400000000000986,-0.007145018690861704,0.007145018690861704,0.0018059195547497353,0.0018059195547497353,0.0014263837522676681,0.0014263837522676681,-0.03244346550497568,0.03244346550497568,0.0025599882041564825,0.0025599882041564825,0.0013176142098121346,0.0013176142098121346,0.000202219041939955,0.000202219041939955,-0.002666070017114386,0.002666070017114386
2026-04-02,2026-04-03,4.2869,4.2776,Naive,4.2869,4.2869,4.2865400000000005,4.281054075616568,4.284988138193749,4.287246182103011,4.266053574918415,4.2892789094396235,4.28823534269118,4.286940043290472,4.288765551752998,0.00930000000000053,0.00930000000000053,0.00930000000000053,0.00930000000000053,0.008940000000000836,0.008940000000000836,0.0034540756165686304,0.0034540756165686304,0.007388138193749505,0.007388138193749505,0.009646182103010936,0.009646182103010936,-0.01154642508158421,0.01154642508158421,0.011678909439623908,0.011678909439623908,0.01063534269118005,0.01063534269118005,0.009340043290472444,0.009340043290472444,0.011165551752998049,0.011165551752998049
2026-04-03,2026-04-07,4.2776,4.2694,Naive,4.2776,4.2776,4.2849,4.280426061868101,4.277012640183411,4.2769435093953225,4.260893657462802,4.275323545840062,4.281966753678782,4.274614161128834,4.280461374333586,0.008199999999999541,0.008199999999999541,0.008199999999999541,0.008199999999999541,0.015500000000000291,0.015500000000000291,0.011026061868101067,0.011026061868101067,0.0076126401834111235,0.0076126401834111235,0.007543509395322445,0.007543509395322445,-0.008506342537198286,0.008506342537198286,0.005923545840062161,0.005923545840062161,0.012566753678782128,0.012566753678782128,0.005214161128834327,0.005214161128834327,0.011061374333586116,0.011061374333586116
2026-04-07,2026-04-08,4.2694,4.2623,Naive,4.2694,4.2694,4.28214,4.278421323346628,4.269141530569356,4.2706164318769195,4.268443894090746,4.269389989456011,4.274420976096757,4.2699498156821925,4.2681915416733585,0.007100000000000328,0.007100000000000328,0.007100000000000328,0.007100000000000328,0.019840000000000302,0.019840000000000302,0.016121323346628635,0.016121323346628635,0.006841530569356102,0.006841530569356102,0.008316431876919772,0.008316431876919772,0.006143894090746116,0.006143894090746116,0.0070899894560110255,0.0070899894560110255,0.012120976096757552,0.012120976096757552,0.0076498156821926955,0.0076498156821926955,0.005891541673358702,0.005891541673358702
2026-04-08,2026-04-09,4.2623,4.261,Naive,4.2623,4.2623,4.276719999999999,4.275490173647241,4.265283137088544,4.26370900690347,4.255378304218317,4.264762163272477,4.267467310306392,4.263323557822516,4.262839142011559,0.0012999999999996348,0.0012999999999996348,0.0012999999999996348,0.0012999999999996348,0.015719999999999068,0.015719999999999068,0.014490173647240923,0.014490173647240923,0.004283137088544109,0.004283137088544109,0.0027090069034700903,0.0027090069034700903,-0.005621695781683478,0.005621695781683478,0.003762163272476471,0.003762163272476471,0.006467310306391916,0.006467310306391916,0.0023235578225158093,0.0023235578225158093,0.0018391420115584367,0.0018391420115584367
2026-04-09,2026-04-10,4.261,4.2534,Naive,4.261,4.261,4.27144,4.27285559662047,4.261439093250284,4.2618264118807385,4.232531459043768,4.263413614357992,4.264875372518208,4.262573048154918,4.260285623505453,0.007600000000000051,0.007600000000000051,0.007600000000000051,0.007600000000000051,0.018040000000000056,0.018040000000000056,0.01945559662047014,0.01945559662047014,0.008039093250284068,0.008039093250284068,0.00842641188073845,0.00842641188073845,-0.020868540956231918,0.020868540956231918,0.010013614357991862,0.010013614357991862,0.011475372518208182,0.011475372518208182,0.009173048154917929,0.009173048154917929,0.006885623505453076,0.006885623505453076
2026-04-10,2026-04-13,4.2534,4.2507,Naive,4.2534,4.2534,4.264740000000001,4.269318215416748,4.252259030391742,4.252877711568575,4.242634178081831,4.260212565583028,4.2589003315275455,4.257120692015016,4.254344654669395,0.0026999999999999247,0.0026999999999999247,0.0026999999999999247,0.0026999999999999247,0.014040000000000497,0.014040000000000497,0.018618215416747574,0.018618215416747574,0.001559030391741878,0.001559030391741878,0.002177711568575269,0.002177711568575269,-0.008065821918169291,0.008065821918169291,0.009512565583027488,0.009512565583027488,0.008200331527545401,0.008200331527545401,0.006420692015016272,0.006420692015016272,0.0036446546693946758,0.0036446546693946758
2026-04-13,2026-04-14,4.2507,4.2436,Naive,4.2507,4.2507,4.25936,4.265933085340976,4.25092603801555,4.251872090791459,4.244261288033442,4.258143763347643,4.255552361153287,4.25092988660993,4.248500709713537,0.007100000000000328,0.007100000000000328,0.007100000000000328,0.007100000000000328,0.01576000000000022,0.01576000000000022,0.022333085340975778,0.022333085340975778,0.007326038015549763,0.007326038015549763,0.008272090791459519,0.008272090791459519,0.0006612880334424531,0.0006612880334424531,0.014543763347643512,0.014543763347643512,0.011952361153286795,0.011952361153286795,0.0073298866099298365,0.0073298866099298365,0.004900709713536955,0.004900709713536955
2026-04-14,2026-04-15,4.2436,4.237,Naive,4.2436,4.2436,4.2542,4.261872524369889,4.244893383463284,4.245234515902433,4.261444617262846,4.243255437831896,4.2494350731137045,4.243738913284761,4.2422020850227975,0.006599999999999717,0.006599999999999717,0.006599999999999717,0.006599999999999717,0.017199999999999882,0.017199999999999882,0.02487252436988907,0.02487252436988907,0.007893383463283499,0.007893383463283499,0.008234515902432626,0.008234515902432626,0.02444461726284608,0.02444461726284608,0.006255437831895527,0.006255437831895527,0.012435073113704398,0.012435073113704398,0.006738913284761061,0.006738913284761061,0.005202085022797398,0.005202085022797398
2026-04-15,2026-04-16,4.237,4.2411,Naive,4.237,4.237,4.24914,4.257350247211727,4.238617286885786,4.238722848484987,4.218411643105922,4.239777064417908,4.243981412339412,4.240371497401859,4.234237344942754,-0.004100000000000215,0.004100000000000215,-0.004100000000000215,0.004100000000000215,0.008039999999999381,0.008039999999999381,0.016250247211726965,0.016250247211726965,-0.002482713114214441,0.002482713114214441,-0.002377151515013054,0.002377151515013054,-0.022688356894078332,0.022688356894078332,-0.0013229355820927324,0.0013229355820927324,0.0028814123394118596,0.0028814123394118596,-0.0007285025981413895,0.0007285025981413895,-0.006862655057246592,0.006862655057246592
2026-04-16,2026-04-17,4.2411,4.2355,Naive,4.2411,4.2411,4.24516,4.254395656809595,4.242946683071353,4.242290509755493,4.2501328951973925,4.241971440031336,4.24561793630672,4.244628765170191,4.239290949857944,0.005600000000000271,0.005600000000000271,0.005600000000000271,0.005600000000000271,0.009660000000000224,0.009660000000000224,0.01889565680959482,0.01889565680959482,0.0074466830713531,0.0074466830713531,0.0067905097554925575,0.0067905097554925575,0.014632895197392415,0.014632895197392415,0.006471440031336151,0.006471440031336151,0.01011793630672031,0.01011793630672031,0.009128765170190789,0.009128765170190789,0.003790949857943815,0.003790949857943815
2026-04-17,2026-04-20,4.2355,4.2346,Naive,4.2355,4.2355,4.241580000000001,4.250960082844214,4.234299951998792,4.2353347755976545,4.230908287619837,4.238579061723695,4.2411731121926755,4.238400211078851,4.232878921561357,0.0008999999999996788,0.0008999999999996788,0.0008999999999996788,0.0008999999999996788,0.00698000000000043,0.00698000000000043,0.016360082844213863,0.016360082844213863,-0.0003000480012085305,0.0003000480012085305,0.0007347755976541137,0.0007347755976541137,-0.0036917123801636365,0.0036917123801636365,0.003979061723694777,0.003979061723694777,0.00657311219267509,0.00657311219267509,0.003800211078850424,0.003800211078850424,-0.0017210784386429978,0.0017210784386429978
2026-04-20,2026-04-21,4.2346,4.232,Naive,4.2346,4.2346,4.23836,4.247985522327085,4.236816973976242,4.2360949837037385,4.244850198788987,4.237883595050442,4.23935461694894,4.238558708130616,4.2327115425504065,0.0026000000000001577,0.0026000000000001577,0.0026000000000001577,0.0026000000000001577,0.006359999999999921,0.006359999999999921,0.01598552232708439,0.01598552232708439,0.004816973976241812,0.004816973976241812,0.004094983703738286,0.004094983703738286,0.012850198788986411,0.012850198788986411,0.00588359505044167,0.00588359505044167,0.007354616948939352,0.007354616948939352,0.006558708130615543,0.006558708130615543,0.0007115425504062856,0.0007115425504062856
2026-04-21,2026-04-22,4.232,4.2408,Naive,4.232,4.232,4.23604,4.24507906372216,4.233065726608422,4.2337259547422,4.251548898775463,4.236477156629955,4.236224693163209,4.23829520580233,4.227056277353942,-0.008799999999999919,0.008799999999999919,-0.008799999999999919,0.008799999999999919,-0.0047600000000000975,0.0047600000000000975,0.004279063722159471,0.004279063722159471,-0.0077342733915779505,0.0077342733915779505,-0.007074045257800421,0.007074045257800421,0.010748898775462479,0.010748898775462479,-0.004322843370045071,0.004322843370045071,-0.004575306836791526,0.004575306836791526,-0.002504794197670357,0.002504794197670357,-0.013743722646058387,0.013743722646058387
2026-04-22,2026-04-23,4.2408,4.2501,Naive,4.2408,4.2408,4.236800000000001,4.244301052136312,4.242987143333269,4.242377320829954,4.219467983594036,4.240847138100495,4.241226610298221,4.24356146099765,4.2384286074181405,-0.009299999999999642,0.009299999999999642,-0.009299999999999642,0.009299999999999642,-0.013299999999999201,0.013299999999999201,-0.005798947863687509,0.005798947863687509,-0.007112856666730671,0.007112856666730671,-0.007722679170045765,0.007722679170045765,-0.03063201640596347,0.03063201640596347,-0.009252861899504694,0.009252861899504694,-0.008873389701778756,0.008873389701778756,-0.006538539002349353,0.006538539002349353,-0.01167139258185923,0.01167139258185923
2026-04-23,2026-04-24,4.2501,4.2428,Naive,4.2501,4.2501,4.2386,4.245355406293346,4.249905405297237,4.251048591534711,4.256030564805504,4.253069773193236,4.247116962124557,4.249232717592641,4.250812418054147,0.007299999999999862,0.007299999999999862,0.007299999999999862,0.007299999999999862,-0.0041999999999999815,0.0041999999999999815,0.002555406293345719,0.002555406293345719,0.0071054052972368,0.0071054052972368,0.008248591534711025,0.008248591534711025,0.013230564805503775,0.013230564805503775,0.010269773193235743,0.010269773193235743,0.004316962124557122,0.004316962124557122,0.006432717592641524,0.006432717592641524,0.008012418054146764,0.008012418054146764
2026-04-24,2026-04-27,4.2428,4.2445,Naive,4.2428,4.2428,4.24006,4.244890786967282,4.241767400697196,4.242437439840459,4.232959248875017,4.241747832621298,4.243918730732577,4.242018879388333,4.2389333881870055,-0.001700000000000479,0.001700000000000479,-0.001700000000000479,0.001700000000000479,-0.004440000000000666,0.004440000000000666,0.00039078696728189755,0.00039078696728189755,-0.0027325993028046724,0.0027325993028046724,-0.0020625601595414267,0.0020625601595414267,-0.01154075112498365,0.01154075112498365,-0.0027521673787020973,0.0027521673787020973,-0.000581269267422968,0.000581269267422968,-0.00248112061166772,0.00248112061166772,-0.005566611812994893,0.005566611812994893
2026-04-27,2026-04-28,4.2445,4.247,Naive,4.2445,4.2445,4.24204,4.244819734791412,4.245629932155021,4.245720005670506,4.260188048161365,4.2418541910090894,4.245276376308905,4.2447317993569875,4.242384296052131,-0.0024999999999995026,0.0024999999999995026,-0.0024999999999995026,0.0024999999999995026,-0.004959999999999631,0.004959999999999631,-0.002180265208587606,0.002180265208587606,-0.0013700678449790615,0.0013700678449790615,-0.001279994329493661,0.001279994329493661,0.013188048161365096,0.013188048161365096,-0.005145808990910439,0.005145808990910439,-0.001723623691094467,0.001723623691094467,-0.0022682006430123636,0.0022682006430123636,-0.004615703947869143,0.004615703947869143
2026-04-28,2026-04-29,4.247,4.2537,Naive,4.247,4.247,4.24504,4.245216146647519,4.247617230761589,4.248419355754945,4.2512835446024715,4.2460021175229965,4.2474724708470575,4.24900277833954,4.247708380979048,-0.006700000000000372,0.006700000000000372,-0.006700000000000372,0.006700000000000372,-0.00865999999999989,0.00865999999999989,-0.008483853352481141,0.008483853352481141,-0.00608276923841089,0.00608276923841089,-0.005280644245055477,0.005280644245055477,-0.0024164553975287717,0.0024164553975287717,-0.007697882477003759,0.007697882477003759,-0.006227529152942779,0.006227529152942779,-0.004697221660459938,0.004697221660459938,-0.005991619020952577,0.005991619020952577
2026-04-29,2026-04-30,4.2537,4.2589,Naive,4.2537,4.2537,4.24762,4.246758665438879,4.254831268109497,4.255004350702105,4.217058042235475,4.258626164823469,4.253251710098183,4.258770638799153,4.257233879581383,-0.005199999999999427,0.005199999999999427,-0.005199999999999427,0.005199999999999427,-0.01127999999999929,0.01127999999999929,-0.012141334561120765,0.012141334561120765,-0.004068731890503052,0.004068731890503052,-0.0038956492978945434,0.0038956492978945434,-0.04184195776452437,0.04184195776452437,-0.000273835176530568,0.000273835176530568,-0.005648289901817094,0.005648289901817094,-0.00012936120084638958,0.00012936120084638958,-0.001666120418616579,0.001666120418616579
2026-04-30,2026-05-04,4.2589,4.2544,Naive,4.2589,4.2589,4.24938,4.248966180813628,4.262909738307039,4.259051007198415,4.284724289792454,4.261361806404493,4.257964731886739,4.261241011035597,4.262533371414137,0.004499999999999282,0.004499999999999282,0.004499999999999282,0.004499999999999282,-0.0050200000000000244,0.0050200000000000244,-0.005433819186372091,0.005433819186372091,0.008509738307038717,0.008509738307038717,0.00465100719841427,0.00465100719841427,0.030324289792453385,0.030324289792453385,0.006961806404492954,0.006961806404492954,0.00356473188673867,0.00356473188673867,0.006841011035596978,0.006841011035596978,0.008133371414136725,0.008133371414136725
2026-05-04,2026-05-05,4.2544,4.2551,Naive,4.2544,4.2544,4.2517000000000005,4.249954147938423,4.255565700691673,4.25571172255951,4.258456663762406,4.259661315805128,4.2559193284054695,4.257972006990823,4.256043914142094,-0.0006999999999992568,0.0006999999999992568,-0.0006999999999992568,0.0006999999999992568,-0.0033999999999991815,0.0033999999999991815,-0.0051458520615765835,0.0051458520615765835,0.0004657006916737316,0.0004657006916737316,0.0006117225595101417,0.0006117225595101417,0.0033566637624060647,0.0033566637624060647,0.00456131580512853,0.00456131580512853,0.0008193284054698324,0.0008193284054698324,0.0028720069908230172,0.0028720069908230172,0.0009439141420939379,0.0009439141420939379
2026-05-05,2026-05-06,4.2551,4.2351,Naive,4.2551,4.2551,4.25382,4.250889757404164,4.256035591714541,4.256618137135858,4.2411279693784945,4.260041407419988,4.257028363332024,4.258235509319109,4.254880515432656,0.019999999999999574,0.019999999999999574,0.019999999999999574,0.019999999999999574,0.01872000000000007,0.01872000000000007,0.015789757404164106,0.015789757404164106,0.02093559171454107,0.02093559171454107,0.021518137135857707,0.021518137135857707,0.006027969378494369,0.006027969378494369,0.024941407419987627,0.024941407419987627,0.02192836333202397,0.02192836333202397,0.02313550931910857,0.02313550931910857,0.019780515432655577,0.019780515432655577
2026-05-06,2026-05-07,4.2351,4.2286,Naive,4.2351,4.2351,4.2514400000000006,4.248018892421589,4.237896010616882,4.236941976350217,4.234274401239704,4.239984149819944,4.243759734483911,4.239153632408375,4.233111307665935,0.00649999999999995,0.00649999999999995,0.00649999999999995,0.00649999999999995,0.022840000000000416,0.022840000000000416,0.019418892421589007,0.019418892421589007,0.009296010616881567,0.009296010616881567,0.008341976350217273,0.008341976350217273,0.005674401239703641,0.005674401239703641,0.011384149819943623,0.011384149819943623,0.015159734483910725,0.015159734483910725,0.010553632408375258,0.010553632408375258,0.004511307665934439,0.004511307665934439
2026-05-07,2026-05-08,4.2286,4.2284,Naive,4.2286,4.2286,4.2464200000000005,4.2444881847085725,4.230535547752293,4.230031886521969,4.236044541575575,4.228934284070801,4.236524328289855,4.227012072353484,4.2271510009614355,0.00020000000000042206,0.00020000000000042206,0.00020000000000042206,0.00020000000000042206,0.018020000000000813,0.018020000000000813,0.01608818470857276,0.01608818470857276,0.0021355477522932986,0.0021355477522932986,0.001631886521969328,0.001631886521969328,0.007644541575575481,0.007644541575575481,0.0005342840708015828,0.0005342840708015828,0.00812432828985532,0.00812432828985532,-0.0013879276465154078,0.0013879276465154078,-0.0012489990385642358,0.0012489990385642358
2026-05-08,2026-05-11,4.2284,4.2386,Naive,4.2284,4.2284,4.24032,4.241563060216104,4.228703439554867,4.228472787555251,4.219738252966265,4.2272968504191235,4.2338796932960285,4.2261871171537,4.227687850985469,-0.010200000000000209,0.010200000000000209,-0.010200000000000209,0.010200000000000209,0.0017199999999997218,0.0017199999999997218,0.002963060216104374,0.002963060216104374,-0.009896560445133318,0.009896560445133318,-0.010127212444748679,0.010127212444748679,-0.018861747033734666,0.018861747033734666,-0.011303149580876415,0.011303149580876415,-0.004720306703971389,0.004720306703971389,-0.012412882846299489,0.012412882846299489,-0.010912149014530748,0.010912149014530748
2026-05-11,2026-05-12,4.2386,4.2478,Naive,4.2386,4.2386,4.23716,4.241024321994994,4.240235193687203,4.240255107823087,4.2343196571420725,4.237855963704442,4.239593707755577,4.2400811707317825,4.23865329360555,-0.009199999999999875,0.009199999999999875,-0.009199999999999875,0.009199999999999875,-0.010639999999999539,0.010639999999999539,-0.006775678005006114,0.006775678005006114,-0.007564806312796435,0.007564806312796435,-0.0075448921769130095,0.0075448921769130095,-0.013480342857927319,0.013480342857927319,-0.009944036295557623,0.009944036295557623,-0.00820629224442282,0.00820629224442282,-0.00771882926821732,0.00771882926821732,-0.009146706394449922,0.009146706394449922
2026-05-12,2026-05-13,4.2478,4.2524,Naive,4.2478,4.2478,4.2357,4.242256263450449,4.248995361504931,4.249540522164965,4.232609208601942,4.245065847075175,4.245041752913338,4.246234606728558,4.250570309518824,-0.0045999999999999375,0.0045999999999999375,-0.0045999999999999375,0.0045999999999999375,-0.01670000000000016,0.01670000000000016,-0.010143736549550475,0.010143736549550475,-0.003404638495069001,0.003404638495069001,-0.002859477835034596,0.002859477835034596,-0.019790791398057728,0.019790791398057728,-0.007334152924824977,0.007334152924824977,-0.007358247086661329,0.007358247086661329,-0.006165393271441388,0.006165393271441388,-0.001829690481176094,0.001829690481176094
2026-05-13,2026-05-14,4.2524,4.2401,Naive,4.2524,4.2524,4.23916,4.244100579186731,4.254481140734623,4.254152217350097,4.2398068227405314,4.255324073727979,4.24949169551613,4.250887376432447,4.2548533648607885,0.012299999999999756,0.012299999999999756,0.012299999999999756,0.012299999999999756,-0.0009399999999999409,0.0009399999999999409,0.004000579186731024,0.004000579186731024,0.014381140734623266,0.014381140734623266,0.014052217350097429,0.014052217350097429,-0.00029317725946853557,0.00029317725946853557,0.015224073727979182,0.015224073727979182,0.00939169551612995,0.00939169551612995,0.01078737643244665,0.01078737643244665,0.014753364860788487,0.014753364860788487
2026-05-14,2026-05-15,4.2401,4.2489,Naive,4.2401,4.2401,4.241459999999999,4.24337320115278,4.241629538126146,4.241541811729449,4.248225461946506,4.240910629385374,4.243299915715054,4.242517438483532,4.24121300885452,-0.008799999999999919,0.008799999999999919,-0.008799999999999919,0.008799999999999919,-0.007440000000000779,0.007440000000000779,-0.005526798847220071,0.005526798847220071,-0.0072704618738539395,0.0072704618738539395,-0.007358188270551125,0.007358188270551125,-0.0006745380534942669,0.0006745380534942669,-0.007989370614625457,0.007989370614625457,-0.005600084284945517,0.005600084284945517,-0.006382561516468321,0.006382561516468321,-0.007686991145479993,0.007686991145479993
2026-05-15,2026-05-18,4.2489,4.2434,Naive,4.2489,4.2489,4.245559999999999,4.244378073670456,4.249432068105709,4.248830497133567,4.238588462382765,4.2467908042077935,4.249214450031098,4.25186949308262,4.249282690770091,0.005499999999999616,0.005499999999999616,0.005499999999999616,0.005499999999999616,0.0021599999999990516,0.0021599999999990516,0.0009780736704554371,0.0009780736704554371,0.006032068105708888,0.006032068105708888,0.005430497133566803,0.005430497133566803,-0.004811537617235295,0.004811537617235295,0.003390804207793252,0.003390804207793252,0.0058144500310977065,0.0058144500310977065,0.008469493082619906,0.008469493082619906,0.005882690770090626,0.005882690770090626
2026-05-18,2026-05-19,4.2434,4.2389,Naive,4.2434,4.2434,4.246519999999999,4.244200242094009,4.245997695624256,4.245111956125066,4.234301086360986,4.242434814008069,4.246175111044144,4.245799657996613,4.243485153131302,0.0045000000000001705,0.0045000000000001705,0.0045000000000001705,0.0045000000000001705,0.007619999999999294,0.007619999999999294,0.005300242094008922,0.005300242094008922,0.007097695624255884,0.007097695624255884,0.006211956125065754,0.006211956125065754,-0.00459891363901388,0.00459891363901388,0.003534814008069098,0.003534814008069098,0.0072751110441435785,0.0072751110441435785,0.006899657996612518,0.006899657996612518,0.004585153131301922,0.004585153131301922
2026-05-19,2026-05-20,4.2389,4.2546,Naive,4.2389,4.2389,4.24474,4.24323656171328,4.241206327185181,4.240908972471518,4.221329779084621,4.2397118471229245,4.243284197593263,4.245263470346535,4.238219138140889,-0.015699999999999825,0.015699999999999825,-0.015699999999999825,0.015699999999999825,-0.009859999999999758,0.009859999999999758,-0.01136343828672004,0.01136343828672004,-0.013393672814818736,0.013393672814818736,-0.01369102752848228,0.01369102752848228,-0.033270220915379234,0.033270220915379234,-0.014888152877075456,0.014888152877075456,-0.011315802406737241,0.011315802406737241,-0.00933652965346532,0.00933652965346532,-0.01638086185911103,0.01638086185911103
2026-05-20,2026-05-21,4.2546,4.246,Naive,4.2546,4.2546,4.24518,4.245302641401774,4.257886086618687,4.2564311205948435,4.256462772313453,4.258330475855029,4.253508542002859,4.260000863297149,4.254820057488605,0.008599999999999497,0.008599999999999497,0.008599999999999497,0.008599999999999497,-0.0008200000000000429,0.0008200000000000429,-0.0006973585982263941,0.0006973585982263941,0.011886086618686953,0.011886086618686953,0.01043112059484308,0.01043112059484308,0.010462772313452717,0.010462772313452717,0.012330475855028666,0.012330475855028666,0.007508542002858221,0.007508542002858221,0.014000863297148669,0.014000863297148669,0.00882005748860415,0.00882005748860415
2026-05-21,2026-05-22,4.246,4.2453,Naive,4.246,4.246,4.24636,4.245429433874179,4.246447170242531,4.247330937252932,4.237013688181578,4.244662915137118,4.247757548523476,4.24440271218161,4.245087973586582,0.000700000000000145,0.000700000000000145,0.000700000000000145,0.000700000000000145,0.0010599999999998388,0.0010599999999998388,0.0001294338741786305,0.0001294338741786305,0.0011471702425307484,0.0011471702425307484,0.002030937252931686,0.002030937252931686,-0.008286311818422654,0.008286311818422654,-0.0006370848628822756,0.0006370848628822756,0.0024575485234761274,0.0024575485234761274,-0.0008972878183906019,0.0008972878183906019,-0.00021202641341844242,0.00021202641341844242
2026-05-22,2026-05-25,4.2453,4.2352,Naive,4.2453,4.2453,4.24564,4.24540590044251,4.244901498172727,4.245179327205204,4.235659528127119,4.242566639549741,4.247219845551383,4.2438647469630135,4.2441367408717205,0.010100000000000442,0.010100000000000442,0.010100000000000442,0.010100000000000442,0.010440000000000005,0.010440000000000005,0.010205900442509908,0.010205900442509908,0.009701498172726808,0.009701498172726808,0.00997932720520378,0.00997932720520378,0.0004595281271191354,0.0004595281271191354,0.007366639549741372,0.007366639549741372,0.012019845551383135,0.012019845551383135,0.00866474696301367,0.00866474696301367,0.008936740871720694,0.008936740871720694
2026-05-25,2026-05-26,4.2352,4.2352,Naive,4.2352,4.2352,4.244,4.243550282180235,4.236944407010793,4.236894591940862,4.250978853216491,4.239147846032552,4.2411204758163645,4.239036473634644,4.234912218312631,0.0,0.0,0.0,0.0,0.008799999999999919,0.008799999999999919,0.008350282180234814,0.008350282180234814,0.0017444070107934806,0.0017444070107934806,0.001694591940862189,0.001694591940862189,0.015778853216491306,0.015778853216491306,0.003947846032551716,0.003947846032551716,0.005920475816364679,0.005920475816364679,0.003836473634644122,0.003836473634644122,-0.00028778168736920406,0.00028778168736920406
2026-05-26,2026-05-27,4.2352,4.2393,Naive,4.2352,4.2352,4.24326,4.242032049056555,4.2360415767759205,4.237230181155527,4.2222571095524515,4.2390502949752396,4.240349310320928,4.240300878558652,4.233535022744358,-0.004100000000000215,0.004100000000000215,-0.004100000000000215,0.004100000000000215,0.003960000000000186,0.003960000000000186,0.002732049056555219,0.002732049056555219,-0.003258423224079543,0.003258423224079543,-0.0020698188444727705,0.0020698188444727705,-0.017042890447548587,0.017042890447548587,-0.0002497050247605159,0.0002497050247605159,0.001049310320928143,0.001049310320928143,0.0010008785586519409,0.0010008785586519409,-0.0057649772556418455,0.0057649772556418455
2026-05-27,2026-05-28,4.2393,4.2355,Naive,4.2393,4.2393,4.2402,4.241535312864454,4.241903578163052,4.241335808886488,4.2385307145769655,4.239800947404262,4.2418456784469605,4.2438256848796705,4.237660704954849,0.0038000000000000256,0.0038000000000000256,0.0038000000000000256,0.0038000000000000256,0.004699999999999704,0.004699999999999704,0.006035312864454134,0.006035312864454134,0.006403578163052259,0.006403578163052259,0.0058358088864878255,0.0058358088864878255,0.0030307145769654653,0.0030307145769654653,0.004300947404262345,0.004300947404262345,0.006345678446960434,0.006345678446960434,0.008325684879670447,0.008325684879670447,0.002160704954849102,0.002160704954849102
2026-05-28,2026-05-29,4.2355,4.2322,Naive,4.2355,4.2355,4.2381,4.240437983252735,4.237560055988771,4.23711328147363,4.242404670171007,4.238194034365601,4.238784191274051,4.238474671546347,4.237999037996897,0.0033000000000003027,0.0033000000000003027,0.0033000000000003027,0.0033000000000003027,0.00590000000000046,0.00590000000000046,0.008237983252735503,0.008237983252735503,0.005360055988771428,0.005360055988771428,0.004913281473630349,0.004913281473630349,0.010204670171007457,0.010204670171007457,0.005994034365601308,0.005994034365601308,0.006584191274050966,0.006584191274050966,0.006274671546346866,0.006274671546346866,0.00579903799689685,0.00579903799689685
2026-05-29,2026-06-01,4.2322,4.2341,Naive,4.2322,4.2322,4.23548,4.2389401681158745,4.234520336386681,4.232516700286335,4.2629482650379185,4.236520350689284,4.235701787682868,4.23749644437997,4.233835578329087,-0.0019000000000000128,0.0019000000000000128,-0.0019000000000000128,0.0019000000000000128,0.0013800000000001589,0.0013800000000001589,0.004840168115874732,0.004840168115874732,0.0004203363866812637,0.0004203363866812637,-0.0015832997136646654,0.0015832997136646654,0.028848265037918708,0.028848265037918708,0.0024203506892845894,0.0024203506892845894,0.0016017876828682276,0.0016017876828682276,0.0033964443799705535,0.0033964443799705535,-0.0002644216709128955,0.0002644216709128955
2026-06-01,2026-06-02,4.2341,4.2334,Naive,4.2341,4.2341,4.235259999999999,4.238060137549351,4.23722433008017,4.236106097414472,4.211156585533441,4.237410029374225,4.236400256058036,4.237821337378391,4.236189364489637,0.000700000000000145,0.000700000000000145,0.000700000000000145,0.000700000000000145,0.0018599999999997507,0.0018599999999997507,0.004660137549351795,0.004660137549351795,0.003824330080170135,0.003824330080170135,0.002706097414472808,0.002706097414472808,-0.02224341446655842,0.02224341446655842,0.0040100293742257875,0.0040100293742257875,0.0030002560580362214,0.0030002560580362214,0.0044213373783916765,0.0044213373783916765,0.0027893644896375136,0.0027893644896375136
2026-06-02,2026-06-03,4.2334,4.2433,Naive,4.2334,4.2334,4.2349000000000006,4.237212839813106,4.234788872135937,4.235636042732248,4.233964795123509,4.237264833698069,4.235683264100807,4.239255252090078,4.233867485408305,-0.00990000000000002,0.00990000000000002,-0.00990000000000002,0.00990000000000002,-0.008399999999999075,0.008399999999999075,-0.006087160186893925,0.006087160186893925,-0.008511127864062829,0.008511127864062829,-0.007663957267751265,0.007663957267751265,-0.009335204876490977,0.009335204876490977,-0.006035166301930239,0.006035166301930239,-0.007616735899192761,0.007616735899192761,-0.004044747909921931,0.004044747909921931,-0.009432514591694918,0.009432514591694918
