date,target_date,y_t,true_target,best_model,pred_best,pred_Naive,pred_SMA,pred_EMA,pred_Ridge,pred_ElasticNet,pred_MLPRegressor,pred_RandomForest,pred_ExtraTrees,pred_HistGB,pred_SARIMAX,err_pred_best,abs_err_pred_best,err_pred_Naive,abs_err_pred_Naive,err_pred_SMA,abs_err_pred_SMA,err_pred_EMA,abs_err_pred_EMA,err_pred_Ridge,abs_err_pred_Ridge,err_pred_ElasticNet,abs_err_pred_ElasticNet,err_pred_MLPRegressor,abs_err_pred_MLPRegressor,err_pred_RandomForest,abs_err_pred_RandomForest,err_pred_ExtraTrees,abs_err_pred_ExtraTrees,err_pred_HistGB,abs_err_pred_HistGB,err_pred_SARIMAX,abs_err_pred_SARIMAX
2025-05-13,2025-05-22,4.2525,4.2447,Naive,4.2525,4.2525,4.25494,4.2607471233110585,4.252950079974064,4.25418084622528,4.283836543889385,4.276484463729537,4.271160704646277,4.258826678290991,4.27374682734638,0.007800000000000473,0.007800000000000473,0.007800000000000473,0.007800000000000473,0.010240000000000471,0.010240000000000471,0.01604712331105862,0.01604712331105862,0.008250079974064128,0.008250079974064128,0.009480846225280004,0.009480846225280004,0.039136543889385145,0.039136543889385145,0.03178446372953747,0.03178446372953747,0.026460704646277478,0.026460704646277478,0.014126678290991457,0.014126678290991457,0.029046827346379978,0.029046827346379978
2025-05-14,2025-05-23,4.2455,4.2541,Naive,4.2455,4.2455,4.2489,4.257974919072684,4.243180419129457,4.247800545151856,4.106593364508009,4.278487767707111,4.270141635867869,4.258585945135451,4.258563471788662,-0.008600000000000385,0.008600000000000385,-0.008600000000000385,0.008600000000000385,-0.0052000000000003155,0.0052000000000003155,0.003874919072683447,0.003874919072683447,-0.010919580870543122,0.010919580870543122,-0.006299454848144315,0.006299454848144315,-0.1475066354919914,0.1475066354919914,0.024387767707111152,0.024387767707111152,0.016041635867868997,0.016041635867868997,0.004485945135450642,0.004485945135450642,0.004463471788661799,0.004463471788661799
2025-05-15,2025-05-26,4.2378,4.2514,Naive,4.2378,4.2378,4.242179999999999,4.254306751968559,4.23812820693176,4.2408820349135015,4.211623560452999,4.269748562764792,4.267529380631184,4.246785405049297,4.232433150512876,-0.013600000000000279,0.013600000000000279,-0.013600000000000279,0.013600000000000279,-0.009220000000000894,0.009220000000000894,0.0029067519685588294,0.0029067519685588294,-0.013271793068240001,0.013271793068240001,-0.010517965086498826,0.010517965086498826,-0.039776439547001274,0.039776439547001274,0.018348562764791687,0.018348562764791687,0.016129380631183743,0.016129380631183743,-0.004614594950703044,0.004614594950703044,-0.018966849487124016,0.018966849487124016
2025-05-16,2025-05-27,4.2392,4.2479,Naive,4.2392,4.2392,4.24174,4.251560069792458,4.23938877701913,4.242301887509367,4.119750783632223,4.265163223797274,4.265631454101311,4.246135460968997,4.234476495559874,-0.008699999999999264,0.008699999999999264,-0.008699999999999264,0.008699999999999264,-0.006159999999999499,0.006159999999999499,0.0036600697924580317,0.0036600697924580317,-0.008511222980869704,0.008511222980869704,-0.005598112490632801,0.005598112490632801,-0.12814921636777665,0.12814921636777665,0.01726322379727474,0.01726322379727474,0.017731454101311606,0.017731454101311606,-0.0017645390310025988,0.0017645390310025988,-0.013423504440125633,0.013423504440125633
2025-05-19,2025-05-28,4.2785,4.2447,Naive,4.2785,4.2785,4.2507,4.256458238921101,4.27757550269767,4.278379695389165,4.285605920802311,4.274534680296795,4.2690690162996425,4.279067336950911,4.23914238903642,0.033800000000000274,0.033800000000000274,0.033800000000000274,0.033800000000000274,0.006000000000000227,0.006000000000000227,0.01175823892110106,0.01175823892110106,0.03287550269766992,0.03287550269766992,0.033679695389165154,0.033679695389165154,0.04090592080231126,0.04090592080231126,0.029834680296795035,0.029834680296795035,0.02436901629964261,0.02436901629964261,0.03436733695091121,0.03436733695091121,-0.005557610963579762,0.005557610963579762
2025-05-20,2025-05-29,4.2497,4.2369,Naive,4.2497,4.2497,4.25014,4.2552294682081735,4.24608279260536,4.2519195021092715,4.182011038772797,4.275804255509518,4.267780504124499,4.258537166862141,4.23829938963049,0.012799999999999478,0.012799999999999478,0.012799999999999478,0.012799999999999478,0.013239999999999696,0.013239999999999696,0.01832946820817316,0.01832946820817316,0.009182792605360035,0.009182792605360035,0.015019502109271166,0.015019502109271166,-0.05488896122720366,0.05488896122720366,0.03890425550951804,0.03890425550951804,0.030880504124498387,0.030880504124498387,0.021637166862140234,0.021637166862140234,0.0013993896304898001,0.0013993896304898001
2025-05-21,2025-05-30,4.2403,4.2507,Naive,4.2403,4.2403,4.2491,4.2525150194430505,4.242454715343183,4.243146824612716,4.27512795093335,4.2733143419697175,4.265307396674455,4.250157976073695,4.235311603798147,-0.010399999999999743,0.010399999999999743,-0.010399999999999743,0.010399999999999743,-0.0015999999999998238,0.0015999999999998238,0.001815019443050403,0.001815019443050403,-0.008245284656816843,0.008245284656816843,-0.00755317538728395,0.00755317538728395,0.02442795093335004,0.02442795093335004,0.022614341969717344,0.022614341969717344,0.014607396674454876,0.014607396674454876,-0.0005420239263047577,0.0005420239263047577,-0.015388396201853283,0.015388396201853283
2025-05-22,2025-06-02,4.2447,4.2578,Naive,4.2447,4.2447,4.2504800000000005,4.251094106817041,4.248117048232566,4.248505344674811,4.144949568101122,4.275643122805142,4.263773993694007,4.26335992232618,4.231977436180693,-0.013099999999999667,0.013099999999999667,-0.013099999999999667,0.013099999999999667,-0.007319999999999105,0.007319999999999105,-0.006705893182958889,0.006705893182958889,-0.0096829517674335,0.0096829517674335,-0.009294655325188472,0.009294655325188472,-0.11285043189887745,0.11285043189887745,0.01784312280514211,0.01784312280514211,0.005973993694007085,0.005973993694007085,0.005559922326180633,0.005559922326180633,-0.025822563819306588,0.025822563819306588
2025-05-23,2025-06-03,4.2541,4.2721,Naive,4.2541,4.2541,4.2534600000000005,4.251640632850306,4.25300617393336,4.2574334070079365,4.288193068339495,4.276986171197973,4.2644953893517155,4.267796229678888,4.229886383479668,-0.017999999999999794,0.017999999999999794,-0.017999999999999794,0.017999999999999794,-0.018639999999999546,0.018639999999999546,-0.02045936714969443,0.02045936714969443,-0.019093826066639785,0.019093826066639785,-0.01466659299206352,0.01466659299206352,0.016093068339494643,0.016093068339494643,0.004886171197973077,0.004886171197973077,-0.007604610648284549,0.007604610648284549,-0.004303770321111955,0.004303770321111955,-0.042213616520331954,0.042213616520331954
2025-05-26,2025-06-04,4.2514,4.2778,Naive,4.2514,4.2514,4.2480400000000005,4.251596881422977,4.253559173323278,4.255388157994405,4.189287382441895,4.279734975623904,4.263653061123463,4.267140769783976,4.2311640946022,-0.026399999999999757,0.026399999999999757,-0.026399999999999757,0.026399999999999757,-0.029759999999999565,0.029759999999999565,-0.02620311857702262,0.02620311857702262,-0.02424082667672245,0.02424082667672245,-0.022411842005594984,0.022411842005594984,-0.0885126175581048,0.0885126175581048,0.0019349756239037674,0.0019349756239037674,-0.01414693887653673,0.01414693887653673,-0.01065923021602444,0.01065923021602444,-0.046635905397799604,0.046635905397799604
2025-05-27,2025-06-05,4.2479,4.2791,Naive,4.2479,4.2479,4.24768,4.250924721164254,4.251277879910879,4.252325570703707,4.224506913595341,4.281114599492605,4.263270781466861,4.264201988180518,4.228645327800417,-0.031200000000000117,0.031200000000000117,-0.031200000000000117,0.031200000000000117,-0.03141999999999978,0.03141999999999978,-0.028175278835745665,0.028175278835745665,-0.02782212008912044,0.02782212008912044,-0.026774429296292368,0.026774429296292368,-0.0545930864046591,0.0545930864046591,0.00201459949260574,0.00201459949260574,-0.015829218533138345,0.015829218533138345,-0.014898011819481916,0.014898011819481916,-0.05045467219958244,0.05045467219958244
2025-05-28,2025-06-06,4.2447,4.2881,Naive,4.2447,4.2447,4.24856,4.249792953679844,4.250200525264629,4.249721714528848,4.252248528060479,4.282005437618659,4.262362210681203,4.265557641649921,4.2267545922451335,-0.043400000000000105,0.043400000000000105,-0.043400000000000105,0.043400000000000105,-0.039539999999999687,0.039539999999999687,-0.038307046320156246,0.038307046320156246,-0.03789947473537136,0.03789947473537136,-0.038378285471152296,0.038378285471152296,-0.03585147193952132,0.03585147193952132,-0.006094562381340651,0.006094562381340651,-0.025737789318797333,0.025737789318797333,-0.022542358350079006,0.022542358350079006,-0.06134540775486652,0.06134540775486652
2025-05-29,2025-06-09,4.2369,4.2772,Naive,4.2369,4.2369,4.247,4.247448780283508,4.243001206077058,4.242810167904863,4.14159589330908,4.272145574690077,4.259710712339476,4.252875938015602,4.227033766980927,-0.040299999999999336,0.040299999999999336,-0.040299999999999336,0.040299999999999336,-0.030199999999999783,0.030199999999999783,-0.029751219716491306,0.029751219716491306,-0.03419879392294156,0.03419879392294156,-0.034389832095136796,0.034389832095136796,-0.13560410669091993,0.13560410669091993,-0.005054425309922728,0.005054425309922728,-0.017489287660523267,0.017489287660523267,-0.02432406198439807,0.02432406198439807,-0.050166233019072415,0.050166233019072415
2025-05-30,2025-06-10,4.2507,4.2611,Naive,4.2507,4.2507,4.24632,4.248039911141052,4.258176846485916,4.255405474114238,4.222372466279225,4.275560225253381,4.259909391391275,4.265711145102877,4.229474334566131,-0.010399999999999743,0.010399999999999743,-0.010399999999999743,0.010399999999999743,-0.014780000000000015,0.014780000000000015,-0.013060088858948049,0.013060088858948049,-0.0029231535140841203,0.0029231535140841203,-0.005694525885761692,0.005694525885761692,-0.038727533720774865,0.038727533720774865,0.014460225253380976,0.014460225253380976,-0.0011906086087245527,0.0011906086087245527,0.004611145102876968,0.004611145102876968,-0.03162566543386891,0.03162566543386891
2025-06-02,2025-06-11,4.2578,4.2643,Naive,4.2578,4.2578,4.2476,4.249814472751769,4.262449745537997,4.26222871808316,4.191813470895341,4.276726210873208,4.259093979132569,4.267796229678888,4.2317594082715875,-0.0065000000000008384,0.0065000000000008384,-0.0065000000000008384,0.0065000000000008384,-0.01670000000000016,0.01670000000000016,-0.014485527248231378,0.014485527248231378,-0.0018502544620035977,0.0018502544620035977,-0.0020712819168400287,0.0020712819168400287,-0.07248652910465925,0.07248652910465925,0.012426210873207388,0.012426210873207388,-0.005206020867431604,0.005206020867431604,0.00349622967888763,0.00349622967888763,-0.03254059172841295,0.03254059172841295
2025-06-03,2025-06-12,4.2721,4.2631,Naive,4.2721,4.2721,4.25244,4.2538663867969015,4.277212229777313,4.275494595438916,4.294946524103884,4.280860701048761,4.262026220160916,4.281171011368935,4.248168618385123,0.009000000000000341,0.009000000000000341,0.009000000000000341,0.009000000000000341,-0.01065999999999967,0.01065999999999967,-0.009233613203098123,0.009233613203098123,0.014112229777313523,0.014112229777313523,0.012394595438916411,0.012394595438916411,0.031846524103884555,0.031846524103884555,0.017760701048761263,0.017760701048761263,-0.0010737798390838549,0.0010737798390838549,0.018071011368935075,0.018071011368935075,-0.014931381614876393,0.014931381614876393
2025-06-04,2025-06-13,4.2778,4.272,Naive,4.2778,4.2778,4.25906,4.258217952833828,4.281074600156575,4.280763728345519,4.311417614920541,4.28252396646046,4.263716139962347,4.282242708972834,4.252295719536852,0.005799999999999805,0.005799999999999805,0.005799999999999805,0.005799999999999805,-0.012940000000000396,0.012940000000000396,-0.013782047166172262,0.013782047166172262,0.00907460015657513,0.00907460015657513,0.008763728345519084,0.008763728345519084,0.03941761492054052,0.03941761492054052,0.010523966460460166,0.010523966460460166,-0.008283860037653135,0.008283860037653135,0.01024270897283408,0.01024270897283408,-0.01970428046314865,0.01970428046314865
2025-06-05,2025-06-16,4.2791,4.2612,Naive,4.2791,4.2791,4.2675,4.262014688682223,4.278653940388609,4.281910302419247,4.299428935489655,4.284159433115604,4.266244018251921,4.283354727299255,4.2599396859129905,0.017900000000000027,0.017900000000000027,0.017900000000000027,0.017900000000000027,0.006300000000000416,0.006300000000000416,0.0008146886822233412,0.0008146886822233412,0.017453940388609368,0.017453940388609368,0.020710302419247206,0.020710302419247206,0.03822893548965567,0.03822893548965567,0.022959433115604,0.022959433115604,0.005044018251921578,0.005044018251921578,0.02215472729925505,0.02215472729925505,-0.0012603140870091067,0.0012603140870091067
2025-06-06,2025-06-17,4.2881,4.275,Naive,4.2881,4.2881,4.274979999999999,4.266757472558182,4.285970821671838,4.2901346194617735,4.285020233240525,4.284119361641788,4.269037858278894,4.294046397562731,4.282139156719762,0.013099999999999667,0.013099999999999667,0.013099999999999667,0.013099999999999667,-2.0000000001019203e-05,2.0000000001019203e-05,-0.008242527441818304,0.008242527441818304,0.010970821671837605,0.010970821671837605,0.015134619461773191,0.015134619461773191,0.01002023324052459,0.01002023324052459,0.009119361641787727,0.009119361641787727,-0.005962141721106207,0.005962141721106207,0.019046397562730633,0.019046397562730633,0.007139156719762063,0.007139156719762063
2025-06-09,2025-06-18,4.2772,4.2717,Naive,4.2772,4.2772,4.27886,4.26865611391124,4.275882795507588,4.2804258082449,4.28985850977097,4.285653891153393,4.270957741169358,4.280936688578308,4.270974977583356,0.005499999999999616,0.005499999999999616,0.005499999999999616,0.005499999999999616,0.007159999999999833,0.007159999999999833,-0.0030438860887604946,0.0030438860887604946,0.004182795507587933,0.004182795507587933,0.008725808244899547,0.008725808244899547,0.01815850977097,0.01815850977097,0.013953891153392739,0.013953891153392739,-0.0007422588306420508,0.0007422588306420508,0.009236688578307728,0.009236688578307728,-0.0007250224166437391,0.0007250224166437391
2025-06-10,2025-06-20,4.2611,4.2709,Naive,4.2611,4.2611,4.27666,4.267282275018287,4.26320897268822,4.265937435887348,4.249271342254615,4.2861946346180355,4.270512242619392,4.265782794422894,4.264586597233015,-0.009800000000000253,0.009800000000000253,-0.009800000000000253,0.009800000000000253,0.005759999999999543,0.005759999999999543,-0.0036177249817130885,0.0036177249817130885,-0.007691027311779841,0.007691027311779841,-0.004962564112652501,0.004962564112652501,-0.021628657745385027,0.021628657745385027,0.015294634618035374,0.015294634618035374,-0.00038775738060792264,0.00038775738060792264,-0.005117205577105821,0.005117205577105821,-0.006313402766985554,0.006313402766985554
2025-06-11,2025-06-23,4.2643,4.2727,Naive,4.2643,4.2643,4.273960000000001,4.26674004319678,4.26779765024388,4.269120683065001,4.3006436300490085,4.285584230409238,4.27079113375889,4.274383936628817,4.2682856918824,-0.008399999999999963,0.008399999999999963,-0.008399999999999963,0.008399999999999963,0.001260000000000261,0.001260000000000261,-0.005959956803220479,0.005959956803220479,-0.004902349756120472,0.004902349756120472,-0.0035793169349993548,0.0035793169349993548,0.027943630049008128,0.027943630049008128,0.012884230409238029,0.012884230409238029,-0.0019088662411101964,0.0019088662411101964,0.001683936628817051,0.001683936628817051,-0.004414308117600463,0.004414308117600463
2025-06-12,2025-06-24,4.2631,4.2604,Naive,4.2631,4.2631,4.27076,4.266078217161001,4.265587559631641,4.268328766436229,4.295053565986698,4.28550085442871,4.270794149988202,4.26773820589705,4.269835596839194,0.0026999999999999247,0.0026999999999999247,0.0026999999999999247,0.0026999999999999247,0.010360000000000369,0.010360000000000369,0.005678217161001697,0.005678217161001697,0.005187559631640859,0.005187559631640859,0.007928766436228862,0.007928766436228862,0.034653565986698,0.034653565986698,0.02510085442871013,0.02510085442871013,0.010394149988202095,0.010394149988202095,0.007338205897050365,0.007338205897050365,0.009435596839193927,0.009435596839193927
2025-06-13,2025-06-25,4.272,4.2479,Naive,4.272,4.272,4.26754,4.26715490494991,4.27466388753449,4.276736576230117,4.186668984766988,4.285919851679324,4.271852393978821,4.281727868454931,4.276396220110572,0.024100000000000676,0.024100000000000676,0.024100000000000676,0.024100000000000676,0.019640000000000768,0.019640000000000768,0.019254904949910667,0.019254904949910667,0.026763887534490216,0.026763887534490216,0.02883657623011704,0.02883657623011704,-0.061231015233011554,0.061231015233011554,0.038019851679324645,0.038019851679324645,0.02395239397882154,0.02395239397882154,0.033827868454931576,0.033827868454931576,0.028496220110572068,0.028496220110572068
2025-06-16,2025-06-26,4.2612,4.2479,Naive,4.2612,4.2612,4.26434,4.266072194959017,4.267430914105255,4.2672892410947725,4.2764803730409975,4.285432211813514,4.27169326939022,4.266399957591428,4.2764232289575865,0.01330000000000009,0.01330000000000009,0.01330000000000009,0.01330000000000009,0.016440000000000232,0.016440000000000232,0.018172194959017673,0.018172194959017673,0.019530914105255093,0.019530914105255093,0.019389241094772913,0.019389241094772913,0.02858037304099792,0.02858037304099792,0.03753221181351485,0.03753221181351485,0.02379326939022075,0.02379326939022075,0.01849995759142864,0.01849995759142864,0.028523228957586966,0.028523228957586966
2025-06-17,2025-06-27,4.275,4.2362,Naive,4.275,4.275,4.26712,4.267695432239195,4.285563153398861,4.280062266073734,4.287644125570464,4.286007258205687,4.272915987830814,4.28203156186052,4.282530698569285,0.03880000000000017,0.03880000000000017,0.03880000000000017,0.03880000000000017,0.03092000000000006,0.03092000000000006,0.031495432239195154,0.031495432239195154,0.049363153398861215,0.049363153398861215,0.04386226607373356,0.04386226607373356,0.051444125570463406,0.051444125570463406,0.049807258205686544,0.049807258205686544,0.036715987830813646,0.036715987830813646,0.04583156186051962,0.04583156186051962,0.0463306985692844,0.0463306985692844
2025-06-18,2025-06-30,4.2717,4.2419,Naive,4.2717,4.2717,4.2686,4.268423535468433,4.280397790308196,4.277173520898597,4.2998226252917435,4.285804668436139,4.272153643898228,4.280892038985532,4.283891837551164,0.029799999999999827,0.029799999999999827,0.029799999999999827,0.029799999999999827,0.026699999999999946,0.026699999999999946,0.026523535468432335,0.026523535468432335,0.038497790308195334,0.038497790308195334,0.03527352089859637,0.03527352089859637,0.0579226252917433,0.0579226252917433,0.04390466843613883,0.04390466843613883,0.030253643898228155,0.030253643898228155,0.03899203898553161,0.03899203898553161,0.04199183755116387,0.04199183755116387
2025-06-20,2025-07-01,4.2709,4.2415,Naive,4.2709,4.2709,4.270160000000001,4.268873801746899,4.2807481853397675,4.276930544202735,4.245192661092339,4.285617149326205,4.272476206311276,4.277300173662351,4.283334293952603,0.02939999999999987,0.02939999999999987,0.02939999999999987,0.02939999999999987,0.028660000000000352,0.028660000000000352,0.027373801746898963,0.027373801746898963,0.03924818533976726,0.03924818533976726,0.03543054420273517,0.03543054420273517,0.0036926610923391223,0.0036926610923391223,0.0441171493262047,0.0441171493262047,0.03097620631127551,0.03097620631127551,0.03580017366235033,0.03580017366235033,0.04183429395260241,0.04183429395260241
2025-06-23,2025-07-02,4.2727,4.25,Naive,4.2727,4.2727,4.270300000000001,4.269569474156554,4.2827703657842875,4.279091424602919,4.297089981141476,4.285754285331682,4.27378815970532,4.280241072656539,4.281893769348017,0.022700000000000387,0.022700000000000387,0.022700000000000387,0.022700000000000387,0.02030000000000065,0.02030000000000065,0.019569474156553746,0.019569474156553746,0.03277036578428749,0.03277036578428749,0.029091424602919247,0.029091424602919247,0.04708998114147622,0.04708998114147622,0.03575428533168168,0.03575428533168168,0.023788159705319778,0.023788159705319778,0.030241072656538748,0.030241072656538748,0.031893769348016576,0.031893769348016576
2025-06-24,2025-07-03,4.2604,4.2634,Naive,4.2604,4.2604,4.2701400000000005,4.26790229703718,4.269991227788364,4.268083890825243,4.234841349492039,4.285444886424477,4.273428977692858,4.266831652622781,4.2777414151440105,-0.0030000000000001137,0.0030000000000001137,-0.0030000000000001137,0.0030000000000001137,0.006740000000000634,0.006740000000000634,0.004502297037180192,0.004502297037180192,0.006591227788364407,0.006591227788364407,0.004683890825242898,0.004683890825242898,-0.028558650507960692,0.028558650507960692,0.022044886424477106,0.022044886424477106,0.010028977692858376,0.010028977692858376,0.003431652622781556,0.003431652622781556,0.01434141514401066,0.01434141514401066
2025-06-25,2025-07-04,4.2479,4.2515,Naive,4.2479,4.2479,4.26472,4.2642655157576925,4.260743204884783,4.256956391384367,4.197603245186601,4.284809223592233,4.272883154564271,4.265109709403549,4.273405575940193,-0.0036000000000004917,0.0036000000000004917,-0.0036000000000004917,0.0036000000000004917,0.013219999999999565,0.013219999999999565,0.01276551575769247,0.01276551575769247,0.009243204884782585,0.009243204884782585,0.005456391384367265,0.005456391384367265,-0.053896754813399284,0.053896754813399284,0.03330922359223276,0.03330922359223276,0.021383154564270868,0.021383154564270868,0.013609709403548997,0.013609709403548997,0.021905575940192712,0.021905575940192712
2025-06-26,2025-07-07,4.2479,4.2524,Naive,4.2479,4.2479,4.25996,4.261289967438112,4.258353884268155,4.257187263163139,4.187387101598307,4.2846793797863745,4.271519901492205,4.265997305479867,4.242759788628857,-0.0045000000000001705,0.0045000000000001705,-0.0045000000000001705,0.0045000000000001705,0.007560000000000677,0.007560000000000677,0.008889967438112656,0.008889967438112656,0.005953884268155463,0.005953884268155463,0.004787263163139599,0.004787263163139599,-0.06501289840169289,0.06501289840169289,0.03227937978637474,0.03227937978637474,0.019119901492205216,0.019119901492205216,0.013597305479867039,0.013597305479867039,-0.009640211371142904,0.009640211371142904
2025-06-27,2025-07-08,4.2362,4.2455,Naive,4.2362,4.2362,4.253019999999999,4.256728155176637,4.246307925077576,4.246880275936952,4.24111152527058,4.275826453622049,4.268653891817358,4.253378127003395,4.231804452637455,-0.009299999999999642,0.009299999999999642,-0.009299999999999642,0.009299999999999642,0.007519999999999527,0.007519999999999527,0.01122815517663689,0.01122815517663689,0.0008079250775763214,0.0008079250775763214,0.0013802759369525575,0.0013802759369525575,-0.004388474729419833,0.004388474729419833,0.030326453622048888,0.030326453622048888,0.023153891817358385,0.023153891817358385,0.007878127003395186,0.007878127003395186,-0.013695547362544858,0.013695547362544858
2025-06-30,2025-07-09,4.2419,4.2399,Naive,4.2419,4.2419,4.24686,4.254032126962703,4.257811210237347,4.252785564795959,4.197516358503134,4.2755182796725855,4.2669708455588795,4.267044282896391,4.242402598121028,0.002000000000000668,0.002000000000000668,0.002000000000000668,0.002000000000000668,0.006960000000000299,0.006960000000000299,0.014132126962703495,0.014132126962703495,0.01791121023734732,0.01791121023734732,0.012885564795959148,0.012885564795959148,-0.042383641496865465,0.042383641496865465,0.035618279672585906,0.035618279672585906,0.027070845558879952,0.027070845558879952,0.02714428289639148,0.02714428289639148,0.0025025981210280435,0.0025025981210280435
2025-07-01,2025-07-10,4.2415,4.2464,Naive,4.2415,4.2415,4.243080000000001,4.25175355842403,4.2564925096257555,4.252835929717273,4.19781706554789,4.276459016525628,4.265393106900854,4.258453708233187,4.240660899409457,-0.0049000000000001265,0.0049000000000001265,-0.0049000000000001265,0.0049000000000001265,-0.0033199999999995455,0.0033199999999995455,0.005353558424029181,0.005353558424029181,0.010092509625755142,0.010092509625755142,0.006435929717272693,0.006435929717272693,-0.04858293445211004,0.04858293445211004,0.03005901652562759,0.03005901652562759,0.01899310690085354,0.01899310690085354,0.012053708233186633,0.012053708233186633,-0.005739100590543167,0.005739100590543167
2025-07-02,2025-07-11,4.25,4.2563,Naive,4.25,4.25,4.2435,4.25143472961966,4.266056628903688,4.2605402539586255,4.233010551116655,4.278609847415955,4.264817428462435,4.259115093823285,4.248257423658684,-0.006300000000000416,0.006300000000000416,-0.006300000000000416,0.006300000000000416,-0.012800000000000367,0.012800000000000367,-0.004865270380340014,0.004865270380340014,0.00975662890368767,0.00975662890368767,0.00424025395862504,0.00424025395862504,-0.02328944888334572,0.02328944888334572,0.02230984741595421,0.02230984741595421,0.00851742846243475,0.00851742846243475,0.002815093823284265,0.002815093823284265,-0.008042576341316554,0.008042576341316554
2025-07-03,2025-07-14,4.2634,4.2614,Naive,4.2634,4.2634,4.246599999999999,4.253610233325176,4.276832384826963,4.272665854371551,4.2770722927842195,4.280448475963165,4.266238139977028,4.26816394439292,4.267670799977999,0.0019999999999997797,0.0019999999999997797,0.0019999999999997797,0.0019999999999997797,-0.014800000000001035,0.014800000000001035,-0.007789766674823895,0.007789766674823895,0.015432384826962853,0.015432384826962853,0.011265854371551143,0.011265854371551143,0.015672292784219444,0.015672292784219444,0.019048475963164613,0.019048475963164613,0.0048381399770276445,0.0048381399770276445,0.0067639443929197185,0.0067639443929197185,0.006270799977999175,0.006270799977999175
2025-07-04,2025-07-15,4.2515,4.2538,Naive,4.2515,4.2515,4.24966,4.25322655453878,4.264021177360736,4.261656981982444,4.229147514919309,4.2811860390860454,4.265277798160261,4.260411085990309,4.253172673682842,-0.0022999999999999687,0.0022999999999999687,-0.0022999999999999687,0.0022999999999999687,-0.0041399999999995885,0.0041399999999995885,-0.0005734454612200679,0.0005734454612200679,0.010221177360736355,0.010221177360736355,0.007856981982444111,0.007856981982444111,-0.024652485080690845,0.024652485080690845,0.02738603908604542,0.02738603908604542,0.011477798160260733,0.011477798160260733,0.006611085990308574,0.006611085990308574,-0.0006273263171578947,0.0006273263171578947
2025-07-07,2025-07-16,4.2524,4.2585,Naive,4.2524,4.2524,4.25176,4.253076271895365,4.267888110658496,4.262602397003613,4.245410735589168,4.280754302803798,4.264990943636314,4.260437959599183,4.255402166768584,-0.006099999999999994,0.006099999999999994,-0.006099999999999994,0.006099999999999994,-0.006739999999999746,0.006739999999999746,-0.005423728104634762,0.005423728104634762,0.009388110658496096,0.009388110658496096,0.004102397003613589,0.004102397003613589,-0.013089264410831802,0.013089264410831802,0.022254302803798254,0.022254302803798254,0.006490943636314306,0.006490943636314306,0.0019379595991830811,0.0019379595991830811,-0.0030978332314157697,0.0030978332314157697
2025-07-08,2025-07-17,4.2455,4.2559,Naive,4.2455,4.2455,4.25256,4.251698767914389,4.258408835033427,4.2561402375443755,4.20365645555059,4.279654672672903,4.263562820474402,4.258854831465128,4.247848371703603,-0.010399999999999743,0.010399999999999743,-0.010399999999999743,0.010399999999999743,-0.0033399999999996766,0.0033399999999996766,-0.004201232085610407,0.004201232085610407,0.002508835033427026,0.002508835033427026,0.00024023754437596523,0.00024023754437596523,-0.05224354444940982,0.05224354444940982,0.023754672672903432,0.023754672672903432,0.007662820474402032,0.007662820474402032,0.002954831465128649,0.002954831465128649,-0.008051628296396274,0.008051628296396274
2025-07-09,2025-07-18,4.2399,4.2509,Naive,4.2399,4.2399,4.250539999999999,4.2495535373845,4.2524006010483735,4.2509071490537025,4.226609806119538,4.274192047733646,4.26225985873247,4.245381311470662,4.236479290375066,-0.01100000000000012,0.01100000000000012,-0.01100000000000012,0.01100000000000012,-0.0003600000000005821,0.0003600000000005821,-0.001346462615499533,0.001346462615499533,0.0015006010483737953,0.0015006010483737953,7.1490537028040535e-06,7.1490537028040535e-06,-0.024290193880461608,0.024290193880461608,0.023292047733646015,0.023292047733646015,0.011359858732470585,0.011359858732470585,-0.005518688529337901,0.005518688529337901,-0.014420709624933359,0.014420709624933359
2025-07-10,2025-07-21,4.2464,4.2445,Naive,4.2464,4.2464,4.24714,4.248980166950955,4.25443953222784,4.256775064752904,4.2595212228307044,4.274830314723148,4.260678607997002,4.257653139592413,4.23193068295693,0.0019000000000000128,0.0019000000000000128,0.0019000000000000128,0.0019000000000000128,0.0026399999999995316,0.0026399999999995316,0.004480166950954434,0.004480166950954434,0.00993953222783972,0.00993953222783972,0.012275064752903297,0.012275064752903297,0.015021222830704062,0.015021222830704062,0.03033031472314729,0.03033031472314729,0.016178607997001215,0.016178607997001215,0.013153139592412266,0.013153139592412266,-0.012569317043070072,0.012569317043070072
2025-07-11,2025-07-22,4.2563,4.2531,Naive,4.2563,4.2563,4.2481,4.250311045687145,4.263759947570551,4.2658697317956715,4.258814983222456,4.280522363113161,4.262495372629236,4.262269604954795,4.251665528215489,0.0032000000000005357,0.0032000000000005357,0.0032000000000005357,0.0032000000000005357,-0.004999999999999893,0.004999999999999893,-0.0027889543128551963,0.0027889543128551963,0.010659947570551331,0.010659947570551331,0.012769731795671646,0.012769731795671646,0.00571498322245656,0.00571498322245656,0.027422363113161374,0.027422363113161374,0.009395372629236398,0.009395372629236398,0.009169604954794686,0.009169604954794686,-0.0014344717845107269,0.0014344717845107269
2025-07-14,2025-07-23,4.2614,4.2544,Naive,4.2614,4.2614,4.2499,4.252327219198573,4.271324494449221,4.271001645107111,4.235542363957532,4.281521183859082,4.2630867761342,4.261297941701619,4.256746155091106,0.006999999999999673,0.006999999999999673,0.006999999999999673,0.006999999999999673,-0.0045000000000001705,0.0045000000000001705,-0.002072780801427143,0.002072780801427143,0.016924494449220617,0.016924494449220617,0.016601645107110485,0.016601645107110485,-0.01885763604246815,0.01885763604246815,0.02712118385908191,0.02712118385908191,0.008686776134199548,0.008686776134199548,0.006897941701618393,0.006897941701618393,0.002346155091105473,0.002346155091105473
2025-07-15,2025-07-24,4.2538,4.2514,Naive,4.2538,4.2538,4.25156,4.2525949975261055,4.266842906222318,4.26405908429649,4.247039271589562,4.2822565038098235,4.2635324396924075,4.259817810134675,4.247434418451301,0.0023999999999997357,0.0023999999999997357,0.0023999999999997357,0.0023999999999997357,0.00015999999999927184,0.00015999999999927184,0.0011949975261051904,0.0011949975261051904,0.01544290622231781,0.01544290622231781,0.012659084296489986,0.012659084296489986,-0.004360728410437886,0.004360728410437886,0.030856503809823188,0.030856503809823188,0.012132439692407182,0.012132439692407182,0.008417810134674575,0.008417810134674575,-0.003965581548698971,0.003965581548698971
2025-07-16,2025-07-25,4.2585,4.2544,Naive,4.2585,4.2585,4.255280000000001,4.25366863433954,4.273235281143614,4.2682052618083075,4.207320151943632,4.282959222301713,4.263456698180177,4.260733793475717,4.250195774862091,0.004099999999999326,0.004099999999999326,0.004099999999999326,0.004099999999999326,0.000880000000000436,0.000880000000000436,-0.0007313656604601704,0.0007313656604601704,0.018835281143613436,0.018835281143613436,0.013805261808307101,0.013805261808307101,-0.047079848056368334,0.047079848056368334,0.028559222301712595,0.028559222301712595,0.009056698180176959,0.009056698180176959,0.006333793475716831,0.006333793475716831,-0.004204225137909745,0.004204225137909745
2025-07-17,2025-07-28,4.2559,4.2565,Naive,4.2559,4.2559,4.25718,4.254074337186896,4.266557065366124,4.265729153104589,4.275693062328011,4.282324221247373,4.263746490126727,4.260642481806706,4.250977822111888,-0.000600000000000378,0.000600000000000378,-0.000600000000000378,0.000600000000000378,0.0006800000000000139,0.0006800000000000139,-0.002425662813103635,0.002425662813103635,0.01005706536612383,0.01005706536612383,0.009229153104588939,0.009229153104588939,0.019193062328010768,0.019193062328010768,0.02582422124737338,0.02582422124737338,0.007246490126727068,0.007246490126727068,0.0041424818067063995,0.0041424818067063995,-0.005522177888112267,0.005522177888112267
2025-07-18,2025-07-29,4.2509,4.2737,Naive,4.2509,4.2509,4.2561,4.2534971849710965,4.263368361194093,4.261125941903331,4.261644741717775,4.283178091269579,4.263212828108228,4.258854831465128,4.247509583248574,-0.022800000000000153,0.022800000000000153,-0.022800000000000153,0.022800000000000153,-0.017599999999999838,0.017599999999999838,-0.02020281502890331,0.02020281502890331,-0.010331638805906707,0.010331638805906707,-0.012574058096668672,0.012574058096668672,-0.01205525828222509,0.01205525828222509,0.009478091269579103,0.009478091269579103,-0.010487171891771396,0.010487171891771396,-0.014845168534871611,0.014845168534871611,-0.02619041675142597,0.02619041675142597
2025-07-21,2025-07-30,4.2445,4.2732,Naive,4.2445,4.2445,4.252719999999999,4.251861333158169,4.258583212822887,4.255504644325323,4.236325464614615,4.283316377492725,4.260836313453872,4.258854831465128,4.239411667991483,-0.028699999999999726,0.028699999999999726,-0.028699999999999726,0.028699999999999726,-0.020480000000000942,0.020480000000000942,-0.021338666841830722,0.021338666841830722,-0.014616787177113011,0.014616787177113011,-0.01769535567467706,0.01769535567467706,-0.03687453538538499,0.03687453538538499,0.010116377492725093,0.010116377492725093,-0.012363686546128072,0.012363686546128072,-0.014345168534871888,0.014345168534871888,-0.03378833200851705,0.03378833200851705
2025-07-22,2025-07-31,4.2531,4.2661,Naive,4.2531,4.2531,4.25258,4.252086545311229,4.265839599360076,4.26342307933058,4.2241928946599945,4.283707685680073,4.26215001981422,4.261093419494095,4.2511831375899645,-0.0129999999999999,0.0129999999999999,-0.0129999999999999,0.0129999999999999,-0.013519999999999754,0.013519999999999754,-0.014013454688770466,0.014013454688770466,-0.0002604006399238301,0.0002604006399238301,-0.0026769206694199355,0.0026769206694199355,-0.0419071053400053,0.0419071053400053,0.017607685680073537,0.017607685680073537,-0.003949980185780078,0.003949980185780078,-0.005006580505904523,0.005006580505904523,-0.014916862410035314,0.014916862410035314
2025-07-23,2025-08-01,4.2544,4.2813,Naive,4.2544,4.2544,4.25176,4.25250717343646,4.265274176504304,4.264252007519336,4.270002064211073,4.283880719012926,4.262426449977589,4.261759856097457,4.248956186282984,-0.02689999999999948,0.02689999999999948,-0.02689999999999948,0.02689999999999948,-0.0295399999999999,0.0295399999999999,-0.028792826563539542,0.028792826563539542,-0.01602582349569559,0.01602582349569559,-0.017047992480663687,0.017047992480663687,-0.011297935788927127,0.011297935788927127,0.002580719012926558,0.002580719012926558,-0.018873550022410868,0.018873550022410868,-0.01954014390254244,0.01954014390254244,-0.03234381371701556,0.03234381371701556
2025-07-24,2025-08-04,4.2514,4.2734,Naive,4.2514,4.2514,4.25086,4.252305869175285,4.259495350070661,4.261408222226093,4.308570319565023,4.283942307109876,4.26218122877128,4.261964378304981,4.2499430451496565,-0.021999999999999353,0.021999999999999353,-0.021999999999999353,0.021999999999999353,-0.02253999999999934,0.02253999999999934,-0.02109413082471434,0.02109413082471434,-0.01390464992933893,0.01390464992933893,-0.011991777773906698,0.011991777773906698,0.035170319565023256,0.035170319565023256,0.010542307109876248,0.010542307109876248,-0.011218771228719504,0.011218771228719504,-0.01143562169501866,0.01143562169501866,-0.02345695485034316,0.02345695485034316
2025-07-25,2025-08-05,4.2544,4.2763,Naive,4.2544,4.2544,4.25156,4.252686620234324,4.264669601106748,4.264151954827363,4.260687030342528,4.283913073594541,4.261991253083734,4.262034956134464,4.250231559540564,-0.021899999999999586,0.021899999999999586,-0.021899999999999586,0.021899999999999586,-0.02474000000000043,0.02474000000000043,-0.0236133797656759,0.0236133797656759,-0.011630398893252014,0.011630398893252014,-0.012148045172637012,0.012148045172637012,-0.01561296965747161,0.01561296965747161,0.00761307359454122,0.00761307359454122,-0.01430874691626638,0.01430874691626638,-0.014265043865536065,0.014265043865536065,-0.02606844045943557,0.02606844045943557
2025-07-28,2025-08-06,4.2565,4.282,Naive,4.2565,4.2565,4.25396,4.253379962009901,4.268009262635938,4.266312193780125,4.323428567291777,4.284151754175769,4.262174300721057,4.262034956134464,4.253909118119875,-0.025500000000000078,0.025500000000000078,-0.025500000000000078,0.025500000000000078,-0.028039999999999843,0.028039999999999843,-0.028620037990099156,0.028620037990099156,-0.013990737364061978,0.013990737364061978,-0.015687806219874645,0.015687806219874645,0.04142856729177691,0.04142856729177691,0.0021517541757694048,0.0021517541757694048,-0.019825699278943176,0.019825699278943176,-0.019965043865536103,0.019965043865536103,-0.028090881880125096,0.028090881880125096
2025-07-29,2025-08-07,4.2737,4.2618,Naive,4.2737,4.2737,4.25808,4.257074514371737,4.2856913860295345,4.281919048350033,4.366396315043727,4.285298814887605,4.263789414790202,4.277036860972599,4.2757168144886455,0.0118999999999998,0.0118999999999998,0.0118999999999998,0.0118999999999998,-0.0037200000000003897,0.0037200000000003897,-0.0047254856282634705,0.0047254856282634705,0.023891386029534445,0.023891386029534445,0.020119048350032642,0.020119048350032642,0.10459631504372702,0.10459631504372702,0.023498814887604524,0.023498814887604524,0.001989414790202204,0.001989414790202204,0.015236860972598798,0.015236860972598798,0.013916814488645457,0.013916814488645457
2025-07-30,2025-08-08,4.2732,4.2566,Naive,4.2732,4.2732,4.261840000000001,4.260006420849603,4.283844967562873,4.281311287359189,4.279279943141951,4.2853023866330595,4.2651995080396405,4.2753691587974325,4.273005367866478,0.016600000000000392,0.016600000000000392,0.016600000000000392,0.016600000000000392,0.005240000000001466,0.005240000000001466,0.0034064208496031867,0.0034064208496031867,0.02724496756287298,0.02724496756287298,0.024711287359189704,0.024711287359189704,0.02267994314195132,0.02267994314195132,0.028702386633059795,0.028702386633059795,0.008599508039640824,0.008599508039640824,0.018769158797432794,0.018769158797432794,0.016405367866478393,0.016405367866478393
2025-07-31,2025-08-11,4.2661,4.2533,Naive,4.2661,4.2661,4.26478,4.261114344331493,4.275446396582994,4.274796167064733,4.273738307271128,4.28542111287929,4.2655551889898256,4.2709952514492535,4.26843889830236,0.012799999999999478,0.012799999999999478,0.012799999999999478,0.012799999999999478,0.011479999999999713,0.011479999999999713,0.007814344331492862,0.007814344331492862,0.022146396582993333,0.022146396582993333,0.021496167064732674,0.021496167064732674,0.020438307271128053,0.020438307271128053,0.03212111287928998,0.03212111287928998,0.01225518898982525,0.01225518898982525,0.017695251449253213,0.017695251449253213,0.015138898302359927,0.015138898302359927
2025-08-01,2025-08-12,4.2813,4.2626,Naive,4.2813,4.2813,4.27016,4.264784463543949,4.291384512122625,4.288702999746163,4.272635768008116,4.286329232495773,4.269284596085802,4.292487949128596,4.276428683897006,0.01869999999999994,0.01869999999999994,0.01869999999999994,0.01869999999999994,0.007559999999999789,0.007559999999999789,0.0021844635439487448,0.0021844635439487448,0.028784512122625117,0.028784512122625117,0.026102999746163036,0.026102999746163036,0.010035768008116008,0.010035768008116008,0.02372923249577319,0.02372923249577319,0.006684596085801964,0.006684596085801964,0.029887949128595714,0.029887949128595714,0.013828683897005867,0.013828683897005867
2025-08-04,2025-08-13,4.2734,4.2586,Naive,4.2734,4.2734,4.27354,4.266350924717776,4.282714399496549,4.281712594463802,4.309407635413412,4.286279641161621,4.270499046313445,4.283309028581597,4.277419290375697,0.014799999999999258,0.014799999999999258,0.014799999999999258,0.014799999999999258,0.014939999999999287,0.014939999999999287,0.007750924717775831,0.007750924717775831,0.0241143994965487,0.0241143994965487,0.023112594463801983,0.023112594463801983,0.05080763541341149,0.05080763541341149,0.027679641161620694,0.027679641161620694,0.011899046313444295,0.011899046313444295,0.024709028581596293,0.024709028581596293,0.018819290375696518,0.018819290375696518
2025-08-05,2025-08-14,4.2763,4.2639,Naive,4.2763,4.2763,4.27406,4.268159847496362,4.286801339186189,4.284368442250821,4.334647337716969,4.286346261424623,4.27101312477709,4.283687251307725,4.282468518568825,0.01240000000000041,0.01240000000000041,0.01240000000000041,0.01240000000000041,0.010160000000000835,0.010160000000000835,0.004259847496362212,0.004259847496362212,0.022901339186189418,0.022901339186189418,0.020468442250821006,0.020468442250821006,0.07074733771696984,0.07074733771696984,0.022446261424623692,0.022446261424623692,0.007113124777090363,0.007113124777090363,0.01978725130772574,0.01978725130772574,0.018568518568825354,0.018568518568825354
2025-08-06,2025-08-18,4.282,4.2558,Naive,4.282,4.282,4.27582,4.270676238860659,4.291575544236241,4.289479239894944,4.290860798111889,4.286587249929605,4.273291651726321,4.291350830404376,4.284527139965617,0.026200000000000223,0.026200000000000223,0.026200000000000223,0.026200000000000223,0.020020000000000593,0.020020000000000593,0.014876238860659363,0.014876238860659363,0.035775544236241075,0.035775544236241075,0.033679239894944146,0.033679239894944146,0.03506079811188911,0.03506079811188911,0.03078724992960513,0.03078724992960513,0.0174916517263215,0.0174916517263215,0.03555083040437612,0.03555083040437612,0.02872713996561682,0.02872713996561682
2025-08-07,2025-08-19,4.2618,4.242,Naive,4.2618,4.2618,4.27496,4.26906237724963,4.270859741678271,4.271134177526711,4.271232767424858,4.286402185241104,4.2730971279582395,4.26897348382845,4.273624188250216,0.01980000000000004,0.01980000000000004,0.01980000000000004,0.01980000000000004,0.0329600000000001,0.0329600000000001,0.027062377249629677,0.027062377249629677,0.028859741678271433,0.028859741678271433,0.02913417752671066,0.02913417752671066,0.029232767424858253,0.029232767424858253,0.044402185241104064,0.044402185241104064,0.03109712795823949,0.03109712795823949,0.026973483828450107,0.026973483828450107,0.03162418825021618,0.03162418825021618
2025-08-08,2025-08-20,4.2566,4.2524,Naive,4.2566,4.2566,4.27002,4.2667964904769695,4.269435501518019,4.266553592716987,4.202182218890688,4.28587036405824,4.272807370009781,4.270125979525264,4.259238300885916,0.0041999999999999815,0.0041999999999999815,0.0041999999999999815,0.0041999999999999815,0.01761999999999997,0.01761999999999997,0.014396490476969781,0.014396490476969781,0.017035501518019025,0.017035501518019025,0.014153592716986907,0.014153592716986907,-0.05021778110931141,0.05021778110931141,0.03347036405823989,0.03347036405823989,0.020407370009781545,0.020407370009781545,0.017725979525264002,0.017725979525264002,0.006838300885916304,0.006838300885916304
2025-08-11,2025-08-21,4.2533,4.2521,Naive,4.2533,4.2533,4.266,4.264342583117521,4.268178893510948,4.263745303952671,4.246220802613147,4.285539319297375,4.272078345946261,4.269987164440086,4.2519317516904875,0.0011999999999998678,0.0011999999999998678,0.0011999999999998678,0.0011999999999998678,0.01389999999999958,0.01389999999999958,0.012242583117520134,0.012242583117520134,0.016078893510947267,0.016078893510947267,0.011645303952670716,0.011645303952670716,-0.005879197386853718,0.005879197386853718,0.03343931929737476,0.03343931929737476,0.019978345946260134,0.019978345946260134,0.017887164440085535,0.017887164440085535,-0.00016824830951289726,0.00016824830951289726
2025-08-12,2025-08-22,4.2626,4.267,Naive,4.2626,4.2626,4.26326,4.264025749823426,4.27873516412262,4.272279541782533,4.358709966280813,4.2853784831698185,4.272352253987514,4.271614287588174,4.272523583146316,-0.004400000000000404,0.004400000000000404,-0.004400000000000404,0.004400000000000404,-0.0037400000000005207,0.0037400000000005207,-0.0029742501765746,0.0029742501765746,0.011735164122619324,0.011735164122619324,0.0052795417825324265,0.0052795417825324265,0.09170996628081252,0.09170996628081252,0.01837848316981816,0.01837848316981816,0.005352253987513933,0.005352253987513933,0.004614287588173838,0.004614287588173838,0.005523583146315403,0.005523583146315403
2025-08-13,2025-08-25,4.2586,4.2627,Naive,4.2586,4.2586,4.25858,4.26303924985553,4.2728989222792775,4.268591885685907,4.2961451514955495,4.285363708397062,4.271130848378549,4.270143655730096,4.273499992421301,-0.004099999999999326,0.004099999999999326,-0.004099999999999326,0.004099999999999326,-0.004119999999999457,0.004119999999999457,0.0003392498555303547,0.0003392498555303547,0.010198922279277767,0.010198922279277767,0.005891885685906928,0.005891885685906928,0.03344515149554983,0.03344515149554983,0.022663708397062443,0.022663708397062443,0.00843084837854935,0.00843084837854935,0.00744365573009631,0.00744365573009631,0.010799992421301141,0.010799992421301141
2025-08-14,2025-08-26,4.2639,4.2657,Naive,4.2639,4.2639,4.259,4.263195749881797,4.277237384990339,4.2733715169849065,4.269683955300434,4.285345201167745,4.271618844679318,4.277920275471144,4.273240823843489,-0.0018000000000002458,0.0018000000000002458,-0.0018000000000002458,0.0018000000000002458,-0.006699999999999484,0.006699999999999484,-0.0025042501182026555,0.0025042501182026555,0.01153738499033885,0.01153738499033885,0.007671516984906646,0.007671516984906646,0.003983955300434161,0.003983955300434161,0.019645201167745263,0.019645201167745263,0.005918844679317914,0.005918844679317914,0.012220275471143793,0.012220275471143793,0.007540823843489086,0.007540823843489086
2025-08-18,2025-08-27,4.2558,4.2639,Naive,4.2558,4.2558,4.25884,4.2618510680851065,4.269295163502343,4.266282837698512,4.289457090846576,4.285290196075463,4.2706311522467475,4.26967951954344,4.261988499459153,-0.008099999999999774,0.008099999999999774,-0.008099999999999774,0.008099999999999774,-0.005059999999999398,0.005059999999999398,-0.002048931914893082,0.002048931914893082,0.005395163502343259,0.005395163502343259,0.002382837698512219,0.002382837698512219,0.025557090846576536,0.025557090846576536,0.021390196075463663,0.021390196075463663,0.006731152246747918,0.006731152246747918,0.005779519543440692,0.005779519543440692,-0.0019115005408467667,0.0019115005408467667
2025-08-19,2025-08-28,4.242,4.2681,Naive,4.242,4.242,4.2565800000000005,4.258241782978724,4.257110914633292,4.253500130013435,4.313343750303059,4.2830076803355155,4.268658306332406,4.267478609728711,4.243554948220381,-0.026099999999999568,0.026099999999999568,-0.026099999999999568,0.026099999999999568,-0.011519999999999087,0.011519999999999087,-0.009858217021275983,0.009858217021275983,-0.01098908536670784,0.01098908536670784,-0.014599869986564151,0.014599869986564151,0.045243750303059826,0.045243750303059826,0.014907680335515927,0.014907680335515927,0.0005583063324063886,0.0005583063324063886,-0.0006213902712888242,0.0006213902712888242,-0.024545051779618632,0.024545051779618632
2025-08-20,2025-08-29,4.2524,4.2684,Naive,4.2524,4.2524,4.25454,4.257179640618956,4.266541846341306,4.262726265355855,4.3057211686358405,4.284149831440984,4.2686429168558835,4.271841356707667,4.2500560569191626,-0.016000000000000014,0.016000000000000014,-0.016000000000000014,0.016000000000000014,-0.013859999999999317,0.013859999999999317,-0.01122035938104382,0.01122035938104382,-0.0018581536586941283,0.0018581536586941283,-0.005673734644144446,0.005673734644144446,0.037321168635840785,0.037321168635840785,0.015749831440984075,0.015749831440984075,0.00024291685588373468,0.00024291685588373468,0.003441356707667431,0.003441356707667431,-0.0183439430808372,0.0183439430808372
2025-08-21,2025-09-01,4.2521,4.2574,Naive,4.2521,4.2521,4.25324,4.256256069597328,4.257616692848474,4.2612885269035194,4.2787519768294064,4.28420690460569,4.268036799730758,4.2696922018640935,4.2495842793427565,-0.005299999999999194,0.005299999999999194,-0.005299999999999194,0.005299999999999194,-0.0041599999999997195,0.0041599999999997195,-0.001143930402671245,0.001143930402671245,0.0002166928484745867,0.0002166928484745867,0.0038885269035198178,0.0038885269035198178,0.021351976829406816,0.021351976829406816,0.026806904605690463,0.026806904605690463,0.010636799730757929,0.010636799730757929,0.012292201864093855,0.012292201864093855,-0.00781572065724312,0.00781572065724312
2025-08-22,2025-09-02,4.267,4.2651,Naive,4.267,4.267,4.25386,4.258209511488722,4.273811016138437,4.274965141342049,4.282549988754969,4.285031636935106,4.2691028556297,4.280320199354049,4.264049286590702,0.0019000000000000128,0.0019000000000000128,0.0019000000000000128,0.0019000000000000128,-0.011239999999999917,0.011239999999999917,-0.006890488511277937,0.006890488511277937,0.008711016138436278,0.008711016138436278,0.009865141342048744,0.009865141342048744,0.017449988754968615,0.017449988754968615,0.019931636935105246,0.019931636935105246,0.004002855629699376,0.004002855629699376,0.015220199354049058,0.015220199354049058,-0.0010507134092980763,0.0010507134092980763
2025-08-25,2025-09-03,4.2627,4.2589,Naive,4.2627,4.2627,4.25524,4.259025963945318,4.270009075746703,4.271360497171144,4.3312186635329875,4.284645732442583,4.269454635132652,4.2696922018640935,4.2637520674252185,0.0038000000000000256,0.0038000000000000256,0.0038000000000000256,0.0038000000000000256,-0.0036599999999999966,0.0036599999999999966,0.00012596394531794175,0.00012596394531794175,0.01110907574670339,0.01110907574670339,0.01246049717114417,0.01246049717114417,0.07231866353298777,0.07231866353298777,0.025745732442583602,0.025745732442583602,0.010554635132652201,0.010554635132652201,0.010792201864093798,0.010792201864093798,0.00485206742521882,0.00485206742521882
2025-08-26,2025-09-04,4.2657,4.2553,Naive,4.2657,4.2657,4.2599800000000005,4.260239425046169,4.274161531339323,4.274085533731522,4.328252466043593,4.284857805217917,4.270128424029032,4.278652497178883,4.267425631874954,0.010399999999999743,0.010399999999999743,0.010399999999999743,0.010399999999999743,0.004680000000000462,0.004680000000000462,0.004939425046169177,0.004939425046169177,0.018861531339323,0.018861531339323,0.018785533731521475,0.018785533731521475,0.07295246604359296,0.07295246604359296,0.029557805217916844,0.029557805217916844,0.01482842402903195,0.01482842402903195,0.02335249717888299,0.02335249717888299,0.012125631874954301,0.012125631874954301
2025-08-27,2025-09-05,4.2639,4.2476,Naive,4.2639,4.2639,4.26228,4.260904984128684,4.2727053276014795,4.272327594386593,4.287655041572123,4.285096064613171,4.27091563904046,4.276742783880746,4.267586248329126,0.016299999999999315,0.016299999999999315,0.016299999999999315,0.016299999999999315,0.01467999999999936,0.01467999999999936,0.013304984128684083,0.013304984128684083,0.02510532760147921,0.02510532760147921,0.024727594386592777,0.024727594386592777,0.04005504157212236,0.04005504157212236,0.03749606461317079,0.03749606461317079,0.023315639040459857,0.023315639040459857,0.029142783880745426,0.029142783880745426,0.019986248329125544,0.019986248329125544
2025-08-28,2025-09-08,4.2681,4.2484,Naive,4.2681,4.2681,4.265479999999999,4.262213168832559,4.274956853802739,4.275935086005569,4.282397062578686,4.28533696799819,4.271410598143533,4.280306316466074,4.27275716220578,0.019699999999999385,0.019699999999999385,0.019699999999999385,0.019699999999999385,0.017079999999999096,0.017079999999999096,0.013813168832558453,0.013813168832558453,0.026556853802738978,0.026556853802738978,0.027535086005569198,0.027535086005569198,0.03399706257868562,0.03399706257868562,0.03693696799818991,0.03693696799818991,0.023010598143533123,0.023010598143533123,0.031906316466074,0.031906316466074,0.02435716220577966,0.02435716220577966
2025-08-29,2025-09-09,4.2684,4.254,Naive,4.2684,4.2684,4.265759999999999,4.263338047226639,4.276308527112959,4.27621252345302,4.226056509435279,4.285620869384349,4.271744559496983,4.28078181026844,4.272686915984503,0.01440000000000019,0.01440000000000019,0.01440000000000019,0.01440000000000019,0.01175999999999977,0.01175999999999977,0.009338047226639112,0.009338047226639112,0.022308527112959275,0.022308527112959275,0.02221252345302016,0.02221252345302016,-0.027943490564720896,0.027943490564720896,0.031620869384349604,0.031620869384349604,0.017744559496983392,0.017744559496983392,0.02678181026844051,0.02678181026844051,0.018686915984503116,0.018686915984503116
2025-09-01,2025-09-10,4.2574,4.2604,Naive,4.2574,4.2574,4.2647,4.26225840227634,4.2696688787930865,4.266477955731003,4.286896923215541,4.285420592587873,4.271121928314836,4.268812541623157,4.26173894001525,-0.0030000000000001137,0.0030000000000001137,-0.0030000000000001137,0.0030000000000001137,0.004300000000000637,0.004300000000000637,0.0018584022763405983,0.0018584022763405983,0.009268878793086799,0.009268878793086799,0.006077955731003115,0.006077955731003115,0.0264969232155412,0.0264969232155412,0.02502059258787348,0.02502059258787348,0.010721928314835871,0.010721928314835871,0.008412541623156855,0.008412541623156855,0.0013389400152501452,0.0013389400152501452
2025-09-02,2025-09-11,4.2651,4.2626,Naive,4.2651,4.2651,4.2645800000000005,4.262775056407914,4.277895423554522,4.273642020753484,4.283616406339623,4.285365839656291,4.272571927383493,4.2771446870789065,4.266781731112203,0.002500000000000391,0.002500000000000391,0.002500000000000391,0.002500000000000391,0.001980000000000537,0.001980000000000537,0.0001750564079143757,0.0001750564079143757,0.01529542355452218,0.01529542355452218,0.011042020753484039,0.011042020753484039,0.021016406339622762,0.021016406339622762,0.022765839656290865,0.022765839656290865,0.00997192738349284,0.00997192738349284,0.014544687078906549,0.014544687078906549,0.004181731112202769,0.004181731112202769
2025-09-03,2025-09-12,4.2589,4.2593,Naive,4.2589,4.2589,4.263579999999999,4.2620705006973845,4.270235708970884,4.2679810105509555,4.279919269461902,4.285475559487449,4.271783971331019,4.269688931607089,4.261996396354233,-0.00039999999999995595,0.00039999999999995595,-0.00039999999999995595,0.00039999999999995595,0.0042799999999996174,0.0042799999999996174,0.0027705006973848256,0.0027705006973848256,0.010935708970884583,0.010935708970884583,0.008681010550955826,0.008681010550955826,0.020619269461902512,0.020619269461902512,0.02617555948744954,0.02617555948744954,0.012483971331019639,0.012483971331019639,0.010388931607089091,0.010388931607089091,0.0026963963542332436,0.0026963963542332436
2025-09-04,2025-09-15,4.2553,4.2476,Naive,4.2553,4.2553,4.26102,4.260839500570588,4.265938143493953,4.26460729490943,4.28714412713084,4.285292694120239,4.27091632376695,4.269550116521911,4.2565005611265745,0.007699999999999818,0.007699999999999818,0.007699999999999818,0.007699999999999818,0.013419999999999987,0.013419999999999987,0.013239500570588092,0.013239500570588092,0.018338143493952686,0.018338143493952686,0.01700729490942976,0.01700729490942976,0.039544127130839435,0.039544127130839435,0.03769269412023846,0.03769269412023846,0.023316323766949587,0.023316323766949587,0.0219501165219107,0.0219501165219107,0.008900561126574225,0.008900561126574225
2025-09-05,2025-09-16,4.2476,4.2504,Naive,4.2476,4.2476,4.2568600000000005,4.258432318648662,4.259753407481976,4.257562937377608,4.2767271870699615,4.28498080846721,4.269934518743455,4.2677981585763884,4.244696749104932,-0.0027999999999996916,0.0027999999999996916,-0.0027999999999996916,0.0027999999999996916,0.006460000000000576,0.006460000000000576,0.008032318648662162,0.008032318648662162,0.009353407481976106,0.009353407481976106,0.007162937377607648,0.007162937377607648,0.02632718706996151,0.02632718706996151,0.03458080846720968,0.03458080846720968,0.019534518743455465,0.019534518743455465,0.01739815857638849,0.01739815857638849,-0.005703250895067846,0.005703250895067846
2025-09-08,2025-09-17,4.2484,4.2559,Naive,4.2484,4.2484,4.25506,4.256608260712541,4.262382630895622,4.258504477606048,4.294442850679675,4.284954476838805,4.26962959004615,4.267966988387856,4.2448429116563355,-0.007499999999999396,0.007499999999999396,-0.007499999999999396,0.007499999999999396,-0.0008399999999992858,0.0008399999999992858,0.0007082607125417084,0.0007082607125417084,0.006482630895622066,0.006482630895622066,0.0026044776060487607,0.0026044776060487607,0.038542850679675666,0.038542850679675666,0.029054476838805243,0.029054476838805243,0.013729590046150264,0.013729590046150264,0.012066988387856803,0.012066988387856803,-0.011057088343664034,0.011057088343664034
2025-09-09,2025-09-18,4.254,4.2564,Naive,4.254,4.254,4.25284,4.256134031492079,4.266506515401233,4.263609446262209,4.280475889517884,4.284925300967435,4.268030873051669,4.2695956639586985,4.24809548061143,-0.002400000000000624,0.002400000000000624,-0.002400000000000624,0.002400000000000624,-0.0035600000000002296,0.0035600000000002296,-0.000265968507921599,0.000265968507921599,0.010106515401233196,0.010106515401233196,0.007209446262208985,0.007209446262208985,0.024075889517884086,0.024075889517884086,0.028525300967435108,0.028525300967435108,0.011630873051668544,0.011630873051668544,0.013195663958698312,0.013195663958698312,-0.008304519388570242,0.008304519388570242
2025-09-10,2025-09-19,4.2604,4.2666,Naive,4.2604,4.2604,4.25314,4.256909662129882,4.271840169742552,4.269276501503683,4.316178107860631,4.284853381327772,4.267721218065241,4.269509271681257,4.253987722669755,-0.0062000000000006494,0.0062000000000006494,-0.0062000000000006494,0.0062000000000006494,-0.01346000000000025,0.01346000000000025,-0.009690337870118526,0.009690337870118526,0.0052401697425512594,0.0052401697425512594,0.0026765015036822604,0.0026765015036822604,0.04957810786063099,0.04957810786063099,0.018253381327771656,0.018253381327771656,0.0011212180652409032,0.0011212180652409032,0.0029092716812568753,0.0029092716812568753,-0.012612277330245725,0.012612277330245725
2025-09-11,2025-09-22,4.2626,4.2645,Naive,4.2626,4.2626,4.2546,4.257944269015358,4.27072581461598,4.271214386141403,4.287210191898832,4.28503937025846,4.268398933815582,4.269213437804723,4.259058558612991,-0.0019000000000000128,0.0019000000000000128,-0.0019000000000000128,0.0019000000000000128,-0.00990000000000002,0.00990000000000002,-0.0065557309846422385,0.0065557309846422385,0.006225814615979708,0.006225814615979708,0.0067143861414029615,0.0067143861414029615,0.022710191898831944,0.022710191898831944,0.020539370258459755,0.020539370258459755,0.0038989338155817066,0.0038989338155817066,0.004713437804722886,0.004713437804722886,-0.005441441387008972,0.005441441387008972
2025-09-12,2025-09-23,4.2593,4.2552,Naive,4.2593,4.2593,4.256939999999999,4.25819076555802,4.269049193048744,4.2682228265812965,4.288495261741022,4.285239298986328,4.268479323279478,4.269079019148964,4.255559450677665,0.004099999999999326,0.004099999999999326,0.004099999999999326,0.004099999999999326,0.0017399999999989646,0.0017399999999989646,0.0029907655580192483,0.0029907655580192483,0.013849193048743658,0.013849193048743658,0.013022826581296165,0.013022826581296165,0.0332952617410216,0.0332952617410216,0.030039298986327623,0.030039298986327623,0.013279323279477673,0.013279323279477673,0.0138790191489635,0.0138790191489635,0.000359450677664519,0.000359450677664519
2025-09-15,2025-09-24,4.2476,4.2676,Naive,4.2476,4.2476,4.25678,4.256265171820198,4.259611672502553,4.257684183525606,4.2711331617065955,4.284514781550237,4.267348035238117,4.266663111064073,4.240231668187087,-0.019999999999999574,0.019999999999999574,-0.019999999999999574,0.019999999999999574,-0.01081999999999983,0.01081999999999983,-0.011334828179801804,0.011334828179801804,-0.007988327497447045,0.007988327497447045,-0.009915816474394212,0.009915816474394212,0.0035331617065956777,0.0035331617065956777,0.016914781550236846,0.016914781550236846,-0.0002519647618832721,0.0002519647618832721,-0.0009368889359269161,0.0009368889359269161,-0.027368331812913205,0.027368331812913205
2025-09-16,2025-09-25,4.2504,4.2619,Naive,4.2504,4.2504,4.25606,4.255198776943798,4.262175591012109,4.260125032296937,4.275598853412062,4.284532995303839,4.266604657590673,4.267495891014909,4.246146100227238,-0.011499999999999844,0.011499999999999844,-0.011499999999999844,0.011499999999999844,-0.005840000000000067,0.005840000000000067,-0.006701223056201577,0.006701223056201577,0.0002755910121088334,0.0002755910121088334,-0.0017749677030627353,0.0017749677030627353,0.013698853412062562,0.013698853412062562,0.02263299530383911,0.02263299530383911,0.004704657590672845,0.004704657590672845,0.0055958910149094265,0.0055958910149094265,-0.015753899772762203,0.015753899772762203
2025-09-17,2025-09-26,4.2559,4.2668,Naive,4.2559,4.2559,4.25516,4.255326272044925,4.266218937380705,4.265002000491913,4.335224329899451,4.284448122687709,4.266034523581779,4.269648086766435,4.25623784874862,-0.010900000000000354,0.010900000000000354,-0.010900000000000354,0.010900000000000354,-0.011639999999999873,0.011639999999999873,-0.011473727955074509,0.011473727955074509,-0.0005810626192950252,0.0005810626192950252,-0.0017979995080867894,0.0017979995080867894,0.06842432989945113,0.06842432989945113,0.01764812268770921,0.01764812268770921,-0.0007654764182207785,0.0007654764182207785,0.0028480867664351095,0.0028480867664351095,-0.010562151251379603,0.010562151251379603
2025-09-18,2025-09-29,4.2564,4.2688,Naive,4.2564,4.2564,4.25392,4.255521495309484,4.263952978369365,4.265445143928696,4.2697697808748245,4.284338199547403,4.266085103110442,4.268992626871523,4.256418006276199,-0.012399999999999523,0.012399999999999523,-0.012399999999999523,0.012399999999999523,-0.014879999999999782,0.014879999999999782,-0.013278504690515724,0.013278504690515724,-0.0048470216306348846,0.0048470216306348846,-0.0033548560713034803,0.0033548560713034803,0.0009697808748247994,0.0009697808748247994,0.015538199547402876,0.015538199547402876,-0.0027148968895573944,0.0027148968895573944,0.00019262687152288294,0.00019262687152288294,-0.012381993723800555,0.012381993723800555
2025-09-19,2025-09-30,4.2666,4.2692,Naive,4.2666,4.2666,4.255380000000001,4.257535768889578,4.276091302272228,4.274851308394124,4.294244852247163,4.284793866388724,4.267198451025132,4.2795800453344,4.266702121310712,-0.0025999999999992696,0.0025999999999992696,-0.0025999999999992696,0.0025999999999992696,-0.013819999999999055,0.013819999999999055,-0.01166423111042203,0.01166423111042203,0.006891302272228117,0.006891302272228117,0.005651308394124754,0.005651308394124754,0.025044852247162908,0.025044852247162908,0.015593866388724287,0.015593866388724287,-0.002001548974867262,0.002001548974867262,0.010380045334400734,0.010380045334400734,-0.002497878689287525,0.002497878689287525
2025-09-22,2025-10-01,4.2645,4.2586,Naive,4.2645,4.2645,4.25876,4.258801992727836,4.269389718878802,4.2718611660162615,4.255075864171706,4.285314695995374,4.268145215238667,4.275507994543053,4.266345955461556,0.005899999999999572,0.005899999999999572,0.005899999999999572,0.005899999999999572,0.00015999999999927184,0.00015999999999927184,0.0002019927278356093,0.0002019927278356093,0.010789718878801757,0.010789718878801757,0.01326116601626115,0.01326116601626115,-0.0035241358282940283,0.0035241358282940283,0.02671469599537346,0.02671469599537346,0.009545215238667026,0.009545215238667026,0.01690799454305303,0.01690799454305303,0.007745955461555987,0.007745955461555987
2025-09-23,2025-10-02,4.2552,4.256,Naive,4.2552,4.2552,4.25972,4.2581470849591385,4.262676475764671,4.26336592857657,4.2398836470473595,4.285237151393408,4.268506784318241,4.268554444044036,4.256901011696922,-0.0007999999999999119,0.0007999999999999119,-0.0007999999999999119,0.0007999999999999119,0.0037199999999995015,0.0037199999999995015,0.00214708495913829,0.00214708495913829,0.006676475764670897,0.006676475764670897,0.00736592857656948,0.00736592857656948,-0.01611635295264069,0.01611635295264069,0.02923715139340821,0.02923715139340821,0.012506784318240705,0.012506784318240705,0.01255444404403594,0.01255444404403594,0.0009010116969214721,0.0009010116969214721
2025-09-24,2025-10-03,4.2676,4.2559,Naive,4.2676,4.2676,4.26206,4.25986579678475,4.275069652901714,4.27452607088502,4.278349420174185,4.2852662770726955,4.269221789895593,4.279239799990891,4.265164009419722,0.011700000000000266,0.011700000000000266,0.011700000000000266,0.011700000000000266,0.006160000000000387,0.006160000000000387,0.003965796784750175,0.003965796784750175,0.019169652901714684,0.019169652901714684,0.018626070885020773,0.018626070885020773,0.022449420174185164,0.022449420174185164,0.0293662770726959,0.0293662770726959,0.013321789895593739,0.013321789895593739,0.023339799990891308,0.023339799990891308,0.009264009419722719,0.009264009419722719
2025-09-25,2025-10-06,4.2619,4.2521,Naive,4.2619,4.2619,4.26316,4.260235651914795,4.265128528463422,4.269208589277986,4.266467603603786,4.285399214434689,4.268847672624257,4.268611802500935,4.2677529566993915,0.009799999999999365,0.009799999999999365,0.009799999999999365,0.009799999999999365,0.011059999999999626,0.011059999999999626,0.008135651914794373,0.008135651914794373,0.013028528463421729,0.013028528463421729,0.017108589277985864,0.017108589277985864,0.01436760360378564,0.01436760360378564,0.033299214434688196,0.033299214434688196,0.01674767262425636,0.01674767262425636,0.016511802500934536,0.016511802500934536,0.01565295669939104,0.01565295669939104
2025-09-26,2025-10-07,4.2668,4.2559,Naive,4.2668,4.2668,4.263199999999999,4.261429169748468,4.2715301966923755,4.27373553180611,4.2449575574808245,4.285470824493057,4.269615124058562,4.278227557710637,4.270241945410442,0.010900000000000354,0.010900000000000354,0.010900000000000354,0.010900000000000354,0.007299999999999862,0.007299999999999862,0.005529169748468732,0.005529169748468732,0.015630196692375975,0.015630196692375975,0.017835531806110083,0.017835531806110083,-0.010942442519175088,0.010942442519175088,0.02957082449305748,0.02957082449305748,0.013715124058562012,0.013715124058562012,0.022327557710637436,0.022327557710637436,0.014341945410442314,0.014341945410442314
2025-09-29,2025-10-08,4.2688,4.2533,Naive,4.2688,4.2688,4.264059999999999,4.262769320703292,4.274021902664755,4.275821415001845,4.298111563317536,4.2855093087690035,4.2701936445005435,4.279255392609462,4.2609763668115415,0.015499999999999403,0.015499999999999403,0.015499999999999403,0.015499999999999403,0.010759999999998549,0.010759999999998549,0.00946932070329165,0.00946932070329165,0.020721902664754488,0.020721902664754488,0.02252141500184468,0.02252141500184468,0.044811563317535885,0.044811563317535885,0.032209308769003187,0.032209308769003187,0.016893644500543203,0.016893644500543203,0.025955392609462002,0.025955392609462002,0.007676366811541158,0.007676366811541158
2025-09-30,2025-10-09,4.2692,4.2569,Naive,4.2692,4.2692,4.266859999999999,4.263938535120875,4.273128727817877,4.276226985019049,4.283661799925132,4.285712266178287,4.271314524003636,4.278895766591084,4.270195798814375,0.012299999999999756,0.012299999999999756,0.012299999999999756,0.012299999999999756,0.009959999999999525,0.009959999999999525,0.007038535120875267,0.007038535120875267,0.016228727817876987,0.016228727817876987,0.019326985019048948,0.019326985019048948,0.026761799925131946,0.026761799925131946,0.028812266178286805,0.028812266178286805,0.014414524003636409,0.014414524003636409,0.021995766591084376,0.021995766591084376,0.013295798814374926,0.013295798814374926
2025-10-01,2025-10-10,4.2586,4.2583,Naive,4.2586,4.2586,4.26506,4.262967892371625,4.267716430735763,4.266547560581883,4.2539434750250535,4.2855257163973,4.271265177270172,4.267737217016432,4.261623300073683,0.000300000000000189,0.000300000000000189,0.000300000000000189,0.000300000000000189,0.006759999999999877,0.006759999999999877,0.004667892371625015,0.004667892371625015,0.009416430735762482,0.009416430735762482,0.008247560581883029,0.008247560581883029,-0.004356524974946652,0.004356524974946652,0.027225716397300204,0.027225716397300204,0.012965177270172212,0.012965177270172212,0.009437217016431632,0.009437217016431632,0.0033233000736831997,0.0033233000736831997
2025-10-02,2025-10-13,4.256,4.2592,Naive,4.256,4.256,4.26388,4.261701002849511,4.264830657029352,4.264083201586797,4.266816973102393,4.285208914404107,4.270923653148952,4.2677008107840555,4.25924430125676,-0.0031999999999996476,0.0031999999999996476,-0.0031999999999996476,0.0031999999999996476,0.004680000000000462,0.004680000000000462,0.00250100284951138,0.00250100284951138,0.005630657029351838,0.005630657029351838,0.004883201586797448,0.004883201586797448,0.007616973102392954,0.007616973102392954,0.02600891440410713,0.02600891440410713,0.01172365314895174,0.01172365314895174,0.008500810784055624,0.008500810784055624,4.4301256759915475e-05,4.4301256759915475e-05
2025-10-03,2025-10-14,4.2559,4.2645,Naive,4.2559,4.2559,4.2617,4.260646275058691,4.264620166213939,4.264052662493137,4.222486477293595,4.285241085447306,4.270212531661625,4.2677008107840555,4.259651021849671,-0.008600000000000385,0.008600000000000385,-0.008600000000000385,0.008600000000000385,-0.0027999999999996916,0.0027999999999996916,-0.003853724941309089,0.003853724941309089,0.00012016621393939886,0.00012016621393939886,-0.0004473375068627661,0.0004473375068627661,-0.042013522706405126,0.042013522706405126,0.02074108544730624,0.02074108544730624,0.005712531661624887,0.005712531661624887,0.003200810784055541,0.003200810784055541,-0.004848978150328698,0.004848978150328698
2025-10-06,2025-10-15,4.2521,4.2556,Naive,4.2521,4.2521,4.258360000000001,4.259092406866201,4.263443345920101,4.2608287133173475,4.255562868118873,4.285183976393956,4.2687795263015,4.2676852358946995,4.254399414140353,-0.0034999999999998366,0.0034999999999998366,-0.0034999999999998366,0.0034999999999998366,0.0027600000000003178,0.0027600000000003178,0.0034924068662007812,0.0034924068662007812,0.00784334592010083,0.00784334592010083,0.0052287133173472,0.0052287133173472,-3.713188112719479e-05,3.713188112719479e-05,0.029583976393955602,0.029583976393955602,0.013179526301499322,0.013179526301499322,0.012085235894699231,0.012085235894699231,-0.0012005858596468855,0.0012005858596468855
2025-10-07,2025-10-16,4.2559,4.2517,Naive,4.2559,4.2559,4.2557,4.258511969254164,4.266934468561778,4.264246152883751,4.263685482306191,4.285069547977515,4.268107891073124,4.267546420809522,4.2525053313998855,0.0041999999999999815,0.0041999999999999815,0.0041999999999999815,0.0041999999999999815,0.004000000000000448,0.004000000000000448,0.006811969254164829,0.006811969254164829,0.015234468561778236,0.015234468561778236,0.012546152883751382,0.012546152883751382,0.011985482306191564,0.011985482306191564,0.033369547977515346,0.033369547977515346,0.01640789107312468,0.01640789107312468,0.015846420809522144,0.015846420809522144,0.0008053313998859224,0.0008053313998859224
2025-10-08,2025-10-17,4.2533,4.2565,Naive,4.2533,4.2533,4.25464,4.257564338480679,4.26369762243022,4.261824125713211,4.2243036082615335,4.285174821118211,4.267831894316186,4.2676852358946995,4.2593071748309,-0.0031999999999996476,0.0031999999999996476,-0.0031999999999996476,0.0031999999999996476,-0.0018599999999997507,0.0018599999999997507,0.0010643384806794387,0.0010643384806794387,0.00719762243021993,0.00719762243021993,0.005324125713211281,0.005324125713211281,-0.032196391738466446,0.032196391738466446,0.02867482111821129,0.02867482111821129,0.011331894316185753,0.011331894316185753,0.011185235894699552,0.011185235894699552,0.0028071748308997613,0.0028071748308997613
2025-10-09,2025-10-20,4.2569,4.2396,Naive,4.2569,4.2569,4.25482,4.25744354966601,4.26676463847086,4.265047211303686,4.265284593039991,4.285009189954247,4.26828055050851,4.267546420809522,4.260813922574503,0.01729999999999965,0.01729999999999965,0.01729999999999965,0.01729999999999965,0.015219999999999345,0.015219999999999345,0.01784354966600965,0.01784354966600965,0.027164638470860147,0.027164638470860147,0.025447211303685435,0.025447211303685435,0.02568459303999049,0.02568459303999049,0.045409189954246365,0.045409189954246365,0.028680550508509484,0.028680550508509484,0.027946420809521477,0.027946420809521477,0.021213922574502497,0.021213922574502497
2025-10-10,2025-10-21,4.2583,4.2392,Naive,4.2583,4.2583,4.2553,4.257599267908553,4.267098244980846,4.2662537766466935,4.215764321436991,4.285182095752341,4.268424795036839,4.2680604368024335,4.260014759374778,0.019099999999999895,0.019099999999999895,0.019099999999999895,0.019099999999999895,0.01609999999999978,0.01609999999999978,0.01839926790855273,0.01839926790855273,0.02789824498084581,0.02789824498084581,0.027053776646693173,0.027053776646693173,-0.023435678563009432,0.023435678563009432,0.04598209575234069,0.04598209575234069,0.02922479503683828,0.02922479503683828,0.02886043680243322,0.02886043680243322,0.020814759374777836,0.020814759374777836
2025-10-13,2025-10-22,4.2592,4.2438,Naive,4.2592,4.2592,4.25672,4.257890310106998,4.269793124992226,4.267217697387061,4.258042247265993,4.285200481445346,4.268295696059004,4.2677008107840555,4.261718413475058,0.015399999999999636,0.015399999999999636,0.015399999999999636,0.015399999999999636,0.012919999999999376,0.012919999999999376,0.01409031010699735,0.01409031010699735,0.025993124992226058,0.025993124992226058,0.023417697387060343,0.023417697387060343,0.01424224726599288,0.01424224726599288,0.04140048144534614,0.04140048144534614,0.024495696059004146,0.024495696059004146,0.02390081078405526,0.02390081078405526,0.017918413475057626,0.017918413475057626
2025-10-14,2025-10-23,4.2645,4.2347,Naive,4.2645,4.2645,4.25844,4.259092071905725,4.274336087640156,4.2720434441959245,4.273789085879799,4.285257510889465,4.26836022178764,4.275545667780798,4.265270621273591,0.029799999999999827,0.029799999999999827,0.029799999999999827,0.029799999999999827,0.023740000000000094,0.023740000000000094,0.024392071905724677,0.024392071905724677,0.03963608764015625,0.03963608764015625,0.03734344419592439,0.03734344419592439,0.03908908587979898,0.03908908587979898,0.050557510889464474,0.050557510889464474,0.033660221787640054,0.033660221787640054,0.04084566778079779,0.04084566778079779,0.03057062127359078,0.03057062127359078
2025-10-15,2025-10-24,4.2556,4.2353,Naive,4.2556,4.2556,4.2589,4.258457149741048,4.264548194589388,4.263804322127589,4.227953981700962,4.285297346203583,4.267946246572917,4.267377590998054,4.260350383780441,0.02030000000000065,0.02030000000000065,0.02030000000000065,0.02030000000000065,0.023600000000000065,0.023600000000000065,0.023157149741048322,0.023157149741048322,0.0292481945893881,0.0292481945893881,0.028504322127589354,0.028504322127589354,-0.007346018299037915,0.007346018299037915,0.049997346203583426,0.049997346203583426,0.03264624657291737,0.03264624657291737,0.032077590998054184,0.032077590998054184,0.025050383780441443,0.025050383780441443
2025-10-16,2025-10-27,4.2517,4.2353,Naive,4.2517,4.2517,4.257859999999999,4.257228577060857,4.259822936464827,4.260163404559787,4.224709941857319,4.285080319280092,4.267939353864787,4.2676852358946995,4.256237027766641,0.01639999999999997,0.01639999999999997,0.01639999999999997,0.01639999999999997,0.02255999999999947,0.02255999999999947,0.021928577060857712,0.021928577060857712,0.024522936464827616,0.024522936464827616,0.024863404559787305,0.024863404559787305,-0.010590058142680547,0.010590058142680547,0.0497803192800923,0.0497803192800923,0.03263935386478778,0.03263935386478778,0.03238523589469988,0.03238523589469988,0.020937027766641414,0.020937027766641414
2025-10-17,2025-10-28,4.2565,4.2345,Naive,4.2565,4.2565,4.2575,4.257096108504338,4.265019853920739,4.264563991552809,4.224179906287608,4.285075787779337,4.267988679648785,4.268340695789612,4.255303403198308,0.02200000000000024,0.02200000000000024,0.02200000000000024,0.02200000000000024,0.023000000000000576,0.023000000000000576,0.02259610850433802,0.02259610850433802,0.030519853920739415,0.030519853920739415,0.030063991552808922,0.030063991552808922,-0.010320093712391731,0.010320093712391731,0.050575787779337134,0.050575787779337134,0.033488679648785435,0.033488679648785435,0.03384069578961224,0.03384069578961224,0.020803403198308423,0.020803403198308423
2025-10-20,2025-10-29,4.2396,4.2374,Naive,4.2396,4.2396,4.25358,4.253914997867185,4.25065212501495,4.249293102603943,4.220229018657566,4.278441903770116,4.266171993852367,4.253333243836993,4.240111769974314,0.002200000000000202,0.002200000000000202,0.002200000000000202,0.002200000000000202,0.016180000000000305,0.016180000000000305,0.016514997867185244,0.016514997867185244,0.01325212501494999,0.01325212501494999,0.011893102603942829,0.011893102603942829,-0.01717098134243411,0.01717098134243411,0.04104190377011552,0.04104190377011552,0.028771993852366506,0.028771993852366506,0.015933243836992794,0.015933243836992794,0.0027117699743142154,0.0027117699743142154
2025-10-21,2025-10-30,4.2392,4.2425,Naive,4.2392,4.2392,4.24852,4.251239543709515,4.253399898527986,4.248846015861752,4.232851846019304,4.272058563702653,4.264347432017793,4.254890415948087,4.233620199113012,-0.0032999999999994145,0.0032999999999994145,-0.0032999999999994145,0.0032999999999994145,0.006020000000000358,0.006020000000000358,0.008739543709515019,0.008739543709515019,0.010899898527986451,0.010899898527986451,0.006346015861752541,0.006346015861752541,-0.009648153980696073,0.009648153980696073,0.029558563702653196,0.029558563702653196,0.021847432017793267,0.021847432017793267,0.01239041594808743,0.01239041594808743,-0.008879800886988143,0.008879800886988143
2025-10-22,2025-10-31,4.2438,4.2543,Naive,4.2438,4.2438,4.246160000000001,4.249886899398693,4.2566921956494905,4.252935342363251,4.246032794400281,4.27376873314969,4.262879252288051,4.266911957630091,4.240392110586103,-0.01049999999999951,0.01049999999999951,-0.01049999999999951,0.01049999999999951,-0.008139999999999148,0.008139999999999148,-0.004413100601306397,0.004413100601306397,0.0023921956494907803,0.0023921956494907803,-0.001364657636748312,0.001364657636748312,-0.008267205599718608,0.008267205599718608,0.01946873314969011,0.01946873314969011,0.00857925228805101,0.00857925228805101,0.012611957630091375,0.012611957630091375,-0.013907889413896868,0.013907889413896868
2025-10-23,2025-11-03,4.2347,4.2527,Naive,4.2347,4.2347,4.2427600000000005,4.247125644962567,4.237697441327952,4.243095699608792,4.1998486955525545,4.265584892416068,4.261086933710327,4.242600572506681,4.233509878507698,-0.017999999999999794,0.017999999999999794,-0.017999999999999794,0.017999999999999794,-0.009939999999999394,0.009939999999999394,-0.005574355037432532,0.005574355037432532,-0.015002558672048139,0.015002558672048139,-0.009604300391208298,0.009604300391208298,-0.05285130444744546,0.05285130444744546,0.012884892416067828,0.012884892416067828,0.008386933710327504,0.008386933710327504,-0.010099427493319268,0.010099427493319268,-0.019190121492301593,0.019190121492301593
2025-10-24,2025-11-04,4.2353,4.2575,Naive,4.2353,4.2353,4.23852,4.244975527696646,4.2402703969220115,4.243527257903678,4.1643899584561135,4.251536348439792,4.258648127748052,4.235433245730474,4.230332425520464,-0.022200000000000664,0.022200000000000664,-0.022200000000000664,0.022200000000000664,-0.018979999999999997,0.018979999999999997,-0.012524472303354628,0.012524472303354628,-0.01722960307798882,0.01722960307798882,-0.013972742096322044,0.013972742096322044,-0.0931100415438868,0.0931100415438868,-0.00596365156020795,0.00596365156020795,0.0011481277480518415,0.0011481277480518415,-0.022066754269526534,0.022066754269526534,-0.027167574479536327,0.027167574479536327
2025-10-27,2025-11-05,4.2353,4.2597,Naive,4.2353,4.2353,4.23766,4.24321634084271,4.2410393858845445,4.243625121955696,4.270152675218168,4.246248784438828,4.256835177386442,4.233239035530533,4.229451743020362,-0.024399999999999977,0.024399999999999977,-0.024399999999999977,0.024399999999999977,-0.022039999999999615,0.022039999999999615,-0.016483659157289665,0.016483659157289665,-0.018660614115455054,0.018660614115455054,-0.01607487804430363,0.01607487804430363,0.010452675218168395,0.010452675218168395,-0.013451215561171459,0.013451215561171459,-0.0028648226135574717,0.0028648226135574717,-0.02646096446946622,0.02646096446946622,-0.030248256979637844,0.030248256979637844
2025-10-28,2025-11-06,4.2345,4.2566,Naive,4.2345,4.2345,4.23672,4.241631551598581,4.240125282604109,4.2428015059515465,4.203285858209571,4.240253023620153,4.254797791737832,4.234610100131295,4.22691694802642,-0.02210000000000001,0.02210000000000001,-0.02210000000000001,0.02210000000000001,-0.019879999999999676,0.019879999999999676,-0.014968448401418755,0.014968448401418755,-0.016474717395890792,0.016474717395890792,-0.013798494048453236,0.013798494048453236,-0.05331414179042859,0.05331414179042859,-0.016346976379846723,0.016346976379846723,-0.0018022082621680369,0.0018022082621680369,-0.021989899868704477,0.021989899868704477,-0.029683051973579566,0.029683051973579566
2025-10-29,2025-11-07,4.2374,4.2483,Naive,4.2374,4.2374,4.23544,4.240862178580657,4.24193975030216,4.245236392556724,4.270687714306573,4.238522857421374,4.253572788856589,4.243685617844875,4.228594530449111,-0.010900000000000354,0.010900000000000354,-0.010900000000000354,0.010900000000000354,-0.01286000000000076,0.01286000000000076,-0.007437821419343571,0.007437821419343571,-0.0063602496978401035,0.0063602496978401035,-0.0030636074432761617,0.0030636074432761617,0.02238771430657227,0.02238771430657227,-0.00977714257862683,0.00977714257862683,0.005272788856588662,0.005272788856588662,-0.0046143821551254405,0.0046143821551254405,-0.01970546955088981,0.01970546955088981
2025-10-30,2025-11-10,4.2425,4.2351,Naive,4.2425,4.2425,4.237,4.2411599642932645,4.2428520407181685,4.249736531186471,4.202448578915461,4.2457490795008095,4.252582950797434,4.258886652757867,4.236175488146191,0.007399999999999629,0.007399999999999629,0.007399999999999629,0.007399999999999629,0.0019000000000000128,0.0019000000000000128,0.006059964293264386,0.006059964293264386,0.007752040718168374,0.007752040718168374,0.014636531186471124,0.014636531186471124,-0.03265142108453922,0.03265142108453922,0.0106490795008094,0.0106490795008094,0.017482950797433894,0.017482950797433894,0.023786652757866733,0.023786652757866733,0.0010754881461911836,0.0010754881461911836
2025-10-31,2025-11-12,4.2543,4.2312,Naive,4.2543,4.2543,4.2408,4.243549061694489,4.253093687633522,4.260535843796306,4.232698815702804,4.256697716043098,4.25441282745923,4.265501411729914,4.248908201282462,0.023099999999999454,0.023099999999999454,0.023099999999999454,0.023099999999999454,0.009599999999999831,0.009599999999999831,0.012349061694489016,0.012349061694489016,0.021893687633522063,0.021893687633522063,0.029335843796305383,0.029335843796305383,0.0014988157028037463,0.0014988157028037463,0.025497716043097363,0.025497716043097363,0.023212827459230034,0.023212827459230034,0.03430141172991341,0.03430141172991341,0.017708201282461644,0.017708201282461644
2025-11-03,2025-11-13,4.2527,4.2304,Naive,4.2527,4.2527,4.24428,4.245212868659127,4.257958982385003,4.259249794079318,4.254859764612362,4.265314445283992,4.25505898888771,4.263004432409217,4.247682989043261,0.022299999999999542,0.022299999999999542,0.022299999999999542,0.022299999999999542,0.013879999999999448,0.013879999999999448,0.014812868659126899,0.014812868659126899,0.02755898238500265,0.02755898238500265,0.02884979407931798,0.02884979407931798,0.024459764612361212,0.024459764612361212,0.03491444528399157,0.03491444528399157,0.02465898888771001,0.02465898888771001,0.032604432409216955,0.032604432409216955,0.01728298904326042,0.01728298904326042
2025-11-04,2025-11-14,4.2575,4.2274,Naive,4.2575,4.2575,4.24888,4.247446892539286,4.265077318085518,4.263534975907883,4.305334909726941,4.269905078165543,4.2554599501446875,4.26365989230413,4.254551044769747,0.030100000000000016,0.030100000000000016,0.030100000000000016,0.030100000000000016,0.0214799999999995,0.0214799999999995,0.02004689253928582,0.02004689253928582,0.03767731808551744,0.03767731808551744,0.03613497590788306,0.03613497590788306,0.07793490972694084,0.07793490972694084,0.04250507816554272,0.04250507816554272,0.028059950144687207,0.028059950144687207,0.036259892304129515,0.036259892304129515,0.027151044769746946,0.027151044769746946
2025-11-05,2025-11-17,4.2597,4.2231,Naive,4.2597,4.2597,4.25334,4.249674730259415,4.265079178655281,4.265453954773792,4.290148253734797,4.273821239890635,4.256901113647827,4.264587154998114,4.25658328543074,0.036599999999999966,0.036599999999999966,0.036599999999999966,0.036599999999999966,0.030240000000000045,0.030240000000000045,0.026574730259415702,0.026574730259415702,0.041979178655281224,0.041979178655281224,0.04235395477379278,0.04235395477379278,0.06704825373479739,0.06704825373479739,0.050721239890635594,0.050721239890635594,0.03380111364782756,0.03380111364782756,0.04148715499811395,0.04148715499811395,0.03348328543074075,0.03348328543074075
2025-11-06,2025-11-18,4.2566,4.2331,Naive,4.2566,4.2566,4.25616,4.250933870212249,4.261800123658206,4.262542568001197,4.25379926334032,4.2764521634963515,4.257306664511338,4.264587154998114,4.254078910608423,0.02349999999999941,0.02349999999999941,0.02349999999999941,0.02349999999999941,0.02306000000000008,0.02306000000000008,0.01783387021224847,0.01783387021224847,0.028700123658206067,0.028700123658206067,0.02944256800119671,0.02944256800119671,0.020699263340319796,0.020699263340319796,0.04335216349635118,0.04335216349635118,0.024206664511337905,0.024206664511337905,0.031487154998113276,0.031487154998113276,0.02097891060842283,0.02097891060842283
2025-11-07,2025-11-19,4.2483,4.2424,Naive,4.2483,4.2483,4.25496,4.250454984719113,4.253387294380327,4.254976359832045,4.3129740904366685,4.278507897773498,4.257924225024428,4.264421042797009,4.2461846045075315,0.00590000000000046,0.00590000000000046,0.00590000000000046,0.00590000000000046,0.012559999999999683,0.012559999999999683,0.008054984719112923,0.008054984719112923,0.010987294380327306,0.010987294380327306,0.012576359832045192,0.012576359832045192,0.07057409043666851,0.07057409043666851,0.036107897773497655,0.036107897773497655,0.01552422502442763,0.01552422502442763,0.022021042797009116,0.022021042797009116,0.003784604507531597,0.003784604507531597
2025-11-10,2025-11-20,4.2351,4.2289,Naive,4.2351,4.2351,4.2514400000000006,4.247663169315637,4.245155461907497,4.2431334401069005,4.21342275319108,4.269061098928637,4.25623277255766,4.241169026568642,4.2294351315505745,0.006199999999999761,0.006199999999999761,0.006199999999999761,0.006199999999999761,0.022540000000000227,0.022540000000000227,0.01876316931563693,0.01876316931563693,0.016255461907496382,0.016255461907496382,0.014233440106900197,0.014233440106900197,-0.015477246808920597,0.015477246808920597,0.040161098928636285,0.040161098928636285,0.02733277255765998,0.02733277255765998,0.012269026568641372,0.012269026568641372,0.0005351315505741638,0.0005351315505741638
2025-11-12,2025-11-21,4.2312,4.2489,Naive,4.2312,4.2312,4.246180000000001,4.244669865803703,4.243555779773834,4.2394992892709125,4.242613269542322,4.25823724413207,4.254202822586245,4.239619384593707,4.224020547279735,-0.017699999999999605,0.017699999999999605,-0.017699999999999605,0.017699999999999605,-0.0027199999999991675,0.0027199999999991675,-0.004230134196296476,0.004230134196296476,-0.0053442202261662075,0.0053442202261662075,-0.009400710729087436,0.009400710729087436,-0.006286730457677692,0.006286730457677692,0.009337244132070488,0.009337244132070488,0.005302822586244815,0.005302822586244815,-0.009280615406292547,0.009280615406292547,-0.02487945272026515,0.02487945272026515
2025-11-13,2025-11-24,4.2304,4.2345,Naive,4.2304,4.2304,4.2403200000000005,4.242075344748485,4.240014191976202,4.238673452585928,4.237556780257708,4.2462324569997065,4.252032054059416,4.229156712427544,4.224432217228368,-0.004099999999999326,0.004099999999999326,-0.004099999999999326,0.004099999999999326,0.0058200000000008245,0.0058200000000008245,0.00757534474848498,0.00757534474848498,0.005514191976202731,0.005514191976202731,0.004173452585928494,0.004173452585928494,0.0030567802577081693,0.0030567802577081693,0.01173245699970682,0.01173245699970682,0.017532054059416602,0.017532054059416602,-0.005343287572455502,0.005343287572455502,-0.010067782771631784,0.010067782771631784
2025-11-14,2025-11-25,4.2274,4.2301,Naive,4.2274,4.2274,4.23448,4.23940710024876,4.2377930183700245,4.235859859050556,4.207645658462858,4.236254604667572,4.249575181636332,4.226240227459957,4.219263401258774,-0.0026999999999999247,0.0026999999999999247,-0.0026999999999999247,0.0026999999999999247,0.004379999999999384,0.004379999999999384,0.009307100248760136,0.009307100248760136,0.00769301837002434,0.00769301837002434,0.005759859050555427,0.005759859050555427,-0.02245434153714232,0.02245434153714232,0.0061546046675715615,0.0061546046675715615,0.019475181636331662,0.019475181636331662,-0.003859772540042883,0.003859772540042883,-0.010836598741225778,0.010836598741225778
2025-11-17,2025-11-26,4.2231,4.233,Naive,4.2231,4.2231,4.229439999999999,4.236442172930803,4.235465094397408,4.23208360798544,4.249592141736646,4.229766941556348,4.246932575255395,4.224055296845024,4.212946743874827,-0.00990000000000002,0.00990000000000002,-0.00990000000000002,0.00990000000000002,-0.0035600000000002296,0.0035600000000002296,0.003442172930803622,0.003442172930803622,0.002465094397408052,0.002465094397408052,-0.0009163920145596194,0.0009163920145596194,0.016592141736646582,0.016592141736646582,-0.0032330584436515153,0.0032330584436515153,0.01393257525539493,0.01393257525539493,-0.008944703154975642,0.008944703154975642,-0.020053256125172503,0.020053256125172503
2025-11-18,2025-11-27,4.2331,4.227,Naive,4.2331,4.2331,4.22904,4.235834505125203,4.245276346590213,4.241106443083006,4.223590807018599,4.22622474233933,4.246583804233395,4.233669449325818,4.227817449734318,0.006099999999999994,0.006099999999999994,0.006099999999999994,0.006099999999999994,0.0020400000000000418,0.0020400000000000418,0.008834505125202341,0.008834505125202341,0.01827634659021271,0.01827634659021271,0.014106443083005793,0.014106443083005793,-0.003409192981401077,0.003409192981401077,-0.0007752576606705475,0.0007752576606705475,0.019583804233394453,0.019583804233394453,0.006669449325817922,0.006669449325817922,0.0008174497343178544,0.0008174497343178544
2025-11-19,2025-11-28,4.2424,4.2369,Naive,4.2424,4.2424,4.23128,4.237028231466074,4.251939836653032,4.249408872280212,4.241502066232049,4.233544156986171,4.2460364528358765,4.256076614754018,4.2383586168881315,0.005499999999999616,0.005499999999999616,0.005499999999999616,0.005499999999999616,-0.0056200000000004025,0.0056200000000004025,0.00012823146607399138,0.00012823146607399138,0.01503983665303199,0.01503983665303199,0.012508872280212024,0.012508872280212024,0.004602066232048507,0.004602066232048507,-0.003355843013829407,0.003355843013829407,0.009136452835876163,0.009136452835876163,0.01917661475401733,0.01917661475401733,0.0014586168881312034,0.0014586168881312034
2025-11-20,2025-12-01,4.2289,4.2286,Naive,4.2289,4.2289,4.230980000000001,4.235550371199516,4.22766966201589,4.235754898952708,4.233739276745126,4.230070676430768,4.243402265916805,4.226663396200111,4.219410807060601,0.000300000000000189,0.000300000000000189,0.000300000000000189,0.000300000000000189,0.002380000000000493,0.002380000000000493,0.006950371199516248,0.006950371199516248,-0.0009303379841103521,0.0009303379841103521,0.007154898952707711,0.007154898952707711,0.005139276745126153,0.005139276745126153,0.0014706764307677034,0.0014706764307677034,0.014802265916804558,0.014802265916804558,-0.001936603799888914,0.001936603799888914,-0.009189192939398794,0.009189192939398794
2025-11-21,2025-12-02,4.2489,4.239,Naive,4.2489,4.2489,4.23528,4.237977576435967,4.248632890040467,4.253905653138843,4.192240047795142,4.238299556851036,4.244285462755614,4.253778467323599,4.240899152678908,0.00990000000000002,0.00990000000000002,0.00990000000000002,0.00990000000000002,-0.0037199999999995015,0.0037199999999995015,-0.001022423564032593,0.001022423564032593,0.009632890040466968,0.009632890040466968,0.014905653138843178,0.014905653138843178,-0.046759952204857846,0.046759952204857846,-0.0007004431489638918,0.0007004431489638918,0.005285462755614034,0.005285462755614034,0.01477846732359911,0.01477846732359911,0.0018991526789085,0.0018991526789085
2025-11-24,2025-12-03,4.2345,4.2312,Naive,4.2345,4.2345,4.23756,4.237345289811246,4.232145055416009,4.240925098080642,4.209163731514882,4.235319423960095,4.243069908337336,4.230855294432726,4.232567959218132,0.0032999999999994145,0.0032999999999994145,0.0032999999999994145,0.0032999999999994145,0.006359999999999921,0.006359999999999921,0.006145289811245291,0.006145289811245291,0.0009450554160084224,0.0009450554160084224,0.009725098080641814,0.009725098080641814,-0.022036268485118526,0.022036268485118526,0.004119423960094792,0.004119423960094792,0.011869908337335922,0.011869908337335922,-0.00034470556727406176,0.00034470556727406176,0.001367959218131709,0.001367959218131709
2025-11-25,2025-12-04,4.2301,4.2299,Naive,4.2301,4.2301,4.236960000000001,4.236027964391019,4.230523859020262,4.2367815257583725,4.180264632348609,4.229752756853907,4.241653614199311,4.22266872692373,4.225261720035637,0.00020000000000042206,0.00020000000000042206,0.00020000000000042206,0.00020000000000042206,0.007060000000000954,0.007060000000000954,0.006127964391018814,0.006127964391018814,0.0006238590202620742,0.0006238590202620742,0.006881525758372753,0.006881525758372753,-0.04963536765139054,0.04963536765139054,-0.0001472431460927126,0.0001472431460927126,0.011753614199311535,0.011753614199311535,-0.007231273076270028,0.007231273076270028,-0.004638279964362724,0.004638279964362724
2025-11-26,2025-12-05,4.233,4.2321,Naive,4.233,4.233,4.235079999999999,4.235477425410833,4.232933999700711,4.239252201314979,4.243508333725516,4.22742351323684,4.24174725539311,4.228827255520763,4.22623222877859,0.0008999999999996788,0.0008999999999996788,0.0008999999999996788,0.0008999999999996788,0.0029799999999990945,0.0029799999999990945,0.0033774254108331903,0.0033774254108331903,0.0008339997007107414,0.0008339997007107414,0.007152201314979401,0.007152201314979401,0.011408333725515973,0.011408333725515973,-0.004676486763160348,0.004676486763160348,0.009647255393110399,0.009647255393110399,-0.0032727444792373106,0.0032727444792373106,-0.00586777122140969,0.00586777122140969
2025-11-27,2025-12-08,4.227,4.2289,Naive,4.227,4.227,4.234699999999999,4.233936075336136,4.22364225757803,4.233679077446182,4.207067782561219,4.224258778492873,4.23928619653873,4.22219587965746,4.224152053407948,-0.0019000000000000128,0.0019000000000000128,-0.0019000000000000128,0.0019000000000000128,0.005799999999998917,0.005799999999998917,0.005036075336136037,0.005036075336136037,-0.005257742421970413,0.005257742421970413,0.004779077446182001,0.004779077446182001,-0.021832217438781498,0.021832217438781498,-0.004641221507127646,0.004641221507127646,0.010386196538729742,0.010386196538729742,-0.0067041203425404206,0.0067041203425404206,-0.00474794659205191,0.00474794659205191
2025-11-28,2025-12-09,4.2369,4.234,Naive,4.2369,4.2369,4.2323,4.234474970729566,4.236986674110071,4.2428237932607376,4.2080745807518865,4.2226337229420094,4.240404509102874,4.243577267632961,4.233564948917087,0.0029000000000003467,0.0029000000000003467,0.0029000000000003467,0.0029000000000003467,-0.0016999999999995907,0.0016999999999995907,0.00047497072956570463,0.00047497072956570463,0.0029866741100708083,0.0029866741100708083,0.008823793260737567,0.008823793260737567,-0.025925419248113535,0.025925419248113535,-0.011366277057990537,0.011366277057990537,0.006404509102874378,0.006404509102874378,0.009577267632961295,0.009577267632961295,-0.000435051082913418,0.000435051082913418
2025-12-01,2025-12-10,4.2286,4.2274,Naive,4.2286,4.2286,4.23112,4.2334067942332805,4.236270223317801,4.235371757847504,4.187687804291166,4.2218169922404805,4.239584193409024,4.2243381322821225,4.227307392740084,0.0011999999999998678,0.0011999999999998678,0.0011999999999998678,0.0011999999999998678,0.0037199999999995015,0.0037199999999995015,0.0060067942332802104,0.0060067942332802104,0.00887022331780063,0.00887022331780063,0.007971757847503369,0.007971757847503369,-0.03971219570883466,0.03971219570883466,-0.005583007759519809,0.005583007759519809,0.012184193409023436,0.012184193409023436,-0.003061867717877753,0.003061867717877753,-9.260725991655505e-05,9.260725991655505e-05
2025-12-02,2025-12-11,4.239,4.2284,Naive,4.239,4.239,4.2329,4.23442374073632,4.248755214900083,4.244861303610519,4.20273060194072,4.225009456333589,4.240332419517073,4.243577267632961,4.2363739041635915,0.010600000000000165,0.010600000000000165,0.010600000000000165,0.010600000000000165,0.0045000000000001705,0.0045000000000001705,0.006023740736320171,0.006023740736320171,0.020355214900082963,0.020355214900082963,0.01646130361051945,0.01646130361051945,-0.02566939805927948,0.02566939805927948,-0.0033905436664110056,0.0033905436664110056,0.011932419517073356,0.011932419517073356,0.015177267632961566,0.015177267632961566,0.007973904163591783,0.007973904163591783
2025-12-03,2025-12-12,4.2312,4.2271,Naive,4.2312,4.2312,4.23254,4.233837606056989,4.241091113832454,4.237633824183074,4.216945851353721,4.221715626219106,4.2391360391934905,4.235016879395956,4.233080832163508,0.004100000000000215,0.004100000000000215,0.004100000000000215,0.004100000000000215,0.005440000000000111,0.005440000000000111,0.00673760605698881,0.00673760605698881,0.01399111383245355,0.01399111383245355,0.010533824183074358,0.010533824183074358,-0.010154148646279282,0.010154148646279282,-0.005384373780894514,0.005384373780894514,0.012036039193490389,0.012036039193490389,0.007916879395955867,0.007916879395955867,0.005980832163507976,0.005980832163507976
2025-12-04,2025-12-15,4.2299,4.2192,Naive,4.2299,4.2299,4.23312,4.23312167768299,4.237974924857916,4.236205958590976,4.2044264475661945,4.221355112520895,4.238104927671172,4.222328507278571,4.228496644388738,0.010699999999999932,0.010699999999999932,0.010699999999999932,0.010699999999999932,0.013920000000000599,0.013920000000000599,0.013921677682990463,0.013921677682990463,0.018774924857916098,0.018774924857916098,0.017005958590976533,0.017005958590976533,-0.014773552433805293,0.014773552433805293,0.002155112520894953,0.002155112520894953,0.01890492767117191,0.01890492767117191,0.0031285072785713908,0.0031285072785713908,0.009296644388737896,0.009296644388737896
2025-12-05,2025-12-16,4.2321,4.2239,Naive,4.2321,4.2321,4.23216,4.232935918104264,4.2388628815436595,4.238184153971339,4.213474520139588,4.219384768176738,4.23814344793217,4.228123726787482,4.230710680106217,0.008199999999999541,0.008199999999999541,0.008199999999999541,0.008199999999999541,0.008259999999999934,0.008259999999999934,0.00903591810426363,0.00903591810426363,0.014962881543659101,0.014962881543659101,0.014284153971338753,0.014284153971338753,-0.010425479860412423,0.010425479860412423,-0.004515231823262411,0.004515231823262411,0.01424344793216914,0.01424344793216914,0.004223726787481397,0.004223726787481397,0.006810680106216438,0.006810680106216438
2025-12-08,2025-12-17,4.2289,4.2149,Naive,4.2289,4.2289,4.23222,4.23220211481258,4.236490543931094,4.235415382405805,4.196506141407837,4.218196631790551,4.23560537372753,4.220809004493382,4.2277937067264935,0.014000000000000234,0.014000000000000234,0.014000000000000234,0.014000000000000234,0.01731999999999978,0.01731999999999978,0.017302114812579816,0.017302114812579816,0.02159054393109372,0.02159054393109372,0.020515382405805305,0.020515382405805305,-0.018393858592163248,0.018393858592163248,0.0032966317905511744,0.0032966317905511744,0.02070537372753023,0.02070537372753023,0.005909004493381609,0.005909004493381609,0.01289370672649337,0.01289370672649337
2025-12-09,2025-12-18,4.234,4.2076,Naive,4.234,4.234,4.23122,4.232529003028475,4.2400059001084,4.240035453780344,4.258461505157771,4.216629715331873,4.23710125292406,4.231470904463522,4.230272688772233,0.026399999999999757,0.026399999999999757,0.026399999999999757,0.026399999999999757,0.023620000000000196,0.023620000000000196,0.02492900302847456,0.02492900302847456,0.032405900108400054,0.032405900108400054,0.032435453780343515,0.032435453780343515,0.05086150515777099,0.05086150515777099,0.0090297153318728,0.0090297153318728,0.02950125292406014,0.02950125292406014,0.02387090446352147,0.02387090446352147,0.02267268877223305,0.02267268877223305
2025-12-10,2025-12-19,4.2274,4.2094,Naive,4.2274,4.2274,4.230460000000001,4.231596457023297,4.231825783278081,4.233874377127785,4.210131524231113,4.216397461533263,4.2354990193947435,4.221716570387527,4.223414270706343,0.018000000000000682,0.018000000000000682,0.018000000000000682,0.018000000000000682,0.02106000000000119,0.02106000000000119,0.022196457023297533,0.022196457023297533,0.022425783278081646,0.022425783278081646,0.02447437712778555,0.02447437712778555,0.0007315242311136672,0.0007315242311136672,0.006997461533263305,0.006997461533263305,0.026099019394743905,0.026099019394743905,0.012316570387527648,0.012316570387527648,0.01401427070634309,0.01401427070634309
2025-12-11,2025-12-22,4.2284,4.2115,Naive,4.2284,4.2284,4.23016,4.231015283019061,4.2310856305855875,4.2346937095869395,4.216479095320752,4.214548916204547,4.235450596903015,4.222828415235903,4.221080878547095,0.016899999999999693,0.016899999999999693,0.016899999999999693,0.016899999999999693,0.018659999999999677,0.018659999999999677,0.019515283019060803,0.019515283019060803,0.019585630585587488,0.019585630585587488,0.02319370958693945,0.02319370958693945,0.004979095320751803,0.004979095320751803,0.0030489162045466145,0.0030489162045466145,0.023950596903015153,0.023950596903015153,0.011328415235903222,0.011328415235903222,0.009580878547095217,0.009580878547095217
2025-12-12,2025-12-23,4.2271,4.2274,Naive,4.2271,4.2271,4.22916,4.230303413379231,4.230191387877197,4.233479489284908,4.233044002887883,4.212528792174523,4.234692018919851,4.221716570387527,4.2197504893689946,-0.000300000000000189,0.000300000000000189,-0.000300000000000189,0.000300000000000189,0.0017599999999999838,0.0017599999999999838,0.002903413379231168,0.002903413379231168,0.0027913878771963496,0.0027913878771963496,0.0060794892849074245,0.0060794892849074245,0.005644002887883026,0.005644002887883026,-0.014871207825477128,0.014871207825477128,0.007292018919851095,0.007292018919851095,-0.005683429612473034,0.005683429612473034,-0.007649510631005718,0.007649510631005718
2025-12-15,2025-12-29,4.2192,4.2274,Naive,4.2192,4.2192,4.22722,4.228284610946644,4.2256141751609535,4.226373776449475,3.9865716595712977,4.2099260058900265,4.232192870419367,4.213905142123951,4.211798534948185,-0.00820000000000043,0.00820000000000043,-0.00820000000000043,0.00820000000000043,-0.00018000000000029104,0.00018000000000029104,0.0008846109466436047,0.0008846109466436047,-0.001785824839046768,0.001785824839046768,-0.0010262235505251738,0.0010262235505251738,-0.2408283404287026,0.2408283404287026,-0.017473994109973745,0.017473994109973745,0.004792870419366935,0.004792870419366935,-0.013494857876048982,0.013494857876048982,-0.015601465051815033,0.015601465051815033
2025-12-16,2025-12-30,4.2239,4.2293,Naive,4.2239,4.2239,4.2252,4.227487408956345,4.2330961404679845,4.230601622123912,4.166346113767078,4.208516008783559,4.231579027330643,4.214868246915509,4.212805670747158,-0.005399999999999849,0.005399999999999849,-0.005399999999999849,0.005399999999999849,-0.004100000000000215,0.004100000000000215,-0.001812591043655054,0.001812591043655054,0.003796140467984266,0.003796140467984266,0.0013016221239121606,0.0013016221239121606,-0.06295388623292197,0.06295388623292197,-0.020783991216441144,0.020783991216441144,0.002279027330642336,0.002279027330642336,-0.01443175308449085,0.01443175308449085,-0.016494329252842554,0.016494329252842554
2025-12-17,2025-12-31,4.2149,4.2267,Naive,4.2149,4.2149,4.222700000000001,4.2251987891461,4.222202092388646,4.222196250236194,4.02934397588347,4.205409665719432,4.229135188919998,4.2119616213164415,4.20889731515492,-0.011800000000000033,0.011800000000000033,-0.011800000000000033,0.011800000000000033,-0.0039999999999995595,0.0039999999999995595,-0.0015012108538998703,0.0015012108538998703,-0.004497907611353824,0.004497907611353824,-0.004503749763806297,0.004503749763806297,-0.1973560241165302,0.1973560241165302,-0.021290334280568146,0.021290334280568146,0.0024351889199980548,0.0024351889199980548,-0.01473837868355865,0.01473837868355865,-0.017802684845079852,0.017802684845079852
2025-12-18,2026-01-02,4.2076,4.2156,Naive,4.2076,4.2076,4.21854,4.221999009301355,4.223657067965817,4.215000188321204,4.360665383650901,4.201546268039994,4.226133754901917,4.207492022570169,4.202349988346356,-0.008000000000000007,0.008000000000000007,-0.008000000000000007,0.008000000000000007,0.0029399999999997206,0.0029399999999997206,0.006399009301354397,0.006399009301354397,0.008057067965816955,0.008057067965816955,-0.0005998116787964136,0.0005998116787964136,0.14506538365090105,0.14506538365090105,-0.014053731960006033,0.014053731960006033,0.010533754901916659,0.010533754901916659,-0.008107977429831159,0.008107977429831159,-0.013250011653644478,0.013250011653644478
2025-12-19,2026-01-05,4.2094,4.211,Naive,4.2094,4.2094,4.215000000000001,4.219708280337471,4.2241197973059315,4.216538762081236,4.305840433450489,4.200110602412101,4.224106762339405,4.208792683102881,4.202437608822655,-0.001600000000000712,0.001600000000000712,-0.001600000000000712,0.001600000000000712,0.004000000000000448,0.004000000000000448,0.008708280337470953,0.008708280337470953,0.013119797305931158,0.013119797305931158,0.005538762081235937,0.005538762081235937,0.09484043345048843,0.09484043345048843,-0.010889397587899197,0.010889397587899197,0.013106762339404554,0.013106762339404554,-0.0022073168971195045,0.0022073168971195045,-0.008562391177345141,0.008562391177345141
2025-12-22,2026-01-07,4.2115,4.2105,Naive,4.2115,4.2115,4.21346,4.218215865730658,4.22769662500785,4.218580008089417,4.121535265371375,4.198812411146939,4.222507315938666,4.212454010876694,4.204781508565084,0.001000000000000334,0.001000000000000334,0.001000000000000334,0.001000000000000334,0.00296000000000074,0.00296000000000074,0.007715865730657967,0.007715865730657967,0.01719662500785013,0.01719662500785013,0.008080008089417667,0.008080008089417667,-0.08896473462862442,0.08896473462862442,-0.01168758885306076,0.01168758885306076,0.012007315938665997,0.012007315938665997,0.0019540108766946673,0.0019540108766946673,-0.005718491434915762,0.005718491434915762
2025-12-23,2026-01-08,4.2274,4.2119,Naive,4.2274,4.2274,4.21416,4.219885708325084,4.242993312937234,4.233075144936737,4.286995882145094,4.199773951341432,4.222861106965014,4.2160652338593705,4.217645671748508,0.015500000000000291,0.015500000000000291,0.015500000000000291,0.015500000000000291,0.0022599999999997067,0.0022599999999997067,0.007985708325083607,0.007985708325083607,0.03109331293723372,0.03109331293723372,0.02117514493673678,0.02117514493673678,0.075095882145094,0.075095882145094,-0.012126048658568145,0.012126048658568145,0.010961106965013734,0.010961106965013734,0.00416523385937051,0.00416523385937051,0.005745671748507597,0.005745671748507597
2025-12-29,2026-01-09,4.2274,4.2127,Naive,4.2274,4.2274,4.21666,4.221251943175068,4.2413035581582035,4.2330898985081316,4.2628973884821155,4.200531794218443,4.223295117660474,4.213694002950923,4.227827424373162,0.01470000000000038,0.01470000000000038,0.01470000000000038,0.01470000000000038,0.003960000000000186,0.003960000000000186,0.008551943175068466,0.008551943175068466,0.02860355815820359,0.02860355815820359,0.020389898508131665,0.020389898508131665,0.050197388482115635,0.050197388482115635,-0.012168205781557084,0.012168205781557084,0.010595117660473719,0.010595117660473719,0.000994002950923445,0.000994002950923445,0.015127424373162057,0.015127424373162057
2025-12-30,2026-01-12,4.2293,4.2097,Naive,4.2293,4.2293,4.221,4.222715226234147,4.244173164329357,4.234771829403164,4.242771747835958,4.201655655659695,4.223887553778949,4.214397531684204,4.228333919724425,0.019600000000000506,0.019600000000000506,0.019600000000000506,0.019600000000000506,0.01130000000000031,0.01130000000000031,0.013015226234147192,0.013015226234147192,0.03447316432935743,0.03447316432935743,0.025071829403164436,0.025071829403164436,0.03307174783595812,0.03307174783595812,-0.008044344340304654,0.008044344340304654,0.014187553778949535,0.014187553778949535,0.004697531684204392,0.004697531684204392,0.018633919724424963,0.018633919724424963
2025-12-31,2026-01-13,4.2267,4.2116,Naive,4.2267,4.2267,4.2244600000000005,4.223439730555211,4.240436568560671,4.2322668108504935,4.272778768829986,4.202991763129742,4.224383584920263,4.214397531684204,4.224498757808836,0.015100000000000335,0.015100000000000335,0.015100000000000335,0.015100000000000335,0.01286000000000076,0.01286000000000076,0.011839730555211148,0.011839730555211148,0.028836568560671516,0.028836568560671516,0.02066681085049371,0.02066681085049371,0.061178768829986296,0.061178768829986296,-0.008608236870257358,0.008608236870257358,0.012783584920263102,0.012783584920263102,0.0027975316842043796,0.0027975316842043796,0.012898757808835981,0.012898757808835981
2026-01-02,2026-01-14,4.2156,4.211,Naive,4.2156,4.2156,4.225280000000001,4.2220143249997175,4.217937845192205,4.221907045076486,4.246076687251641,4.2018666485657326,4.222273107398577,4.21169883097698,4.2146796434873774,0.0045999999999999375,0.0045999999999999375,0.0045999999999999375,0.0045999999999999375,0.014280000000000292,0.014280000000000292,0.011014324999717218,0.011014324999717218,0.006937845192204861,0.006937845192204861,0.0109070450764861,0.0109070450764861,0.03507668725164059,0.03507668725164059,-0.009133351434267745,0.009133351434267745,0.011273107398576343,0.011273107398576343,0.0006988309769795364,0.0006988309769795364,0.003679643487377149,0.003679643487377149
2026-01-05,2026-01-15,4.211,4.2068,Naive,4.211,4.211,4.222,4.220011720454314,4.217396359091188,4.2178199042948,4.201928515440428,4.2000605286841965,4.220858708818057,4.208487720097847,4.20291217226983,0.0041999999999999815,0.0041999999999999815,0.0041999999999999815,0.0041999999999999815,0.015200000000000102,0.015200000000000102,0.013211720454314069,0.013211720454314069,0.010596359091187502,0.010596359091187502,0.011019904294800043,0.011019904294800043,-0.0048714845595725365,0.0048714845595725365,-0.006739471315803769,0.006739471315803769,0.014058708818057042,0.014058708818057042,0.0016877200978466789,0.0016877200978466789,-0.003887827730170379,0.003887827730170379
2026-01-07,2026-01-16,4.2105,4.2192,Naive,4.2105,4.2105,4.21862,4.218282316735348,4.216384390924872,4.217198652221217,4.186205099537292,4.1987133722167895,4.2198875867995165,4.208487720097847,4.203520465253233,-0.008700000000000152,0.008700000000000152,-0.008700000000000152,0.008700000000000152,-0.000580000000000247,0.000580000000000247,-0.000917683264652247,0.000917683264652247,-0.0028156090751281226,0.0028156090751281226,-0.0020013477787825806,0.0020013477787825806,-0.03299490046270748,0.03299490046270748,-0.02048662778321031,0.02048662778321031,0.0006875867995166374,0.0006875867995166374,-0.010712279902152844,0.010712279902152844,-0.01567953474676642,0.01567953474676642
2026-01-08,2026-01-19,4.2119,4.2231,Naive,4.2119,4.2119,4.21514,4.217121895510738,4.215998920317793,4.218481220372127,4.201839554774035,4.198314802132695,4.218551441756518,4.212878369568107,4.206667316873483,-0.011199999999999655,0.011199999999999655,-0.011199999999999655,0.011199999999999655,-0.007959999999999745,0.007959999999999745,-0.005978104489261504,0.005978104489261504,-0.007101079682206191,0.007101079682206191,-0.0046187796278722715,0.0046187796278722715,-0.021260445225964375,0.021260445225964375,-0.024785197867304376,0.024785197867304376,-0.0045485582434814376,0.0045485582434814376,-0.010221630431892947,0.010221630431892947,-0.016432683126516245,0.016432683126516245
2026-01-09,2026-01-20,4.2127,4.2279,Naive,4.2127,4.2127,4.21234,4.216317914508785,4.216800041640986,4.219287357254231,4.173272326305967,4.197738429893715,4.21745097438024,4.212878369568107,4.2089675447528325,-0.015200000000000102,0.015200000000000102,-0.015200000000000102,0.015200000000000102,-0.015559999999999796,0.015559999999999796,-0.011582085491214755,0.011582085491214755,-0.011099958359014117,0.011099958359014117,-0.008612642745768895,0.008612642745768895,-0.054627673694032985,0.054627673694032985,-0.030161570106285396,0.030161570106285396,-0.010449025619760022,0.010449025619760022,-0.015021630431893307,0.015021630431893307,-0.018932455247167468,0.018932455247167468
2026-01-12,2026-01-21,4.2097,4.2271,Naive,4.2097,4.2097,4.21116,4.215114657325369,4.216957358121213,4.216744549848951,4.191000031241806,4.197385213298592,4.216473061684504,4.208487720097847,4.203624446782417,-0.017400000000000304,0.017400000000000304,-0.017400000000000304,0.017400000000000304,-0.01594000000000051,0.01594000000000051,-0.011985342674631028,0.011985342674631028,-0.010142641878786662,0.010142641878786662,-0.010355450151049439,0.010355450151049439,-0.03609996875819377,0.03609996875819377,-0.029714786701408258,0.029714786701408258,-0.01062693831549577,0.01062693831549577,-0.018612279902153084,0.018612279902153084,-0.02347555321758321,0.02347555321758321
2026-01-13,2026-01-22,4.2116,4.2128,Naive,4.2116,4.2116,4.21128,4.214475628720756,4.219849685634549,4.218416515851845,4.164916322490369,4.197377199289555,4.21558120015768,4.212878369568107,4.206484724554221,-0.0011999999999998678,0.0011999999999998678,-0.0011999999999998678,0.0011999999999998678,-0.0015199999999992997,0.0015199999999992997,0.001675628720755995,0.001675628720755995,0.007049685634549441,0.007049685634549441,0.005616515851845527,0.005616515851845527,-0.047883677509630296,0.047883677509630296,-0.015422800710444662,0.015422800710444662,0.0027812001576803524,0.0027812001576803524,7.836956810702844e-05,7.836956810702844e-05,-0.006315275445778923,0.006315275445778923
2026-01-14,2026-01-23,4.211,4.205,Naive,4.211,4.211,4.21138,4.213843696226073,4.219160968028989,4.217691974751534,4.198373555415349,4.196914730501518,4.214815911442198,4.208487720097847,4.205266294378279,0.006000000000000227,0.006000000000000227,0.006000000000000227,0.006000000000000227,0.006380000000000052,0.006380000000000052,0.00884369622607295,0.00884369622607295,0.014160968028988918,0.014160968028988918,0.012691974751533941,0.012691974751533941,-0.00662644458465067,0.00662644458465067,-0.008085269498481651,0.008085269498481651,0.009815911442197844,0.009815911442197844,0.0034877200978469247,0.0034877200978469247,0.00026629437827896396,0.00026629437827896396
2026-01-15,2026-01-26,4.2068,4.2118,Naive,4.2068,4.2068,4.21036,4.212563024184968,4.212815317606304,4.213640270423596,4.2494037134535105,4.195971724751412,4.2136208859596485,4.205679330880124,4.1988174087443415,-0.004999999999999893,0.004999999999999893,-0.004999999999999893,0.004999999999999893,-0.001440000000000552,0.001440000000000552,0.0007630241849678754,0.0007630241849678754,0.0010153176063036895,0.0010153176063036895,0.0018402704235960243,0.0018402704235960243,0.03760371345351032,0.03760371345351032,-0.01582827524858832,0.01582827524858832,0.001820885959648244,0.001820885959648244,-0.0061206691198760765,0.0061206691198760765,-0.012982591255658704,0.012982591255658704
2026-01-16,2026-01-27,4.2192,4.2032,Naive,4.2192,4.2192,4.21166,4.213769747060429,4.223619746105954,4.224928354244598,4.2628196005681644,4.197134263564728,4.213974556422467,4.215896750891098,4.2153244097008695,0.016000000000000014,0.016000000000000014,0.016000000000000014,0.016000000000000014,0.008460000000000356,0.008460000000000356,0.010569747060428902,0.010569747060428902,0.020419746105954317,0.020419746105954317,0.021728354244598513,0.021728354244598513,0.05961960056816462,0.05961960056816462,-0.006065736435271418,0.006065736435271418,0.01077455642246683,0.01077455642246683,0.012696750891097786,0.012696750891097786,0.012124409700869698,0.012124409700869698
2026-01-19,2026-01-28,4.2231,4.2009,Naive,4.2231,4.2231,4.21434,4.215466156685805,4.227204464692383,4.228745898039476,4.202124099266808,4.198470207877824,4.21407959301541,4.214229048715931,4.221261594031063,0.022199999999999775,0.022199999999999775,0.022199999999999775,0.022199999999999775,0.013440000000000119,0.013440000000000119,0.014566156685805076,0.014566156685805076,0.0263044646923829,0.0263044646923829,0.02784589803947579,0.02784589803947579,0.0012240992668077766,0.0012240992668077766,-0.0024297921221760888,0.0024297921221760888,0.013179593015410163,0.013179593015410163,0.013329048715931435,0.013329048715931435,0.020361594031062857,0.020361594031062857
2026-01-20,2026-01-29,4.2279,4.2072,Naive,4.2279,4.2279,4.2176,4.217726855470204,4.231197941126723,4.233100051275368,4.205538100844808,4.199905262099921,4.215497946515276,4.214884508610844,4.227319276388706,0.02069999999999972,0.02069999999999972,0.02069999999999972,0.02069999999999972,0.010399999999999743,0.010399999999999743,0.0105268554702036,0.0105268554702036,0.02399794112672282,0.02399794112672282,0.025900051275367986,0.025900051275367986,-0.0016618991551924367,0.0016618991551924367,-0.0072947379000796175,0.0072947379000796175,0.008297946515275711,0.008297946515275711,0.007684508610843466,0.007684508610843466,0.02011927638870592,0.02011927638870592
2026-01-21,2026-01-30,4.2271,4.2131,Naive,4.2271,4.2271,4.220820000000001,4.21943106356653,4.230085617669518,4.232258292591766,4.222016061758672,4.200889997209288,4.216448214675882,4.214229048715931,4.2260290512876235,0.014000000000000234,0.014000000000000234,0.014000000000000234,0.014000000000000234,0.007720000000000837,0.007720000000000837,0.006331063566530126,0.006331063566530126,0.016985617669518227,0.016985617669518227,0.019158292591765935,0.019158292591765935,0.0089160617586721,0.0089160617586721,-0.01221000279071216,0.01221000279071216,0.0033482146758823106,0.0033482146758823106,0.0011290487159314466,0.0011290487159314466,0.012929051287623672,0.012929051287623672
2026-01-22,2026-02-02,4.2128,4.2106,Naive,4.2128,4.2128,4.22202,4.218225415645343,4.21223463701365,4.2194797502009775,4.245211552072265,4.2006765291222985,4.2161212374540495,4.21025219109133,4.206396012799582,0.0021999999999993136,0.0021999999999993136,0.0021999999999993136,0.0021999999999993136,0.01141999999999932,0.01141999999999932,0.0076254156453430255,0.0076254156453430255,0.0016346370136499644,0.0016346370136499644,0.008879750200977199,0.008879750200977199,0.034611552072264296,0.034611552072264296,-0.009923470877701845,0.009923470877701845,0.005521237454049199,0.005521237454049199,-0.0003478089086703662,0.0003478089086703662,-0.004203987200418702,0.004203987200418702
2026-01-23,2026-02-03,4.205,4.2198,Naive,4.205,4.205,4.21918,4.215820794618916,4.206962982911402,4.2122990136262395,4.17684904329365,4.197860707511437,4.215280086492522,4.203646675385979,4.198041499651224,-0.014800000000000146,0.014800000000000146,-0.014800000000000146,0.014800000000000146,-0.000620000000000509,0.000620000000000509,-0.003979205381083872,0.003979205381083872,-0.012837017088598301,0.012837017088598301,-0.007500986373760732,0.007500986373760732,-0.04295095670634996,0.04295095670634996,-0.021939292488562856,0.021939292488562856,-0.004519913507477824,0.004519913507477824,-0.01615332461402108,0.01615332461402108,-0.02175850034877591,0.02175850034877591
2026-01-26,2026-02-04,4.2118,4.2241,Naive,4.2118,4.2118,4.21692,4.21508974105184,4.216224130457675,4.218646638142698,4.178111966878596,4.197905796420311,4.215031486931381,4.2121119674727145,4.209181579406542,-0.012299999999999756,0.012299999999999756,-0.012299999999999756,0.012299999999999756,-0.007179999999999964,0.007179999999999964,-0.009010258948159766,0.009010258948159766,-0.007875869542324665,0.007875869542324665,-0.0054533618573016085,0.0054533618573016085,-0.04598803312140376,0.04598803312140376,-0.02619420357968938,0.02619420357968938,-0.009068513068618778,0.009068513068618778,-0.01198803252728542,0.01198803252728542,-0.014918420593457604,0.014918420593457604
2026-01-27,2026-02-05,4.2032,4.2175,Naive,4.2032,4.2032,4.2119800000000005,4.212927969951505,4.207388254340976,4.2107459033801895,4.145793905719467,4.1954451067432785,4.212854835209803,4.198207836742664,4.1960406430323705,-0.014300000000000423,0.014300000000000423,-0.014300000000000423,0.014300000000000423,-0.005519999999999747,0.005519999999999747,-0.004572030048494824,0.004572030048494824,-0.010111745659024507,0.010111745659024507,-0.0067540966198107455,0.0067540966198107455,-0.07170609428053343,0.07170609428053343,-0.02205489325672172,0.02205489325672172,-0.004645164790197498,0.004645164790197498,-0.019292163257336625,0.019292163257336625,-0.021459356967629795,0.021459356967629795
2026-01-28,2026-02-06,4.2009,4.2155,Naive,4.2009,4.2009,4.206739999999999,4.210741066323958,4.207875946121138,4.208581600642782,4.199859777350301,4.194218418703987,4.211026991137476,4.198818630246504,4.1962399063083256,-0.014599999999999724,0.014599999999999724,-0.014599999999999724,0.014599999999999724,-0.008760000000000545,0.008760000000000545,-0.004758933676041188,0.004758933676041188,-0.0076240538788612255,0.0076240538788612255,-0.006918399357217275,0.006918399357217275,-0.015640222649698998,0.015640222649698998,-0.02128158129601232,0.02128158129601232,-0.004473008862523997,0.004473008862523997,-0.016681369753495545,0.016681369753495545,-0.01926009369167403,0.01926009369167403
2026-01-29,2026-02-09,4.2072,4.2142,Naive,4.2072,4.2072,4.205620000000001,4.210097236083239,4.212059371302931,4.214271130734106,4.185758359754537,4.194340688274227,4.210191946306027,4.204912928784732,4.203699095866892,-0.006999999999999673,0.006999999999999673,-0.006999999999999673,0.006999999999999673,-0.008579999999999366,0.008579999999999366,-0.004102763916760566,0.004102763916760566,-0.0021406286970693245,0.0021406286970693245,7.113073410636161e-05,7.113073410636161e-05,-0.028441640245462807,0.028441640245462807,-0.0198593117257726,0.0198593117257726,-0.004008053693972613,0.004008053693972613,-0.00928707121526795,0.00928707121526795,-0.010500904133108335,0.010500904133108335
2026-01-30,2026-02-10,4.2131,4.2148,Naive,4.2131,4.2131,4.2072400000000005,4.210643193159013,4.216146619846245,4.219669209605418,4.146414525894139,4.1958385123391375,4.210659449971241,4.2121119674727145,4.214545389877668,-0.001700000000000479,0.001700000000000479,-0.001700000000000479,0.001700000000000479,-0.007559999999999789,0.007559999999999789,-0.00415680684098696,0.00415680684098696,0.0013466198462444012,0.0013466198462444012,0.004869209605417701,0.004869209605417701,-0.06838547410586138,0.06838547410586138,-0.018961487660862808,0.018961487660862808,-0.004140550028759016,0.004140550028759016,-0.0026880325272857775,0.0026880325272857775,-0.0002546101223321884,0.0002546101223321884
2026-02-02,2026-02-11,4.2106,4.2174,Naive,4.2106,4.2106,4.206999999999999,4.210635339857374,4.218502321506374,4.217514682548365,4.241095715011311,4.196120491211119,4.210447637961583,4.20791633890341,4.210845875165356,-0.006799999999999251,0.006799999999999251,-0.006799999999999251,0.006799999999999251,-0.010400000000000631,0.010400000000000631,-0.006764660142625445,0.006764660142625445,0.0011023215063747926,0.0011023215063747926,0.0001146825483653302,0.0001146825483653302,0.023695715011311513,0.023695715011311513,-0.021279508788880186,0.021279508788880186,-0.006952362038416204,0.006952362038416204,-0.00948366109658938,0.00948366109658938,-0.00655412483464346,0.00655412483464346
2026-02-03,2026-02-12,4.2198,4.2131,Naive,4.2198,4.2198,4.21032,4.212301641701488,4.22672933434842,4.225761883926465,4.2276019655666985,4.1971670337437805,4.212370295296602,4.216024654832292,4.225134186017143,0.006700000000000372,0.006700000000000372,0.006700000000000372,0.006700000000000372,-0.0027799999999995606,0.0027799999999995606,-0.0007983582985122695,0.0007983582985122695,0.013629334348419953,0.013629334348419953,0.012661883926464945,0.012661883926464945,0.014501965566698694,0.014501965566698694,-0.015932966256219316,0.015932966256219316,-0.0007297047033976156,0.0007297047033976156,0.002924654832292539,0.002924654832292539,0.0120341860171429,0.0120341860171429
2026-02-04,2026-02-13,4.2241,4.214,Naive,4.2241,4.2241,4.2149600000000005,4.2144467977557625,4.228457637476829,4.229670954500916,4.306241152256159,4.198298238086405,4.21255558454304,4.214397531684204,4.225485654757448,0.010099999999999554,0.010099999999999554,0.010099999999999554,0.010099999999999554,0.0009600000000000719,0.0009600000000000719,0.0004467977557620628,0.0004467977557620628,0.014457637476828822,0.014457637476828822,0.015670954500915713,0.015670954500915713,0.09224115225615837,0.09224115225615837,-0.01570176191359529,0.01570176191359529,-0.0014444154569606127,0.0014444154569606127,0.00039753168420375573,0.00039753168420375573,0.011485654757447783,0.011485654757447783
2026-02-05,2026-02-16,4.2175,4.208,Naive,4.2175,4.2175,4.217020000000001,4.215001925436533,4.219189681270156,4.223652490154834,4.30170710535661,4.198592899241105,4.213232426908737,4.212454010876694,4.214029980952844,0.009500000000000064,0.009500000000000064,0.009500000000000064,0.009500000000000064,0.009020000000000472,0.009020000000000472,0.007001925436532552,0.007001925436532552,0.011189681270155738,0.011189681270155738,0.015652490154833387,0.015652490154833387,0.09370710535660987,0.09370710535660987,-0.009407100758894948,0.009407100758894948,0.005232426908737153,0.005232426908737153,0.00445401087669417,0.00445401087669417,0.006029980952844127,0.006029980952844127
2026-02-06,2026-02-17,4.2155,4.2182,Naive,4.2155,4.2155,4.2175,4.215092484448072,4.217400947889781,4.2218417951944405,4.247761722917391,4.198686408552816,4.213683166560701,4.212454010876694,4.212396964213306,-0.002700000000000813,0.002700000000000813,-0.002700000000000813,0.002700000000000813,-0.000700000000000145,0.000700000000000145,-0.0031075155519282305,0.0031075155519282305,-0.0007990521102190229,0.0007990521102190229,0.0036417951944400784,0.0036417951944400784,0.02956172291739101,0.02956172291739101,-0.019513591447184453,0.019513591447184453,-0.004516833439299539,0.004516833439299539,-0.005745989123306039,0.005745989123306039,-0.005803035786694721,0.005803035786694721
2026-02-09,2026-02-18,4.2142,4.2148,Naive,4.2142,4.2142,4.21822,4.214930214548422,4.217900208571884,4.2209458557393145,4.263943753499166,4.198274020324067,4.213856800567893,4.212454010876694,4.209702713228477,-0.000600000000000378,0.000600000000000378,-0.000600000000000378,0.000600000000000378,0.0034199999999993125,0.0034199999999993125,0.0001302145484221029,0.0001302145484221029,0.003100208571884089,0.003100208571884089,0.006145855739314143,0.006145855739314143,0.04914375349916611,0.04914375349916611,-0.016525979675932945,0.016525979675932945,-0.0009431994321076331,0.0009431994321076331,-0.0023459891233059693,0.0023459891233059693,-0.005097286771523102,0.005097286771523102
2026-02-10,2026-02-19,4.2148,4.222,Naive,4.2148,4.2148,4.217219999999999,4.214906539175982,4.219503703198699,4.2215362968112045,4.240576727996878,4.197841774391401,4.213529933319303,4.212454010876694,4.2126032690491275,-0.007200000000000095,0.007200000000000095,-0.007200000000000095,0.007200000000000095,-0.004780000000001117,0.004780000000001117,-0.007093460824018294,0.007093460824018294,-0.0024962968013015896,0.0024962968013015896,-0.00046370318879596084,0.00046370318879596084,0.018576727996877374,0.018576727996877374,-0.02415822560859926,0.02415822560859926,-0.008470066680697386,0.008470066680697386,-0.009545989123306065,0.009545989123306065,-0.0093967309508729,0.0093967309508729
2026-02-11,2026-02-20,4.2174,4.2241,Naive,4.2174,4.2174,4.21588,4.21535989568944,4.222279063822059,4.223833905222575,4.3050444182286025,4.197656840889519,4.213417347891162,4.212454010876694,4.218410766419563,-0.006700000000000372,0.006700000000000372,-0.006700000000000372,0.006700000000000372,-0.008219999999999672,0.008219999999999672,-0.008740104310559715,0.008740104310559715,-0.0018209361779408795,0.0018209361779408795,-0.00026609477742489673,0.00026609477742489673,0.08094441822860254,0.08094441822860254,-0.026443159110480785,0.026443159110480785,-0.01068265210883812,0.01068265210883812,-0.011645989123305611,0.011645989123305611,-0.0056892335804370475,0.0056892335804370475
2026-02-12,2026-02-23,4.2131,4.2173,Naive,4.2131,4.2131,4.214999999999999,4.214949005564088,4.217050447955952,4.219873479362714,4.289436736818964,4.197791153752659,4.213280994333339,4.212454010876694,4.212924146455223,-0.0041999999999999815,0.0041999999999999815,-0.0041999999999999815,0.0041999999999999815,-0.002300000000000857,0.002300000000000857,-0.002350994435912135,0.002350994435912135,-0.0002495520440479737,0.0002495520440479737,0.002573479362713904,0.002573479362713904,0.07213673681896449,0.07213673681896449,-0.019508846247340728,0.019508846247340728,-0.004019005666660469,0.004019005666660469,-0.004845989123305472,0.004845989123305472,-0.004375853544776653,0.004375853544776653
2026-02-13,2026-02-24,4.214,4.2193,Naive,4.214,4.214,4.2147,4.21477645909789,4.219920960844006,4.220776458752346,4.213002899496921,4.19747444050181,4.213375396168223,4.212454010876694,4.215690614325416,-0.005299999999999194,0.005299999999999194,-0.005299999999999194,0.005299999999999194,-0.0045999999999999375,0.0045999999999999375,-0.004523540902109602,0.004523540902109602,0.0006209608440066461,0.0006209608440066461,0.0014764587523465877,0.0014764587523465877,-0.006297100503078745,0.006297100503078745,-0.02182555949818976,0.02182555949818976,-0.005924603831776842,0.005924603831776842,-0.006845989123305252,0.006845989123305252,-0.0036093856745837982,0.0036093856745837982
2026-02-16,2026-02-25,4.208,4.2183,Naive,4.208,4.208,4.21346,4.213544375625546,4.216659573519625,4.2154649689531025,4.25893396321367,4.196176857762163,4.212703262396605,4.205107949685687,4.20563819085722,-0.010299999999999976,0.010299999999999976,-0.010299999999999976,0.010299999999999976,-0.004839999999999733,0.004839999999999733,-0.00475562437445376,0.00475562437445376,-0.0016404264803755453,0.0016404264803755453,-0.0028350310468976403,0.0028350310468976403,0.04063396321366941,0.04063396321366941,-0.02212314223783718,0.02212314223783718,-0.005596737603394963,0.005596737603394963,-0.013192050314312809,0.013192050314312809,-0.012661809142779923,0.012661809142779923
2026-02-17,2026-02-26,4.2182,4.2224,Naive,4.2182,4.2182,4.21414,4.214390852784538,4.227195574823735,4.2246800782404454,4.266844275251256,4.197146258732956,4.213487692162342,4.216024654832292,4.2195818742912,-0.0041999999999999815,0.0041999999999999815,-0.0041999999999999815,0.0041999999999999815,-0.008259999999999934,0.008259999999999934,-0.00800914721546242,0.00800914721546242,0.004795574823734938,0.004795574823734938,0.0022800782404450715,0.0022800782404450715,0.04444427525125594,0.04444427525125594,-0.025253741267044383,0.025253741267044383,-0.008912307837658062,0.008912307837658062,-0.006375345167707991,0.006375345167707991,-0.0028181257088002454,0.0028181257088002454
2026-02-18,2026-02-27,4.2148,4.2233,Naive,4.2148,4.2148,4.213620000000001,4.214465243187349,4.222419981952995,4.221496128081328,4.323886694978301,4.197654147386255,4.213207496096096,4.212454010876694,4.216280538976991,-0.00849999999999973,0.00849999999999973,-0.00849999999999973,0.00849999999999973,-0.009679999999999467,0.009679999999999467,-0.008834756812651001,0.008834756812651001,-0.0008800180470052155,0.0008800180470052155,-0.0018038719186721508,0.0018038719186721508,0.10058669497830053,0.10058669497830053,-0.025645852613744857,0.025645852613744857,-0.010092503903903705,0.010092503903903705,-0.0108459891233057,0.0108459891233057,-0.007019461023008766,0.007019461023008766
2026-02-19,2026-03-02,4.222,4.2304,Naive,4.222,4.222,4.215400000000001,4.215835198971467,4.2280204276735835,4.229030986515037,4.273636450216598,4.198485838305492,4.2134917798668985,4.214213185710613,4.218053524564455,-0.008399999999999963,0.008399999999999963,-0.008399999999999963,0.008399999999999963,-0.01499999999999968,0.01499999999999968,-0.014564801028533303,0.014564801028533303,-0.0023795723264168345,0.0023795723264168345,-0.0013690134849637658,0.0013690134849637658,0.04323645021659761,0.04323645021659761,-0.031914161694508,0.031914161694508,-0.016908220133101892,0.016908220133101892,-0.016186814289387286,0.016186814289387286,-0.012346475435545123,0.012346475435545123
2026-02-20,2026-03-03,4.2241,4.2732,Naive,4.2241,4.2241,4.21742,4.217337890067563,4.227998096694912,4.2310611379998235,4.21304579453749,4.199392417575823,4.215001534593683,4.213557725815701,4.218948540195154,-0.049100000000000144,0.049100000000000144,-0.049100000000000144,0.049100000000000144,-0.055780000000000385,0.055780000000000385,-0.05586210993243679,0.05586210993243679,-0.04520190330508811,0.04520190330508811,-0.04213886200017658,0.04213886200017658,-0.060154205462509935,0.060154205462509935,-0.07380758242417684,0.07380758242417684,-0.05819846540631701,0.05819846540631701,-0.05964227418429946,0.05964227418429946,-0.05425145980484647,0.05425145980484647
2026-02-23,2026-03-04,4.2173,4.2685,Naive,4.2173,4.2173,4.21928,4.21733100096437,4.222180237992359,4.225073547356568,4.278467482217855,4.199657613691863,4.215189649438999,4.211614205008191,4.2172868861166215,-0.05120000000000058,0.05120000000000058,-0.05120000000000058,0.05120000000000058,-0.04922000000000004,0.04922000000000004,-0.05116899903563077,0.05116899903563077,-0.04631976200764143,0.04631976200764143,-0.043426452643432256,0.043426452643432256,0.009967482217854595,0.009967482217854595,-0.06884238630813755,0.06884238630813755,-0.05331035056100131,0.05331035056100131,-0.05688579499180957,0.05688579499180957,-0.0512131138833789,0.0512131138833789
2026-02-24,2026-03-05,4.2193,4.2739,Naive,4.2193,4.2193,4.2195,4.217689000789029,4.2252051578553615,4.226843569065098,4.247695885635207,4.199697538355102,4.215748903824397,4.213557725815701,4.219474424489204,-0.05460000000000065,0.05460000000000065,-0.05460000000000065,0.05460000000000065,-0.054400000000000226,0.054400000000000226,-0.05621099921097095,0.05621099921097095,-0.048694842144638706,0.048694842144638706,-0.047056430934902416,0.047056430934902416,-0.026204114364793085,0.026204114364793085,-0.07420246164489797,0.07420246164489797,-0.0581510961756031,0.0581510961756031,-0.060342274184299605,0.060342274184299605,-0.05442557551079652,0.05442557551079652
2026-02-25,2026-03-06,4.2183,4.2782,Naive,4.2183,4.2183,4.2202,4.21780009155466,4.223199669755299,4.225815617702882,4.240160562023549,4.199983138256103,4.215890073279547,4.213557725815701,4.216403891404051,-0.05989999999999984,0.05989999999999984,-0.05989999999999984,0.05989999999999984,-0.05799999999999983,0.05799999999999983,-0.06039990844533971,0.06039990844533971,-0.055000330244700635,0.055000330244700635,-0.05238438229711839,0.05238438229711839,-0.03803943797645104,0.03803943797645104,-0.07821686174389697,0.07821686174389697,-0.06230992672045321,0.06230992672045321,-0.06464227418429935,0.06464227418429935,-0.061796108595949306,0.061796108595949306
2026-02-26,2026-03-09,4.2224,4.2836,Naive,4.2224,4.2224,4.22028,4.218636438544722,4.225752748806817,4.229520312599091,4.267236617528233,4.200639836468339,4.216362908996159,4.213557725815701,4.220455372467628,-0.06119999999999948,0.06119999999999948,-0.06119999999999948,0.06119999999999948,-0.06332000000000004,0.06332000000000004,-0.06496356145527749,0.06496356145527749,-0.05784725119318246,0.05784725119318246,-0.05407968740090929,0.05407968740090929,-0.016363382471767274,0.016363382471767274,-0.08296016353166102,0.08296016353166102,-0.06723709100384045,0.06723709100384045,-0.0700422741842992,0.0700422741842992,-0.06314462753237216,0.06314462753237216
2026-02-27,2026-03-10,4.2233,4.2555,Naive,4.2233,4.2233,4.22012,4.219484358809318,4.227005399999291,4.230420591586058,4.171264852676889,4.200918262698921,4.216885383149768,4.213557725815701,4.222176281790751,-0.03219999999999956,0.03219999999999956,-0.03219999999999956,0.03219999999999956,-0.03537999999999997,0.03537999999999997,-0.03601564119068179,0.03601564119068179,-0.028494600000708914,0.028494600000708914,-0.02507940841394163,0.02507940841394163,-0.08423514732311066,0.08423514732311066,-0.054581737301078626,0.054581737301078626,-0.038614616850231265,0.038614616850231265,-0.04194227418429897,0.04194227418429897,-0.03332371820924873,0.03332371820924873
2026-03-02,2026-03-11,4.2304,4.274,Naive,4.2304,4.2304,4.22274,4.221469020843987,4.236767276479949,4.2371391234972124,4.318744274217651,4.202207397310193,4.218718616837993,4.214825122601657,4.23332430568659,-0.04359999999999964,0.04359999999999964,-0.04359999999999964,0.04359999999999964,-0.05126000000000008,0.05126000000000008,-0.052530979156013125,0.052530979156013125,-0.03723272352005136,0.03723272352005136,-0.036860876502787576,0.036860876502787576,0.044744274217650926,0.044744274217650926,-0.0717926026898068,0.0717926026898068,-0.055281383162006925,0.055281383162006925,-0.05917487739834293,0.05917487739834293,-0.04067569431340967,0.04067569431340967
2026-03-03,2026-03-12,4.2732,4.2629,Naive,4.2732,4.2732,4.23352,4.230874653417807,4.278893227516026,4.275908936081894,4.243252261686984,4.225555212771971,4.225652455168769,4.269950305766529,4.296794237701147,0.010299999999999976,0.010299999999999976,0.010299999999999976,0.010299999999999976,-0.02937999999999974,0.02937999999999974,-0.03202534658219314,0.03202534658219314,0.0159932275160255,0.0159932275160255,0.013008936081893907,0.013008936081893907,-0.019647738313016028,0.019647738313016028,-0.037344787228029475,0.037344787228029475,-0.037247544831231494,0.037247544831231494,0.007050305766528986,0.007050305766528986,0.033894237701146857,0.033894237701146857
2026-03-04,2026-03-13,4.2685,4.2693,Naive,4.2685,4.2685,4.24356,4.23771562552366,4.270709871838674,4.27126755859499,4.332516928839295,4.2453480707527795,4.231181196971826,4.269409268618796,4.281276896735894,-0.0007999999999999119,0.0007999999999999119,-0.0007999999999999119,0.0007999999999999119,-0.025739999999999874,0.025739999999999874,-0.031584374476340216,0.031584374476340216,0.001409871838673915,0.001409871838673915,0.001967558594989427,0.001967558594989427,0.06321692883929497,0.06321692883929497,-0.023951929247220782,0.023951929247220782,-0.0381188030281745,0.0381188030281745,0.00010926861879578809,0.00010926861879578809,0.011976896735893305,0.011976896735893305
2026-03-05,2026-03-16,4.2739,4.2694,Naive,4.2739,4.2739,4.25386,4.244294602701176,4.276312694206627,4.275853974805119,4.374655963050465,4.2573815267053385,4.237760938234327,4.273060619188139,4.290284016575993,0.0045000000000001705,0.0045000000000001705,0.0045000000000001705,0.0045000000000001705,-0.015539999999999665,0.015539999999999665,-0.025105397298823995,0.025105397298823995,0.006912694206627101,0.006912694206627101,0.0064539748051188894,0.0064539748051188894,0.10525596305046481,0.10525596305046481,-0.012018473294661547,0.012018473294661547,-0.03163906176567277,0.03163906176567277,0.0036606191881389805,0.0036606191881389805,0.020884016575992703,0.020884016575992703
2026-03-06,2026-03-17,4.2782,4.2666,Naive,4.2782,4.2782,4.26484,4.250459220391871,4.279040242842187,4.279551556381913,4.314155689041735,4.266928657060382,4.2440885696911055,4.274920101852425,4.297946274151491,0.01159999999999961,0.01159999999999961,0.01159999999999961,0.01159999999999961,-0.0017599999999999838,0.0017599999999999838,-0.016140779608129208,0.016140779608129208,0.012440242842187033,0.012440242842187033,0.012951556381912255,0.012951556381912255,0.047555689041734794,0.047555689041734794,0.0003286570603817651,0.0003286570603817651,-0.02251143030889491,0.02251143030889491,0.0083201018524246,0.0083201018524246,0.03134627415149094,0.03134627415149094
2026-03-09,2026-03-18,4.2836,4.2613,Naive,4.2836,4.2836,4.27548,4.2564848166842575,4.282777183186627,4.284472635533461,4.16034620280141,4.274671031509651,4.248735283939875,4.283580059695808,4.303132757280136,0.022299999999999542,0.022299999999999542,0.022299999999999542,0.022299999999999542,0.014179999999999637,0.014179999999999637,-0.0048151833157428214,0.0048151833157428214,0.021477183186626725,0.021477183186626725,0.023172635533460273,0.023172635533460273,-0.10095379719859032,0.10095379719859032,0.013371031509651132,0.013371031509651132,-0.012564716060125214,0.012564716060125214,0.022280059695807708,0.022280059695807708,0.0418327572801358,0.0418327572801358
2026-03-10,2026-03-19,4.2555,4.2782,Naive,4.2555,4.2555,4.27194,4.2563057591053015,4.255719787609442,4.258768013694636,4.2704579235558695,4.2779189485033955,4.250050677880168,4.261338475223133,4.271312789540819,-0.022700000000000387,0.022700000000000387,-0.022700000000000387,0.022700000000000387,-0.006260000000000154,0.006260000000000154,-0.02189424089469849,0.02189424089469849,-0.022480212390558307,0.022480212390558307,-0.01943198630536358,0.01943198630536358,-0.007742076444130497,0.007742076444130497,-0.0002810514966045119,0.0002810514966045119,-0.02814932211983212,0.02814932211983212,-0.016861524776866865,0.016861524776866865,-0.006887210459180615,0.006887210459180615
2026-03-11,2026-03-20,4.274,4.2768,Naive,4.274,4.274,4.27304,4.259522893813428,4.276480152314085,4.275473411269187,4.236008318039308,4.281706968847413,4.25297071553688,4.279775496213599,4.286144028865635,-0.0027999999999996916,0.0027999999999996916,-0.0027999999999996916,0.0027999999999996916,-0.0037599999999997635,0.0037599999999997635,-0.017277106186571523,0.017277106186571523,-0.0003198476859145316,0.0003198476859145316,-0.0013265887308131497,0.0013265887308131497,-0.04079168196069194,0.04079168196069194,0.00490696884741304,0.00490696884741304,-0.023829284463119826,0.023829284463119826,0.0029754962135992713,0.0029754962135992713,0.009344028865635678,0.009344028865635678
2026-03-12,2026-03-23,4.2629,4.2867,Naive,4.2629,4.2629,4.27084,4.2601369131200775,4.260862666861859,4.265554381935484,4.244662990260841,4.282554428707936,4.254943040998324,4.266813752344186,4.278890020643492,-0.0237999999999996,0.0237999999999996,-0.0237999999999996,0.0237999999999996,-0.015859999999999985,0.015859999999999985,-0.02656308687992226,0.02656308687992226,-0.025837333138140295,0.025837333138140295,-0.02114561806451576,0.02114561806451576,-0.04203700973915847,0.04203700973915847,-0.004145571292063721,0.004145571292063721,-0.031756959001675966,0.031756959001675966,-0.019886247655813705,0.019886247655813705,-0.007809979356507846,0.007809979356507846
2026-03-13,2026-03-24,4.2693,4.2728,Naive,4.2693,4.2693,4.2690600000000005,4.261802928916427,4.270638730087453,4.271549953792341,4.2882561667388295,4.283276183605653,4.257682344942356,4.279192798607215,4.263701355828122,-0.0034999999999998366,0.0034999999999998366,-0.0034999999999998366,0.0034999999999998366,-0.0037399999999996325,0.0037399999999996325,-0.010997071083573395,0.010997071083573395,-0.0021612699125475032,0.0021612699125475032,-0.0012500462076587837,0.0012500462076587837,0.015456166738829324,0.015456166738829324,0.010476183605653056,0.010476183605653056,-0.01511765505764373,0.01511765505764373,0.006392798607214978,0.006392798607214978,-0.009098644171878334,0.009098644171878334
2026-03-16,2026-03-25,4.2694,4.2692,Naive,4.2694,4.2694,4.266220000000001,4.2631842145679855,4.272918082488391,4.271784010406971,4.2467601299198625,4.284163547445001,4.259993204623143,4.27609237805984,4.283433315297501,0.00020000000000042206,0.00020000000000042206,0.00020000000000042206,0.00020000000000042206,-0.0029799999999990945,0.0029799999999990945,-0.006015785432014198,0.006015785432014198,0.003718082488391339,0.003718082488391339,0.0025840104069709824,0.0025840104069709824,-0.022439870080137148,0.022439870080137148,0.014963547445001169,0.014963547445001169,-0.009206795376856647,0.009206795376856647,0.006892378059839999,0.006892378059839999,0.014233315297500937,0.014233315297500937
2026-03-17,2026-03-26,4.2666,4.271,Naive,4.2666,4.2666,4.26844,4.263805266464715,4.270370872629047,4.269188625864992,4.217568944843136,4.284479568961664,4.261377316211036,4.274659369705849,4.280626171279057,-0.004399999999999515,0.004399999999999515,-0.004399999999999515,0.004399999999999515,-0.0025599999999998957,0.0025599999999998957,-0.007194733535285103,0.007194733535285103,-0.0006291273709528866,0.0006291273709528866,-0.0018113741350083146,0.0018113741350083146,-0.05343105515686375,0.05343105515686375,0.013479568961663801,0.013479568961663801,-0.009622683788963471,0.009622683788963471,0.0036593697058489028,0.0036593697058489028,0.009626171279057516,0.009626171279057516
2026-03-18,2026-03-27,4.2613,4.2858,Naive,4.2613,4.2613,4.2659,4.26334976347113,4.267850209489861,4.264297586447853,4.249680349084847,4.284396382359314,4.261703203690624,4.265699074391059,4.27525281760229,-0.024499999999999744,0.024499999999999744,-0.024499999999999744,0.024499999999999744,-0.019899999999999807,0.019899999999999807,-0.02245023652887035,0.02245023652887035,-0.017949790510138897,0.017949790510138897,-0.021502413552147104,0.021502413552147104,-0.03611965091515312,0.03611965091515312,-0.0014036176406859724,0.0014036176406859724,-0.02409679630937589,0.02409679630937589,-0.020100925608940834,0.020100925608940834,-0.010547182397710131,0.010547182397710131
2026-03-19,2026-03-30,4.2782,4.2832,Naive,4.2782,4.2782,4.268960000000001,4.266049806476379,4.280321502565414,4.279406268582667,4.294611802296188,4.285306401988978,4.263402049312512,4.2837783523940445,4.290356884795319,-0.004999999999999893,0.004999999999999893,-0.004999999999999893,0.004999999999999893,-0.014239999999999142,0.014239999999999142,-0.017150193523621127,0.017150193523621127,-0.0028784974345859027,0.0028784974345859027,-0.0037937314173328573,0.0037937314173328573,0.011411802296188434,0.011411802296188434,0.00210640198897849,0.00210640198897849,-0.019797950687487464,0.019797950687487464,0.0005783523940445789,0.0005783523940445789,0.007156884795318952,0.007156884795318952
2026-03-20,2026-03-31,4.2768,4.2894,Naive,4.2768,4.2768,4.27046,4.268004387117037,4.2755008614378385,4.2780223919277836,4.3127290511139345,4.285475707140392,4.264988881497768,4.279033277054028,4.293919037748738,-0.012599999999999945,0.012599999999999945,-0.012599999999999945,0.012599999999999945,-0.018939999999999735,0.018939999999999735,-0.0213956128829631,0.0213956128829631,-0.013899138562161184,0.013899138562161184,-0.011377608072216105,0.011377608072216105,0.023329051113934796,0.023329051113934796,-0.00392429285960727,0.00392429285960727,-0.024411118502231766,0.024411118502231766,-0.010366722945971851,0.010366722945971851,0.004519037748738519,0.004519037748738519
2026-03-23,2026-04-01,4.2867,4.2874,Naive,4.2867,4.2867,4.27392,4.271403589459394,4.290772243225465,4.2886387659433085,4.329537683310907,4.286028790790044,4.267728319924516,4.290406449200923,4.303080453799758,-0.000700000000000145,0.000700000000000145,-0.000700000000000145,0.000700000000000145,-0.013479999999999492,0.013479999999999492,-0.0159964105406063,0.0159964105406063,0.0033722432254652546,0.0033722432254652546,0.0012387659433086284,0.0012387659433086284,0.04213768331090684,0.04213768331090684,-0.0013712092099558149,0.0013712092099558149,-0.0196716800754837,0.0196716800754837,0.003006449200922745,0.003006449200922745,0.015680453799758354,0.015680453799758354
2026-03-24,2026-04-02,4.2728,4.2869,Naive,4.2728,4.2728,4.27516,4.271657482284958,4.274776899627144,4.275830285449767,4.165679016586808,4.286485283317925,4.269286554963829,4.277108220638654,4.299529964967964,-0.014100000000000001,0.014100000000000001,-0.014100000000000001,0.014100000000000001,-0.011740000000000528,0.011740000000000528,-0.015242517715042148,0.015242517715042148,-0.012123100372856577,0.012123100372856577,-0.0110697145502332,0.0110697145502332,-0.12122098341319187,0.12122098341319187,-0.0004147166820747117,0.0004147166820747117,-0.01761344503617135,0.01761344503617135,-0.009791779361346009,0.009791779361346009,0.012629964967963758,0.012629964967963758
2026-03-25,2026-04-03,4.2692,4.2776,Naive,4.2692,4.2692,4.27674,4.271210667324056,4.270999119737327,4.272454981438526,4.278710145539631,4.286543614677108,4.270770858367328,4.275857558016157,4.28480541515663,-0.008399999999999963,0.008399999999999963,-0.008399999999999963,0.008399999999999963,-0.0008599999999994168,0.0008599999999994168,-0.006389332675943216,0.006389332675943216,-0.0066008802626722485,0.0066008802626722485,-0.005145018561473869,0.005145018561473869,0.001110145539631624,0.001110145539631624,0.008943614677108691,0.008943614677108691,-0.006829141632671565,0.006829141632671565,-0.0017424419838425464,0.0017424419838425464,0.007205415156630757,0.007205415156630757
2026-03-26,2026-04-07,4.271,4.2694,Naive,4.271,4.271,4.2753,4.271172364174228,4.272472745950643,4.273960245525626,4.2670082504064855,4.286138264267537,4.271393131957732,4.27531981734128,4.29164153398837,0.0015999999999998238,0.0015999999999998238,0.0015999999999998238,0.0015999999999998238,0.005899999999999572,0.005899999999999572,0.0017723641742275476,0.0017723641742275476,0.0030727459506429966,0.0030727459506429966,0.004560245525626172,0.004560245525626172,-0.002391749593514625,0.002391749593514625,0.016738264267536884,0.016738264267536884,0.001993131957731542,0.001993131957731542,0.005919817341279554,0.005919817341279554,0.022241533988370144,0.022241533988370144
2026-03-27,2026-04-08,4.2858,4.2623,Naive,4.2858,4.2858,4.2771,4.273831934324368,4.283347514994492,4.287324283952687,4.370542668208333,4.2873777683973096,4.273442055235312,4.289345989541278,4.295921256440978,0.0235000000000003,0.0235000000000003,0.0235000000000003,0.0235000000000003,0.014800000000000146,0.014800000000000146,0.011531934324367832,0.011531934324367832,0.021047514994492644,0.021047514994492644,0.0250242839526873,0.0250242839526873,0.10824266820833284,0.10824266820833284,0.025077768397309796,0.025077768397309796,0.011142055235311865,0.011142055235311865,0.02704598954127846,0.02704598954127846,0.03362125644097791,0.03362125644097791
2026-03-30,2026-04-09,4.2832,4.261,Naive,4.2832,4.2832,4.276400000000001,4.2755352189926645,4.284169728672742,4.285208520852631,4.145221695760276,4.287742600198802,4.275336151266401,4.285556426248303,4.307228207606278,0.022199999999999775,0.022199999999999775,0.022199999999999775,0.022199999999999775,0.015400000000000524,0.015400000000000524,0.014535218992664412,0.014535218992664412,0.02316972867274192,0.02316972867274192,0.024208520852631032,0.024208520852631032,-0.1157783042397238,0.1157783042397238,0.026742600198802258,0.026742600198802258,0.014336151266401309,0.014336151266401309,0.0245564262483029,0.0245564262483029,0.046228207606278104,0.046228207606278104
2026-03-31,2026-04-10,4.2894,4.2534,Naive,4.2894,4.2894,4.27972,4.278056088266725,4.294213217629198,4.290879399908122,4.321086275759085,4.288645960847965,4.277544799756257,4.291655039694576,4.298486835451592,0.03599999999999959,0.03599999999999959,0.03599999999999959,0.03599999999999959,0.02632000000000012,0.02632000000000012,0.02465608826672483,0.02465608826672483,0.040813217629198206,0.040813217629198206,0.03747939990812199,0.03747939990812199,0.06768627575908504,0.06768627575908504,0.0352459608479645,0.0352459608479645,0.024144799756256496,0.024144799756256496,0.038255039694576,0.038255039694576,0.04508683545159187,0.04508683545159187
2026-04-01,2026-04-13,4.2874,4.2507,Naive,4.2874,4.2874,4.28336,4.2797549813091385,4.288927231558679,4.288995406891281,4.275024355458859,4.289266967408623,4.279332529391749,4.28905814433328,4.3099219708377525,0.03669999999999973,0.03669999999999973,0.03669999999999973,0.03669999999999973,0.03265999999999991,0.03265999999999991,0.029054981309138306,0.029054981309138306,0.03822723155867891,0.03822723155867891,0.038295406891280415,0.038295406891280415,0.024324355458858804,0.024324355458858804,0.038566967408622865,0.038566967408622865,0.028632529391749095,0.028632529391749095,0.03835814433328011,0.03835814433328011,0.05922197083775238,0.05922197083775238
2026-04-02,2026-04-14,4.2869,4.2436,Naive,4.2869,4.2869,4.2865400000000005,4.281054075616568,4.288437161284368,4.2884075010648175,4.211710748416049,4.289519410202731,4.2801977090708405,4.294246705046549,4.3023487601270265,0.04330000000000034,0.04330000000000034,0.04330000000000034,0.04330000000000034,0.042940000000000644,0.042940000000000644,0.03745407561656844,0.03745407561656844,0.04483716128436832,0.04483716128436832,0.04480750106481768,0.04480750106481768,-0.03188925158395062,0.03188925158395062,0.04591941020273094,0.04591941020273094,0.0365977090708407,0.0365977090708407,0.050646705046549556,0.050646705046549556,0.05874876012702668,0.05874876012702668
2026-04-03,2026-04-15,4.2776,4.237,Naive,4.2776,4.2776,4.2849,4.280426061868101,4.278306255804761,4.279815345844103,4.219361729106834,4.289666117784423,4.2806298633228,4.28434586523252,4.299486998832695,0.040599999999999525,0.040599999999999525,0.040599999999999525,0.040599999999999525,0.047900000000000276,0.047900000000000276,0.04342606186810105,0.04342606186810105,0.041306255804760994,0.041306255804760994,0.04281534584410274,0.04281534584410274,-0.017638270893166386,0.017638270893166386,0.05266611778442254,0.05266611778442254,0.043629863322800055,0.043629863322800055,0.04734586523252027,0.04734586523252027,0.062486998832694596,0.062486998832694596
2026-04-07,2026-04-16,4.2694,4.2411,Naive,4.2694,4.2694,4.28214,4.278421323346628,4.272581975512073,4.2725384251367595,4.111212497074143,4.288797962314538,4.280747371792203,4.278937036137951,4.276690477378686,0.02829999999999977,0.02829999999999977,0.02829999999999977,0.02829999999999977,0.04103999999999974,0.04103999999999974,0.03732132334662808,0.03732132334662808,0.031481975512072324,0.031481975512072324,0.03143842513675921,0.03143842513675921,-0.1298875029258575,0.1298875029258575,0.04769796231453771,0.04769796231453771,0.03964737179220279,0.03964737179220279,0.037837036137950975,0.037837036137950975,0.035590477378685925,0.035590477378685925
2026-04-08,2026-04-17,4.2623,4.2355,Naive,4.2623,4.2623,4.276719999999999,4.275490173647241,4.265853601103388,4.266137829930335,4.162409718243998,4.287845812817683,4.280098449622388,4.2688513773658165,4.277156757924538,0.026799999999999713,0.026799999999999713,0.026799999999999713,0.026799999999999713,0.041219999999999146,0.041219999999999146,0.039990173647241,0.039990173647241,0.03035360110338825,0.03035360110338825,0.030637829930334703,0.030637829930334703,-0.07309028175600218,0.07309028175600218,0.052345812817683246,0.052345812817683246,0.0445984496223879,0.0445984496223879,0.033351377365816504,0.033351377365816504,0.041656757924537935,0.041656757924537935
2026-04-09,2026-04-20,4.261,4.2346,Naive,4.261,4.261,4.27144,4.27285559662047,4.260932173578803,4.265015116744212,4.243796674590612,4.286801948675749,4.278908990848658,4.265264837062121,4.2648363335397255,0.026399999999999757,0.026399999999999757,0.026399999999999757,0.026399999999999757,0.03683999999999976,0.03683999999999976,0.038255596620469845,0.038255596620469845,0.02633217357880291,0.02633217357880291,0.030415116744211268,0.030415116744211268,0.00919667459061202,0.00919667459061202,0.05220194867574879,0.05220194867574879,0.04430899084865736,0.04430899084865736,0.030664837062120753,0.030664837062120753,0.030236333539725102,0.030236333539725102
2026-04-10,2026-04-21,4.2534,4.232,Naive,4.2534,4.2534,4.264740000000001,4.269318215416748,4.253415296989097,4.258190828858866,4.227236681094674,4.286040572433978,4.278841521371686,4.265604489503424,4.251666180947288,0.021399999999999864,0.021399999999999864,0.021399999999999864,0.021399999999999864,0.032740000000000435,0.032740000000000435,0.03731821541674751,0.03731821541674751,0.02141529698909661,0.02141529698909661,0.0261908288588657,0.0261908288588657,-0.004763318905325775,0.004763318905325775,0.054040572433978085,0.054040572433978085,0.04684152137168596,0.04684152137168596,0.033604489503423984,0.033604489503423984,0.019666180947288225,0.019666180947288225
2026-04-13,2026-04-22,4.2507,4.2408,Naive,4.2507,4.2507,4.25936,4.265933085340976,4.25342166782125,4.256012287983893,4.2580860953207145,4.285656465117489,4.276479710098131,4.2640413349464446,4.2445241472531565,0.00990000000000002,0.00990000000000002,0.00990000000000002,0.00990000000000002,0.01855999999999991,0.01855999999999991,0.02513308534097547,0.02513308534097547,0.012621667821250071,0.012621667821250071,0.015212287983892736,0.015212287983892736,0.017286095320714345,0.017286095320714345,0.04485646511748875,0.04485646511748875,0.035679710098130535,0.035679710098130535,0.023241334946444425,0.023241334946444425,0.0037241472531563957,0.0037241472531563957
2026-04-14,2026-04-23,4.2436,4.2501,Naive,4.2436,4.2436,4.2542,4.261872524369889,4.248553322314676,4.249506755142694,4.186624188463456,4.284086601951212,4.274183308907641,4.26330625733391,4.239288122589487,-0.00649999999999995,0.00649999999999995,-0.00649999999999995,0.00649999999999995,0.004100000000000215,0.004100000000000215,0.011772524369889403,0.011772524369889403,-0.001546677685324127,0.001546677685324127,-0.0005932448573053861,0.0005932448573053861,-0.06347581153654414,0.06347581153654414,0.03398660195121206,0.03398660195121206,0.024083308907640877,0.024083308907640877,0.01320625733391001,0.01320625733391001,-0.010811877410512594,0.010811877410512594
2026-04-15,2026-04-24,4.237,4.2428,Naive,4.237,4.237,4.24914,4.257350247211727,4.243271530591883,4.243332908545264,4.1716296958728885,4.2765642884745425,4.271614720432484,4.251660489416343,4.223171499228565,-0.005799999999999805,0.005799999999999805,-0.005799999999999805,0.005799999999999805,0.00633999999999979,0.00633999999999979,0.014550247211727374,0.014550247211727374,0.00047153059188342894,0.00047153059188342894,0.0005329085452636662,0.0005329085452636662,-0.07117030412711145,0.07117030412711145,0.0337642884745426,0.0337642884745426,0.02881472043248401,0.02881472043248401,0.00886048941634332,0.00886048941634332,-0.019628500771434965,0.019628500771434965
2026-04-16,2026-04-27,4.2411,4.2445,Naive,4.2411,4.2411,4.24516,4.254395656809595,4.244658564373947,4.246899012069418,4.214855415454688,4.275909868988843,4.269536801242446,4.26363648366156,4.23296416951401,-0.0034000000000000696,0.0034000000000000696,-0.0034000000000000696,0.0034000000000000696,0.0006599999999998829,0.0006599999999998829,0.009895656809594477,0.009895656809594477,0.00015856437394656808,0.00015856437394656808,0.0023990120694179495,0.0023990120694179495,-0.029644584545312824,0.029644584545312824,0.03140986898884268,0.03140986898884268,0.025036801242445783,0.025036801242445783,0.01913648366155929,0.01913648366155929,-0.011535830485990495,0.011535830485990495
2026-04-17,2026-04-28,4.2355,4.247,Naive,4.2355,4.2355,4.241580000000001,4.250960082844214,4.237298143267483,4.241738814499717,4.235204274589672,4.266488325679686,4.266378270226654,4.241274543499867,4.227800923217907,-0.011499999999999844,0.011499999999999844,-0.011499999999999844,0.011499999999999844,-0.005419999999999092,0.005419999999999092,0.003960082844214341,0.003960082844214341,-0.009701856732516667,0.009701856732516667,-0.00526118550028265,0.00526118550028265,-0.011795725410327584,0.011795725410327584,0.019488325679685836,0.019488325679685836,0.01937827022665406,0.01937827022665406,-0.005725456500132786,0.005725456500132786,-0.019199076782093094,0.019199076782093094
2026-04-20,2026-04-29,4.2346,4.2537,Naive,4.2346,4.2346,4.23836,4.247985522327085,4.240381906150181,4.241161497912315,4.217468825311047,4.2563841194675405,4.2643045429744575,4.234105061401869,4.225774248919641,-0.019099999999999895,0.019099999999999895,-0.019099999999999895,0.019099999999999895,-0.015340000000000131,0.015340000000000131,-0.005714477672915663,0.005714477672915663,-0.013318093849819412,0.013318093849819412,-0.012538502087685366,0.012538502087685366,-0.03623117468895298,0.03623117468895298,0.0026841194675402136,0.0026841194675402136,0.010604542974457232,0.010604542974457232,-0.01959493859813133,0.01959493859813133,-0.02792575108035944,0.02792575108035944
2026-04-21,2026-04-30,4.232,4.2589,Naive,4.232,4.232,4.23604,4.24507906372216,4.236460652426626,4.238739142840319,4.17967813386115,4.246819793250928,4.260755142502905,4.231266719396205,4.221878449309211,-0.02689999999999948,0.02689999999999948,-0.02689999999999948,0.02689999999999948,-0.02285999999999966,0.02285999999999966,-0.01382093627784009,0.01382093627784009,-0.022439347573373958,0.022439347573373958,-0.020160857159680745,0.020160857159680745,-0.07922186613884996,0.07922186613884996,-0.012080206749071287,0.012080206749071287,0.0018551425029054158,0.0018551425029054158,-0.027633280603795107,0.027633280603795107,-0.037021550690788274,0.037021550690788274
2026-04-22,2026-05-04,4.2408,4.2544,Naive,4.2408,4.2408,4.236800000000001,4.244301052136312,4.250070060314608,4.248133864275133,4.183620791524534,4.248683022122204,4.260025563974377,4.257942145831075,4.232334436025806,-0.013600000000000279,0.013600000000000279,-0.013600000000000279,0.013600000000000279,-0.017599999999999838,0.017599999999999838,-0.010098947863688146,0.010098947863688146,-0.00432993968539197,0.00432993968539197,-0.006266135724867006,0.006266135724867006,-0.07077920847546615,0.07077920847546615,-0.0057169778777961255,0.0057169778777961255,0.005625563974376746,0.005625563974376746,0.0035421458310747056,0.0035421458310747056,-0.022065563974194013,0.022065563974194013
2026-04-23,2026-05-05,4.2501,4.2551,Naive,4.2501,4.2501,4.2386,4.245355406293346,4.256937324477105,4.256606285805572,4.2569350243625745,4.256330580412491,4.259507623417141,4.260223668672559,4.2432836683959065,-0.004999999999999893,0.004999999999999893,-0.004999999999999893,0.004999999999999893,-0.016499999999999737,0.016499999999999737,-0.009744593706654037,0.009744593706654037,0.0018373244771057173,0.0018373244771057173,0.0015062858055721051,0.0015062858055721051,0.0018350243625748774,0.0018350243625748774,0.0012305804124910225,0.0012305804124910225,0.004407623417141515,0.004407623417141515,0.005123668672559312,0.005123668672559312,-0.011816331604093122,0.011816331604093122
2026-04-24,2026-05-06,4.2428,4.2351,Naive,4.2428,4.2428,4.24006,4.244890786967282,4.248085534509849,4.249949568696708,4.374021604096063,4.259261400176189,4.2583064860359805,4.260541467582636,4.238017549682732,0.007699999999999818,0.007699999999999818,0.007699999999999818,0.007699999999999818,0.004959999999999631,0.004959999999999631,0.009790786967282195,0.009790786967282195,0.012985534509849295,0.012985534509849295,0.014849568696708282,0.014849568696708282,0.1389216040960628,0.1389216040960628,0.024161400176188508,0.024161400176188508,0.02320648603598041,0.02320648603598041,0.025441467582635546,0.025441467582635546,0.002917549682732279,0.002917549682732279
2026-04-27,2026-05-07,4.2445,4.2286,Naive,4.2445,4.2445,4.24204,4.244819734791412,4.253896899973547,4.251780810471298,4.226720950229171,4.264853515360452,4.257635910725348,4.262866220521956,4.238548608133753,0.015900000000000247,0.015900000000000247,0.015900000000000247,0.015900000000000247,0.013440000000000119,0.013440000000000119,0.016219734791412144,0.016219734791412144,0.025296899973547227,0.025296899973547227,0.023180810471298052,0.023180810471298052,-0.0018790497708289777,0.0018790497708289777,0.036253515360451516,0.036253515360451516,0.029035910725347946,0.029035910725347946,0.03426622052195594,0.03426622052195594,0.009948608133752757,0.009948608133752757
2026-04-28,2026-05-08,4.247,4.2284,Naive,4.247,4.247,4.24504,4.245216146647519,4.258231591191551,4.254102080618706,4.22414082043634,4.27026021640559,4.257289300270704,4.265512078677186,4.240148721899925,0.018600000000000172,0.018600000000000172,0.018600000000000172,0.018600000000000172,0.016640000000000654,0.016640000000000654,0.016816146647519403,0.016816146647519403,0.029831591191551432,0.029831591191551432,0.02570208061870627,0.02570208061870627,-0.004259179563659288,0.004259179563659288,0.04186021640559012,0.04186021640559012,0.028889300270704688,0.028889300270704688,0.03711207867718613,0.03711207867718613,0.011748721899925485,0.011748721899925485
2026-04-29,2026-05-11,4.2537,4.2386,Naive,4.2537,4.2537,4.24762,4.246758665438879,4.26259713159628,4.260143073294589,4.229323854082264,4.273754229272964,4.257048567515338,4.267750666706153,4.247186387922874,0.015100000000000335,0.015100000000000335,0.015100000000000335,0.015100000000000335,0.009020000000000472,0.009020000000000472,0.008158665438878998,0.008158665438878998,0.02399713159628014,0.02399713159628014,0.021543073294589377,0.021543073294589377,-0.009276145917735512,0.009276145917735512,0.03515422927296363,0.03515422927296363,0.018448567515338077,0.018448567515338077,0.02915066670615296,0.02915066670615296,0.008586387922874472,0.008586387922874472
2026-04-30,2026-05-12,4.2589,4.2478,Naive,4.2589,4.2589,4.24938,4.248966180813628,4.267053236802361,4.264840336192923,4.223355406382223,4.277439455595389,4.2582903011413045,4.265896194872693,4.252536613884975,0.011099999999999888,0.011099999999999888,0.011099999999999888,0.011099999999999888,0.001580000000000581,0.001580000000000581,0.0011661808136285146,0.0011661808136285146,0.019253236802360796,0.019253236802360796,0.017040336192923,0.017040336192923,-0.024444593617777066,0.024444593617777066,0.029639455595389386,0.029639455595389386,0.01049030114130467,0.01049030114130467,0.018096194872692983,0.018096194872692983,0.004736613884975149,0.004736613884975149
2026-05-04,2026-05-13,4.2544,4.2524,Naive,4.2544,4.2544,4.2517000000000005,4.249954147938423,4.260397802566235,4.261073793933734,4.2411159881020675,4.2793345945495505,4.258935492291866,4.266111209965573,4.249373935693941,0.002000000000000668,0.002000000000000668,0.002000000000000668,0.002000000000000668,-0.0006999999999992568,0.0006999999999992568,-0.002445852061576659,0.002445852061576659,0.00799780256623528,0.00799780256623528,0.008673793933734686,0.008673793933734686,-0.011284011897932267,0.011284011897932267,0.026934594549550717,0.026934594549550717,0.0065354922918663405,0.0065354922918663405,0.013711209965573623,0.013711209965573623,-0.0030260643060584513,0.0030260643060584513
2026-05-05,2026-05-14,4.2551,4.2401,Naive,4.2551,4.2551,4.25382,4.250889757404164,4.262183786488522,4.26188796344941,4.237349967996578,4.280895650371796,4.260382071315894,4.269169731575933,4.251905376870005,0.01499999999999968,0.01499999999999968,0.01499999999999968,0.01499999999999968,0.013720000000000176,0.013720000000000176,0.010789757404164213,0.010789757404164213,0.022083786488521717,0.022083786488521717,0.02178796344940981,0.02178796344940981,-0.0027500320034219428,0.0027500320034219428,0.040795650371795666,0.040795650371795666,0.020282071315894434,0.020282071315894434,0.029069731575932956,0.029069731575932956,0.011805376870005269,0.011805376870005269
2026-05-06,2026-05-15,4.2351,4.2489,Naive,4.2351,4.2351,4.2514400000000006,4.248018892421589,4.243042381051903,4.243622406677326,4.158723212965823,4.270150070979899,4.258162077943201,4.244026942316865,4.2159973226514325,-0.013799999999999812,0.013799999999999812,-0.013799999999999812,0.013799999999999812,0.002540000000000653,0.002540000000000653,-0.0008811075784107558,0.0008811075784107558,-0.005857618948096999,0.005857618948096999,-0.005277593322674079,0.005277593322674079,-0.09017678703417698,0.09017678703417698,0.021250070979899505,0.021250070979899505,0.009262077943200886,0.009262077943200886,-0.004873057683134618,0.004873057683134618,-0.032902677348567444,0.032902677348567444
2026-05-07,2026-05-18,4.2286,4.2434,Naive,4.2286,4.2286,4.2464200000000005,4.2444881847085725,4.236548209403139,4.237631801256446,4.237425487899047,4.258805388484468,4.255818060755224,4.232551926709703,4.210605485427489,-0.014800000000000146,0.014800000000000146,-0.014800000000000146,0.014800000000000146,0.0030200000000002447,0.0030200000000002447,0.001088184708572193,0.001088184708572193,-0.006851790596861029,0.006851790596861029,-0.00576819874355472,0.00576819874355472,-0.0059745121009529,0.0059745121009529,0.015405388484468041,0.015405388484468041,0.012418060755223337,0.012418060755223337,-0.010848073290297577,0.010848073290297577,-0.0327945145725117,0.0327945145725117
2026-05-08,2026-05-19,4.2284,4.2389,Naive,4.2284,4.2284,4.24032,4.241563060216104,4.235850176388564,4.237520696777418,4.194980461877967,4.246631290394887,4.252523373832489,4.230454242889875,4.211024331595498,-0.010500000000000398,0.010500000000000398,-0.010500000000000398,0.010500000000000398,0.0014199999999995327,0.0014199999999995327,0.002663060216104185,0.002663060216104185,-0.003049823611435798,0.003049823611435798,-0.0013793032225821733,0.0013793032225821733,-0.043919538122032975,0.043919538122032975,0.007731290394886514,0.007731290394886514,0.013623373832488461,0.013623373832488461,-0.008445757110124852,0.008445757110124852,-0.027875668404502285,0.027875668404502285
2026-05-11,2026-05-20,4.2386,4.2546,Naive,4.2386,4.2386,4.23716,4.241024321994994,4.2477283021525265,4.2471992990424345,4.244748759152182,4.243357237933817,4.25207079971534,4.248876983848942,4.228601371280651,-0.016000000000000014,0.016000000000000014,-0.016000000000000014,0.016000000000000014,-0.017439999999999678,0.017439999999999678,-0.013575678005006253,0.013575678005006253,-0.006871697847473435,0.006871697847473435,-0.007400700957565398,0.007400700957565398,-0.009851240847817522,0.009851240847817522,-0.011242762066182799,0.011242762066182799,-0.0025292002846599715,0.0025292002846599715,-0.005723016151057969,0.005723016151057969,-0.025998628719348993,0.025998628719348993
2026-05-12,2026-05-21,4.2478,4.246,Naive,4.2478,4.2478,4.2357,4.242256263450449,4.255660120908115,4.255740874450926,4.269149036057828,4.251627824229995,4.251550189904021,4.261473601214654,4.241297679708483,0.0017999999999993577,0.0017999999999993577,0.0017999999999993577,0.0017999999999993577,-0.010300000000000864,0.010300000000000864,-0.00374373654955118,0.00374373654955118,0.009660120908114855,0.009660120908114855,0.009740874450925752,0.009740874450925752,0.02314903605782792,0.02314903605782792,0.005627824229994971,0.005627824229994971,0.005550189904020897,0.005550189904020897,0.015473601214653243,0.015473601214653243,-0.0047023202915177365,0.0047023202915177365
2026-05-13,2026-05-22,4.2524,4.2453,Naive,4.2524,4.2524,4.23916,4.244100579186731,4.260120031368167,4.259994046680384,4.254128049758373,4.259254307442979,4.252483351005408,4.264789802450993,4.246424711322031,0.00709999999999944,0.00709999999999944,0.00709999999999944,0.00709999999999944,-0.006140000000000256,0.006140000000000256,-0.0011994208132692918,0.0011994208132692918,0.014820031368167008,0.014820031368167008,0.014694046680383543,0.014694046680383543,0.008828049758372813,0.008828049758372813,0.013954307442978653,0.013954307442978653,0.007183351005407346,0.007183351005407346,0.019489802450992855,0.019489802450992855,0.0011247113220305138,0.0011247113220305138
2026-05-14,2026-05-25,4.2401,4.2352,Naive,4.2401,4.2401,4.241459999999999,4.24337320115278,4.245957130131072,4.248747192746409,4.270439279556974,4.256872718712224,4.250492771790488,4.2517474774193165,4.226140328329215,0.0049000000000001265,0.0049000000000001265,0.0049000000000001265,0.0049000000000001265,0.006259999999999266,0.006259999999999266,0.008173201152779974,0.008173201152779974,0.010757130131072046,0.010757130131072046,0.013547192746409031,0.013547192746409031,0.03523927955697381,0.03523927955697381,0.021672718712224537,0.021672718712224537,0.015292771790488047,0.015292771790488047,0.016547477419316614,0.016547477419316614,-0.009059671670784475,0.009059671670784475
2026-05-15,2026-05-26,4.2489,4.2352,Naive,4.2489,4.2489,4.245559999999999,4.244378073670456,4.255702955787286,4.256752898388347,4.21219680094416,4.2626841702539995,4.252431751109155,4.265531427256259,4.24520106222091,0.013700000000000045,0.013700000000000045,0.013700000000000045,0.013700000000000045,0.01035999999999948,0.01035999999999948,0.009178073670455866,0.009178073670455866,0.020502955787286226,0.020502955787286226,0.021552898388347508,0.021552898388347508,-0.023003199055839474,0.023003199055839474,0.02748417025399963,0.02748417025399963,0.01723175110915509,0.01723175110915509,0.030331427256259147,0.030331427256259147,0.010001062220910129,0.010001062220910129
2026-05-18,2026-05-27,4.2434,4.2393,Naive,4.2434,4.2434,4.246519999999999,4.244200242094009,4.250323128748468,4.25184050720376,4.265617315293307,4.2667026299800535,4.25186108385783,4.264150079877797,4.237733244598225,0.004100000000000215,0.004100000000000215,0.004100000000000215,0.004100000000000215,0.007219999999999338,0.007219999999999338,0.004900242094008966,0.004900242094008966,0.01102312874846767,0.01102312874846767,0.01254050720376032,0.01254050720376032,0.02631731529330672,0.02631731529330672,0.027402629980053383,0.027402629980053383,0.012561083857829836,0.012561083857829836,0.024850079877796638,0.024850079877796638,-0.0015667554017753105,0.0015667554017753105
2026-05-19,2026-05-28,4.2389,4.2355,Naive,4.2389,4.2389,4.24474,4.24323656171328,4.246715804151127,4.2477011309990536,4.2237389447132605,4.262573326637282,4.249843259903406,4.251779697711484,4.233302115578206,0.0034000000000000696,0.0034000000000000696,0.0034000000000000696,0.0034000000000000696,0.009240000000000137,0.009240000000000137,0.007736561713279855,0.007736561713279855,0.011215804151126996,0.011215804151126996,0.012201130999053511,0.012201130999053511,-0.011761055286739541,0.011761055286739541,0.027073326637282236,0.027073326637282236,0.01434325990340568,0.01434325990340568,0.016279697711484076,0.016279697711484076,-0.0021978844217942495,0.0021978844217942495
2026-05-20,2026-05-29,4.2546,4.2322,Naive,4.2546,4.2546,4.24518,4.245302641401774,4.261938452604969,4.26212689526064,4.286705714508526,4.2681648351827315,4.252027029831158,4.267702958942518,4.249423041712033,0.022400000000000198,0.022400000000000198,0.022400000000000198,0.022400000000000198,0.012980000000000658,0.012980000000000658,0.013102641401774306,0.013102641401774306,0.029738452604969545,0.029738452604969545,0.029926895260640407,0.029926895260640407,0.054505714508525926,0.054505714508525926,0.03596483518273175,0.03596483518273175,0.01982702983115825,0.01982702983115825,0.035502958942518426,0.035502958942518426,0.01722304171203337,0.01722304171203337
2026-05-21,2026-06-01,4.246,4.2341,Naive,4.246,4.246,4.24636,4.245429433874179,4.254383770552128,4.255478673423188,4.158351474324466,4.273526625947276,4.2521335792148145,4.266038105752743,4.247572282248061,0.011900000000000688,0.011900000000000688,0.011900000000000688,0.011900000000000688,0.012260000000000382,0.012260000000000382,0.011329433874179173,0.011329433874179173,0.020283770552127933,0.020283770552127933,0.021378673423188665,0.021378673423188665,-0.07574852567553414,0.07574852567553414,0.03942662594727597,0.03942662594727597,0.018033579214814743,0.018033579214814743,0.03193810575274281,0.03193810575274281,0.013472282248061518,0.013472282248061518
2026-05-22,2026-06-02,4.2453,4.2334,Naive,4.2453,4.2453,4.24564,4.24540590044251,4.257639924821911,4.255044317614024,4.260502386666801,4.273684409063817,4.252936995459362,4.266345750649388,4.2479745186061475,0.011900000000000688,0.011900000000000688,0.011900000000000688,0.011900000000000688,0.01224000000000025,0.01224000000000025,0.012005900442510153,0.012005900442510153,0.024239924821911174,0.024239924821911174,0.02164431761402419,0.02164431761402419,0.02710238666680098,0.02710238666680098,0.04028440906381725,0.04028440906381725,0.019536995459362494,0.019536995459362494,0.03294575064938865,0.03294575064938865,0.01457451860614789,0.01457451860614789
2026-05-25,2026-06-03,4.2352,4.2433,Naive,4.2352,4.2352,4.244,4.243550282180235,4.251726467428121,4.246040534390318,4.179463898924609,4.264247499659571,4.25135578304044,4.24227528685514,4.245101462582019,-0.008099999999999774,0.008099999999999774,-0.008099999999999774,0.008099999999999774,0.000700000000000145,0.000700000000000145,0.0002502821802350397,0.0002502821802350397,0.008426467428121143,0.008426467428121143,0.0027405343903179613,0.0027405343903179613,-0.06383610107539095,0.06383610107539095,0.0209474996595711,0.0209474996595711,0.00805578304044019,0.00805578304044019,-0.0010247131448597457,0.0010247131448597457,0.0018014625820192975,0.0018014625820192975
